/*--------------------------------*- C++ -*----------------------------------*\
  =========                 |
  \\      /  F ield         | OpenFOAM: The Open Source CFD Toolbox
   \\    /   O peration     | Website:  https://openfoam.org
    \\  /    A nd           | Version:  8
     \\/     M anipulation  |
\*---------------------------------------------------------------------------*/
FoamFile
{
    version     2.0;
    format      ascii;
    class       labelList;
    note        "nPoints: 25343 nCells: 20201 nFaces: 64575 nInternalFaces: 58731";
    location    "constant/polyMesh";
    object      neighbour;
}
// * * * * * * * * * * * * * * * * * * * * * * * * * * * * * * * * * * * * * //


58731
(
1227
1234
1235
1237
1234
1241
1242
1244
1218
1228
1252
1257
1258
1260
1222
1235
1257
1264
1265
1267
1242
1264
1271
1258
1276
1282
1283
1284
1230
1296
1315
1322
1323
1325
1237
1302
1322
1329
1330
1332
1244
1308
1329
1336
1337
1339
1248
1336
1343
1344
1346
1316
1354
1355
1357
1260
1323
1354
1361
1362
1364
13
18
35
1267
1268
1269
1270
1330
1331
1334
1335
1361
1363
1365
1367
14
19
36
1271
1272
1273
1274
1337
1338
1341
1342
1369
1371
1373
1275
1344
1368
1369
1371
1350
1368
1375
1278
1355
1379
1380
1382
1284
1362
1379
1386
1387
1389
19
22
41
1386
1388
1390
1392
42
1393
1395
1288
1380
1396
1397
1399
1291
1387
1396
1403
1404
1406
47
1403
1405
1407
1409
1417
1418
1404
1410
1412
1413
1433
1434
1436
1298
1421
1433
1440
1441
1443
1304
1425
1440
1447
1448
1450
1310
1447
1454
1455
1457
1318
1434
1463
1469
1470
1472
1325
1441
1469
1476
1477
1479
1332
1448
1476
1483
1484
1486
1339
1455
1483
1490
1491
1493
1346
1461
1490
1497
1498
1500
1357
1470
1506
1512
1513
1515
35
40
69
1364
1365
1366
1367
1477
1478
1481
1482
1512
1514
1516
1518
36
41
70
1484
1485
1488
1489
37
42
71
1491
1492
1495
1496
1520
1522
1524
1371
1498
1519
1520
1522
1375
1504
1519
1526
1527
1382
1513
1529
1534
1535
1537
41
46
76
1389
1390
1391
1392
1534
1536
1538
1540
1560
1563
1564
42
47
77
43
48
78
1542
1544
1546
1393
1520
1541
1542
1544
1526
1541
1548
1549
1399
1535
1551
1553
1554
1556
1406
1553
1560
1561
1563
48
51
83
1560
1562
1564
1566
1583
1586
1587
1759
1760
1761
49
52
84
1568
1569
1571
1590
1591
1592
1766
1767
1768
1542
1567
1568
1569
1413
1561
1574
1576
1577
1579
1417
1576
1583
1584
1586
1583
1590
1591
1604
1605
1607
1604
1611
1612
1614
1611
1618
1619
1621
1630
1631
1633
1436
1605
1630
1637
1638
1640
1443
1612
1637
1644
1645
1647
1450
1619
1644
1651
1652
1654
1457
1625
1651
1658
1659
1661
1465
1631
1669
1670
1672
1472
1638
1669
1676
1677
1679
64
69
103
1479
1480
1481
1482
1645
1646
1649
1650
1676
1678
1680
1682
65
70
104
1486
1487
1488
1489
1652
1653
1656
1657
1684
1686
1688
1493
1659
1683
1684
1686
1500
1665
1683
1690
1691
1693
1508
1670
1699
1700
1702
1515
1677
1699
1706
1707
1709
70
76
109
1706
1708
1710
1712
71
77
110
72
78
111
1684
1685
1688
1689
1714
1716
1718
1932
1933
1934
1522
1691
1713
1714
1716
1527
1713
1720
1531
1700
1721
1722
1724
1537
1707
1721
1728
1729
1731
77
82
115
1728
1730
1732
1734
1752
1755
1756
78
83
116
1759
1762
1763
79
84
117
1736
1738
1740
1766
1769
1770
1962
1963
1964
1544
1714
1735
1736
1738
1549
1720
1735
1742
1556
1729
1743
1745
1746
1748
1563
1745
1752
1753
1755
1752
1759
1760
1762
1759
1766
1767
1769
1569
1736
1766
1773
1774
1776
1573
1742
1773
1579
1753
1780
1782
1783
1785
1586
1760
1782
1788
1789
1791
1591
1767
1788
1795
1796
1798
1595
1774
1795
1800
1801
1825
1826
1828
1607
1806
1825
1832
1833
1835
1614
1812
1832
1839
1840
1842
1621
1818
1839
1846
1847
1849
1846
1853
1855
1633
1826
1858
1864
1865
1867
1640
1833
1864
1871
1872
1874
99
103
139
1647
1648
1649
1650
1840
1841
1844
1845
1871
1873
1875
1877
1879
1881
1883
1654
1847
1878
1879
1881
1661
1853
1878
1885
1886
1888
1672
1865
1894
1900
1901
1903
103
108
144
1679
1680
1681
1682
1872
1873
1876
1877
1900
1902
1904
1906
104
109
145
105
110
146
1879
1880
1883
1884
1908
1910
1912
1686
1886
1907
1908
1910
1693
1892
1907
1914
1915
1917
1702
1901
1920
1925
1926
1928
109
114
151
1709
1710
1711
1712
1925
1927
1929
1931
1955
1958
1959
110
115
152
111
116
153
1933
1935
1937
1908
1932
1933
1935
1716
1915
1932
1939
1940
1942
1724
1926
1946
1948
1949
1951
1731
1948
1955
1956
1958
116
120
158
1955
1957
1959
1961
1983
1986
1987
2171
2172
2173
117
121
159
1963
1965
1967
1990
1993
1994
2178
2179
2180
1933
1962
1963
1965
1738
1940
1962
1969
1970
1972
1748
1956
1974
1976
1977
1979
1755
1976
1983
1984
1986
1762
1983
1990
1991
1993
1769
1963
1990
1997
1998
2000
1776
1970
1997
2003
2004
1785
1984
2005
2006
2007
1791
1991
2006
2009
2010
1798
1998
2009
2021
2022
2024
1808
2021
2028
2029
2031
1814
2028
2035
2036
2038
2049
2050
2052
1828
2022
2049
7623
7624
7626
1835
2029
2056
2057
2059
7623
1842
2036
2056
2063
2064
2066
1849
2042
2063
2070
2071
2073
1855
2070
2077
2079
1860
2050
2084
2085
2087
7833
1867
2084
2091
2092
2094
7624
139
144
180
1874
1875
1876
1877
2057
2058
2061
2062
2091
2093
2095
2097
140
145
181
2064
2065
2068
2069
141
146
182
1881
1882
1883
1884
2071
2072
2075
2076
2099
2101
2103
2309
2310
2311
1888
2077
2098
2099
2101
1896
2085
2108
2109
2111
7835
1903
2092
2108
2115
2116
2118
145
151
186
2115
2117
2119
2121
146
152
187
147
153
188
2123
2125
2127
2340
2341
2342
1910
2099
2122
2123
2125
1917
2105
2122
2129
2130
1922
2109
2132
2134
1928
2116
2132
2138
2139
2141
152
157
192
2138
2140
2142
2144
2164
2167
2168
153
158
193
2171
2174
2175
154
159
194
2146
2148
2150
2178
2181
2182
2368
2369
2370
1935
2123
2145
2146
2148
1942
2129
2145
2152
2153
1951
2139
2155
2157
2158
2160
1958
2157
2164
2165
2167
2164
2171
2172
2174
2171
2178
2179
2181
1965
2146
2178
2185
2186
2188
1972
2152
2185
1979
2165
2192
2194
2196
1986
2172
2194
2198
2199
2201
1993
2179
2198
2205
2206
2208
2000
2186
2205
2210
2218
2225
2227
2017
2212
2235
2240
2241
2243
2024
2219
2240
2247
2248
2250
2031
2225
2247
2254
2255
2257
2038
2231
2254
2261
2262
2264
2044
2261
2268
2270
2052
2241
2273
2279
2280
2282
174
179
216
2248
2249
2252
2253
2279
2281
2283
2285
7626
7627
7628
7629
175
180
217
2059
2060
2061
2062
2255
2256
2259
2260
176
181
218
2066
2067
2068
2069
2262
2263
2266
2267
2287
2289
2291
2513
2514
2515
2073
2268
2286
2287
2289
2079
2286
2293
2294
2087
2280
2296
2302
2303
2305
180
185
223
2094
2095
2096
2097
2302
2304
2306
2308
2333
2336
2337
181
186
224
182
187
225
2310
2312
2314
2287
2309
2310
2312
2101
2293
2309
2316
2317
2319
2111
2303
2322
2326
2327
2329
2118
2326
2333
2334
2336
187
192
231
2333
2335
2337
2339
188
193
232
2341
2343
2345
2310
2340
2341
2343
2125
2317
2340
2347
2348
2350
2134
2327
2354
2355
2357
2141
2334
2354
2361
2362
2364
193
197
237
2361
2363
2365
2367
2389
2392
2393
2597
2598
2599
194
198
238
2369
2371
2373
2396
2399
2400
2604
2605
2606
2341
2368
2369
2371
2148
2348
2368
2375
2376
2378
2160
2362
2381
2383
2384
2386
2167
2383
2389
2390
2392
2174
2389
2396
2397
2399
2181
2369
2396
2403
2404
2406
2188
2376
2403
2196
2390
2409
2201
2397
2409
2410
2208
2404
2410
2214
2422
2429
2430
2432
2221
2415
2429
2436
2437
2439
2227
2419
2436
2443
2444
2446
2443
2450
2452
2423
2457
2458
2460
2243
2430
2457
2464
2465
2467
2250
2437
2464
2471
2472
2474
2257
2444
2471
2478
2479
2481
2264
2450
2478
2485
2486
2488
2270
2485
2492
2494
2275
2458
2499
2500
2502
2282
2465
2499
2506
2507
2509
217
223
261
2472
2473
2476
2477
2506
2508
2510
2512
218
224
262
2479
2480
2483
2484
2514
2516
2518
2486
2513
2514
2516
2289
2492
2513
2520
2521
2523
2294
2520
2527
2298
2500
2530
2531
2533
2305
2507
2530
2537
2538
2540
224
230
267
2537
2539
2541
2543
2566
2569
2570
225
231
268
226
232
269
2514
2515
2518
2519
2545
2547
2549
2771
2772
2773
2312
2521
2544
2545
2547
2319
2527
2544
2551
2552
2531
2554
2556
2329
2538
2554
2559
2560
2562
2336
2559
2566
2567
2569
232
237
274
2566
2568
2570
2572
2597
2600
2601
2804
2805
2806
233
238
275
2574
2576
2578
2604
2607
2608
2811
2812
2813
2343
2545
2573
2574
2576
2350
2551
2573
2580
2581
2357
2560
2582
2584
2585
2587
2364
2567
2584
2590
2591
2593
2590
2597
2598
2600
2597
2604
2605
2607
2371
2574
2604
2611
2612
2614
2378
2580
2611
2386
2591
2617
2619
2392
2598
2617
2621
2622
2624
2399
2605
2621
2626
2627
2628
2406
2612
2626
2634
2641
2642
2644
2641
2648
2649
2651
2648
2655
2657
2425
2635
2661
2667
2668
2670
2432
2642
2667
2674
2675
2677
2439
2649
2674
2681
2682
2684
2446
2655
2681
2688
2689
2691
2452
2688
2695
2696
2698
2460
2668
2702
2708
2709
2711
255
260
294
2467
2468
2469
2470
2675
2676
2679
2680
2708
2710
2712
2714
256
261
295
2474
2475
2476
2477
2682
2683
2686
2687
2716
2718
2720
2481
2689
2715
2716
2718
2488
2696
2715
2722
2723
2725
2494
2722
2729
2731
2502
2709
2733
2739
2740
2742
261
266
301
2509
2510
2511
2512
2739
2741
2743
2745
262
267
302
263
268
303
2716
2717
2720
2721
2747
2749
2751
2516
2723
2746
2747
2749
2523
2729
2746
2753
2754
2756
2533
2740
2760
2764
2765
2767
267
272
308
2540
2541
2542
2543
2764
2766
2768
2770
2790
2793
2794
3006
3007
3008
268
273
309
2797
2800
2801
269
274
310
2772
2774
2776
2804
2807
2808
2747
2771
2772
2774
2547
2754
2771
2778
2779
2781
2556
2765
2785
2787
2562
2785
2790
2791
2793
2569
2790
2797
2798
2800
2797
2804
2805
2807
2772
2804
2811
2812
2814
2576
2779
2811
2818
2819
2821
2587
2791
2823
2825
2593
2798
2823
2828
2829
2831
2600
2805
2828
2835
2836
2838
2607
2812
2835
2842
2843
2845
2614
2819
2842
2637
2849
2868
2875
2876
2878
2644
2855
2875
2882
2883
2885
2651
2861
2882
2889
2890
2892
2657
2889
2896
2897
2899
2663
2869
2908
2909
2911
2670
2876
2908
2915
2916
2918
289
294
334
2677
2678
2679
2680
2883
2884
2887
2888
2915
2917
2919
2921
290
295
335
2684
2685
2686
2687
2890
2891
2894
2895
2923
2925
2927
2691
2897
2922
2923
2925
2698
2903
2922
2929
2930
2932
2704
2909
2936
2939
2940
2942
2711
2916
2939
2946
2947
2949
295
301
341
2946
2948
2950
2952
296
302
342
2954
2956
2958
2718
2923
2953
2954
2956
2725
2930
2953
2960
2961
2963
2731
2960
2967
2735
2940
2970
2971
2973
2742
2947
2970
2977
2978
2980
302
308
347
2977
2979
2981
2983
3006
3009
3010
303
309
348
304
310
349
2954
2955
2958
2959
2985
2987
2989
3211
3212
3213
2749
2961
2984
2985
2987
2756
2967
2984
2991
2992
2971
2994
2996
2767
2978
2994
2999
3000
3002
2999
3006
3007
3009
310
315
354
3006
3008
3010
3012
3033
3036
3037
3244
3245
3246
311
316
355
3014
3016
3018
3040
3043
3044
3251
3252
3253
2774
2985
3013
3014
3016
2781
2991
3013
3020
2787
3000
3021
3023
2793
3007
3021
3026
3027
3029
2800
3026
3033
3034
3036
2807
3033
3040
3041
3043
2814
3014
3040
3047
3048
3050
2821
3020
3047
2825
3027
3053
2831
3034
3053
3055
3056
2838
3041
3055
3058
3059
3073
3074
3076
2851
3073
3080
3081
3083
2857
3065
3080
3087
3088
3090
2863
3087
3094
3095
3097
2871
3074
3103
3110
3111
3113
2878
3081
3110
3117
3118
3120
2885
3088
3117
3124
3125
3127
2892
3095
3124
3131
3132
3134
2899
3101
3131
3138
3139
3141
3104
3147
3148
3150
2911
3111
3147
3154
3155
3157
334
340
379
2918
2919
2920
2921
3118
3119
3122
3123
3154
3156
3158
3160
335
341
380
3125
3126
3129
3130
336
342
381
3132
3133
3136
3137
3162
3164
3166
2925
3139
3161
3162
3164
2932
3145
3161
3168
3170
3148
3173
3175
2942
3155
3173
3179
3180
3182
341
346
386
2949
2950
2951
2952
3179
3181
3183
3185
342
347
387
343
348
388
3187
3189
3191
2956
3162
3186
3187
3189
2963
3168
3186
3193
3194
3196
2973
3180
3200
3204
3205
3207
347
352
392
2980
2981
2982
2983
3204
3206
3208
3210
3230
3233
3234
3444
3445
3446
348
353
393
3237
3240
3241
349
354
394
3212
3214
3216
3244
3247
3248
3451
3452
3453
3187
3211
3212
3214
2987
3194
3211
3218
3219
3221
2996
3205
3225
3227
3002
3225
3230
3231
3233
3009
3230
3237
3238
3240
3237
3244
3245
3247
3212
3244
3251
3252
3254
3016
3219
3251
3258
3259
3260
3023
3231
3262
3263
3029
3238
3262
3265
3266
3268
3036
3245
3265
3271
3272
3274
3043
3252
3271
3277
3278
3279
3050
3259
3277
3288
3289
3291
3288
3295
3296
3298
3295
3302
3304
3313
3314
3316
3076
3289
3313
7630
7631
7633
3083
3296
3320
3321
3323
7630
3090
3302
3320
3327
3328
3330
3097
3308
3327
3334
3335
3337
3334
3341
3343
3106
3314
3346
3350
3351
3353
3113
3350
3357
3358
3360
7631
374
379
419
3120
3121
3122
3123
3321
3322
3325
3326
3357
3359
3361
3363
375
380
420
3127
3128
3129
3130
3328
3329
3332
3333
3365
3367
3369
3134
3335
3364
3365
3367
3141
3341
3364
3371
3372
3374
3150
3351
3380
3383
3384
3386
3157
3358
3383
3390
3391
3393
380
386
425
3390
3392
3394
3396
381
387
426
382
388
427
3365
3366
3369
3370
3398
3400
3402
3164
3372
3397
3398
3400
3170
3378
3397
3404
3405
3175
3384
3408
3409
3411
3182
3391
3408
3415
3416
3418
387
392
431
3415
3417
3419
3421
3444
3447
3448
388
393
432
389
394
433
3423
3425
3427
3451
3454
3455
3654
3655
3656
3189
3398
3422
3423
3425
3196
3404
3422
3429
3430
3207
3416
3432
3437
3438
3440
3437
3444
3445
3447
394
399
438
3444
3446
3448
3450
3452
3454
3456
3479
3482
3483
3685
3686
3687
3451
3452
3454
3214
3423
3451
3458
3459
3461
3221
3429
3458
3465
3466
3227
3438
3467
3469
3233
3445
3467
3472
3473
3475
3240
3472
3479
3480
3482
3247
3452
3479
3486
3487
3489
3254
3459
3486
3493
3494
3495
3268
3480
3496
3497
3274
3487
3497
3498
3509
3510
3512
3509
3516
3518
3503
3529
3530
3532
7836
3291
3510
3529
3536
3537
3539
3298
3516
3536
3543
3544
3546
3304
3522
3543
3550
3551
3553
3550
3557
3559
3316
3530
3562
3568
3569
3571
413
418
459
3537
3538
3541
3542
3568
3570
3572
3574
7633
7634
7635
7636
414
419
460
3323
3324
3325
3326
3544
3545
3548
3549
3576
3578
3580
3330
3551
3575
3576
3578
3337
3557
3575
3582
3583
3585
3343
3582
3589
3591
3353
3569
3593
3599
3600
3602
419
424
466
3360
3361
3362
3363
3599
3601
3603
3605
420
425
467
421
426
468
3576
3577
3580
3581
3607
3609
3611
3367
3583
3606
3607
3609
3374
3589
3606
3613
3614
3616
3386
3600
3620
3624
3625
3627
425
430
473
3393
3394
3395
3396
3624
3626
3628
3630
3647
3650
3651
426
431
474
427
432
475
428
433
476
3607
3608
3611
3612
3632
3634
3636
3654
3657
3658
3888
3889
3890
3400
3614
3631
3632
3634
3411
3625
3638
3640
3641
3643
3418
3640
3647
3648
3650
432
437
480
3647
3649
3651
3653
3678
3681
3682
3916
3917
3918
433
438
481
3655
3657
3659
3685
3688
3689
3923
3924
3925
3654
3655
3657
3425
3632
3654
3661
3662
3664
3434
3641
3668
3440
3648
3668
3671
3672
3674
3447
3671
3678
3679
3681
3678
3685
3686
3688
3454
3655
3685
3692
3693
3695
3461
3662
3692
3699
3700
3701
3469
3672
3702
3475
3679
3702
3704
3705
3707
3482
3686
3704
3709
3710
3712
3489
3693
3709
3714
3715
3716
3726
3727
3729
3726
3733
3734
3736
3505
3727
3747
3754
3755
3757
3512
3734
3754
3761
3762
3764
3518
3740
3761
3768
3769
3771
3768
3775
3777
3748
3784
3785
3787
7837
3532
3755
3784
3791
3792
3794
3539
3762
3791
3798
3799
3801
3546
3769
3798
3805
3806
3808
3553
3775
3805
3812
3813
3815
3559
3812
3819
3821
3564
3785
3826
3827
3829
7838
3571
3792
3826
3833
3834
3836
460
466
512
3799
3800
3803
3804
3833
3835
3837
3839
461
467
513
3806
3807
3810
3811
462
468
514
3578
3579
3580
3581
3813
3814
3817
3818
3841
3843
3845
4123
4124
4125
3585
3819
3840
3841
3843
3591
3840
3847
3848
3595
3827
3850
3851
3853
7839
3602
3834
3850
3857
3858
3860
467
473
518
3857
3859
3861
3863
468
474
519
469
475
520
3865
3867
3869
3609
3841
3864
3865
3867
3616
3847
3864
3871
3872
3874
3851
3876
3878
3627
3858
3876
3881
3882
3884
474
479
525
3881
3883
3885
3887
3909
3912
3913
4171
4172
4173
475
480
526
3916
3919
3920
476
481
527
3889
3891
3893
3923
3926
3927
4178
4179
4180
3865
3888
3889
3891
3634
3872
3888
3895
3896
3898
3643
3882
3900
3902
3903
3905
3650
3902
3909
3910
3912
3909
3916
3917
3919
3916
3923
3924
3926
3657
3889
3923
3930
3931
3933
3664
3896
3930
3937
3938
3674
3910
3939
3941
3942
3944
3681
3917
3941
3947
3948
3950
3688
3924
3947
3954
3955
3957
3695
3931
3954
3961
3962
3963
3707
3948
3964
3712
3955
3964
3991
3992
3994
3976
3991
3998
3999
4001
3982
3998
4005
4006
4008
4005
4012
4014
3992
4018
4022
4023
4025
3729
3999
4022
4029
4030
4032
3736
4006
4029
4036
4037
4039
3742
4012
4036
4043
4044
4046
4043
4050
4051
3750
4023
4054
4058
4059
4061
3757
4030
4058
4065
4066
4068
502
506
563
3764
3765
3766
3767
4037
4038
4041
4042
4065
4067
4069
4071
4073
4075
4077
3771
4044
4072
4073
4075
3777
4050
4072
4079
4080
4082
3787
4059
4088
4092
4093
4095
506
511
568
3794
3795
3796
3797
4066
4067
4070
4071
4092
4094
4096
4098
507
512
569
3801
3802
3803
3804
508
513
570
3808
3809
3810
3811
4073
4074
4077
4078
4100
4102
4104
3815
4080
4099
4100
4102
3821
4086
4099
4106
4107
4109
3829
4093
4112
4116
4117
4119
512
517
574
3836
3837
3838
3839
4116
4118
4120
4122
4145
4148
4149
4471
4472
4473
513
518
575
514
519
576
4124
4126
4128
4100
4123
4124
4126
3843
4107
4123
4130
4131
4133
3853
4117
4138
4139
4141
3860
4138
4145
4146
4148
519
525
581
4145
4147
4149
4151
4171
4174
4175
4503
4504
4505
520
526
582
4510
4511
4512
521
527
583
4124
4125
4128
4129
4153
4155
4157
4178
4181
4182
4517
4518
4519
3867
4131
4152
4153
4155
3874
4137
4152
4159
3878
4139
4160
3884
4146
4160
4164
4165
4167
4164
4171
4172
4174
527
532
587
4171
4173
4175
4177
4179
4181
4183
4205
4208
4209
4543
4544
4545
4178
4179
4181
3891
4153
4178
4185
4186
4188
3898
4159
4185
4192
3905
4165
4193
4195
3912
4172
4193
4198
4199
4201
3919
4198
4205
4206
4208
3926
4179
4205
4212
4213
4215
3933
4186
4212
4219
4220
4221
3944
4199
4222
3950
4206
4222
4223
3957
4213
4223
4224
4246
4252
4253
4255
7840
4252
4259
4261
4253
4272
4279
4280
4282
7842
4259
4279
4286
4287
4289
4265
4286
4293
4294
4296
4273
4306
4307
4309
3972
4280
4306
4313
4314
4316
3978
4287
4313
4320
4321
4323
3984
4294
4320
4327
4328
4330
4300
4327
4334
4336
4307
4343
4344
4346
3994
4314
4343
4350
4351
4353
4001
4321
4350
4357
4358
4360
4008
4328
4357
4364
4365
4367
4014
4334
4364
4371
4372
4374
4371
4378
4379
4344
4381
4382
4384
4025
4351
4381
4388
4389
4391
557
562
630
4032
4033
4034
4035
4358
4359
4362
4363
4388
4390
4392
4394
558
563
631
4039
4040
4041
4042
4365
4366
4369
4370
4396
4398
4400
4046
4372
4395
4396
4398
4051
4378
4395
4402
4404
4382
4408
4409
4411
4061
4389
4408
4415
4416
4418
563
568
636
4068
4069
4070
4071
4415
4417
4419
4421
564
569
637
4423
4425
4427
4075
4396
4422
4423
4425
4082
4402
4422
4429
4430
4432
4409
4438
4440
4095
4416
4438
4443
4444
4446
569
574
641
4443
4445
4447
4449
4471
4474
4475
4882
4883
4884
570
575
642
571
576
643
4423
4424
4427
4428
4451
4453
4455
4889
4890
4891
4102
4430
4450
4451
4453
4109
4436
4450
4457
4459
4119
4444
4461
4464
4465
4467
4464
4471
4472
4474
576
581
647
4471
4473
4475
4477
4503
4506
4507
4917
4918
4919
577
582
648
4479
4481
4483
4510
4513
4514
4924
4925
4926
4126
4451
4478
4479
4481
4133
4457
4478
4485
4486
4488
4141
4465
4490
4491
4493
4148
4472
4490
4496
4497
4499
4496
4503
4504
4506
4503
4510
4511
4513
4479
4510
4517
4518
4520
4155
4486
4517
4524
4525
4527
4167
4497
4529
4530
4531
4533
4174
4504
4530
4536
4537
4539
4511
4536
4543
4544
4546
4181
4518
4543
4550
4551
4553
4188
4525
4550
4556
4201
4537
4557
4558
4208
4544
4558
4559
4215
4551
4559
4560
4577
4583
4584
4586
7843
4583
4590
4592
4584
4606
4612
4613
4615
7845
4590
4612
4619
4620
4622
7847
4596
4619
4626
4627
4629
7849
4626
4633
4635
4613
4642
4648
4649
4651
7850
4232
4620
4648
4655
4656
4658
4236
4627
4655
4662
4663
4665
4240
4633
4662
4669
4670
4672
4669
4676
4678
4649
4683
4687
4688
4690
7853
4248
4656
4687
4694
4695
4697
4255
4663
4694
4701
4702
4704
4261
4670
4701
4708
4709
4711
4266
4676
4708
4715
4716
4718
4715
4722
4723
4688
4727
4728
4730
7855
4275
4695
4727
4734
4735
4737
4282
4702
4734
4741
4742
4744
4289
4709
4741
4748
4749
4751
4296
4716
4748
4755
4756
4758
4301
4722
4755
4762
4763
4765
4309
4735
4770
4776
4777
4779
618
623
700
4316
4317
4318
4319
4742
4743
4746
4747
4776
4778
4780
4782
619
624
701
4323
4324
4325
4326
4749
4750
4753
4754
4784
4786
4788
4330
4756
4783
4784
4786
4336
4763
4783
4790
4791
4793
4790
4797
4798
4346
4777
4800
4804
4805
4807
624
629
707
4353
4354
4355
4356
4804
4806
4808
4810
625
630
708
4360
4361
4362
4363
626
631
709
4367
4368
4369
4370
4784
4785
4788
4789
4812
4814
4816
4374
4791
4811
4812
4814
4379
4797
4811
4818
4819
4384
4805
4821
4824
4825
4827
630
635
713
4391
4392
4393
4394
4824
4826
4828
4830
4850
4853
4854
5297
5298
5299
631
636
714
632
637
715
4832
4834
4836
4398
4812
4831
4832
4834
4404
4818
4831
4838
4839
4841
4411
4825
4843
4844
4846
4418
4843
4850
4851
4853
637
641
720
4850
4852
4854
4856
4882
4885
4886
5326
5327
5328
638
642
721
4858
4860
4862
5333
5334
5335
4425
4832
4857
4858
4860
4432
4839
4857
4864
4865
4867
4446
4851
4871
4875
4876
4878
4875
4882
4883
4885
643
647
726
4882
4884
4886
4888
4890
4892
4894
4917
4920
4921
5362
5363
5364
4858
4889
4890
4892
4453
4865
4889
4896
4897
4899
4467
4876
4903
4904
4905
4907
4474
4883
4904
4910
4911
4913
4910
4917
4918
4920
4890
4917
4924
4925
4927
4481
4897
4924
4931
4932
4934
4499
4911
4936
4937
4938
4940
4506
4918
4937
4942
4943
4945
4513
4925
4942
4949
4950
4952
4520
4932
4949
4955
4956
4539
4943
4958
4959
4546
4950
4959
4960
4975
4976
4978
4975
4982
4983
4985
7856
4982
4989
4991
7858
4976
5003
5009
5010
5012
7860
4563
4983
5009
5016
5017
5019
4567
4989
5016
5023
5024
5026
4571
4995
5023
5030
5031
5033
5030
5037
5039
5010
5044
5050
5051
5053
7861
4579
5017
5050
5057
5058
5060
4586
5024
5057
5064
5065
5067
4592
5031
5064
5071
5072
5074
4598
5037
5071
5078
5079
5081
5078
5085
5087
5051
5095
5096
5098
7863
4608
5058
5095
5102
5103
5105
4615
5065
5102
5109
5110
5112
4622
5072
5109
5116
5117
5119
4629
5079
5116
5123
5124
5126
4635
5085
5123
5130
5131
5133
4639
5130
5137
5139
5096
5144
5146
4644
5103
5144
5150
5151
5153
4651
5110
5150
5157
5158
5160
681
687
770
4658
4659
4660
4661
5117
5118
5121
5122
5157
5159
5161
5163
682
688
771
4665
4666
4667
4668
5124
5125
5128
5129
5165
5167
5169
4672
5131
5164
5165
5167
4678
5137
5164
5171
5172
5174
5171
5178
5179
4684
5151
5181
5184
5185
5187
4690
5158
5184
5191
5192
5194
688
693
778
4697
4698
4699
4700
5191
5193
5195
5197
5224
5227
5228
689
694
779
4704
4705
4706
4707
690
695
780
4711
4712
4713
4714
5165
5166
5169
5170
5199
5201
5203
4718
5172
5198
5199
5201
4723
5178
5198
5205
5206
5208
4730
5192
5212
5217
5218
5220
4737
5217
5224
5225
5227
695
700
786
4744
4745
4746
4747
5224
5226
5228
5230
696
701
787
4751
4752
4753
4754
697
702
788
4758
4759
4760
4761
5199
5200
5203
5204
5232
5234
5236
4765
5206
5231
5232
5234
4772
5218
5241
5242
5244
4779
5225
5241
5248
5249
5251
701
707
792
5248
5250
5252
5254
702
708
793
703
709
794
4786
4787
4788
4789
5256
5258
5260
4793
5232
5255
5256
5258
4798
5238
5255
5262
5263
5242
5265
5267
4807
5249
5265
5270
5271
5273
708
713
799
5270
5272
5274
5276
5297
5300
5301
5722
5723
5724
709
714
800
710
715
801
5278
5280
5282
4814
5256
5277
5278
5280
4819
5262
5277
5284
5285
4827
5271
5287
5290
5291
5293
5290
5297
5298
5300
715
720
806
5297
5299
5301
5303
5326
5329
5330
5750
5751
5752
716
721
807
5305
5307
5309
5333
5336
5337
5757
5758
5759
4834
5278
5304
5305
5307
4841
5284
5304
5311
5312
4846
5291
5314
5316
4853
5298
5314
5319
5320
5322
5319
5326
5327
5329
5326
5333
5334
5336
4860
5305
5333
5340
5341
5343
4867
5311
5340
5347
4878
5320
5348
5349
5350
5352
4885
5327
5349
5355
5356
5358
5334
5355
5362
5363
5365
4892
5341
5362
5369
5370
5372
4899
5347
5369
4913
5356
5375
5376
5377
4920
5363
5376
5380
5381
5383
4927
5370
5380
5384
5385
5391
5411
5418
5419
5421
7864
5397
5418
5425
5426
5428
7866
5403
5425
5432
5433
5435
7868
5432
5439
5440
5442
7870
5412
5454
5455
5457
7871
4971
5419
5454
5461
5462
5464
4978
5426
5461
5468
5469
5471
4985
5433
5468
5475
5476
5478
4991
5440
5475
5482
5483
5485
4997
5446
5482
5489
5490
5492
5489
5496
5498
5455
5503
5504
5506
5005
5462
5503
5510
5511
5513
5012
5469
5510
5517
5518
5520
747
753
841
5019
5020
5021
5022
5476
5477
5480
5481
5517
5519
5521
5523
5525
5527
5529
5026
5483
5524
5525
5527
5033
5490
5524
5531
5532
5534
5039
5496
5531
5538
5539
5541
5538
5545
5547
5046
5511
5550
5556
5557
5559
753
760
848
5053
5054
5055
5056
5518
5519
5522
5523
5556
5558
5560
5562
5591
5594
5595
754
761
849
5060
5061
5062
5063
755
762
850
5067
5068
5069
5070
5525
5526
5529
5530
756
763
851
5074
5075
5076
5077
5532
5533
5536
5537
5564
5566
5568
5081
5539
5563
5564
5566
5087
5545
5563
5570
5571
5573
5570
5577
5578
5092
5557
5581
5584
5585
5587
5098
5584
5591
5592
5594
762
768
858
5105
5106
5107
5108
5591
5593
5595
5597
5626
5629
5630
763
769
859
5112
5113
5114
5115
764
770
860
5119
5120
5121
5122
765
771
861
5126
5127
5128
5129
5564
5565
5568
5569
5599
5601
5603
5133
5571
5598
5599
5601
5139
5577
5598
5605
5606
5608
5146
5592
5614
5619
5620
5622
5153
5619
5626
5627
5629
770
777
867
5160
5161
5162
5163
5626
5628
5630
5632
5657
5660
5661
771
778
868
772
779
869
773
780
870
5167
5168
5169
5170
5599
5600
5603
5604
5634
5636
5638
5174
5606
5633
5634
5636
5179
5612
5633
5640
5642
5620
5645
5647
5187
5627
5645
5650
5651
5653
5194
5650
5657
5658
5660
779
785
876
5657
5659
5661
5663
780
786
877
781
787
878
5665
5667
5669
5201
5634
5664
5665
5667
5208
5640
5664
5671
5672
5674
5214
5651
5679
5680
5682
5220
5658
5679
5686
5687
5689
786
791
883
5227
5228
5229
5230
5686
5688
5690
5692
5703
5706
5707
6134
6135
6136
787
792
884
788
793
885
789
794
886
5665
5666
5669
5670
6141
6142
6143
795
887
5234
5235
5236
5237
5672
5673
5676
5677
5693
6148
6149
6150
5244
5687
5694
5696
5697
5699
5251
5696
5703
5704
5706
793
799
890
5703
5705
5707
5709
5722
5725
5726
6169
6170
6171
794
800
891
795
801
892
6176
6177
6178
796
802
893
5258
5259
5260
5261
5710
5729
5732
5733
6183
6184
6185
5263
5693
5710
5267
5697
5711
5273
5704
5711
5715
5716
5718
5715
5722
5723
5725
801
806
896
5722
5724
5726
5728
5750
5753
5754
6204
6205
6206
802
807
897
5730
5732
5734
5757
5760
5761
6211
6212
6213
5280
5729
5730
5732
5285
5710
5729
5293
5716
5736
5737
5738
5740
5300
5723
5737
5743
5744
5746
5743
5750
5751
5753
5750
5757
5758
5760
5307
5730
5757
5764
5765
5767
5322
5744
5770
5771
5772
5774
5329
5751
5771
5777
5778
5780
5336
5758
5777
5784
5785
5787
5343
5765
5784
5790
5791
5358
5778
5792
5793
5365
5785
5793
5794
5803
5810
5812
5827
5828
5830
7872
5387
5804
5827
5834
5835
5837
5393
5810
5834
5841
5842
5844
5399
5816
5841
5848
5849
5851
5404
5822
5848
5855
5856
5858
5855
5862
5864
5828
5872
5873
5875
7873
5414
5835
5872
5879
5880
5882
5421
5842
5879
5886
5887
5889
826
832
922
5428
5429
5430
5431
5849
5850
5853
5854
5886
5888
5890
5892
5894
5896
5898
5435
5856
5893
5894
5896
5442
5862
5893
5900
5901
5903
5448
5868
5900
5907
5908
5910
5873
5917
5918
5920
5457
5880
5917
5924
5925
5927
832
839
928
5464
5465
5466
5467
5887
5888
5891
5892
5924
5926
5928
5930
5960
5963
5964
833
840
929
5471
5472
5473
5474
834
841
930
5478
5479
5480
5481
5894
5895
5898
5899
835
842
931
5485
5486
5487
5488
5901
5902
5905
5906
5932
5934
5936
5492
5908
5931
5932
5934
5498
5914
5931
5938
5939
5941
5918
5947
5949
5506
5925
5947
5953
5954
5956
5513
5953
5960
5961
5963
841
848
937
5520
5521
5522
5523
5960
5962
5964
5966
842
849
938
843
850
939
5527
5528
5529
5530
844
851
940
5534
5535
5536
5537
5932
5933
5936
5937
5968
5970
5972
5541
5939
5967
5968
5970
5547
5945
5967
5974
5975
5977
5552
5954
5981
5984
5985
5987
5559
5961
5984
5991
5992
5994
849
857
946
5991
5993
5995
5997
6029
6032
6033
850
858
947
851
859
948
852
860
949
5999
6001
6003
5566
5968
5998
5999
6001
5573
5975
5998
6005
6006
6008
5578
6005
6012
6014
5985
6017
6019
5587
5992
6017
6022
6023
6025
5594
6022
6029
6030
6032
859
866
956
6029
6031
6033
6035
6067
6070
6071
860
867
957
861
868
958
862
869
959
5999
6000
6003
6004
6037
6039
6041
5601
6006
6036
6037
6039
5608
6012
6036
6043
6044
6046
5616
6023
6053
6054
6056
5622
6030
6053
6060
6061
6063
5629
6060
6067
6068
6070
868
875
965
6067
6069
6071
6073
6100
6103
6104
869
876
966
870
877
967
871
878
968
6037
6038
6041
6042
6075
6077
6079
5636
6044
6074
6075
6077
5642
6050
6074
6081
6082
5647
6061
6084
6086
6087
6089
5653
6068
6086
6093
6094
6096
5660
6093
6100
6101
6103
877
883
973
6100
6102
6104
6106
6134
6137
6138
878
884
974
879
885
975
6108
6110
6112
5667
6075
6107
6108
6110
5674
6081
6107
6114
6115
6117
5682
6094
6119
6121
6122
6124
5689
6101
6121
6127
6128
6130
6127
6134
6135
6137
885
890
981
6134
6136
6138
6140
6169
6172
6173
6585
6586
6587
886
891
982
6142
6144
6146
6592
6593
6594
6108
6141
6142
6144
6115
6141
6148
6149
6151
5699
6128
6155
6156
6157
6159
5706
6135
6156
6162
6163
6165
6162
6169
6170
6172
892
896
988
6169
6171
6173
6175
6177
6179
6181
6204
6207
6208
6623
6624
6625
6142
6176
6177
6179
6149
6176
6183
6184
6186
5718
6163
6188
6190
6191
6193
5725
6170
6190
6197
6198
6200
6197
6204
6205
6207
6177
6204
6211
6212
6214
5732
6184
6211
6218
6219
6220
5740
6191
6222
5746
6198
6222
6223
6224
6226
5753
6205
6223
6228
6229
6231
5760
6212
6228
6235
6236
6238
5767
6219
6235
5780
6229
6240
6241
5787
6236
6241
6244
6245
7671
5799
6242
6253
6259
6260
6262
5806
6245
6259
6266
6267
6269
5812
6247
6266
6273
6274
6276
5818
6249
6273
6280
6281
6283
6280
6287
6289
5830
6260
6295
6302
6303
6305
5837
6267
6302
6309
6310
6312
5844
6274
6309
6316
6317
6319
5851
6281
6316
6323
6324
6326
5858
6287
6323
6330
6331
6333
5864
6293
6330
6337
6338
6340
6296
6348
6350
5875
6303
6348
6354
6355
6357
921
927
1012
5882
5883
5884
5885
6310
6311
6314
6315
6354
6356
6358
6360
922
928
1013
5889
5890
5891
5892
6317
6318
6321
6322
923
929
1014
6324
6325
6328
6329
924
930
1015
5896
5897
5898
5899
6331
6332
6335
6336
6362
6364
6366
5903
6338
6361
6362
6364
5910
6344
6361
6368
6369
6371
5920
6355
6378
6383
6384
6386
928
935
1021
5927
5928
5929
5930
6383
6385
6387
6389
6415
6418
6419
929
936
1022
930
937
1023
931
938
1024
932
939
1025
6362
6363
6366
6367
6391
6393
6395
5934
6369
6390
6391
6393
5941
6375
6390
6397
6398
6400
5949
6384
6406
6408
6409
6411
5956
6408
6415
6416
6418
937
945
1030
5963
5964
5965
5966
6415
6417
6419
6421
6448
6451
6452
938
946
1031
939
947
1032
940
948
1033
941
949
1034
6391
6392
6395
6396
6423
6425
6427
5970
6398
6422
6423
6425
5977
6404
6422
6429
6430
6432
6409
6436
6438
5987
6416
6436
6441
6442
6444
5994
6441
6448
6449
6451
947
955
1040
6448
6450
6452
6454
6486
6489
6490
948
956
1041
949
957
1042
950
958
1043
6456
6458
6460
6001
6423
6455
6456
6458
6008
6430
6455
6462
6463
6465
6014
6462
6469
6470
6019
6442
6472
6473
6475
6025
6449
6472
6479
6480
6482
6032
6479
6486
6487
6489
957
964
1049
6486
6488
6490
6492
6522
6525
6526
958
965
1050
959
966
1051
960
967
1052
6456
6457
6460
6461
6494
6496
6498
6039
6463
6493
6494
6496
6046
6469
6493
6500
6501
6503
6056
6480
6506
6508
6509
6511
6063
6487
6508
6515
6516
6518
6070
6515
6522
6523
6525
966
972
1058
6522
6524
6526
6528
6552
6555
6556
6905
6906
6907
967
973
1059
968
974
1060
6912
6913
6914
969
975
1061
6494
6495
6498
6499
6530
6532
6534
6919
6920
6921
6077
6501
6529
6530
6532
6089
6516
6537
6539
6540
6542
6096
6523
6539
6545
6546
6548
6103
6545
6552
6553
6555
974
980
1066
6552
6554
6556
6558
6578
6581
6582
6945
6946
6947
975
981
1067
6585
6588
6589
6952
6953
6954
976
982
1068
6560
6562
6564
6592
6595
6596
6959
6960
6961
6110
6530
6559
6560
6562
6117
6536
6559
6566
6124
6546
6567
6569
6130
6553
6567
6571
6572
6574
6137
6571
6578
6579
6581
6578
6585
6586
6588
6585
6592
6593
6595
6144
6560
6592
6599
6600
6602
6151
6566
6599
6606
6159
6572
6607
6165
6579
6607
6610
6611
6613
6172
6586
6610
6616
6617
6619
6593
6616
6623
6624
6626
6179
6600
6623
6630
6631
6633
6186
6606
6630
6636
6193
6611
6637
6200
6617
6637
6638
6639
6641
6207
6624
6638
6643
6644
6646
6214
6631
6643
6648
6649
6650
6652
7719
6255
6657
6661
6662
6664
7699
6262
6661
6668
6669
6671
7706
6269
6668
6675
6676
6678
7713
6276
6675
6682
6683
6685
7720
6283
6650
6682
6689
6690
6692
6289
6655
6689
6696
6697
6699
6298
6662
6705
6709
6710
6712
6305
6669
6709
6716
6717
6719
1005
1012
1082
6312
6313
6314
6315
6676
6677
6680
6681
6716
6718
6720
6722
1006
1013
1083
6319
6320
6321
6322
6683
6684
6687
6688
1007
1014
1084
6326
6327
6328
6329
6690
6691
6694
6695
6724
6726
6728
7025
7026
7027
6333
6697
6723
6724
6726
6340
6703
6723
6730
6731
6733
6345
6730
6737
6739
6350
6710
6744
6745
6747
6357
6717
6744
6751
6752
6754
1013
1021
1089
6751
6753
6755
6757
1014
1022
1090
1015
1023
1091
1016
1024
1092
6724
6725
6728
6729
6759
6761
6763
7059
7060
7061
6364
6731
6758
6759
6761
6371
6737
6758
6765
6766
6768
6376
6765
6772
6380
6745
6774
6775
6777
6386
6752
6774
6781
6782
6784
1022
1029
1097
6781
6783
6785
6787
1023
1030
1098
1024
1031
1099
1025
1032
1100
1026
1033
1101
6759
6760
6763
6764
6789
6791
6793
7093
7094
7095
6393
6766
6788
6789
6791
6400
6772
6788
6795
6796
6798
6411
6782
6803
6807
6808
6810
1030
1038
1105
6418
6419
6420
6421
6807
6809
6811
6813
6830
6833
6834
7119
7120
7121
1031
1039
1106
6837
6840
6841
1032
1040
1107
1033
1041
1108
1034
1042
1109
1035
1043
1110
6789
6790
6793
6794
6815
6817
6819
7126
7127
7128
6425
6796
6814
6815
6817
6432
6802
6814
6821
6823
6438
6808
6825
6827
6444
6825
6830
6831
6833
6451
6830
6837
6838
6840
1041
1048
1115
6837
6839
6841
6843
6870
6873
6874
1042
1049
1116
1043
1050
1117
1044
1051
1118
6845
6847
6849
7156
7157
7158
6458
6815
6844
6845
6847
6465
6821
6844
6851
6852
6854
6475
6831
6857
6858
6860
6482
6838
6857
6863
6864
6866
6489
6863
6870
6871
6873
1050
1057
1124
6870
6872
6874
6876
6898
6901
6902
7188
7189
7190
1051
1058
1125
6905
6908
6909
7195
7196
7197
1052
1059
1126
7202
7203
7204
1053
1060
1127
6845
6846
6849
6850
6878
6880
6882
6912
6915
6916
7209
7210
7211
6496
6852
6877
6878
6880
6503
6877
6884
6511
6864
6885
6886
6888
6518
6871
6886
6891
6892
6894
6525
6891
6898
6899
6901
6898
6905
6906
6908
1060
1066
1133
6905
6907
6909
6911
6913
6915
6917
6945
6948
6949
7239
7240
7241
6912
6913
6915
6878
6912
6919
6920
6922
6532
6884
6919
6926
6542
6892
6927
6929
6548
6899
6927
6931
6932
6934
6555
6906
6931
6938
6939
6941
6938
6945
6946
6948
6913
6945
6952
6953
6955
6920
6952
6959
6960
6962
6562
6926
6959
6966
6574
6939
6967
6968
6970
6581
6946
6968
6972
6973
6975
6588
6953
6972
6977
6978
6980
6595
6960
6977
6984
6985
6987
6602
6966
6984
6989
6619
6978
6990
6991
6626
6985
6991
6992
6652
6993
6995
7771
6692
6993
6998
6999
7001
7792
6699
6998
7005
7006
7008
6712
7013
7018
7019
7021
7786
1082
1088
1145
6719
6720
6721
6722
7018
7020
7022
7024
7286
7287
7288
7656
1083
1089
1146
7637
7638
7639
7657
1084
1090
1147
7026
7028
7030
7293
7294
7295
7793
7794
7797
7798
6999
7025
7026
7028
6726
7006
7025
7032
7033
7035
6733
7011
7032
7039
7040
7042
6747
7019
7048
7052
7053
7055
1089
1096
1152
6754
6755
6756
6757
7052
7054
7056
7058
7086
7089
7090
7326
7327
7328
1090
1097
1153
7333
7334
7335
1091
1098
1154
7340
7341
7342
1092
1099
1155
7026
7027
7030
7031
7060
7062
7064
7347
7348
7349
7033
7059
7060
7062
6761
7040
7059
7066
7067
7069
6768
7046
7066
7073
7074
7076
6777
7053
7080
7081
7083
6784
7080
7086
7087
7089
1098
1105
1161
7086
7088
7090
7092
7119
7122
7123
7378
7379
7380
1099
1106
1162
7385
7386
7387
1100
1107
1163
7392
7393
7394
1101
1108
1164
7060
7061
7064
7065
7094
7096
7098
7399
7400
7401
7067
7093
7094
7096
6791
7074
7093
7100
7101
7103
6798
7079
7100
7107
6810
7087
7110
7112
7113
7115
7112
7119
7120
7122
1107
1114
1169
7119
7121
7123
7125
7149
7152
7153
7431
7432
7433
1108
1115
1170
7438
7439
7440
1109
1116
1171
7445
7446
7447
1110
1117
1172
7094
7095
7098
7099
7127
7129
7131
7452
7453
7454
7101
7126
7127
7129
6817
7107
7126
7133
7134
7136
6827
7113
7138
6833
7120
7138
7142
7143
7145
6840
7142
7149
7150
7152
1116
1123
1176
7149
7151
7153
7155
7181
7184
7185
7478
7479
7480
1117
1124
1177
7188
7191
7192
7485
7486
7487
1118
1125
1178
7157
7159
7161
7195
7198
7199
7492
7493
7494
7127
7156
7157
7159
6847
7134
7156
7163
7164
7166
6854
7163
7170
6860
7143
7171
6866
7150
7171
7174
7175
7177
6873
7174
7181
7182
7184
7181
7188
7189
7191
7188
7195
7196
7198
7157
7195
7202
7203
7205
7164
7202
7209
7210
7212
6880
7170
7209
7216
6888
7175
7217
6894
7182
7217
7219
7220
7222
6901
7189
7219
7225
7226
7228
6908
7196
7225
7232
7233
7235
7203
7232
7239
7240
7242
6915
7210
7239
7246
7247
7249
6922
7216
7246
7252
6934
7226
7253
7254
7874
6941
7233
7254
7255
7256
6948
7240
7255
7258
7259
6955
7247
7258
7261
7262
6962
7252
7261
7001
7264
7265
7266
7268
7822
7008
7265
7271
7015
7274
7276
7807
7021
7274
7279
7280
7282
7811
7279
7286
7287
7289
7660
7286
7637
7638
7640
7816
7293
7294
7296
7637
7823
7028
7266
7293
7300
7301
7303
7035
7271
7300
7307
7308
7310
7042
7307
7314
7055
7280
7317
7319
7320
7322
7287
7319
7326
7327
7329
7326
7333
7334
7336
7638
7294
7333
7340
7341
7343
7301
7340
7347
7348
7350
7062
7308
7347
7354
7355
7357
7069
7314
7354
7361
7362
7364
7076
7361
7367
7083
7320
7368
7089
7327
7368
7371
7372
7374
7334
7371
7378
7379
7381
7341
7378
7385
7386
7388
7348
7385
7392
7393
7395
7355
7392
7399
7400
7402
7096
7362
7399
7406
7407
7409
7103
7367
7406
7413
7414
7115
7372
7417
7418
7419
7421
7122
7379
7418
7424
7425
7427
7386
7424
7431
7432
7434
7393
7431
7438
7439
7441
7400
7438
7445
7446
7448
7407
7445
7452
7453
7455
7129
7414
7452
7459
7460
7462
7145
7425
7465
7466
7467
7469
7152
7432
7466
7471
7472
7474
7439
7471
7478
7479
7481
7446
7478
7485
7486
7488
7453
7485
7492
7493
7495
7159
7460
7492
7499
7500
7502
7166
7464
7499
7504
7177
7472
7505
7506
7184
7479
7506
7509
7510
7512
7191
7486
7509
7514
7515
7517
7198
7493
7514
7519
7520
7522
7205
7500
7519
7524
7525
7212
7504
7524
7228
7515
7527
7528
7875
7235
7520
7528
7529
7877
7242
7525
7529
7276
7531
20108
7282
7531
7533
7534
20046
20125
7289
7533
7538
7539
20048
20111
7538
7543
7544
7546
7640
20118
7296
7543
7550
7551
7553
7831
7303
7530
7550
7555
7556
7322
7534
7559
7329
7539
7559
7561
7562
7564
7336
7544
7561
7566
7567
7569
7343
7551
7566
7573
7574
7576
7350
7556
7573
7580
7581
7357
7558
7580
7584
7585
7374
7562
7587
7381
7567
7587
7589
7590
7388
7574
7589
7593
7594
7596
7395
7581
7593
7599
7600
7602
7402
7585
7599
7604
7605
7409
7604
7607
7427
7590
7608
7434
7594
7608
7610
7611
7441
7600
7610
7613
7614
7878
7448
7605
7613
7616
7617
7879
7455
7607
7616
7619
7881
7481
7614
7620
7621
7883
7488
7617
7621
7622
7884
7495
7619
7622
7887
1217
1219
1229
1222
1235
1219
1220
1221
1222
1257
1221
1258
1259
1224
1237
1302
1225
1238
1303
1244
1308
1232
1254
1317
1229
1231
1229
1232
1233
1235
1257
1231
1232
1233
1237
1322
1233
1260
1323
1239
1261
1324
1236
1238
1236
1239
1240
1242
1264
1238
1239
1240
1244
1329
1240
1267
1330
1246
1268
1331
1243
1245
1243
1246
1247
1245
1246
1247
1248
1336
1247
1271
1337
1250
1272
1338
1249
1250
1251
1343
1251
1275
1344
1345
1253
1254
1256
1258
1276
1256
1260
1354
1256
1278
1355
1262
1279
1356
1259
1261
1259
1262
1263
1265
1282
1261
1262
1263
1267
1361
1263
1284
1362
1269
1285
1363
1266
1268
1266
1269
1270
1268
1269
1270
1271
1270
1273
1272
1273
1274
1275
1274
1277
1279
1281
1283
1279
1280
1281
1284
1379
1281
1288
1380
1286
1289
1381
1285
1286
1285
1286
1287
1386
1287
1291
1387
1292
1388
1289
1290
1291
1396
1293
1398
1292
1293
1403
1404
1295
1318
1434
1300
1319
1435
1297
1300
1301
1302
1322
1299
1300
1301
1304
1440
1301
1325
1441
1306
1326
1442
1303
1306
1307
1308
1329
1305
1306
1307
1310
1447
1307
1332
1448
1311
1333
1449
1309
1311
1312
1336
1311
1312
1339
1455
1313
1340
1456
1346
1461
1320
1352
1464
1317
1319
1317
1320
1321
1323
1354
1319
1320
1321
1325
1469
1321
1357
1470
1327
1358
1471
1324
1326
1324
1327
1328
1330
1361
1326
1327
1328
1332
1476
1328
1364
1477
1334
1365
1478
1331
1333
1331
1334
1335
1337
1333
1334
1335
1339
1483
1335
1484
1341
1485
1338
1340
1338
1341
1342
1344
1340
1341
1342
1346
1490
1342
1491
1348
1492
1345
1347
1345
1348
1349
1350
1368
1347
1348
1349
1497
1349
1371
1498
1351
1372
1499
1351
1375
1504
1353
1357
1506
1359
1377
1507
1356
1358
1356
1359
1360
1362
1379
1358
1359
1360
1364
1512
1360
1382
1513
1366
1383
1514
1363
1365
1363
1366
1367
1386
1365
1366
1367
1367
1389
1390
1370
1372
1370
1373
1374
1372
1373
1374
1375
1519
1374
1393
1520
1376
1394
1521
1376
1526
1378
1382
1529
1384
1530
1381
1383
1381
1384
1385
1387
1396
1383
1384
1385
1389
1534
1385
1399
1535
1391
1400
1536
1388
1390
1388
1391
1392
1403
1390
1391
1392
1392
1406
1407
1394
1395
1541
1542
1398
1400
1398
1401
1402
1404
1410
1400
1401
1402
1406
1553
1402
1554
1408
1411
1555
1405
1407
1405
1408
1409
1412
1407
1408
1409
1560
1409
1413
1561
1414
1562
1411
1413
1574
1414
1414
1415
1416
1417
1576
1416
1577
1578
1418
1583
1420
1436
1605
1423
1437
1606
1422
1423
1424
1425
1440
1424
1443
1612
1427
1444
1613
1426
1427
1428
1447
1428
1450
1619
1429
1451
1620
1457
1625
1432
1434
1463
1432
1436
1630
1438
1466
1632
1435
1437
1435
1438
1439
1441
1469
1437
1438
1439
1443
1637
1439
1472
1638
1445
1473
1639
1442
1444
1442
1445
1446
1448
1476
1444
1445
1446
1450
1644
1446
1479
1645
1452
1480
1646
1449
1451
1449
1452
1453
1455
1483
1451
1452
1453
1457
1651
1453
1486
1652
1459
1487
1653
1456
1458
1456
1459
1460
1461
1490
1458
1459
1460
1658
1460
1493
1659
1462
1494
1660
1462
1500
1665
1464
1466
1468
1470
1506
1466
1467
1468
1472
1669
1468
1508
1670
1474
1509
1671
1471
1473
1471
1474
1475
1477
1512
1473
1474
1475
1479
1676
1475
1515
1677
1481
1516
1678
1478
1480
1478
1481
1482
1484
1480
1481
1482
1486
1482
1488
1485
1487
1485
1488
1489
1491
1487
1488
1489
1493
1489
1495
1492
1494
1492
1495
1496
1498
1494
1495
1496
1500
1683
1496
1684
1502
1685
1499
1501
1499
1502
1503
1504
1519
1501
1502
1503
1690
1503
1522
1691
1505
1523
1692
1505
1527
1507
1509
1511
1513
1529
1509
1510
1511
1515
1699
1511
1531
1700
1517
1532
1701
1514
1516
1514
1517
1518
1534
1516
1517
1518
1706
1518
1537
1707
1538
1708
1521
1523
1521
1524
1525
1526
1541
1523
1524
1525
1527
1713
1525
1544
1714
1528
1545
1715
1528
1528
1549
1720
1530
1532
1533
1535
1551
1532
1533
1537
1721
1539
1552
1723
1536
1538
1536
1539
1540
1553
1538
1539
1540
1728
1540
1556
1729
1557
1730
1543
1545
1543
1546
1547
1548
1567
1545
1546
1547
1549
1735
1547
1569
1736
1550
1570
1737
1550
1550
1573
1742
1552
1556
1743
1555
1557
1555
1558
1559
1561
1574
1557
1558
1559
1563
1745
1559
1746
1565
1575
1747
1562
1564
1562
1565
1566
1576
1564
1565
1566
1752
1566
1579
1753
1580
1754
1570
1571
1570
1571
1572
1573
1773
1572
1595
1774
1596
1775
1575
1579
1780
1578
1580
1578
1581
1582
1584
1580
1581
1582
1586
1782
1582
1783
1588
1784
1585
1587
1585
1588
1589
1587
1588
1589
1591
1788
1589
1789
1593
1790
1592
1592
1593
1594
1595
1795
1594
1796
1797
1596
1800
1598
1608
1807
1599
1614
1812
1615
1813
1603
1605
1630
1603
1607
1825
1603
1633
1826
1609
1634
1827
1606
1608
1606
1609
1610
1612
1637
1608
1609
1610
1614
1832
1610
1640
1833
1616
1641
1834
1613
1615
1613
1616
1617
1619
1644
1615
1616
1617
1621
1839
1617
1647
1840
1623
1648
1841
1620
1622
1620
1623
1624
1625
1651
1622
1623
1624
1846
1624
1654
1847
1626
1655
1848
1626
1627
1661
1853
1662
1854
1629
1633
1858
8019
1635
1667
1859
8020
1632
1634
1632
1635
1636
1638
1669
1634
1635
1636
1640
1864
1636
1672
1865
1642
1673
1866
1639
1641
1639
1642
1643
1645
1676
1641
1642
1643
1647
1871
1643
1679
1872
1649
1680
1873
1646
1648
1646
1649
1650
1652
1648
1649
1650
1654
1650
1656
1653
1655
1653
1656
1657
1659
1655
1656
1657
1661
1878
1657
1879
1663
1880
1660
1662
1660
1663
1664
1665
1683
1662
1663
1664
1885
1664
1686
1886
1666
1687
1887
1666
1693
1892
1668
1672
1894
8021
1674
1697
1895
8022
1671
1673
1671
1674
1675
1677
1699
1673
1674
1675
1679
1900
1675
1702
1901
1681
1703
1902
1678
1680
1678
1681
1682
1706
1680
1681
1682
1682
1709
1710
1685
1687
1685
1688
1689
1691
1687
1688
1689
1693
1907
1689
1908
1695
1909
1692
1694
1692
1695
1696
1713
1694
1695
1696
1914
1696
1716
1915
1717
1916
1698
1702
1920
1704
1921
1701
1703
1701
1704
1705
1707
1721
1703
1704
1705
1709
1925
1705
1724
1926
1711
1725
1927
1708
1710
1708
1711
1712
1728
1710
1711
1712
1712
1731
1732
1715
1717
1715
1718
1719
1720
1735
1717
1718
1719
1939
1719
1738
1940
1739
1941
1723
1725
1723
1726
1727
1729
1743
1725
1726
1727
1731
1948
1727
1949
1733
1744
1950
1730
1732
1730
1733
1734
1745
1732
1733
1734
1955
1734
1748
1956
1749
1957
1737
1739
1737
1740
1741
1742
1773
1739
1740
1741
1969
1741
1776
1970
1777
1971
1744
1748
1974
1747
1749
1747
1750
1751
1753
1780
1749
1750
1751
1755
1976
1751
1977
1757
1781
1978
1754
1756
1754
1757
1758
1760
1782
1756
1757
1758
1762
1983
1758
1785
1984
1764
1786
1985
1761
1763
1761
1764
1765
1767
1788
1763
1764
1765
1769
1990
1765
1791
1991
1771
1792
1992
1768
1770
1768
1771
1772
1774
1795
1770
1771
1772
1776
1997
1772
1798
1998
1778
1799
1999
1775
1777
1775
1778
1779
1800
1777
1778
1779
1779
1801
2003
1781
1785
2005
1784
1786
1784
1787
1789
1786
1787
1791
2006
1793
1790
1792
1790
1793
1794
1796
1792
1793
1794
1798
2009
1794
1797
1799
1797
1799
1801
1805
1806
1825
1805
1808
2021
1805
1828
2022
1810
1829
2023
1807
1810
1811
1812
1832
1809
1810
1811
1814
2028
1811
1835
2029
1816
1836
2030
1813
1816
1817
1818
1839
1815
1816
1817
2035
1817
1842
2036
1819
1843
2037
1819
1820
1849
2042
1850
2043
1824
1826
1858
8018
1824
1828
2049
1824
1860
2050
8023
1830
1861
2051
1827
1829
1827
1830
1831
1833
1864
1829
1830
1831
1835
7623
1831
1867
7624
1837
1868
7625
1834
1836
1834
1837
1838
1840
1871
1836
1837
1838
1842
2056
1838
1874
2057
1844
1875
2058
1841
1843
1841
1844
1845
1847
1843
1844
1845
1849
2063
1845
2064
1851
2065
1848
1850
1848
1851
1852
1853
1878
1850
1851
1852
1855
2070
1852
1881
2071
1856
1882
2072
1854
1856
1857
1885
1856
1857
1888
2077
1889
2078
1859
1861
7967
1863
1865
1894
8028
1861
1862
8024
1863
1867
2084
1863
1896
2085
8026
1869
1897
2086
1866
1868
1866
1869
1870
1872
1900
1868
1869
1870
1874
2091
1870
1903
2092
1876
1904
2093
1873
1875
1873
1876
1877
1875
1876
1877
1877
1880
1882
1880
1883
1884
1886
1882
1883
1884
1888
1884
1890
1887
1889
1887
1890
1891
1892
1907
1889
1890
1891
2098
1891
1910
2099
1893
1911
2100
1893
1917
2105
1895
1897
7969
1899
1901
1920
8031
1897
1898
7971
1899
1903
2108
1899
1922
2109
8030
1905
1923
2110
1902
1904
1902
1905
1906
1925
1904
1905
1906
2115
1906
1928
2116
1929
2117
1909
1911
1909
1912
1913
1915
1932
1911
1912
1913
1917
2122
1913
1935
2123
1918
1936
2124
1916
1916
1918
1919
1939
1918
1919
1942
2129
1943
1921
1923
1924
1926
1946
1923
1924
1928
2132
1930
1947
2133
1927
1929
1927
1930
1931
1948
1929
1930
1931
2138
1931
1951
2139
1952
2140
1934
1936
1934
1937
1938
1940
1962
1936
1937
1938
1942
2145
1938
1965
2146
1944
1966
2147
1941
1943
1941
1944
1945
1969
1943
1944
1945
1945
1972
2152
1947
1951
2155
1950
1952
1950
1953
1954
1956
1974
1952
1953
1954
1958
2157
1954
2158
1960
1975
2159
1957
1959
1957
1960
1961
1976
1959
1960
1961
2164
1961
1979
2165
1980
2166
1964
1966
1964
1967
1968
1970
1997
1966
1967
1968
1972
2185
1968
2000
2186
1973
2001
2187
1971
1971
1973
1973
2004
1975
1979
2192
1978
1980
1978
1981
1982
1984
2005
1980
1981
1982
1986
2194
1982
1988
2195
1985
1987
1985
1988
1989
1991
2006
1987
1988
1989
1993
2198
1989
2007
2199
1995
2008
2200
1992
1994
1992
1995
1996
1998
2009
1994
1995
1996
2000
2205
1996
2010
2206
2002
2207
1999
2001
1999
2002
2003
2001
2002
2004
2210
2008
2008
2010
2012
2024
2219
2013
2025
2220
2014
2031
2225
2015
2032
2226
2038
2231
2020
2022
2049
2018
2019
2020
2024
2240
2020
2052
2241
2026
2053
2242
2023
2025
2023
2026
2027
2029
7623
2025
2026
2027
2031
2247
2027
2248
7626
2033
2249
7627
2030
2032
2030
2033
2034
2036
2056
2032
2033
2034
2038
2254
2034
2059
2255
2040
2060
2256
2037
2039
2037
2040
2041
2042
2063
2039
2040
2041
2044
2261
2041
2066
2262
2045
2067
2263
2043
2045
2046
2070
2045
2046
2073
2268
2074
2269
2048
2052
2273
2054
2082
2274
8033
2051
2053
2051
2054
8032
2055
2084
7624
2053
2054
2055
2279
7626
2055
2087
2280
2088
2281
7628
2058
2060
2058
2061
7625
2062
2064
2060
2061
7627
2062
2066
2062
7629
2068
2065
2067
2065
2068
2069
2071
2067
2068
2069
2073
2069
2075
2072
2074
2072
2075
2076
2077
2074
2075
2076
2079
2286
2076
2287
2080
2288
2078
2080
2081
2098
2080
2081
2101
2293
2102
2083
2087
2296
8034
2089
2106
2297
8036
2086
2088
2086
2089
8038
2090
2092
2108
2088
2089
2090
2094
2302
2090
2111
2303
2096
2112
2304
2093
2095
7625
2093
2096
2097
2115
2095
2096
7628
2097
7629
2097
2118
2119
2100
2102
2100
2103
2104
2105
2122
2102
2103
2104
2316
2104
2125
2317
2126
2318
2107
2111
2322
8040
2113
2323
2110
2112
2110
2113
8041
2114
2116
2132
2112
2113
2114
2118
2326
2114
2134
2327
2120
2135
2328
2117
2119
2117
2120
2121
2138
2119
2120
2121
2333
2121
2141
2334
2142
2335
2124
2126
2124
2127
2128
2129
2145
2126
2127
2128
2130
2347
2128
2148
2348
2131
2149
2349
2131
2131
2153
2133
2135
2137
2139
2155
2135
2136
2137
2141
2354
2137
2355
2143
2156
2356
2140
2142
2140
2143
2144
2157
2142
2143
2144
2361
2144
2160
2362
2161
2363
2147
2149
2147
2150
2151
2152
2185
2149
2150
2151
2153
2375
2151
2188
2376
2154
2189
2377
2154
2154
2156
2160
2381
2159
2161
2159
2162
2163
2165
2192
2161
2162
2163
2167
2383
2163
2384
2169
2193
2385
2166
2168
2166
2169
2170
2172
2194
2168
2169
2170
2174
2389
2170
2196
2390
2176
2197
2391
2173
2175
2173
2176
2177
2179
2198
2175
2176
2177
2181
2396
2177
2201
2397
2183
2202
2398
2180
2182
2180
2183
2184
2186
2205
2182
2183
2184
2188
2403
2184
2208
2404
2190
2209
2405
2187
2189
2187
2190
2191
2210
2189
2190
2191
2191
2193
2196
2195
2197
2199
2197
2201
2409
2200
2202
2200
2203
2204
2206
2202
2203
2204
2208
2410
2204
2207
2209
2207
2209
2216
2237
2424
2213
2216
2217
2219
2240
2215
2216
2217
2221
2429
2217
2243
2430
2223
2244
2431
2220
2222
2220
2223
2224
2225
2247
2222
2223
2224
2227
2436
2224
2250
2437
2229
2251
2438
2226
2229
2230
2231
2254
2228
2229
2230
2443
2230
2257
2444
2233
2258
2445
2232
2233
2234
2261
2234
2264
2450
2265
2451
2236
2237
2239
2241
2273
2239
2243
2457
2239
2275
2458
2245
2276
2459
2242
2244
2242
2245
2246
2248
2279
2244
2245
2246
2250
2464
2246
2282
2465
2252
2283
2466
2249
2251
2249
2252
2253
2255
2251
2252
2253
2257
2471
2253
2472
2259
2473
2256
2258
2256
2259
2260
2262
2258
2259
2260
2264
2478
2260
2479
2266
2480
2263
2265
2263
2266
2267
2268
2265
2266
2267
2270
2485
2267
2486
2271
2487
2269
2271
2272
2286
2271
2272
2289
2492
2290
2493
2274
2276
2278
2280
2296
8042
2276
2277
2278
2282
2499
2278
2298
2500
2284
2299
2501
2281
2283
2281
2284
2285
2302
2283
2284
2285
2506
2285
2305
2507
2306
2508
2288
2290
2288
2291
2292
2293
2309
2290
2291
2292
2294
2520
2292
2312
2521
2295
2313
2522
2295
2295
2319
2527
2297
2299
7973
2301
2303
2322
8043
2299
2300
2301
2305
2530
2301
2531
2307
2324
2532
2304
2306
2304
2307
2308
2326
2306
2307
2308
2537
2308
2329
2538
2330
2539
2311
2313
2311
2314
2315
2317
2340
2313
2314
2315
2319
2544
2315
2343
2545
2320
2344
2546
2318
2318
2320
2321
2347
2320
2321
2350
2551
2351
2323
2324
7974
2325
2327
2325
2329
2554
2331
2555
2328
2330
2328
2331
2332
2334
2354
2330
2331
2332
2336
2559
2332
2357
2560
2338
2358
2561
2335
2337
2335
2338
2339
2361
2337
2338
2339
2566
2339
2364
2567
2365
2568
2342
2344
2342
2345
2346
2348
2368
2344
2345
2346
2350
2573
2346
2371
2574
2352
2372
2575
2349
2351
2349
2352
2353
2375
2351
2352
2353
2353
2378
2580
2379
2356
2358
2356
2359
2360
2362
2381
2358
2359
2360
2364
2584
2360
2585
2366
2382
2586
2363
2365
2363
2366
2367
2383
2365
2366
2367
2590
2367
2386
2591
2387
2592
2370
2372
2370
2373
2374
2376
2403
2372
2373
2374
2378
2611
2374
2406
2612
2380
2407
2613
2377
2379
2377
2380
2379
2380
2382
2386
2385
2387
2385
2388
2390
2387
2388
2392
2617
2394
2618
2391
2393
2391
2394
2395
2397
2409
2393
2394
2395
2399
2621
2395
2622
2401
2623
2398
2400
2398
2401
2402
2404
2410
2400
2401
2402
2406
2626
2402
2627
2408
2405
2407
2405
2408
2407
2408
2413
2426
2636
2414
2415
2429
2414
2432
2642
2417
2433
2643
2416
2417
2418
2419
2436
2418
2439
2649
2420
2440
2650
2420
2421
2446
2655
2447
2656
2424
2426
2424
2427
2428
2430
2457
2426
2427
2428
2432
2667
2428
2460
2668
2434
2461
2669
2431
2433
2431
2434
2435
2437
2464
2433
2434
2435
2439
2674
2435
2467
2675
2441
2468
2676
2438
2440
2438
2441
2442
2444
2471
2440
2441
2442
2446
2681
2442
2474
2682
2448
2475
2683
2445
2447
2445
2448
2449
2450
2478
2447
2448
2449
2452
2688
2449
2481
2689
2453
2482
2690
2451
2453
2454
2485
2453
2454
2488
2696
2489
2697
2456
2460
2702
2462
2497
2703
2459
2461
2459
2462
2463
2465
2499
2461
2462
2463
2467
2708
2463
2502
2709
2469
2503
2710
2466
2468
2466
2469
2470
2472
2506
2468
2469
2470
2474
2470
2509
2476
2510
2473
2475
2473
2476
2477
2479
2475
2476
2477
2481
2477
2483
2480
2482
2480
2483
2484
2486
2482
2483
2484
2488
2715
2484
2716
2490
2717
2487
2489
2487
2490
2491
2492
2513
2489
2490
2491
2494
2722
2491
2516
2723
2495
2517
2724
2493
2495
2496
2520
2495
2496
2523
2729
2524
2730
2498
2502
2733
2504
2529
2734
2501
2503
2501
2504
2505
2507
2530
2503
2504
2505
2509
2739
2505
2533
2740
2511
2534
2741
2508
2510
2508
2511
2512
2537
2510
2511
2512
2512
2540
2541
2515
2517
2515
2518
2519
2521
2517
2518
2519
2523
2746
2519
2747
2525
2748
2522
2524
2522
2525
2526
2527
2544
2524
2525
2526
2753
2526
2547
2754
2528
2548
2755
2528
2552
2533
2760
2532
2534
2532
2535
2536
2538
2554
2534
2535
2536
2540
2764
2536
2556
2765
2542
2557
2766
2539
2541
2539
2542
2543
2559
2541
2542
2543
2543
2562
2563
2546
2548
2546
2549
2550
2551
2573
2548
2549
2550
2552
2778
2550
2576
2779
2553
2577
2780
2553
2553
2581
2555
2557
2558
2560
2582
2557
2558
2562
2785
2564
2583
2786
2561
2563
2561
2564
2565
2567
2584
2563
2564
2565
2569
2790
2565
2587
2791
2571
2588
2792
2568
2570
2568
2571
2572
2590
2570
2571
2572
2797
2572
2593
2798
2594
2799
2575
2577
2575
2578
2579
2580
2611
2577
2578
2579
2581
2818
2579
2614
2819
2615
2820
2583
2587
2586
2588
2586
2589
2591
2588
2589
2593
2823
2595
2824
2592
2594
2592
2595
2596
2598
2617
2594
2595
2596
2600
2828
2596
2619
2829
2602
2620
2830
2599
2601
2599
2602
2603
2605
2621
2601
2602
2603
2607
2835
2603
2624
2836
2609
2625
2837
2606
2608
2606
2609
2610
2612
2626
2608
2609
2610
2614
2842
2610
2628
2843
2616
2629
2844
2613
2615
2613
2616
2615
2616
2618
2620
2622
2620
2624
2623
2625
2623
2627
2625
2628
2629
2629
2631
2644
2855
2632
2645
2856
2651
2861
2639
2664
2870
2636
2638
2636
2639
2640
2642
2667
2638
2639
2640
2644
2875
2640
2670
2876
2646
2671
2877
2643
2645
2643
2646
2647
2649
2674
2645
2646
2647
2651
2882
2647
2677
2883
2653
2678
2884
2650
2652
2650
2653
2654
2655
2681
2652
2653
2654
2657
2889
2654
2684
2890
2658
2685
2891
2656
2658
2659
2688
2658
2659
2691
2897
2660
2692
2898
2698
2903
2662
2664
2666
2668
2702
2664
2665
2666
2670
2908
2666
2704
2909
2672
2705
2910
2669
2671
2669
2672
2673
2675
2708
2671
2672
2673
2677
2915
2673
2711
2916
2679
2712
2917
2676
2678
2676
2679
2680
2682
2678
2679
2680
2684
2680
2686
2683
2685
2683
2686
2687
2689
2685
2686
2687
2691
2687
2693
2690
2692
2690
2693
2694
2696
2715
2692
2693
2694
2698
2922
2694
2718
2923
2700
2719
2924
2697
2699
2697
2700
2701
2722
2699
2700
2701
2929
2701
2725
2930
2726
2931
2703
2705
2707
2709
2733
2705
2706
2707
2711
2939
2707
2735
2940
2713
2736
2941
2710
2712
2710
2713
2714
2739
2712
2713
2714
2946
2714
2742
2947
2743
2948
2717
2719
2717
2720
2721
2723
2719
2720
2721
2725
2953
2721
2954
2727
2955
2724
2726
2724
2727
2728
2729
2746
2726
2727
2728
2731
2960
2728
2749
2961
2732
2750
2962
2730
2732
2753
2732
2756
2967
2734
2736
2738
2740
2760
2736
2737
2738
2742
2970
2738
2971
2744
2762
2972
2741
2743
2741
2744
2745
2764
2743
2744
2745
2977
2745
2767
2978
2768
2979
2748
2750
2748
2751
2752
2754
2771
2750
2751
2752
2756
2984
2752
2774
2985
2758
2775
2986
2755
2757
2755
2758
2759
2778
2757
2758
2759
2759
2781
2991
2782
2761
2762
2763
2765
2763
2767
2994
2769
2995
2766
2768
2766
2769
2770
2785
2768
2769
2770
2999
2770
2787
3000
2788
3001
2773
2775
2773
2776
2777
2779
2811
2775
2776
2777
2781
3013
2777
2814
3014
2783
2815
3015
2780
2782
2780
2783
2784
2818
2782
2783
2784
2784
2821
3020
2786
2788
2789
2791
2788
2789
2793
3021
2795
3022
2792
2794
2792
2795
2796
2798
2823
2794
2795
2796
2800
3026
2796
2825
3027
2802
2826
3028
2799
2801
2799
2802
2803
2805
2828
2801
2802
2803
2807
3033
2803
2831
3034
2809
2832
3035
2806
2808
2806
2809
2810
2812
2835
2808
2809
2810
2814
3040
2810
2838
3041
2816
2839
3042
2813
2815
2813
2816
2817
2819
2842
2815
2816
2817
2821
3047
2817
2845
3048
2822
2846
3049
2820
2820
2822
2822
2824
2826
2827
2829
2826
2827
2831
3053
2833
2830
2832
2830
2833
2834
2836
2832
2833
2834
2838
3055
2834
2840
2837
2839
2837
2840
2841
2843
2839
2840
2841
2845
3058
2841
2844
2846
2844
2846
2848
2871
3074
2853
2872
3075
2850
2853
2854
2855
2875
2852
2853
2854
2857
3080
2854
2878
3081
2859
2879
3082
2856
2859
2860
2861
2882
2858
2859
2860
2863
3087
2860
2885
3088
2864
2886
3089
2862
2864
2865
2889
2864
2865
2892
3095
2866
2893
3096
2899
3101
2873
2906
3105
2870
2872
2870
2873
2874
2876
2908
2872
2873
2874
2878
3110
2874
2911
3111
2880
2912
3112
2877
2879
2877
2880
2881
2883
2915
2879
2880
2881
2885
3117
2881
2918
3118
2887
2919
3119
2884
2886
2884
2887
2888
2890
2886
2887
2888
2892
3124
2888
3125
2894
3126
2891
2893
2891
2894
2895
2897
2893
2894
2895
2899
3131
2895
3132
2901
3133
2898
2900
2898
2901
2902
2903
2922
2900
2901
2902
3138
2902
2925
3139
2904
2926
3140
2904
2932
3145
2907
2909
2936
2907
2911
3147
2913
2937
3149
2910
2912
2910
2913
2914
2916
2939
2912
2913
2914
2918
3154
2914
2942
3155
2920
2943
3156
2917
2919
2917
2920
2921
2946
2919
2920
2921
2921
2949
2950
2924
2926
2924
2927
2928
2930
2953
2926
2927
2928
2932
3161
2928
2956
3162
2934
2957
3163
2931
2933
2931
2934
2935
2960
2933
2934
2935
2935
2963
3168
2964
3169
2937
2938
2942
3173
2944
2969
3174
2941
2943
2941
2944
2945
2947
2970
2943
2944
2945
2949
3179
2945
2973
3180
2951
2974
3181
2948
2950
2948
2951
2952
2977
2950
2951
2952
2952
2980
2981
2955
2957
2955
2958
2959
2961
2957
2958
2959
2963
3186
2959
3187
2965
3188
2962
2964
2962
2965
2966
2967
2984
2964
2965
2966
3193
2966
2987
3194
2968
2988
3195
2968
2992
2973
3200
2972
2974
2972
2975
2976
2978
2994
2974
2975
2976
2980
3204
2976
2996
3205
2982
2997
3206
2979
2981
2979
2982
2983
2999
2981
2982
2983
2983
3002
3003
2986
2988
2986
2989
2990
2991
3013
2988
2989
2990
2992
3218
2990
3016
3219
2993
3017
3220
2993
2993
2995
2997
2998
3000
2997
2998
3002
3225
3004
3226
3001
3003
3001
3004
3005
3007
3021
3003
3004
3005
3009
3230
3005
3023
3231
3011
3024
3232
3008
3010
3008
3011
3012
3026
3010
3011
3012
3237
3012
3029
3238
3030
3239
3015
3017
3015
3018
3019
3020
3047
3017
3018
3019
3258
3019
3050
3259
3051
3022
3024
3025
3027
3024
3025
3029
3262
3031
3028
3030
3028
3031
3032
3034
3053
3030
3031
3032
3036
3265
3032
3266
3038
3054
3267
3035
3037
3035
3038
3039
3041
3055
3037
3038
3039
3043
3271
3039
3056
3272
3045
3057
3273
3042
3044
3042
3045
3046
3048
3058
3044
3045
3046
3050
3277
3046
3059
3278
3052
3049
3051
3049
3052
3051
3052
3054
3056
3057
3057
3059
3061
3076
3289
3063
3077
3290
3064
3065
3080
3064
3083
3296
3066
3084
3297
3066
3067
3090
3302
3068
3091
3303
3097
3308
3072
3074
3103
3072
3076
3313
3072
3106
3314
3078
3107
3315
3075
3077
3075
3078
3079
3081
3110
3077
3078
3079
3083
7630
3079
3113
7631
3085
3114
7632
3082
3084
3082
3085
3086
3088
3117
3084
3085
3086
3090
3320
3086
3120
3321
3092
3121
3322
3089
3091
3089
3092
3093
3095
3124
3091
3092
3093
3097
3327
3093
3127
3328
3099
3128
3329
3096
3098
3096
3099
3100
3101
3131
3098
3099
3100
3334
3100
3134
3335
3102
3135
3336
3102
3141
3341
3105
3107
3105
3108
3109
3111
3147
3107
3108
3109
3113
3350
3109
3150
3351
3115
3151
3352
3112
3114
3112
3115
3116
3118
3154
3114
3115
3116
3120
3357
3116
3157
3358
3122
3158
3359
3119
3121
3119
3122
3123
3125
3121
3122
3123
3127
3123
3129
3126
3128
3126
3129
3130
3132
3128
3129
3130
3134
3130
3136
3133
3135
3133
3136
3137
3139
3135
3136
3137
3141
3364
3137
3365
3143
3366
3140
3142
3140
3143
3144
3145
3161
3142
3143
3144
3371
3144
3164
3372
3146
3165
3373
3146
3170
3378
3149
3151
3149
3152
3153
3155
3173
3151
3152
3153
3157
3383
3153
3175
3384
3159
3176
3385
3156
3158
3156
3159
3160
3179
3158
3159
3160
3390
3160
3182
3391
3183
3392
3163
3165
3163
3166
3167
3168
3186
3165
3166
3167
3170
3397
3167
3189
3398
3171
3190
3399
3169
3171
3172
3193
3171
3172
3196
3404
3197
3174
3176
3178
3180
3200
3176
3177
3178
3182
3408
3178
3409
3184
3202
3410
3181
3183
3181
3184
3185
3204
3183
3184
3185
3415
3185
3207
3416
3208
3417
3188
3190
3188
3191
3192
3194
3211
3190
3191
3192
3196
3422
3192
3214
3423
3198
3215
3424
3195
3197
3195
3198
3199
3218
3197
3198
3199
3199
3221
3429
3222
3201
3202
3203
3205
3203
3207
3432
3209
3433
3206
3208
3206
3209
3210
3225
3208
3209
3210
3437
3210
3227
3438
3228
3439
3213
3215
3213
3216
3217
3219
3251
3215
3216
3217
3221
3458
3217
3254
3459
3223
3255
3460
3220
3222
3220
3223
3224
3258
3222
3223
3224
3224
3260
3465
3226
3228
3229
3231
3228
3229
3233
3467
3235
3468
3232
3234
3232
3235
3236
3238
3262
3234
3235
3236
3240
3472
3236
3263
3473
3242
3264
3474
3239
3241
3239
3242
3243
3245
3265
3241
3242
3243
3247
3479
3243
3268
3480
3249
3269
3481
3246
3248
3246
3249
3250
3252
3271
3248
3249
3250
3254
3486
3250
3274
3487
3256
3275
3488
3253
3255
3253
3256
3257
3259
3277
3255
3256
3257
3260
3493
3257
3279
3494
3261
3261
3261
3264
3264
3268
3496
3267
3269
3267
3270
3272
3269
3270
3274
3497
3276
3273
3275
3273
3276
3278
3275
3276
3279
3498
3281
3291
3510
3282
3292
3511
3283
3298
3516
3299
3517
3287
3289
3313
3287
3291
3529
3287
3316
3530
8044
3293
3317
3531
3290
3292
3290
3293
3294
3296
7630
3292
3293
3294
3298
3536
3294
3537
7633
3300
3538
7634
3297
3299
3297
3300
3301
3302
3320
3299
3300
3301
3304
3543
3301
3323
3544
3306
3324
3545
3303
3306
3307
3308
3327
3305
3306
3307
3550
3307
3330
3551
3309
3331
3552
3309
3310
3337
3557
3338
3558
3312
3316
3562
8045
3318
3348
3563
8046
3315
3317
3315
3318
3319
3350
7631
3317
3318
3319
3568
7633
3319
3353
3569
3354
3570
7635
3322
3324
3322
3325
7632
3326
3328
3324
3325
7634
3326
3330
3326
7636
3332
3329
3331
3329
3332
3333
3335
3331
3332
3333
3337
3575
3333
3576
3339
3577
3336
3338
3336
3339
3340
3341
3364
3338
3339
3340
3343
3582
3340
3367
3583
3344
3368
3584
3342
3344
3345
3371
3344
3345
3374
3589
3375
3590
3347
3348
3349
3351
3380
3349
3353
3593
3355
3381
3594
3352
3354
3352
3355
3356
3358
3383
3354
3355
3356
3360
3599
3356
3386
3600
3362
3387
3601
3359
3361
7632
3359
3362
3363
3390
3361
3362
7635
3363
7636
3363
3393
3394
3366
3368
3366
3369
3370
3372
3368
3369
3370
3374
3606
3370
3607
3376
3608
3373
3375
3373
3376
3377
3378
3397
3375
3376
3377
3613
3377
3400
3614
3379
3401
3615
3379
3405
3381
3382
3386
3620
3388
3407
3621
3385
3387
3385
3388
3389
3391
3408
3387
3388
3389
3393
3624
3389
3411
3625
3395
3412
3626
3392
3394
3392
3395
3396
3415
3394
3395
3396
3396
3418
3419
3399
3401
3399
3402
3403
3404
3422
3401
3402
3403
3405
3631
3403
3425
3632
3406
3426
3633
3406
3406
3430
3411
3638
3410
3412
3410
3413
3414
3416
3432
3412
3413
3414
3418
3640
3414
3434
3641
3420
3435
3642
3417
3419
3417
3420
3421
3437
3419
3420
3421
3647
3421
3440
3648
3441
3649
3424
3426
3424
3427
3428
3429
3458
3426
3427
3428
3430
3661
3428
3461
3662
3431
3462
3663
3431
3431
3466
3433
3435
3436
3438
3435
3436
3440
3668
3442
3669
3439
3441
3439
3442
3443
3445
3467
3441
3442
3443
3447
3671
3443
3469
3672
3449
3470
3673
3446
3448
3446
3449
3450
3472
3448
3449
3450
3678
3450
3475
3679
3476
3680
3453
3455
3453
3456
3457
3459
3486
3455
3456
3457
3461
3692
3457
3489
3693
3463
3490
3694
3460
3462
3460
3463
3464
3465
3493
3462
3463
3464
3466
3699
3464
3495
3700
3468
3470
3471
3473
3470
3471
3475
3702
3477
3474
3476
3474
3477
3478
3480
3496
3476
3477
3478
3482
3704
3478
3705
3484
3706
3481
3483
3481
3484
3485
3487
3497
3483
3484
3485
3489
3709
3485
3710
3491
3711
3488
3490
3488
3491
3492
3494
3498
3490
3491
3492
3495
3714
3492
3715
3500
3506
3728
3501
3512
3734
3513
3735
3507
3526
3749
3504
3507
3508
3510
3529
3506
3507
3508
3512
3754
3508
3532
3755
3514
3533
3756
3511
3513
3511
3514
3515
3516
3536
3513
3514
3515
3518
3761
3515
3539
3762
3520
3540
3763
3517
3520
3521
3522
3543
3519
3520
3521
3768
3521
3546
3769
3523
3547
3770
3523
3524
3553
3775
3554
3776
3528
3530
3562
8048
3528
3532
3784
8047
3528
3564
3785
8050
3534
3565
3786
3531
3533
3531
3534
3535
3537
3568
3533
3534
3535
3539
3791
3535
3571
3792
3541
3572
3793
3538
3540
3538
3541
3542
3544
3540
3541
3542
3546
3798
3542
3799
3548
3800
3545
3547
3545
3548
3549
3551
3547
3548
3549
3553
3805
3549
3806
3555
3807
3552
3554
3552
3555
3556
3557
3575
3554
3555
3556
3559
3812
3556
3578
3813
3560
3579
3814
3558
3560
3561
3582
3560
3561
3585
3819
3586
3820
3563
3565
7975
3567
3569
3593
8054
3565
3566
7977
3567
3571
3826
3567
3595
3827
8052
3573
3596
3828
3570
3572
3570
3573
3574
3599
3572
3573
3574
3833
3574
3602
3834
3603
3835
3577
3579
3577
3580
3581
3583
3579
3580
3581
3585
3581
3587
3584
3586
3584
3587
3588
3589
3606
3586
3587
3588
3591
3840
3588
3609
3841
3592
3610
3842
3590
3592
3613
3592
3616
3847
3594
3596
8255
3598
3600
3620
3596
3597
8256
3598
3602
3850
3598
3851
3604
3622
3852
3601
3603
3601
3604
3605
3624
3603
3604
3605
3857
3605
3627
3858
3628
3859
3608
3610
3608
3611
3612
3614
3610
3611
3612
3616
3864
3612
3865
3618
3866
3615
3617
3615
3618
3619
3631
3617
3618
3619
3871
3619
3634
3872
3635
3873
3621
3622
3623
3625
3638
3623
3627
3876
3629
3639
3877
3626
3628
3626
3629
3630
3640
3628
3629
3630
3881
3630
3643
3882
3644
3883
3633
3635
3633
3636
3637
3661
3635
3636
3637
3895
3637
3664
3896
3665
3897
3639
3643
3900
3642
3644
3642
3645
3646
3648
3668
3644
3645
3646
3650
3902
3646
3903
3652
3670
3904
3649
3651
3649
3652
3653
3671
3651
3652
3653
3909
3653
3674
3910
3675
3911
3656
3658
3656
3659
3660
3662
3692
3658
3659
3660
3664
3930
3660
3695
3931
3666
3696
3932
3663
3665
3663
3666
3667
3699
3665
3666
3667
3667
3701
3937
3669
3670
3672
3674
3939
3673
3675
3673
3676
3677
3679
3702
3675
3676
3677
3681
3941
3677
3942
3683
3703
3943
3680
3682
3680
3683
3684
3686
3704
3682
3683
3684
3688
3947
3684
3707
3948
3690
3708
3949
3687
3689
3687
3690
3691
3693
3709
3689
3690
3691
3695
3954
3691
3712
3955
3697
3713
3956
3694
3696
3694
3697
3698
3700
3714
3696
3697
3698
3701
3961
3698
3716
3962
3703
3707
3706
3708
3706
3710
3708
3712
3964
3711
3713
3711
3715
3713
3716
3718
3723
3993
3719
3729
3999
3720
3730
4000
3721
3736
4006
3737
4007
3725
3727
3747
3725
3729
4022
3725
3750
4023
3731
3751
4024
3728
3730
3728
3731
3732
3734
3754
3730
3731
3732
3736
4029
3732
3757
4030
3738
3758
4031
3735
3737
3735
3738
3739
3740
3761
3737
3738
3739
3742
4036
3739
3764
4037
3744
3765
4038
3741
3744
3745
3768
3743
3744
3745
4043
3745
3771
4044
3746
3772
4045
3777
4050
3749
3751
3749
3752
3753
3755
3784
3751
3752
3753
3757
4058
3753
3787
4059
3759
3788
4060
3756
3758
3756
3759
3760
3762
3791
3758
3759
3760
3764
4065
3760
3794
4066
3766
3795
4067
3763
3765
3763
3766
3767
3769
3798
3765
3766
3767
3771
3767
3801
3773
3802
3770
3772
3770
3773
3774
3775
3805
3772
3773
3774
3777
4072
3774
3808
4073
3779
3809
4074
3776
3779
3780
3812
3778
3779
3780
4079
3780
3815
4080
3781
3816
4081
3821
4086
3783
3787
4088
3789
3825
4089
3786
3788
3786
3789
8055
3790
3792
3826
3788
3789
3790
3794
4092
3790
3829
4093
3796
3830
4094
3793
3795
3793
3796
3797
3799
3833
3795
3796
3797
3801
3797
3836
3803
3837
3800
3802
3800
3803
3804
3806
3802
3803
3804
3808
3804
3810
3807
3809
3807
3810
3811
3813
3809
3810
3811
3815
3811
3817
3814
3816
3814
3817
3818
3819
3816
3817
3818
3821
4099
3818
4100
3823
4101
3820
3823
3824
3840
3822
3823
3824
4106
3824
3843
4107
3844
4108
3829
4112
3828
3830
3828
3831
8056
3832
3834
3850
3830
3831
3832
3836
4116
3832
3853
4117
3838
3854
4118
3835
3837
3835
3838
3839
3857
3837
3838
3839
3839
3860
3861
3842
3844
3842
3845
3846
3847
3864
3844
3845
3846
3848
4130
3846
3867
4131
3849
3868
4132
3849
3849
3874
4137
3852
3854
3852
3855
3856
3858
3876
3854
3855
3856
3860
4138
3856
3878
4139
3862
3879
4140
3859
3861
3859
3862
3863
3881
3861
3862
3863
4145
3863
3884
4146
3885
4147
3866
3868
3866
3869
3870
3872
3888
3868
3869
3870
3874
4152
3870
3891
4153
3875
3892
4154
3873
3873
3875
3895
3875
3898
4159
3877
3879
3880
3882
3900
3879
3880
3884
4160
3886
3901
4161
3883
3885
3883
3886
3887
3902
3885
3886
3887
4164
3887
3905
4165
3906
4166
3890
3892
3890
3893
3894
3896
3930
3892
3893
3894
3898
4185
3894
3933
4186
3899
3934
4187
3897
3897
3899
3899
3938
4192
3901
3905
3904
3906
3904
3907
3908
3910
3939
3906
3907
3908
3912
4193
3908
3914
3940
4194
3911
3913
3911
3914
3915
3917
3941
3913
3914
3915
3919
4198
3915
3944
4199
3921
3945
4200
3918
3920
3918
3921
3922
3924
3947
3920
3921
3922
3926
4205
3922
3950
4206
3928
3951
4207
3925
3927
3925
3928
3929
3931
3954
3927
3928
3929
3933
4212
3929
3957
4213
3935
3958
4214
3932
3934
3932
3935
3936
3937
3961
3934
3935
3936
3938
4219
3936
3963
4220
3940
3944
3943
3945
3943
3946
3948
3945
3946
3950
4222
3952
3949
3951
3949
3952
3953
3955
3964
3951
3952
3953
3957
4223
3953
3959
3956
3958
3956
3959
3960
3962
3958
3959
3960
3963
4224
3960
3966
3972
4280
3967
3973
4281
3968
3978
4287
3969
3979
4288
3984
4294
3974
3989
4308
3975
3976
3991
3973
3974
3975
3978
4313
3975
3994
4314
3980
3995
4315
3977
3980
3981
3982
3998
3979
3980
3981
3984
4320
3981
4001
4321
3986
4002
4322
3983
3986
3987
4005
3985
3986
3987
4327
3987
4008
4328
3988
4009
4329
4014
4334
3990
3994
4343
3996
4020
4345
3993
3995
3993
3996
3997
3999
4022
3995
3996
3997
4001
4350
3997
4025
4351
4003
4026
4352
4000
4002
4000
4003
4004
4006
4029
4002
4003
4004
4008
4357
4004
4032
4358
4010
4033
4359
4007
4009
4007
4010
4011
4012
4036
4009
4010
4011
4014
4364
4011
4039
4365
4016
4040
4366
4013
4016
4017
4043
4015
4016
4017
4371
4017
4046
4372
4047
4373
4019
4020
4021
4023
4054
4021
4025
4381
4027
4056
4383
4024
4026
4024
4027
4028
4030
4058
4026
4027
4028
4032
4388
4028
4061
4389
4034
4062
4390
4031
4033
4031
4034
4035
4037
4065
4033
4034
4035
4039
4035
4068
4041
4069
4038
4040
4038
4041
4042
4044
4040
4041
4042
4046
4042
4048
4045
4047
4045
4048
4049
4050
4072
4047
4048
4049
4051
4395
4049
4075
4396
4052
4076
4397
4052
4052
4053
4082
4402
4083
4403
4055
4056
4057
4059
4088
4057
4061
4408
4063
4090
4410
4060
4062
4060
4063
4064
4066
4092
4062
4063
4064
4068
4415
4064
4095
4416
4070
4096
4417
4067
4069
4067
4070
4071
4069
4070
4071
4071
4074
4076
4074
4077
4078
4080
4076
4077
4078
4082
4422
4078
4423
4084
4424
4081
4083
4081
4084
4085
4086
4099
4083
4084
4085
4429
4085
4102
4430
4087
4103
4431
4087
4109
4436
4089
4090
4091
4093
4112
4091
4095
4438
4097
4114
4439
4094
4096
4094
4097
4098
4116
4096
4097
4098
4443
4098
4119
4444
4120
4445
4101
4103
4101
4104
4105
4107
4123
4103
4104
4105
4109
4450
4105
4126
4451
4110
4127
4452
4108
4108
4110
4111
4130
4110
4111
4133
4457
4134
4458
4113
4114
4115
4117
4115
4119
4461
4121
4462
4118
4120
4118
4121
4122
4138
4120
4121
4122
4464
4122
4141
4465
4142
4466
4125
4127
4125
4128
4129
4131
4127
4128
4129
4133
4478
4129
4479
4135
4480
4132
4134
4132
4135
4136
4137
4152
4134
4135
4136
4485
4136
4155
4486
4156
4487
4140
4142
4140
4143
4144
4146
4160
4142
4143
4144
4148
4490
4144
4491
4150
4162
4492
4147
4149
4147
4150
4151
4164
4149
4150
4151
4496
4151
4167
4497
4168
4498
4154
4156
4154
4157
4158
4159
4185
4156
4157
4158
4524
4158
4188
4525
4189
4526
4161
4162
4163
4165
4163
4167
4529
4169
4166
4168
4166
4169
4170
4172
4193
4168
4169
4170
4174
4530
4170
4195
4531
4176
4196
4532
4173
4175
4173
4176
4177
4198
4175
4176
4177
4536
4177
4201
4537
4202
4538
4180
4182
4180
4183
4184
4186
4212
4182
4183
4184
4188
4550
4184
4215
4551
4190
4216
4552
4187
4189
4187
4190
4191
4192
4219
4189
4190
4191
4191
4221
4556
4194
4196
4197
4199
4196
4197
4201
4557
4203
4200
4202
4200
4203
4204
4206
4222
4202
4203
4204
4208
4558
4204
4210
4207
4209
4207
4210
4211
4213
4223
4209
4210
4211
4215
4559
4211
4217
4214
4216
4214
4217
4218
4220
4224
4216
4217
4218
4221
4560
4218
4226
4230
4614
8068
4227
4232
4620
8076
4228
4233
4621
8079
4229
4236
4627
8083
4237
4628
4231
4232
4648
8087
4234
4244
4650
8084
4233
4234
7979
4235
4236
4655
8093
4235
4248
4656
8095
4238
4249
4657
8098
4237
4238
7982
4239
4240
4662
8100
4239
4255
4663
8101
4241
4256
4664
8103
4241
4242
4261
4670
4243
4262
4671
4266
4676
4245
4248
4687
8107
4250
4270
4689
8109
4247
4249
7983
4251
4253
4272
8112
4249
4250
7985
4251
4255
4694
4251
4275
4695
8114
4257
4276
4696
4254
4256
8104
4254
4257
8057
4258
4259
4279
8058
4256
4257
4258
4261
4701
4258
4282
4702
4263
4283
4703
4260
4263
4264
4265
4286
4262
4263
4264
4266
4708
4264
4289
4709
4268
4290
4710
4268
4267
4268
4269
4715
4269
4296
4716
4297
4717
4271
4275
4727
8116
4277
4304
4729
4274
4276
7988
4274
4277
4278
4280
4306
4276
4277
7989
4278
4282
4734
4278
4309
4735
4284
4310
4736
4281
4283
4281
4284
4285
4287
4313
4283
4284
4285
4289
4741
4285
4316
4742
4291
4317
4743
4288
4290
4288
4291
4292
4294
4320
4290
4291
4292
4296
4748
4292
4323
4749
4298
4324
4750
4295
4297
4295
4298
4299
4300
4327
4297
4298
4299
4301
4755
4299
4330
4756
4302
4331
4757
4302
4302
4303
4336
4763
4337
4764
4305
4309
4770
4311
4341
4771
4308
4310
4308
4311
4312
4314
4343
4310
4311
4312
4316
4776
4312
4346
4777
4318
4347
4778
4315
4317
4315
4318
4319
4321
4350
4317
4318
4319
4323
4319
4353
4325
4354
4322
4324
4322
4325
4326
4328
4357
4324
4325
4326
4330
4326
4360
4332
4361
4329
4331
4329
4332
4333
4334
4364
4331
4332
4333
4336
4783
4333
4367
4784
4338
4368
4785
4335
4338
4339
4371
4337
4338
4339
4790
4339
4374
4791
4340
4375
4792
4379
4797
4342
4346
4800
4348
4801
4345
4347
4345
4348
4349
4351
4381
4347
4348
4349
4353
4804
4349
4384
4805
4355
4385
4806
4352
4354
4352
4355
4356
4358
4388
4354
4355
4356
4360
4356
4391
4362
4392
4359
4361
4359
4362
4363
4365
4361
4362
4363
4367
4363
4369
4366
4368
4366
4369
4370
4372
4368
4369
4370
4374
4370
4376
4373
4375
4373
4376
4377
4378
4395
4375
4376
4377
4379
4811
4377
4398
4812
4380
4399
4813
4380
4380
4404
4818
4383
4385
4383
4386
4387
4389
4408
4385
4386
4387
4391
4824
4387
4411
4825
4393
4412
4826
4390
4392
4390
4393
4394
4415
4392
4393
4394
4394
4418
4419
4397
4399
4397
4400
4401
4402
4422
4399
4400
4401
4404
4831
4401
4425
4832
4406
4426
4833
4403
4406
4407
4429
4405
4406
4407
4838
4407
4432
4839
4433
4840
4410
4412
4410
4413
4414
4416
4438
4412
4413
4414
4418
4843
4414
4440
4844
4420
4441
4845
4417
4419
4417
4420
4421
4443
4419
4420
4421
4850
4421
4446
4851
4447
4852
4424
4426
4424
4427
4428
4430
4426
4427
4428
4432
4857
4428
4858
4434
4859
4431
4433
4431
4434
4435
4436
4450
4433
4434
4435
4864
4435
4453
4865
4437
4454
4866
4437
4459
4439
4441
4442
4444
4461
4441
4442
4446
4871
4448
4463
4872
4445
4447
4445
4448
4449
4464
4447
4448
4449
4875
4449
4467
4876
4468
4877
4452
4454
4452
4455
4456
4457
4478
4454
4455
4456
4459
4896
4456
4481
4897
4460
4482
4898
4458
4460
4485
4460
4488
4462
4463
4465
4467
4903
4466
4468
4466
4469
4470
4472
4490
4468
4469
4470
4474
4904
4470
4493
4905
4476
4494
4906
4473
4475
4473
4476
4477
4496
4475
4476
4477
4910
4477
4499
4911
4500
4912
4480
4482
4480
4483
4484
4486
4517
4482
4483
4484
4488
4931
4484
4520
4932
4489
4521
4933
4487
4487
4489
4524
4489
4527
4492
4494
4492
4495
4497
4529
4494
4495
4499
4936
4501
4498
4500
4498
4501
4502
4504
4530
4500
4501
4502
4506
4937
4502
4533
4938
4508
4534
4939
4505
4507
4505
4508
4509
4511
4536
4507
4508
4509
4513
4942
4509
4539
4943
4515
4540
4944
4512
4514
4512
4515
4516
4518
4543
4514
4515
4516
4520
4949
4516
4546
4950
4522
4547
4951
4519
4521
4519
4522
4523
4525
4550
4521
4522
4523
4527
4955
4523
4553
4956
4528
4554
4957
4526
4526
4528
4528
4532
4534
4532
4535
4537
4557
4534
4535
4539
4958
4541
4538
4540
4538
4541
4542
4544
4558
4540
4541
4542
4546
4959
4542
4548
4545
4547
4545
4548
4549
4551
4559
4547
4548
4549
4553
4960
4549
4555
4552
4554
4552
4555
4556
4560
4554
4555
4562
4563
5009
8119
4565
4575
5011
8134
4564
4565
8122
4566
4567
5016
8138
4566
4579
5017
8141
4569
4580
5018
8144
4568
4569
7990
4570
4571
5023
8147
4570
4586
5024
8148
4572
4587
5025
8150
4572
4573
4592
5031
4574
4593
5032
4598
5037
4576
4579
5050
8154
4581
4604
5052
8157
4578
4580
8059
4582
4584
4606
8161
4580
4581
7992
4582
4586
5057
4582
4608
5058
8164
4588
4609
5059
4585
4587
8151
4585
4588
8062
4589
4590
4612
8064
4587
4588
4589
4592
5064
4589
4615
5065
4594
4616
5066
4591
4594
8065
4595
4596
4619
8167
4593
4594
4595
4598
5071
4595
4622
5072
4600
4623
5073
4597
4600
7995
4601
4626
4599
4600
4601
5078
4601
4629
5079
4602
4630
5080
4603
4635
5085
4636
5086
4605
4608
5095
8168
4610
4641
5097
8170
4607
4609
8066
4611
4613
4642
8172
4609
4610
7996
4611
4615
5102
4611
4644
5103
8174
4617
4645
5104
4614
4616
8071
4614
4617
8073
4618
4620
4648
4616
4617
4618
4622
5109
4618
4651
5110
4624
4652
5111
4621
4623
8081
4621
4624
4625
4627
4655
4623
4624
4625
4629
5116
4625
4658
5117
4631
4659
5118
4628
4630
4628
4631
4632
4633
4662
4630
4631
4632
4635
5123
4632
4665
5124
4637
4666
5125
4634
4637
4638
4669
4636
4637
4638
4639
5130
4638
4672
5131
4640
4673
5132
4640
4678
5137
4644
5144
4643
4645
7998
4647
4649
4683
8176
4645
4646
8000
4647
4651
5150
4647
4684
5151
8175
4653
4685
5152
4650
4652
4650
4653
8090
4654
4656
4687
4652
4653
4654
4658
5157
4654
4690
5158
4660
4691
5159
4657
4659
4657
4660
4661
4663
4694
4659
4660
4661
4665
4661
4697
4667
4698
4664
4666
4664
4667
4668
4670
4701
4666
4667
4668
4672
4668
4704
4674
4705
4671
4673
4671
4674
4675
4676
4708
4673
4674
4675
4678
5164
4675
4711
5165
4680
4712
5166
4677
4680
4681
4715
4679
4680
4681
5171
4681
4718
5172
4682
4719
5173
4723
5178
4685
8105
4685
8178
4686
4690
5184
4692
4726
5186
8179
4689
4691
4689
4692
8111
4693
4695
4727
4691
4692
4693
4697
5191
4693
4730
5192
4699
4731
5193
4696
4698
4696
4699
4700
4702
4734
4698
4699
4700
4704
4700
4737
4706
4738
4703
4705
4703
4706
4707
4709
4741
4705
4706
4707
4711
4707
4744
4713
4745
4710
4712
4710
4713
4714
4716
4748
4712
4713
4714
4718
4714
4751
4720
4752
4717
4719
4717
4720
4721
4722
4755
4719
4720
4721
4723
5198
4721
4758
5199
4724
4759
5200
4724
4724
4725
4765
5206
4766
5207
4730
5212
4729
4731
4729
4732
4733
4735
4770
4731
4732
4733
4737
5217
4733
4772
5218
4739
4773
5219
4736
4738
4736
4739
4740
4742
4776
4738
4739
4740
4744
5224
4740
4779
5225
4746
4780
5226
4743
4745
4743
4746
4747
4749
4745
4746
4747
4751
4747
4753
4750
4752
4750
4753
4754
4756
4752
4753
4754
4758
4754
4760
4757
4759
4757
4760
4761
4763
4783
4759
4760
4761
4765
4761
4786
4767
4787
4764
4766
4764
4767
4768
4790
4766
4767
4768
5231
4768
4793
5232
4769
4794
5233
4798
5238
4771
4773
4775
4777
4800
4773
4774
4775
4779
5241
4775
5242
4781
4802
5243
4778
4780
4778
4781
4782
4804
4780
4781
4782
5248
4782
4807
5249
4808
5250
4785
4787
4785
4788
4789
4791
4787
4788
4789
4793
4789
4795
4792
4794
4792
4795
4796
4797
4811
4794
4795
4796
4798
5255
4796
4814
5256
4799
4815
5257
4799
4799
4819
5262
4801
4802
4803
4805
4821
4803
4807
5265
4809
4822
5266
4806
4808
4806
4809
4810
4824
4808
4809
4810
5270
4810
4827
5271
4828
5272
4813
4815
4813
4816
4817
4818
4831
4815
4816
4817
4819
5277
4817
4834
5278
4820
4835
5279
4820
4820
4841
5284
4822
4823
4827
5287
4829
5288
4826
4828
4826
4829
4830
4843
4828
4829
4830
5290
4830
4846
5291
4847
5292
4833
4835
4833
4836
4837
4839
4857
4835
4836
4837
4841
5304
4837
4860
5305
4842
4861
5306
4840
4840
4842
4864
4842
4867
5311
4845
4847
4845
4848
4849
4851
4871
4847
4848
4849
4853
5314
4849
4855
4873
5315
4852
4854
4852
4855
4856
4875
4854
4855
4856
5319
4856
4878
5320
4879
5321
4859
4861
4859
4862
4863
4865
4889
4861
4862
4863
4867
5340
4863
4892
5341
4869
4893
5342
4866
4868
4866
4869
4870
4896
4868
4869
4870
4870
4899
5347
4900
4872
4873
4874
4876
4903
4874
4878
5348
4880
4877
4879
4877
4880
4881
4883
4904
4879
4880
4881
4885
5349
4881
4907
5350
4887
4908
5351
4884
4886
4884
4887
4888
4910
4886
4887
4888
5355
4888
4913
5356
4914
5357
4891
4893
4891
4894
4895
4897
4924
4893
4894
4895
4899
5369
4895
4927
5370
4901
4928
5371
4898
4900
4898
4901
4902
4931
4900
4901
4902
4902
4934
4906
4908
4906
4909
4911
4936
4908
4909
4913
5375
4915
4912
4914
4912
4915
4916
4918
4937
4914
4915
4916
4920
5376
4916
4940
5377
4922
4941
5378
4919
4921
4919
4922
4923
4925
4942
4921
4922
4923
4927
5380
4923
4945
5381
4929
4946
5382
4926
4928
4926
4929
4930
4932
4949
4928
4929
4930
4934
5384
4930
4952
5385
4935
4953
4933
4933
4935
4955
4935
4939
4941
4939
4943
4958
4941
4945
4944
4946
4944
4947
4948
4950
4959
4946
4947
4948
4952
4948
4954
4951
4953
4951
4954
4956
4960
4953
4954
4957
4957
4962
4971
5419
8187
4963
4972
5420
8191
4964
4978
5426
8194
4965
4979
5427
8195
4966
4985
5433
8198
4967
4986
5434
8200
4968
4991
5440
8205
4992
5441
8207
4973
5002
5456
4974
4976
5003
4972
4973
8211
4974
4978
5461
8213
4974
5005
5462
4980
5006
5463
4977
4979
8117
4977
4980
8118
4981
4983
5009
8121
4979
4980
4981
4985
5468
4981
5012
5469
4987
5013
5470
4984
4986
8202
4984
4987
8124
4988
4989
5016
8126
4986
4987
4988
4991
5475
4988
5019
5476
4993
5020
5477
4990
4993
8129
4994
4995
5023
8214
4992
4993
4994
4997
5482
8215
4994
5026
5483
4999
5027
5484
4996
4999
5000
5030
4998
4999
8210
5000
5489
5000
5033
5490
5001
5034
5491
5039
5496
5005
5503
5004
5006
8131
5008
5010
5044
8132
5006
5007
8001
5008
5012
5510
5008
5046
5511
8216
5014
5047
5512
5011
5013
5011
5014
8136
5015
5017
5050
5013
5014
5015
5019
5517
5015
5053
5518
5021
5054
5519
5018
5020
5018
5021
5022
5024
5057
5020
5021
5022
5026
5022
5060
5028
5061
5025
5027
5025
5028
5029
5031
5064
5027
5028
5029
5033
5524
5029
5067
5525
5035
5068
5526
5032
5034
5032
5035
5036
5037
5071
5034
5035
5036
5039
5531
5036
5074
5532
5041
5075
5533
5038
5041
5042
5078
5040
5041
5042
5538
5042
5081
5539
5043
5082
5540
5087
5545
5045
5047
8152
5049
5051
7890
5047
5048
8217
5049
5053
5556
5049
5092
5557
8218
5055
5093
5558
5052
5054
5052
5055
8159
5056
5058
5095
5054
5055
5056
5060
5056
5098
5062
5099
5059
5061
5059
5062
5063
5065
5102
5061
5062
5063
5067
5063
5105
5069
5106
5066
5068
5066
5069
5070
5072
5109
5068
5069
5070
5074
5070
5112
5076
5113
5073
5075
5073
5076
5077
5079
5116
5075
5076
5077
5081
5077
5119
5083
5120
5080
5082
5080
5083
5084
5085
5123
5082
5083
5084
5087
5563
5084
5126
5564
5089
5127
5565
5086
5089
5090
5130
5088
5089
5090
5570
5090
5133
5571
5091
5134
5572
5139
5577
5093
5094
5098
5584
5100
5143
5586
5097
5099
5097
5100
8171
5101
5103
5144
5099
5100
5101
5105
5591
5101
5146
5592
5107
5147
5593
5104
5106
5104
5107
5108
5110
5150
5106
5107
5108
5112
5108
5153
5114
5154
5111
5113
5111
5114
5115
5117
5157
5113
5114
5115
5119
5115
5160
5121
5161
5118
5120
5118
5121
5122
5124
5120
5121
5122
5126
5122
5128
5125
5127
5125
5128
5129
5131
5127
5128
5129
5133
5129
5135
5132
5134
5132
5135
5136
5137
5164
5134
5135
5136
5139
5598
5136
5167
5599
5141
5168
5600
5138
5141
5142
5171
5140
5141
5142
5605
5142
5174
5606
5175
5607
5146
5614
5145
5147
5149
5151
5181
5147
5148
5149
5153
5619
5149
5620
5155
5182
5621
5152
5154
5152
5155
5156
5158
5184
5154
5155
5156
5160
5626
5156
5187
5627
5162
5188
5628
5159
5161
5159
5162
5163
5191
5161
5162
5163
5163
5194
5195
5166
5168
5166
5169
5170
5172
5168
5169
5170
5174
5170
5176
5173
5175
5173
5176
5177
5178
5198
5175
5176
5177
5179
5633
5177
5201
5634
5180
5202
5635
5180
5180
5208
5640
5182
5183
5187
5645
5189
5646
5186
5188
5186
5189
5190
5192
5212
5188
5189
5190
5194
5650
5190
5214
5651
5196
5215
5652
5193
5195
5193
5196
5197
5217
5195
5196
5197
5657
5197
5220
5658
5221
5659
5200
5202
5200
5203
5204
5206
5202
5203
5204
5208
5664
5204
5665
5210
5666
5207
5209
5207
5210
5211
5231
5209
5210
5211
5671
5211
5234
5672
5235
5673
5213
5215
5216
5218
5215
5216
5220
5679
5222
5240
5681
5219
5221
5219
5222
5223
5225
5241
5221
5222
5223
5227
5686
5223
5244
5687
5229
5245
5688
5226
5228
5226
5229
5230
5248
5228
5229
5230
5230
5251
5252
5233
5235
5233
5236
5237
5238
5255
5235
5236
5237
5237
5258
5239
5259
5239
5263
5693
5244
5694
5243
5245
5243
5246
5247
5249
5265
5245
5246
5247
5251
5696
5247
5267
5697
5253
5268
5698
5250
5252
5250
5253
5254
5270
5252
5253
5254
5703
5254
5273
5704
5274
5705
5257
5259
5257
5260
5261
5262
5277
5259
5260
5261
5263
5261
5280
5264
5281
5264
5264
5285
5710
5266
5268
5269
5271
5287
5268
5269
5273
5711
5275
5289
5712
5272
5274
5272
5275
5276
5290
5274
5275
5276
5715
5276
5293
5716
5294
5717
5279
5281
5279
5282
5283
5284
5304
5281
5282
5283
5285
5729
5283
5307
5730
5286
5308
5731
5286
5286
5312
5288
5289
5291
5293
5736
5292
5294
5292
5295
5296
5298
5314
5294
5295
5296
5300
5737
5296
5316
5738
5302
5317
5739
5299
5301
5299
5302
5303
5319
5301
5302
5303
5743
5303
5322
5744
5323
5745
5306
5308
5306
5309
5310
5311
5340
5308
5309
5310
5312
5764
5310
5343
5765
5313
5344
5766
5313
5313
5315
5317
5318
5320
5348
5317
5318
5322
5770
5324
5321
5323
5321
5324
5325
5327
5349
5323
5324
5325
5329
5771
5325
5352
5772
5331
5353
5773
5328
5330
5328
5331
5332
5334
5355
5330
5331
5332
5336
5777
5332
5358
5778
5338
5359
5779
5335
5337
5335
5338
5339
5341
5362
5337
5338
5339
5343
5784
5339
5365
5785
5345
5366
5786
5342
5344
5342
5345
5346
5347
5369
5344
5345
5346
5790
5346
5372
5791
5373
5351
5353
5351
5354
5356
5375
5353
5354
5358
5792
5360
5357
5359
5357
5360
5361
5363
5376
5359
5360
5361
5365
5793
5361
5367
5379
5364
5366
5364
5367
5368
5370
5380
5366
5367
5368
5372
5794
5368
5383
5374
5371
5373
5371
5374
5384
5373
5374
5378
5379
5378
5381
5383
5382
5382
5385
5389
5409
5829
8229
5388
5389
8220
5390
5393
5834
8222
5390
5414
5835
8233
5395
5415
5836
8235
5392
5395
8237
5396
5397
5418
8239
5394
5395
8223
5396
5399
5841
8224
5396
5421
5842
5401
5422
5843
5398
5401
8002
5402
5403
5425
8241
5400
5401
8004
5402
5404
5848
8226
5402
5428
5849
5405
5429
5850
5405
8180
5405
8006
5406
5435
5856
5407
5436
5857
8246
5408
5442
5862
8247
5443
5863
5410
5414
5872
8248
5416
5452
5874
8250
5413
5415
8182
5413
5416
8185
5417
5419
5454
8189
5415
5416
8008
5417
5421
5879
5417
5457
5880
5423
5458
5881
5420
5422
8192
5420
5423
5424
5426
5461
5422
5423
5424
5428
5886
5424
5464
5887
5430
5465
5888
5427
5429
8196
5427
5430
5431
5433
5468
5429
5430
5431
5435
5431
5471
5437
5472
5434
5436
8244
5434
5437
5438
5440
5475
5436
5437
5438
5442
5893
5438
5478
5894
5444
5479
5895
5441
5443
8209
5441
5444
5445
5446
5482
5443
5444
5445
5448
5900
5445
5485
5901
5449
5486
5902
5447
5449
8010
5450
5489
5449
5450
5492
5908
5451
5493
5909
5498
5914
5453
5457
5917
8251
5459
5502
5919
5456
5458
8212
5456
5459
5460
5462
5503
5458
5459
5460
5464
5924
5460
5506
5925
5466
5507
5926
5463
5465
5463
5466
5467
5469
5510
5465
5466
5467
5471
5467
5513
5473
5514
5470
5472
5470
5473
5474
5476
5517
5472
5473
5474
5478
5474
5520
5480
5521
5477
5479
5477
5480
5481
5483
5479
5480
5481
5485
5481
5487
5484
5486
5484
5487
5488
5490
5524
5486
5487
5488
5492
5488
5527
5494
5528
5491
5493
5491
5494
5495
5496
5531
5493
5494
5495
5498
5931
5495
5534
5932
5500
5535
5933
5497
5500
5501
5538
5499
5500
5501
5938
5501
5541
5939
5542
5940
5506
5947
5505
5507
5505
5508
5509
5511
5550
5507
5508
5509
5513
5953
5509
5552
5954
5515
5553
5955
5512
5514
5512
5515
5516
5518
5556
5514
5515
5516
5520
5960
5516
5559
5961
5522
5560
5962
5519
5521
5519
5522
5523
5521
5522
5523
5523
5526
5528
5526
5529
5530
5532
5528
5529
5530
5534
5530
5536
5533
5535
5533
5536
5537
5539
5535
5536
5537
5541
5537
5543
5540
5542
5540
5543
5544
5545
5563
5542
5543
5544
5547
5967
5544
5566
5968
5548
5567
5969
5546
5548
5549
5570
5548
5549
5573
5975
5574
5976
5551
5553
5555
5557
5581
5553
5554
5555
5559
5984
5555
5985
5561
5582
5986
5558
5560
5558
5561
5562
5584
5560
5561
5562
5991
5562
5587
5992
5588
5993
5565
5567
5565
5568
5569
5571
5567
5568
5569
5573
5998
5569
5999
5575
6000
5572
5574
5572
5575
5576
5577
5598
5574
5575
5576
5578
6005
5576
5601
6006
5579
5602
6007
5579
5579
5580
5608
6012
5609
6013
5582
5583
5587
6017
5589
6018
5586
5588
5586
5589
5590
5592
5614
5588
5589
5590
5594
6022
5590
5616
6023
5596
5617
6024
5593
5595
5593
5596
5597
5619
5595
5596
5597
6029
5597
5622
6030
5623
6031
5600
5602
5600
5603
5604
5606
5602
5603
5604
5608
6036
5604
6037
5610
6038
5607
5609
5607
5610
5611
5612
5633
5609
5610
5611
6043
5611
5636
6044
5613
5637
6045
5613
5642
6050
5615
5617
5618
5620
5617
5618
5622
6053
5624
6055
5621
5623
5621
5624
5625
5627
5645
5623
5624
5625
5629
6060
5625
5647
6061
5631
5648
6062
5628
5630
5628
5631
5632
5650
5630
5631
5632
6067
5632
5653
6068
5654
6069
5635
5637
5635
5638
5639
5640
5664
5637
5638
5639
5642
6074
5639
5667
6075
5643
5668
6076
5641
5643
5644
5671
5643
5644
5674
6081
5675
5646
5648
5649
5651
5648
5649
5653
6086
5655
5678
6088
5652
5654
5652
5655
5656
5658
5679
5654
5655
5656
5660
6093
5656
5682
6094
5662
5683
6095
5659
5661
5659
5662
5663
5686
5661
5662
5663
6100
5663
5689
6101
5690
6102
5666
5668
5666
5669
5670
5672
5668
5669
5670
5674
6107
5670
6108
5676
6109
5673
5675
5673
5676
5677
5675
5676
5677
6114
5677
6115
6116
5682
6119
5681
5683
5681
5684
5685
5687
5694
5683
5684
5685
5689
6121
5685
6122
5691
5695
6123
5688
5690
5688
5691
5692
5696
5690
5691
5692
6127
5692
5699
6128
5700
6129
5695
5699
6155
5698
5700
5698
5701
5702
5704
5711
5700
5701
5702
5706
6156
5702
6157
5708
5713
6158
5705
5707
5705
5708
5709
5715
5707
5708
5709
6162
5709
5718
6163
5719
6164
5712
5713
5714
5716
5736
5714
5718
6188
5720
5717
5719
5717
5720
5721
5723
5737
5719
5720
5721
5725
6190
5721
5740
6191
5727
5741
6192
5724
5726
5724
5727
5728
5743
5726
5727
5728
6197
5728
5746
6198
5747
6199
5731
5733
5731
5734
5735
5764
5733
5734
5735
6218
5735
5767
6219
5768
5739
5741
5739
5742
5744
5770
5741
5742
5746
6222
5748
5745
5747
5745
5748
5749
5751
5771
5747
5748
5749
5753
6223
5749
5774
6224
5755
5775
6225
5752
5754
5752
5755
5756
5758
5777
5754
5755
5756
5760
6228
5756
5780
6229
5762
5781
6230
5759
5761
5759
5762
5763
5765
5784
5761
5762
5763
5767
6235
5763
5787
6236
5769
5788
6237
5766
5768
5766
5769
5790
5768
5769
5773
5775
5773
5776
5778
5792
5775
5776
5780
6240
5782
5779
5781
5779
5782
5783
5785
5793
5781
5782
5783
5787
6241
5783
5789
5786
5788
5786
5789
5791
5794
5788
5789
5796
5806
6245
5797
5807
6246
5812
6247
5802
5804
5827
8219
5800
5801
5802
5806
6259
5802
5830
6260
5808
5831
6261
5805
5807
5805
5808
8221
5809
5810
5834
5807
5808
5809
5812
6266
5809
5837
6267
5814
5838
6268
5811
5814
5815
5816
5841
8225
5813
5814
5815
5818
6273
5815
5844
6274
5820
5845
6275
5817
5820
8011
5821
5822
5848
8228
5819
5820
5821
6280
5821
5851
6281
5823
5852
6282
5823
7891
5824
5858
6287
5859
6288
5826
5830
6295
5832
5870
6297
5829
5831
8231
5829
5832
8253
5833
5835
5872
5831
5832
5833
5837
6302
5833
5875
6303
5839
5876
6304
5836
5838
5836
5839
5840
5842
5879
5838
5839
5840
5844
6309
5840
5882
6310
5846
5883
6311
5843
5845
5843
5846
5847
5849
5886
5845
5846
5847
5851
6316
5847
5889
6317
5853
5890
6318
5850
5852
5850
5853
5854
5856
5852
5853
5854
5858
6323
5854
6324
5860
6325
5857
5859
8252
5857
5860
5861
5862
5893
5859
5860
5861
5864
6330
5861
5896
6331
5866
5897
6332
5863
5866
5867
5868
5900
5865
5866
5867
6337
5867
5903
6338
5869
5904
6339
5869
5910
6344
5871
5875
6348
5877
5916
6349
5874
5876
5874
5877
8254
5878
5880
5917
5876
5877
5878
5882
6354
5878
5920
6355
5884
5921
6356
5881
5883
5881
5884
5885
5887
5924
5883
5884
5885
5889
5885
5927
5891
5928
5888
5890
5888
5891
5892
5890
5891
5892
5892
5895
5897
5895
5898
5899
5901
5897
5898
5899
5903
5899
5905
5902
5904
5902
5905
5906
5908
5904
5905
5906
5910
6361
5906
6362
5912
6363
5909
5911
5909
5912
5913
5914
5931
5911
5912
5913
6368
5913
5934
6369
5915
5935
6370
5915
5941
6375
5920
6378
5919
5921
5919
5922
5923
5925
5947
5921
5922
5923
5927
6383
5923
5949
6384
5929
5950
6385
5926
5928
5926
5929
5930
5953
5928
5929
5930
5930
5956
5957
5933
5935
5933
5936
5937
5939
5935
5936
5937
5941
6390
5937
6391
5943
6392
5940
5942
5940
5943
5944
5945
5967
5942
5943
5944
6397
5944
5970
6398
5946
5971
6399
5946
5977
6404
5948
5950
5952
5954
5981
5950
5951
5952
5956
6408
5952
6409
5958
5982
6410
5955
5957
5955
5958
5959
5961
5984
5957
5958
5959
5963
6415
5959
5987
6416
5965
5988
6417
5962
5964
5962
5965
5966
5991
5964
5965
5966
5966
5994
5995
5969
5971
5969
5972
5973
5975
5998
5971
5972
5973
5977
6422
5973
6001
6423
5979
6002
6424
5976
5978
5976
5979
5980
6005
5978
5979
5980
6429
5980
6008
6430
6009
6431
5982
5983
5987
6436
5989
6437
5986
5988
5986
5989
5990
5992
6017
5988
5989
5990
5994
6441
5990
6019
6442
5996
6020
6443
5993
5995
5993
5996
5997
6022
5995
5996
5997
6448
5997
6025
6449
6026
6450
6000
6002
6000
6003
6004
6006
6002
6003
6004
6008
6455
6004
6456
6010
6457
6007
6009
6007
6010
6011
6012
6036
6009
6010
6011
6014
6462
6011
6039
6463
6015
6040
6464
6013
6015
6016
6043
6015
6016
6046
6469
6047
6018
6020
6021
6023
6020
6021
6025
6472
6027
6052
6474
6024
6026
6024
6027
6028
6030
6053
6026
6027
6028
6032
6479
6028
6056
6480
6034
6057
6481
6031
6033
6031
6034
6035
6060
6033
6034
6035
6486
6035
6063
6487
6064
6488
6038
6040
6038
6041
6042
6044
6040
6041
6042
6046
6493
6042
6494
6048
6495
6045
6047
6045
6048
6049
6050
6074
6047
6048
6049
6500
6049
6077
6501
6051
6078
6502
6051
6082
6056
6506
6055
6057
6055
6058
6059
6061
6084
6057
6058
6059
6063
6508
6059
6509
6065
6085
6510
6062
6064
6062
6065
6066
6068
6086
6064
6065
6066
6070
6515
6066
6089
6516
6072
6090
6517
6069
6071
6069
6072
6073
6093
6071
6072
6073
6522
6073
6096
6523
6097
6524
6076
6078
6076
6079
6080
6081
6107
6078
6079
6080
6082
6529
6080
6110
6530
6083
6111
6531
6083
6083
6117
6536
6085
6089
6537
6088
6090
6088
6091
6092
6094
6119
6090
6091
6092
6096
6539
6092
6540
6098
6120
6541
6095
6097
6095
6098
6099
6101
6121
6097
6098
6099
6103
6545
6099
6124
6546
6105
6125
6547
6102
6104
6102
6105
6106
6127
6104
6105
6106
6552
6106
6130
6553
6131
6554
6109
6111
6109
6112
6113
6115
6141
6111
6112
6113
6117
6559
6113
6144
6560
6118
6145
6561
6116
6116
6118
6148
6118
6151
6566
6120
6124
6123
6125
6123
6126
6128
6155
6125
6126
6130
6567
6132
6568
6129
6131
6129
6132
6133
6135
6156
6131
6132
6133
6137
6571
6133
6159
6572
6139
6160
6573
6136
6138
6136
6139
6140
6162
6138
6139
6140
6578
6140
6165
6579
6166
6580
6143
6145
6143
6146
6147
6149
6176
6145
6146
6147
6151
6599
6147
6179
6600
6153
6180
6601
6150
6152
6150
6153
6154
6183
6152
6153
6154
6154
6186
6606
6158
6160
6158
6161
6163
6188
6160
6161
6165
6607
6167
6189
6608
6164
6166
6164
6167
6168
6170
6190
6166
6167
6168
6172
6610
6168
6193
6611
6174
6194
6612
6171
6173
6171
6174
6175
6197
6173
6174
6175
6616
6175
6200
6617
6201
6618
6178
6180
6178
6181
6182
6184
6211
6180
6181
6182
6186
6630
6182
6214
6631
6187
6215
6632
6185
6185
6187
6218
6187
6220
6636
6189
6193
6192
6194
6192
6195
6196
6198
6222
6194
6195
6196
6200
6637
6196
6202
6199
6201
6199
6202
6203
6205
6223
6201
6202
6203
6207
6638
6203
6226
6639
6209
6227
6640
6206
6208
6206
6209
6210
6212
6228
6208
6209
6210
6214
6643
6210
6231
6644
6216
6232
6645
6213
6215
6213
6216
6217
6219
6235
6215
6216
6217
6220
6648
6217
6238
6649
6221
6239
6221
6221
6225
6227
6225
6229
6240
6227
6231
6230
6232
6230
6233
6234
6236
6241
6232
6233
6234
6238
6234
6237
6239
6237
6239
6243
7669
6245
6259
7670
6246
7672
6246
7673
6247
6266
7674
6248
7677
6249
6273
7678
6250
6251
6252
6280
6252
6283
6650
7678
6284
6651
6254
6256
6258
6260
6295
6256
6257
6258
6262
6661
7666
6258
6298
6662
6264
6299
6663
6261
6263
6261
6264
6265
6267
6302
6263
6264
7669
6265
6269
6668
7670
6265
6305
6669
6271
6306
6670
6268
6270
6268
6271
6272
6274
6309
6270
6271
7673
6272
6276
6675
7674
6272
6312
6676
6278
6313
6677
6275
6277
6275
6278
6279
6281
6316
6277
6278
7677
6279
6283
6682
7678
6279
6319
6683
6285
6320
6684
6282
6284
6282
6285
6286
6287
6323
6284
6285
6286
6289
6689
6286
6326
6690
6291
6327
6691
6288
6291
6292
6293
6330
6290
6291
6292
6696
6292
6333
6697
6294
6334
6698
6294
6340
6703
6297
6299
6297
6300
6301
6303
6348
6299
6300
6301
6305
6709
6301
6350
6710
6307
6351
6711
6304
6306
6304
6307
6308
6310
6354
6306
6307
6308
6312
6716
6308
6357
6717
6314
6358
6718
6311
6313
6311
6314
6315
6317
6313
6314
6315
6319
6315
6321
6318
6320
6318
6321
6322
6324
6320
6321
6322
6326
6322
6328
6325
6327
6325
6328
6329
6331
6327
6328
6329
6333
6329
6335
6332
6334
6332
6335
6336
6338
6334
6335
6336
6340
6723
6336
6724
6342
6725
6339
6341
6339
6342
6343
6344
6361
6341
6342
6343
6345
6730
6343
6364
6731
6346
6365
6732
6346
6346
6347
6371
6737
6372
6738
6349
6351
6353
6355
6378
6351
6352
6353
6357
6744
6353
6380
6745
6359
6381
6746
6356
6358
6356
6359
6360
6383
6358
6359
6360
6751
6360
6386
6752
6387
6753
6363
6365
6363
6366
6367
6369
6365
6366
6367
6371
6758
6367
6759
6373
6760
6370
6372
6370
6373
6374
6375
6390
6372
6373
6374
6376
6765
6374
6393
6766
6377
6394
6767
6377
6377
6400
6772
6379
6381
6382
6384
6406
6381
6382
6386
6774
6388
6407
6776
6385
6387
6385
6388
6389
6408
6387
6388
6389
6781
6389
6411
6782
6412
6783
6392
6394
6392
6395
6396
6398
6394
6395
6396
6400
6788
6396
6789
6402
6790
6399
6401
6399
6402
6403
6404
6422
6401
6402
6403
6795
6403
6425
6796
6405
6426
6797
6405
6432
6802
6407
6411
6803
6410
6412
6410
6413
6414
6416
6436
6412
6413
6414
6418
6807
6414
6438
6808
6420
6439
6809
6417
6419
6417
6420
6421
6441
6419
6420
6421
6421
6444
6445
6424
6426
6424
6427
6428
6430
6455
6426
6427
6428
6432
6814
6428
6458
6815
6434
6459
6816
6431
6433
6431
6434
6435
6462
6433
6434
6435
6435
6465
6821
6466
6822
6437
6439
6440
6442
6439
6440
6444
6825
6446
6826
6443
6445
6443
6446
6447
6449
6472
6445
6446
6447
6451
6830
6447
6475
6831
6453
6476
6832
6450
6452
6450
6453
6454
6479
6452
6453
6454
6837
6454
6482
6838
6483
6839
6457
6459
6457
6460
6461
6463
6459
6460
6461
6465
6844
6461
6845
6467
6846
6464
6466
6464
6467
6468
6469
6493
6466
6467
6468
6470
6851
6468
6496
6852
6471
6497
6853
6471
6471
6503
6474
6476
6474
6477
6478
6480
6506
6476
6477
6478
6482
6857
6478
6858
6484
6507
6859
6481
6483
6481
6484
6485
6487
6508
6483
6484
6485
6489
6863
6485
6511
6864
6491
6512
6865
6488
6490
6488
6491
6492
6515
6490
6491
6492
6870
6492
6518
6871
6519
6872
6495
6497
6495
6498
6499
6501
6497
6498
6499
6503
6877
6499
6878
6504
6879
6502
6502
6504
6505
6529
6504
6505
6532
6884
6533
6507
6511
6885
6510
6512
6510
6513
6514
6516
6537
6512
6513
6514
6518
6886
6514
6520
6538
6887
6517
6519
6517
6520
6521
6523
6539
6519
6520
6521
6525
6891
6521
6542
6892
6527
6543
6893
6524
6526
6524
6527
6528
6545
6526
6527
6528
6898
6528
6548
6899
6549
6900
6531
6533
6531
6534
6535
6536
6559
6533
6534
6535
6535
6562
6926
6563
6538
6542
6541
6543
6541
6544
6546
6543
6544
6548
6927
6550
6928
6547
6549
6547
6550
6551
6553
6567
6549
6550
6551
6555
6931
6551
6569
6932
6557
6570
6933
6554
6556
6554
6557
6558
6571
6556
6557
6558
6938
6558
6574
6939
6575
6940
6561
6563
6561
6564
6565
6566
6599
6563
6564
6565
6565
6602
6966
6603
6568
6570
6572
6570
6574
6967
6573
6575
6573
6576
6577
6579
6607
6575
6576
6577
6581
6968
6577
6583
6609
6969
6580
6582
6580
6583
6584
6586
6610
6582
6583
6584
6588
6972
6584
6613
6973
6590
6614
6974
6587
6589
6587
6590
6591
6593
6616
6589
6590
6591
6595
6977
6591
6619
6978
6597
6620
6979
6594
6596
6594
6597
6598
6600
6623
6596
6597
6598
6602
6984
6598
6626
6985
6604
6627
6986
6601
6603
6601
6604
6605
6606
6630
6603
6604
6605
6605
6633
6989
6634
6608
6609
6611
6613
6612
6614
6612
6615
6617
6637
6614
6615
6619
6990
6621
6618
6620
6618
6621
6622
6624
6638
6620
6621
6622
6626
6991
6622
6641
6628
6642
6625
6627
6625
6628
6629
6631
6643
6627
6628
6629
6633
6992
6629
6646
6635
6647
6632
6634
6632
6635
6636
6648
6634
6635
6640
6642
6640
6644
6642
6646
6645
6647
6645
6649
6647
6651
6653
7721
6654
6655
6689
6653
7723
6654
6692
6993
7725
6656
6693
6994
6656
6699
6658
6659
6660
6662
6705
6660
6664
7697
7778
6666
6707
7780
6663
6665
7700
6663
6666
6667
6669
6709
6665
6666
7655
7703
6667
6671
7704
7785
6667
6712
7786
6673
6713
7787
6670
6672
7707
6670
6673
6674
6676
6716
6672
6673
7656
7710
6674
6678
7656
7711
6674
6719
7656
6680
6720
7656
6677
6679
7714
6677
6680
6681
6683
6679
6680
7657
7717
6681
6685
7657
7718
6681
7657
6687
7657
6684
6686
7721
6684
6687
6688
6690
6686
6687
7658
7724
6688
6692
7725
7792
6688
7793
6694
7794
6691
6693
6691
6694
6695
6697
6693
6694
6695
6699
6998
6695
6999
6701
7000
6698
6700
6698
6701
6702
6703
6723
6700
6701
6702
7005
6702
6726
7006
6704
6727
7007
6704
6733
7011
6706
6707
6708
6710
6708
6712
7013
6714
6742
7014
6711
6713
6711
6714
6715
6717
6744
6713
6714
6715
6719
7018
6715
6747
7019
6721
6748
7020
6718
6720
6718
6721
6722
6751
6720
6721
6722
6722
6754
6755
6725
6727
6725
6728
6729
6731
6727
6728
6729
6733
7032
6729
7033
6735
7034
6732
6734
6732
6735
6736
6737
6758
6734
6735
6736
6739
7039
6736
6761
7040
6740
6762
7041
6738
6740
6741
6765
6740
6741
6768
7046
6769
6743
6747
7048
6749
7049
6746
6748
6746
6749
6750
6752
6774
6748
6749
6750
6754
7052
6750
6777
7053
6756
6778
7054
6753
6755
6753
6756
6757
6781
6755
6756
6757
6757
6784
6785
6760
6762
6760
6763
6764
6766
6762
6763
6764
6768
7066
6764
7067
6770
7068
6767
6769
6767
6770
6771
6772
6788
6769
6770
6771
7073
6771
6791
7074
6773
6792
7075
6773
6798
7079
6776
6778
6776
6779
6780
6782
6803
6778
6779
6780
6784
7080
6780
7081
6786
6805
7082
6783
6785
6783
6786
6787
6807
6785
6786
6787
7086
6787
6810
7087
6811
7088
6790
6792
6790
6793
6794
6796
6792
6793
6794
6798
7100
6794
7101
6800
7102
6797
6799
6797
6800
6801
6802
6814
6799
6800
6801
6801
6817
7107
6818
7108
6804
6805
6806
6808
6806
6810
7110
6812
6809
6811
6809
6812
6813
6825
6811
6812
6813
7112
6813
6827
7113
6828
7114
6816
6818
6816
6819
6820
6821
6844
6818
6819
6820
6823
7133
6820
6847
7134
6824
6848
7135
6822
6824
6851
6824
6854
6826
6828
6829
6831
6828
6829
6833
7138
6835
7139
6832
6834
6832
6835
6836
6838
6857
6834
6835
6836
6840
7142
6836
6860
7143
6842
6861
7144
6839
6841
6839
6842
6843
6863
6841
6842
6843
7149
6843
6866
7150
6867
7151
6846
6848
6846
6849
6850
6852
6848
6849
6850
6854
7163
6850
7164
6855
7165
6853
6853
6855
6856
6877
6855
6856
6880
7170
6881
6859
6861
6859
6862
6864
6885
6861
6862
6866
7171
6868
7172
6865
6867
6865
6868
6869
6871
6886
6867
6868
6869
6873
7174
6869
6888
7175
6875
6889
7176
6872
6874
6872
6875
6876
6891
6874
6875
6876
7181
6876
6894
7182
6895
7183
6879
6881
6879
6882
6883
6884
6919
6881
6882
6883
6883
6922
7216
6923
6887
6889
6890
6892
6889
6890
6894
7217
6896
6893
6895
6893
6896
6897
6899
6927
6895
6896
6897
6901
7219
6897
6929
7220
6903
6930
7221
6900
6902
6900
6903
6904
6906
6931
6902
6903
6904
6908
7225
6904
6934
7226
6910
6935
7227
6907
6909
6907
6910
6911
6938
6909
6910
6911
7232
6911
6941
7233
6942
7234
6914
6916
6914
6917
6918
6920
6952
6916
6917
6918
6922
7246
6918
6955
7247
6924
6956
7248
6921
6923
6921
6924
6925
6926
6959
6923
6924
6925
6925
6962
7252
6963
6928
6930
6932
6930
6934
7253
6933
6935
6933
6936
6937
6939
6967
6935
6936
6937
6941
7254
6937
6943
6940
6942
6940
6943
6944
6946
6968
6942
6943
6944
6948
7255
6944
6970
7256
6950
6971
7257
6947
6949
6947
6950
6951
6953
6972
6949
6950
6951
6955
7258
6951
6975
7259
6957
6976
7260
6954
6956
6954
6957
6958
6960
6977
6956
6957
6958
6962
7261
6958
6980
7262
6964
6981
7263
6961
6963
6961
6964
6965
6966
6984
6963
6964
6965
6965
6987
6988
6969
6971
6973
6971
6975
6974
6976
6974
6978
6990
6976
6980
6979
6981
6979
6982
6983
6985
6991
6981
6982
6983
6987
6983
6986
6988
6986
6989
6992
6988
6994
6996
7773
6997
6998
6996
7775
6997
7001
7264
7777
7002
7000
7002
7000
7003
7794
7004
7006
7025
7002
7003
7796
7004
7008
7265
7004
7028
7266
7798
7009
7029
7267
7007
7007
7009
7010
7011
7032
7009
7010
7035
7271
7012
7036
7272
7012
7042
7014
7016
7780
7017
7019
7048
7016
7783
7017
7021
7274
7784
7023
7050
7275
7020
7022
7787
7020
7023
7024
7052
7022
7023
7790
7024
7279
7791
7024
7055
7280
7056
7281
7027
7029
7027
7030
7031
7033
7029
7030
7031
7035
7300
7031
7301
7037
7302
7034
7036
7034
7037
7038
7040
7059
7036
7037
7038
7042
7307
7038
7062
7308
7044
7063
7309
7041
7043
7041
7044
7045
7046
7066
7043
7044
7045
7045
7069
7314
7047
7070
7315
7047
7076
7049
7050
7051
7053
7051
7055
7317
7057
7054
7056
7054
7057
7058
7080
7056
7057
7058
7319
7058
7083
7320
7084
7321
7061
7063
7061
7064
7065
7067
7063
7064
7065
7069
7354
7065
7355
7071
7356
7068
7070
7068
7071
7072
7074
7093
7070
7071
7072
7076
7361
7072
7096
7362
7077
7097
7363
7075
7075
7077
7078
7079
7100
7077
7078
7103
7367
7104
7082
7084
7082
7085
7087
7110
7084
7085
7089
7368
7091
7111
7369
7088
7090
7088
7091
7092
7112
7090
7091
7092
7371
7092
7115
7372
7116
7373
7095
7097
7095
7098
7099
7101
7097
7098
7099
7103
7406
7099
7407
7105
7408
7102
7104
7102
7105
7106
7107
7126
7104
7105
7106
7413
7106
7129
7414
7109
7130
7415
7108
7109
7133
7136
7111
7115
7417
7114
7116
7114
7117
7118
7120
7138
7116
7117
7118
7122
7418
7118
7419
7124
7140
7420
7121
7123
7121
7124
7125
7142
7123
7124
7125
7424
7125
7145
7425
7146
7426
7128
7130
7128
7131
7132
7134
7156
7130
7131
7132
7136
7459
7132
7159
7460
7137
7160
7461
7135
7135
7137
7163
7137
7166
7464
7139
7140
7141
7143
7141
7145
7465
7147
7144
7146
7144
7147
7148
7150
7171
7146
7147
7148
7152
7466
7148
7467
7154
7173
7468
7151
7153
7151
7154
7155
7174
7153
7154
7155
7471
7155
7177
7472
7178
7473
7158
7160
7158
7161
7162
7164
7202
7160
7161
7162
7166
7499
7162
7205
7500
7168
7206
7501
7165
7167
7165
7168
7169
7170
7209
7167
7168
7169
7169
7212
7504
7213
7172
7173
7175
7177
7505
7176
7178
7176
7179
7180
7182
7217
7178
7179
7180
7184
7506
7180
7186
7218
7507
7183
7185
7183
7186
7187
7189
7219
7185
7186
7187
7191
7509
7187
7222
7510
7193
7223
7511
7190
7192
7190
7193
7194
7196
7225
7192
7193
7194
7198
7514
7194
7228
7515
7200
7229
7516
7197
7199
7197
7200
7201
7203
7232
7199
7200
7201
7205
7519
7201
7235
7520
7207
7236
7521
7204
7206
7204
7207
7208
7210
7239
7206
7207
7208
7212
7524
7208
7242
7525
7214
7243
7526
7211
7213
7211
7214
7215
7216
7246
7213
7214
7215
7215
7249
7250
7218
7222
7221
7223
7221
7224
7226
7253
7223
8012
7224
7228
7527
7230
7892
7227
7229
7227
7230
7231
7233
7254
7229
7230
7231
7235
7528
7231
7893
7237
7895
7234
7236
7234
7237
7238
7240
7255
7236
7237
7238
7242
7529
7238
7896
7244
7241
7243
7241
7244
7245
7247
7258
7243
7244
7245
7249
7245
7251
7248
7250
7248
7251
7252
7261
7250
7251
7897
7898
7257
7257
7259
7260
7260
7262
7263
7263
7803
7267
7267
7269
7824
7270
7271
7300
7269
7826
7270
7303
7530
7828
7273
7304
7272
7273
7307
7310
7275
7277
7808
7278
7280
7317
7277
7809
7278
7282
7531
7810
7284
7318
7532
7281
7283
7812
7281
7284
7285
7287
7319
7283
7284
7813
7285
7289
7533
7814
7285
7322
7534
7291
7323
7535
7288
7290
7660
7288
7291
7292
7326
7638
7290
7291
7660
7292
7538
7640
7660
7292
7329
7539
7330
7540
7642
7295
7297
7824
7295
7298
7639
7299
7301
7340
7297
7298
7641
7827
7299
7303
7550
7828
7299
7343
7551
7643
7305
7344
7552
7302
7304
7302
7305
7306
7308
7347
7304
7305
7306
7310
7555
7306
7350
7556
7312
7351
7557
7309
7311
7309
7312
7313
7314
7354
7311
7312
7313
7313
7357
7558
7316
7358
7315
7316
7361
7364
7318
7322
7321
7323
7321
7324
7325
7327
7368
7323
7324
7325
7329
7559
7325
7331
7370
7560
7328
7330
7328
7331
7332
7334
7371
7330
7331
7332
7336
7561
7332
7374
7562
7338
7375
7563
7335
7337
7639
7335
7338
7339
7341
7378
7337
7338
7642
7339
7343
7566
7643
7339
7381
7567
7345
7382
7568
7342
7344
7342
7345
7346
7348
7385
7344
7345
7346
7350
7573
7346
7388
7574
7352
7389
7575
7349
7351
7349
7352
7353
7355
7392
7351
7352
7353
7357
7580
7353
7395
7581
7359
7396
7582
7356
7358
7356
7359
7360
7362
7399
7358
7359
7360
7364
7584
7360
7402
7585
7365
7403
7586
7363
7363
7365
7366
7367
7406
7365
7366
7409
7410
7369
7370
7372
7417
7374
7373
7375
7373
7376
7377
7379
7418
7375
7376
7377
7381
7587
7377
7421
7383
7422
7588
7380
7382
7380
7383
7384
7386
7424
7382
7383
7384
7388
7589
7384
7427
7590
7390
7428
7591
7387
7389
7387
7390
7391
7393
7431
7389
7390
7391
7395
7593
7391
7434
7594
7397
7435
7595
7394
7396
7394
7397
7398
7400
7438
7396
7397
7398
7402
7599
7398
7441
7600
7404
7442
7601
7401
7403
7401
7404
7405
7407
7445
7403
7404
7405
7409
7604
7405
7448
7605
7411
7449
7606
7408
7410
7408
7411
7412
7414
7452
7410
7411
7412
7412
7455
7607
7416
7456
7899
7415
7415
7416
7459
7462
7420
7422
7420
7423
7425
7465
7422
7423
7427
7429
7426
7428
7426
7429
7430
7432
7466
7428
7429
7430
7434
7608
7430
7469
7436
7470
7609
7433
7435
7433
7436
7437
7439
7471
7435
7436
7437
7441
7610
7437
7474
7611
7443
7475
7612
7440
7442
7440
7443
7444
7446
7478
7442
7443
7444
7448
7613
7444
7481
7614
7450
7482
7615
7447
7449
7447
7450
7451
7453
7485
7449
7450
7451
7455
7616
7451
7488
7617
7457
7489
7618
7454
7456
7454
7457
7458
7460
7492
7456
7457
7458
7462
7900
7458
7495
7619
7463
7496
7901
7461
7461
7463
7464
7499
7463
7903
7502
7904
7468
7470
7468
7472
7505
7470
7474
7473
7475
7473
7476
7477
7479
7506
7475
7476
7477
7481
7620
7477
7483
7508
7480
7482
7480
7483
7484
7486
7509
7482
7483
7484
7488
7621
7484
7512
7905
7490
7513
7906
7487
7489
7487
7490
7491
7493
7514
7489
7490
7491
7495
7622
7491
7517
7908
7497
7518
7911
7494
7496
7494
7497
7498
7500
7519
7496
7497
7498
7502
7914
7498
7522
7916
7503
7523
7918
7501
7501
7503
7504
7524
7503
8014
7920
7507
7508
7510
7512
7511
7513
7511
8013
7515
7527
7921
7513
8015
7517
7923
7516
7518
7516
7925
7520
7528
7928
7518
7930
7522
7933
7521
7523
7521
7936
7525
7529
7938
7523
8016
7939
7526
7526
7940
7942
7944
7832
7532
20109
7534
7535
20047
20126
7535
7536
7537
7539
7559
7537
20046
7541
20047
7540
20049
20112
7540
7541
7542
7544
7561
7542
7564
20048
7548
7565
20049
7545
7547
7641
20119
7545
7548
7642
7549
7551
7566
7643
7547
7548
20049
20122
7549
7553
20123
7549
7569
7554
7570
7552
7832
7552
7554
7556
7573
7554
7576
7557
7557
7558
7580
7560
7562
7563
7565
7563
7567
7587
7565
7569
7568
7570
7568
7571
7572
7574
7589
7570
7571
7572
7576
7572
7578
7592
7575
7577
7575
7578
7579
7581
7593
7577
7578
7579
7579
7596
7583
7597
7582
7582
7583
7585
7599
7602
7586
7586
7604
7588
7590
7591
7592
7591
7594
7608
7596
7595
7597
7595
7598
7600
7610
7597
7598
7602
7603
7601
7601
7603
7605
7613
7945
7603
7606
7606
7946
7607
7616
7947
7948
7609
7611
7612
7612
7614
7620
7615
7949
7615
7950
7617
7621
7951
7618
7953
7618
7955
7619
7622
7957
7960
7962
7964
7625
7627
7625
7628
7629
7627
7628
7629
7629
7632
7634
7632
7635
7636
7634
7635
7636
7636
7639
7641
7817
7639
7642
7643
7641
7642
7820
7643
7821
7643
7698
7699
7701
7667
7683
7698
7705
7706
7708
7671
7689
7705
7712
7713
7715
7675
7694
7712
7719
7720
7722
7691
7736
7737
7743
7744
7746
7701
7728
7743
7750
7751
7753
7708
7732
7750
7757
7758
7760
7715
7737
7757
7764
7765
7767
7722
7741
7764
7771
7772
7774
7744
7778
7779
7781
7751
7778
7785
7786
7788
7657
7660
7758
7759
7762
7763
7785
7787
7789
7791
7658
7661
7765
7766
7769
7770
7793
7795
7797
7815
7816
7817
7772
7792
7793
7795
7774
7799
7801
7802
7804
20087
7661
7812
7814
7816
7818
7820
20051
20060
20097
20099
20110
20111
20112
7815
7816
7818
20088
7795
7802
7815
7822
7823
7825
7804
7829
20100
7825
7829
7830
7831
20117
7666
7667
7698
7669
7700
7668
7669
7670
7671
7705
7670
7706
7673
7707
7672
7673
7674
7675
7712
7674
7713
7677
7714
7676
7677
7678
7719
7678
7720
7721
7682
7683
7698
7682
7685
7682
7701
7728
7687
7702
7729
7684
7687
7688
7689
7705
7686
7687
7688
7691
7688
7708
7732
7692
7709
7733
7690
7692
7693
7694
7712
7692
7693
7715
7737
7695
7716
7738
7695
7722
7741
7697
7701
7743
7703
7745
7700
7702
7700
7703
7704
7706
7702
7703
7704
7708
7750
7704
7751
7710
7752
7707
7709
7707
7710
7711
7713
7709
7710
7711
7715
7757
7711
7758
7717
7759
7714
7716
7714
7717
7718
7720
7716
7717
7718
7722
7764
7718
7765
7724
7766
7721
7723
7721
7724
7725
7723
7724
7725
7771
7725
7772
7773
7727
7728
7743
7730
7747
20062
20132
7729
7730
7731
7732
7750
7731
7753
20064
7734
7754
20065
7733
7734
7735
7737
7757
7735
7760
20068
7739
7761
20069
7738
7738
7739
7740
7741
7764
7740
7767
20072
7742
7768
20073
7742
7774
7799
7745
7747
7745
7748
7749
7751
7778
7747
7748
20131
20132
7749
7753
20076
7749
7781
20134
7755
7782
20077
7752
7754
7752
7755
7756
7758
7785
7754
7755
20050
7756
7760
20080
7756
7788
20081
7762
7789
20082
7759
7761
7759
7762
7763
7765
7761
7762
20051
7763
7767
20051
7763
20051
7769
20051
7766
7768
7766
7769
7770
7772
7768
7769
20052
7770
7774
20087
7770
20088
7776
20089
7773
7775
7773
7776
7777
7792
7775
7776
7777
7801
7777
7795
7802
7796
7803
7780
7782
7780
7783
7784
7786
7782
7783
20053
7784
7788
20094
7784
7807
7790
7808
7787
7789
7787
7790
7791
7789
7790
20054
7791
20097
7791
7811
7812
7794
7796
7794
7797
7798
7796
7797
7798
7822
7798
7823
7824
7800
20073
7804
20075
7803
7803
7805
20089
7806
7822
7805
20091
7806
7825
7829
20093
7826
7808
7809
20053
7810
7811
20094
7810
20095
20108
7813
20096
20109
7812
7813
20054
7814
20097
7814
20098
20125
20099
20126
7817
7819
20089
7817
7820
7821
7823
7819
7820
20061
20092
7821
7825
20093
20117
7821
20118
7827
20119
7824
7826
7824
7827
7828
7826
7827
7828
7830
7828
7831
7832
20102
7832
7832
20119
7834
8024
8032
8034
8038
8025
8032
8035
8039
7971
7972
8038
8039
8040
8041
8044
8047
8048
8049
8047
8050
8051
8055
7977
7978
8055
8056
8056
8256
7841
7983
8057
8101
8104
7984
8057
8102
8104
7988
8057
7844
8059
8060
8062
8148
8151
8061
8063
8149
8151
7846
8062
8066
8071
8073
8074
8063
8067
8072
8075
7848
8065
8071
8076
8077
8081
8065
8072
8078
8082
7995
8081
8082
8083
7851
7998
8073
8087
8090
7852
7998
8074
8088
8091
7999
8075
8089
8092
7854
8090
8091
8105
8107
8111
8092
8106
8108
8111
8111
8116
7857
8117
8124
8198
8202
8203
8117
8125
8199
8204
7859
8129
8202
8203
8205
8214
8215
8130
8204
8206
8214
8215
8118
8119
8120
8131
8136
8137
7862
8136
8152
8154
8155
8159
8137
8153
8156
8160
7890
8159
8160
8168
8169
8171
7865
8182
8183
8187
8192
8237
8184
8188
8193
8238
7867
8002
8192
8194
8196
8003
8193
8194
8197
7869
8180
8196
8198
8244
8181
8197
8199
8245
8205
8206
8209
8244
8245
8247
8185
8186
8212
8251
8219
8231
8232
8253
8248
8249
8253
8254
7893
7894
7897
7898
7876
7893
7925
7926
7940
7942
7894
7927
7941
7943
7896
7936
7937
7942
7943
7944
7949
7950
7880
7946
7949
7953
7955
7946
7949
7954
7956
7882
7900
7948
7953
7960
7900
7948
7954
7961
7905
7950
7962
7963
7885
7908
7955
7962
7964
7886
7909
7955
7962
7965
7910
7956
7963
7966
7888
7914
7916
7960
7964
7889
7914
7916
7960
7965
7915
7917
7961
7966
8152
8153
8159
8160
8218
8006
8007
8228
8252
7893
7894
7897
7940
7941
8012
7894
7895
7895
7896
7898
7942
7943
7900
7948
7901
7902
7903
7902
7904
7914
7960
7904
7915
7961
7904
8014
7906
7907
8015
7907
7908
7909
7923
7962
7910
7924
7963
7909
7911
7930
7910
7912
7931
7913
7932
7912
7916
7933
7964
7913
7916
7934
7965
7917
7935
7966
7915
7918
8014
7919
8014
7917
7918
8016
7919
8017
7919
7920
7939
7920
7939
7939
8014
7922
7923
7925
7926
7940
8013
7924
7927
7941
8013
7924
7930
7931
8015
7932
8015
7926
7928
7930
7927
7928
7931
7929
7932
7929
7933
7934
7936
7942
7935
7937
7943
7931
7933
7932
7934
7935
7934
8016
7935
8016
8017
7937
7938
8016
7938
8017
7939
7944
8016
8017
7941
8012
8013
8012
8013
7943
7946
7949
7947
7948
7953
7954
7951
7952
7951
7952
7952
7955
7962
7956
7963
7954
7957
7958
7959
7956
7957
7958
7959
7958
7960
7964
7959
7960
7965
7961
7966
7961
7963
7965
7966
7968
8018
8019
8024
8028
8018
8019
8025
8029
7970
7971
8021
8028
8031
7972
8021
8029
8031
7972
8026
8030
8027
8030
8034
8035
8042
8043
8040
8043
7976
7977
8045
8048
8054
7978
8045
8049
8054
7978
8050
8052
8051
8053
7980
8076
8087
8093
8095
7981
8077
8088
8093
8096
8078
8089
8094
8097
8083
8093
8094
8100
8101
8102
7984
7985
7986
8098
8112
7987
8099
8113
7986
8095
8107
8114
7987
8096
8107
8114
8097
8108
8115
7989
8112
8113
8114
8115
8116
7991
8129
8138
8139
8147
8148
8130
8140
8147
8149
7993
8059
8141
8154
8164
7994
8060
8142
8155
8165
8061
8143
8156
8166
8167
7997
8066
8164
8165
8168
8174
8067
8166
8169
8174
7999
8000
8172
8176
8000
8173
8177
8174
8175
8131
8216
8003
8004
8239
8241
8242
8005
8240
8243
8005
8011
8224
8226
8011
8224
8227
8007
8180
8226
8246
8252
8181
8227
8246
8252
8009
8182
8183
8185
8233
8248
8184
8186
8234
8249
8207
8208
8209
8210
8225
8228
8013
8015
8017
8019
8023
8020
8021
8028
8029
8022
8031
8024
8025
8032
8025
8026
8027
8027
8028
8038
8029
8039
8029
8031
8041
8033
8034
8035
8042
8035
8036
8037
8037
8038
8040
8043
8039
8040
8043
8039
8045
8048
8049
8046
8048
8049
8054
8048
8049
8050
8051
8049
8050
8051
8051
8055
8055
8053
8054
8056
8256
8054
8056
8256
8255
8058
8112
8113
8104
8060
8144
8161
8061
8145
8162
8146
8163
8063
8064
8161
8162
8064
8163
8065
8071
8072
8151
8167
8067
8161
8162
8172
8163
8173
8069
8071
8073
8076
8087
8070
8071
8074
8077
8088
8072
8075
8078
8089
8072
8074
8172
8075
8172
8173
8077
8079
8078
8079
8080
8080
8081
8083
8093
8082
8083
8094
8082
8167
8167
8085
8087
8090
8095
8107
8086
8088
8091
8096
8107
8089
8092
8097
8108
8088
8089
8091
8176
8092
8176
8177
8094
8098
8099
8096
8098
8097
8098
8099
8099
8101
8102
8103
8102
8103
8103
8104
8106
8111
8176
8178
8179
8111
8177
8178
8179
8108
8109
8110
8110
8111
8114
8116
8111
8115
8116
8179
8113
8114
8115
8115
8121
8195
8121
8120
8121
8122
8134
8121
8123
8135
8124
8125
8123
8124
8138
8139
8141
8142
8125
8140
8143
8125
8126
8127
8128
8127
8129
8138
8202
8128
8129
8139
8203
8130
8140
8204
8130
8214
8214
8132
8133
8133
8136
8152
8216
8137
8153
8216
8135
8136
8141
8142
8154
8155
8137
8143
8156
8137
8139
8144
8140
8145
8146
8142
8144
8143
8145
8146
8145
8148
8146
8148
8149
8150
8214
8149
8150
8150
8151
8153
8217
8217
8155
8157
8156
8157
8158
8158
8159
8164
8165
8168
8160
8166
8169
8160
8162
8164
8163
8165
8166
8165
8166
8169
8170
8170
8171
8174
8173
8174
8174
8176
8177
8178
8177
8179
8181
8241
8242
8244
8246
8243
8245
8246
8183
8185
8189
8235
8237
8184
8185
8189
8235
8237
8186
8190
8236
8238
8186
8189
8250
8190
8250
8188
8189
8191
8211
8190
8191
8211
8190
8212
8212
8192
8193
8194
8213
8193
8239
8240
8195
8196
8197
8198
8199
8197
8241
8242
8243
8199
8200
8201
8201
8202
8203
8205
8244
8204
8206
8245
8203
8204
8206
8207
8208
8208
8209
8210
8215
8209
8210
8215
8215
8212
8213
8215
8217
8218
8221
8231
8232
8221
8222
8229
8230
8231
8232
8233
8234
8223
8235
8236
8224
8237
8238
8225
8239
8240
8227
8228
8241
8242
8228
8243
8230
8231
8233
8248
8253
8232
8234
8249
8253
8232
8234
8235
8236
8236
8237
8238
8238
8239
8240
8240
8242
8243
8245
8246
8246
8247
8252
8249
8250
8250
8251
8254
8256
8846
8847
8849
15505
8835
8846
8853
8854
8856
8839
8853
8860
8861
8863
8847
8870
8875
8876
8878
8262
8264
8279
8854
8855
8858
8859
8875
8877
8879
8881
8265
8280
8861
8862
8865
8866
8876
8882
8887
8888
8890
8265
8267
8284
8887
8889
8891
8893
8268
8285
8888
8894
8898
8899
8901
8268
8270
8288
8898
8900
8902
8904
8912
8915
8916
8271
8289
8899
8905
8906
8908
8905
8912
8913
8915
8292
8912
8914
8916
8918
8849
8920
8941
8946
8947
8949
8856
8925
8946
8953
8954
8956
8863
8931
8953
8960
8961
8963
8867
8937
8960
8967
8968
8970
8869
8967
8974
8976
8977
8979
15506
8878
8947
8976
8983
8984
8986
8280
8284
8307
8954
8955
8958
8959
8983
8985
8987
8989
8281
8285
8308
8961
8962
8965
8966
8991
8993
8995
8968
8990
8991
8993
8884
8977
8997
8998
9000
15507
8890
8984
8997
9004
9005
9007
8285
8288
8313
9004
9006
9008
9010
8286
8289
8314
8315
8991
8992
8995
8996
8901
9005
9011
9016
9017
9019
8289
8291
8319
9016
9018
9020
9022
9032
9035
9036
8292
8320
8908
9017
9023
9025
9026
9028
8915
9025
9032
9033
9035
8294
8325
9032
9034
9036
9038
9033
9039
9044
9045
9047
20158
8330
9044
9046
9048
9050
9209
9210
9211
20139
20164
20167
20168
9058
9059
9061
8927
9058
9065
9066
9068
8933
9065
9072
9073
9075
9072
9079
9081
9087
9088
9090
8949
9059
9087
9094
9095
9097
8956
9066
9094
9101
9102
9104
8963
9073
9101
9108
9109
9111
8970
9079
9108
9115
9116
9118
8974
9085
9115
9122
9123
9125
8979
9088
9131
9132
9134
15508
8986
9095
9131
9138
9139
9141
8308
8313
8347
9102
9103
9106
9107
9138
9140
9142
9144
8309
8314
8348
9109
9110
9113
9114
8310
8315
8349
8993
8994
8995
8996
9116
9117
9120
9121
9146
9148
9150
9123
9145
9146
9148
9000
9132
9154
9155
9157
15502
8313
8318
8353
9007
9008
9009
9010
9139
9140
9143
9144
9154
9156
9158
9160
9169
9172
9173
8314
8319
8354
8315
8320
8355
8316
8321
8356
8322
8357
9146
9147
9150
9151
9013
9155
9162
9163
9165
15510
9019
9162
9169
9170
9172
8320
8324
8361
9169
9171
9173
9175
9188
9191
9192
8321
8325
8362
8322
8326
8363
8327
8364
9028
9170
9176
9181
9182
9184
9035
9181
9188
9189
9191
8326
8330
8368
9188
9190
9192
9194
9209
9212
9213
8327
8331
8369
8332
8370
9041
9182
9196
9198
15513
9047
9189
9196
9202
9203
9205
9202
9209
9210
9212
8332
8374
9209
9211
9213
9215
8375
9051
9203
9217
9218
9220
15516
9061
9252
9258
9259
9261
9068
9238
9258
9265
9266
9268
9075
9244
9265
9272
9273
9275
9081
9250
9272
9279
9280
9282
9090
9253
9294
9295
9297
15519
9097
9259
9294
9301
9302
9304
8341
8347
8396
9104
9105
9106
9107
9266
9267
9270
9271
9301
9303
9305
9307
8342
8348
8397
9111
9112
9113
9114
9273
9274
9277
9278
9309
9311
9313
9118
9280
9308
9309
9311
9125
9286
9308
9315
9316
9318
9315
9322
9323
9134
9295
9325
9331
9332
9334
8347
8353
8403
9141
9142
9143
9144
9302
9303
9306
9307
9331
9333
9335
9337
8348
8354
8404
8349
8355
8405
8350
8356
8406
9309
9310
9313
9314
8351
8357
8407
9148
9149
9150
9151
9316
9317
9320
9321
9339
9341
9343
9569
9570
9571
9322
9338
9339
9341
9157
9332
9345
9351
9352
9354
8354
8360
8411
9351
9353
9355
9357
8355
8361
8412
8356
8362
8413
8357
8363
8414
8358
8364
8415
8416
9339
9340
9343
9344
9599
9600
9601
20142
9165
9352
9358
9363
9364
9366
8361
8366
8419
9172
9173
9174
9175
9363
9365
9367
9369
9379
9382
9383
8362
8367
8420
8363
8368
8421
8364
8369
8422
8370
8423
20142
9178
9364
9372
9373
9375
15521
9184
9372
9379
9380
9382
8368
8372
8428
9191
9192
9193
9194
9379
9381
9383
9385
9397
9400
9401
8369
8373
8429
8370
8374
8430
8375
8431
20143
9198
9380
9386
9390
9391
9393
9205
9390
9397
9398
9400
8374
8377
8436
9212
9213
9214
9215
9397
9399
9401
9403
9415
9418
9419
8375
8378
8437
8379
8438
20144
9220
9398
9404
9408
9409
9411
9224
9408
9415
9416
9418
8379
8381
8443
9415
9417
9419
9421
9433
9436
9437
8382
8444
20145
9230
9416
9422
9426
9427
9429
9426
9433
9434
9436
8384
8449
9433
9435
9437
9439
20146
9434
9440
9444
9445
9447
8385
8453
9444
9446
9448
9450
9456
9457
9709
9710
9711
20178
9451
9455
9456
20178
9240
9463
9470
9471
9473
9246
9470
9477
9478
9480
9490
9491
9493
9261
9464
9490
9497
9498
9500
9268
9471
9497
9504
9505
9507
9275
9478
9504
9511
9512
9514
9282
9484
9511
9518
9519
9521
9288
9518
9525
9527
9297
9491
9530
9537
9538
9540
8396
8403
8472
9304
9305
9306
9307
9498
9499
9502
9503
9537
9539
9541
9543
8397
8404
8473
9505
9506
9509
9510
8398
8405
8474
9512
9513
9516
9517
8399
8406
8475
9311
9312
9313
9314
9519
9520
9523
9524
9545
9547
9549
9318
9525
9544
9545
9547
9323
9544
9551
9552
15524
9327
9531
9555
9556
9558
15526
9334
9538
9555
9562
9563
9565
8404
8411
8480
9562
9564
9566
9568
8405
8412
8481
8406
8413
8482
8407
8414
8483
9570
9572
9574
9545
9569
9570
9572
9341
9551
9569
9576
9577
9579
9347
9556
9585
9586
9588
15529
9354
9563
9585
9592
9593
9595
8412
8419
8489
9592
9594
9596
9598
8413
8420
8490
8414
8421
8491
8415
8422
8492
8416
8423
8493
9570
9571
9574
9575
9600
9602
9604
9577
9599
9600
9602
9360
9586
9608
9609
9611
15532
9366
9593
9608
9615
9616
9618
8420
8427
8496
9615
9617
9619
9621
8421
8428
8497
8422
8429
8498
8423
8430
8499
8424
8431
8500
8432
8501
9600
9601
9604
9605
9871
9872
9873
20142
9609
9623
9625
15535
9375
9616
9623
9629
9630
9632
8428
8434
8503
9382
9383
9384
9385
9629
9631
9633
9635
9647
9650
9651
8429
8435
8504
8430
8436
8505
8431
8437
8506
8432
8438
8507
8439
8508
20143
9387
9630
9636
9640
9641
9643
9393
9640
9647
9648
9650
8436
8441
8511
9400
9401
9402
9403
9647
9649
9651
9653
9665
9668
9669
8437
8442
8512
9672
9675
9676
8438
8443
8513
8439
8444
8514
8445
8515
20144
9405
9648
9654
9658
9659
9661
9411
9658
9665
9666
9668
9418
9665
9672
9673
9675
8444
8448
8520
9672
9674
9676
9678
8445
8449
8521
8450
8522
20145
9423
9666
9679
9682
9684
15538
9429
9673
9682
9688
9689
9691
8449
8452
8526
9436
9437
9438
9439
9688
9690
9692
9694
9702
9705
9706
8450
8453
8527
9709
9712
9713
8454
8528
20146
9441
9689
9696
9698
15541
9447
9696
9702
9703
9705
9702
9709
9710
9712
8457
8533
9709
9711
9713
9715
9729
9732
9733
9452
9703
9717
9719
15544
9456
9710
9717
9722
9723
9725
9722
9729
9730
9732
9723
9736
9737
15547
9730
9736
9740
9741
9743
9466
9758
9759
9761
9473
9749
9758
9765
9766
9768
9480
9753
9765
9772
9773
9775
9486
9772
9779
9781
9493
9785
9786
9788
9500
9759
9785
9792
9793
9795
8467
8473
8546
9507
9508
9509
9510
9766
9767
9770
9771
9792
9794
9796
9798
8468
8474
8547
9514
9515
9516
9517
9773
9774
9777
9778
9800
9802
9804
9521
9779
9799
9800
9802
9527
9799
9806
9808
15550
9533
9811
9812
12036
15551
9540
9786
9811
9814
9815
9817
8473
8480
8551
9793
9794
9797
9798
9814
9816
9818
9820
8474
8481
8552
8475
8482
8553
8476
8483
8554
9800
9801
9804
9805
9822
9824
9826
10052
10053
10054
9547
9806
9821
9822
9824
9552
9821
9828
15553
9558
9812
9830
9832
9833
12043
8480
8488
9565
9566
9567
9568
9815
9816
9819
9820
9832
9834
10838
12044
12046
8481
8489
8556
8482
8490
8557
8483
8491
8558
8484
8492
8559
9836
9838
9840
9572
9822
9835
9836
9838
9579
9828
9835
9842
9843
9845
9851
9852
12047
15555
9588
9833
9851
9854
9855
12051
8489
9595
9596
9597
9598
9854
9856
10826
10841
12052
12054
8490
8496
8562
8491
8497
8563
8492
8498
8564
8493
8499
8565
8494
8500
8566
9836
9837
9840
9841
9858
9860
9862
10081
10082
10083
9602
9843
9857
9858
9860
9849
9857
9864
9865
9867
8497
8503
8569
10826
8498
8504
8570
8499
8505
8571
8500
8506
8572
8501
8507
8573
9872
9874
9876
9858
9871
9872
9874
9865
9871
9878
9879
9881
8504
8510
8577
12087
12089
12091
12093
8505
8511
8578
8506
8512
8579
8507
8513
8580
8508
8514
8581
8509
8515
8582
9872
9873
9876
9877
9888
9890
9892
9879
9887
9888
9890
8511
8517
8585
9650
9651
9652
9653
9896
9899
9900
12107
12109
12111
12113
8512
8518
8586
9903
9906
9907
8513
8519
8587
8514
8520
8588
8515
8521
8589
8516
8522
8590
8591
9888
9889
9892
9893
20147
9661
9896
9897
9899
12123
9668
9896
9903
9904
9906
8520
8525
8594
9675
9676
9677
9678
9903
9905
9907
9909
9924
9927
9928
8521
8526
8595
8522
8527
8596
8528
8597
20147
9680
9897
9910
9911
9913
12133
9684
9904
9910
9917
9918
9920
9691
9917
9924
9925
9927
8527
8531
8600
9924
9926
9928
9930
9947
9950
9951
8528
8532
8601
8533
8602
20148
9918
9934
9936
15558
9698
9925
9934
9940
9941
9943
9705
9940
9947
9948
9950
8533
8536
8605
9712
9713
9714
9715
9947
9949
9951
9953
9966
9969
9970
8537
8606
9973
9976
9977
20149
9941
9955
9956
15561
9719
9948
9955
9959
9960
9962
9725
9959
9966
9967
9969
9732
9966
9973
9974
9976
9737
9967
9980
9983
9985
15564
9743
9974
9983
9989
9990
9992
9761
10003
10009
10010
10012
8542
8546
8616
9768
9769
9770
9771
9999
10000
10001
10002
10009
10011
10013
10015
10017
10019
10021
9775
10016
10017
10019
9781
10016
10023
9788
10004
10027
10028
10030
12139
9795
10010
10027
10034
10035
10037
8547
8552
8619
10034
10036
10038
10040
8548
8553
8620
10017
10018
10021
10022
10042
10044
10046
10236
10237
10238
9802
10023
10041
10042
10044
9808
10041
10048
10050
15567
8551
9817
9818
9819
9820
10028
10029
10032
10033
10838
10870
12151
12153
12155
12157
8552
8556
8622
10035
10036
10039
10040
8553
8557
8623
8554
8558
8624
10053
10055
10057
10042
10052
10053
10055
9824
10048
10052
10059
10060
10062
8557
8562
8627
10838
8558
8563
8628
8559
8564
8629
8560
8565
8630
10053
10054
10057
10058
10069
10071
10073
10265
10266
10267
9838
10060
10068
10069
10071
9845
10066
10068
10075
10076
10078
8563
8569
8633
10841
8564
8570
8634
8565
8571
8635
8566
8572
8636
10082
10084
10086
10069
10081
10082
10084
9860
10076
10081
10088
10089
10091
9867
10088
10095
10097
15568
8570
8577
8640
10844
8571
8578
8641
8572
8579
8642
8573
8580
8643
8574
8581
8644
10082
10083
10086
10087
10101
10103
10105
9874
10089
10100
10101
10103
9881
10095
10100
10107
10108
10110
9885
10107
10114
10115
10117
15570
8578
8585
8648
10847
8579
8586
8649
8580
8587
8650
8581
8588
8651
8582
8589
8652
8583
8590
8653
10101
10102
10105
10106
10122
10124
10126
9890
10108
10121
10122
10124
9894
10115
10121
10128
10129
10131
8586
8657
10851
10855
8587
8593
8658
8588
8594
8659
8589
8595
8660
8590
8596
8661
8591
8597
8662
8592
8663
10122
10123
10126
10127
20152
8664
10129
10130
10133
10134
10137
10138
10330
10331
10332
20151
20153
20183
8594
8598
8666
9906
9907
9908
9909
10139
10142
10143
10855
8595
8599
8667
8596
8600
8668
8597
8601
8669
8602
8670
20152
9920
10139
10140
10142
12298
8600
8603
8675
9927
9928
9929
9930
10139
10141
10143
10145
10150
10153
10154
8601
8604
8676
8602
8605
8677
8606
8678
20154
9943
10146
10150
10151
10153
8605
8608
8682
9950
9951
9952
9953
10150
10152
10154
10156
10168
10171
10172
8606
8609
8683
10175
10178
10179
8610
8684
20156
9956
10151
10157
10161
10162
10164
9962
10161
10168
10169
10171
9969
10168
10175
10176
10178
8613
8690
9976
9977
9978
9979
10175
10177
10179
10181
10200
10203
10204
9981
10169
10183
10187
10189
15572
9985
10176
10187
10193
10194
10196
9992
10193
10200
10201
10203
9997
10201
10207
10210
10211
15575
10012
10213
10214
10216
12356
15578
8617
8619
10213
10215
10217
10219
10221
10223
10225
10917
12628
12629
12630
10019
10220
10221
10223
10037
10214
10229
10230
10232
12371
8620
8623
10229
10231
10233
10235
10237
10239
10241
10922
10221
10236
10237
10239
10044
10227
10236
10243
10244
10246
8623
8627
10230
10231
10234
10235
10870
10927
8624
8628
10928
8625
8629
10237
10238
10241
10242
10253
10255
10257
10929
10055
10244
10252
10253
10255
10062
10250
10252
10259
10260
10262
8628
8633
10873
10933
8629
8634
10934
8630
8635
10266
10268
10270
10935
10253
10265
10266
10268
10071
10260
10265
10272
10273
10275
10078
10272
10279
10281
15580
8634
8640
10877
10940
8635
8641
10941
8636
8642
10942
8637
8643
8710
10266
10267
10270
10271
10285
10287
10289
10084
10273
10284
10285
10287
10091
10279
10284
10291
10292
10294
10097
10291
10298
10300
15583
8641
8648
10881
10947
8642
8649
10948
8643
8650
10949
8644
8651
8714
8645
8652
8715
10285
10286
10289
10290
8646
8653
8716
10103
10104
10105
10106
10292
10293
10296
10297
10304
10306
10308
10110
10298
10303
10304
10306
10117
10303
10310
10312
15586
8649
8657
10885
10955
8650
8658
10956
8651
8659
10957
8652
8660
8719
8653
8661
8720
8654
8662
8721
8655
8663
8722
10124
10125
10126
10127
10304
10305
10308
10309
10317
10319
10321
10131
10310
10316
10317
10319
10135
10315
10316
10323
10324
10326
8658
10889
10894
10963
8659
8666
10964
8660
8667
10965
8661
8668
8725
8662
8669
8726
8663
8670
8727
8664
8671
8728
10331
10333
10335
10317
10330
10331
10333
10137
10324
10330
10337
10338
10340
8667
8674
10894
10972
8668
8675
10973
8669
8676
8732
8670
8677
8733
8671
8678
8734
8672
8679
8735
20152
8673
8680
8736
10331
10332
10335
10336
20153
8737
10338
10339
10342
10343
10504
10505
10506
8675
10142
10143
10144
10145
10344
10899
10905
10980
12535
12536
8676
8681
10981
8677
8682
8739
8678
8683
8740
8679
8684
8741
8680
8685
8742
20154
8686
8743
20155
8682
8687
10153
10154
10155
10156
10344
10345
10348
10351
10352
10989
12536
12538
8683
8688
8746
10355
10358
10359
8684
8689
8747
8685
8690
8748
8686
8691
8749
20156
8692
8750
20157
10164
10346
10348
10349
10351
10171
10348
10355
10356
10358
8690
8695
8754
10178
10179
10180
10181
10355
10357
10359
10361
10378
10381
10382
8691
8696
8755
10385
10388
10389
8692
8697
8756
10392
10395
10396
8698
8757
10399
10402
10403
10184
10349
10362
10364
10365
10367
10189
10356
10364
10371
10372
10374
10196
10371
10378
10379
10381
10203
10378
10385
10386
10388
10385
10392
10393
10395
10392
10399
10400
10402
10372
10408
10409
15589
10208
10379
10408
10411
10412
15592
10211
10386
10411
10415
10416
15595
10393
10415
10420
10421
10400
10420
10424
10425
10246
10427
10429
12662
10255
10427
10432
10433
10435
10929
10262
10432
10439
10441
15597
8708
8710
10268
10269
10270
10271
10433
10434
10437
10438
10445
10447
10449
10935
11029
13015
13016
13017
10275
10439
10444
10445
10447
10281
10444
10451
10453
15599
8711
8714
10942
11037
8712
8715
8773
10287
10288
10289
10290
10445
10446
10449
10450
10457
10459
10461
10611
10612
10613
10294
10451
10456
10457
10459
10300
10456
10463
10465
15602
8715
8719
10949
11046
8716
8720
11047
8717
8721
8776
10457
10458
10461
10462
8718
8722
8777
10306
10307
10308
10309
10463
10464
10466
10467
10468
10470
10471
10312
10468
10470
15605
8720
8725
10957
11056
8721
8726
11057
8722
8727
8779
8723
8728
8780
10474
10476
10478
10319
10468
10473
10474
10476
10326
10473
10480
10482
15608
8726
8732
10965
11066
8727
8733
11067
8728
8734
8783
8729
8735
8784
10486
10488
10490
10333
10474
10485
10486
10488
10340
10480
10485
10492
10493
10495
10492
10499
10501
8733
8739
10973
11076
8734
8740
11077
8735
8741
8787
8736
8742
8788
8737
8743
8789
10486
10487
10490
10491
10505
10507
10509
10493
10504
10505
10507
10499
10504
10511
10512
10514
8740
8746
10981
11086
8741
8747
11087
8742
8748
8792
8743
8749
8793
8744
8750
8794
8745
8751
8795
10505
10506
10509
10510
10519
10521
10523
10670
10671
10672
10512
10518
10519
10521
8747
8753
10989
11096
8748
8754
11097
8749
8755
8797
8750
8756
8798
8751
8757
8799
8752
8758
8800
10526
10528
10530
10532
10535
10536
10684
10685
10686
10519
10525
10526
10528
8754
8760
10358
10359
10360
10361
10545
10548
10549
10996
11106
8755
8761
10552
10555
10556
11107
8756
8762
8802
10817
10820
10821
8757
8763
8803
10559
10562
10563
8758
8764
8804
10533
10535
10537
10566
10569
10570
10696
10697
10698
10532
10533
10535
10526
10532
10539
10540
10542
10374
10545
10546
10548
12872
10381
10545
10552
10553
10555
10388
10552
10817
10818
10820
10395
10559
10560
10562
10817
10402
10559
10566
10567
10569
10533
10566
10573
10574
10575
10540
10573
10409
10546
10578
10579
10581
12903
10412
10553
10578
10585
10586
10588
10416
10585
10592
10593
10595
10818
10421
10560
10592
10599
10600
10601
10425
10567
10599
10603
10447
10604
10605
12998
13015
13022
10605
10611
10612
11037
13038
10459
10607
10611
10614
10615
10617
10465
10614
10621
10623
15609
8777
8779
10615
10616
10619
10620
11047
11167
8778
8780
10621
10622
10624
10625
10626
10628
10629
11168
13392
13393
13394
10470
10626
10628
15612
8780
8783
11057
11180
8781
8784
10632
10634
10636
11181
10476
10626
10631
10632
10634
10482
10631
10638
10640
15615
8784
8787
11067
11193
8785
8788
8813
10643
10645
10647
10488
10632
10642
10643
10645
10495
10638
10642
10649
10650
10652
8788
8792
11077
11204
8789
8793
8816
8790
8794
8817
10643
10644
10647
10648
10659
10661
10663
10753
10754
10755
10507
10650
10658
10659
10661
10514
10656
10658
10665
10666
10668
8793
8797
11087
11215
8794
8798
8819
8795
8799
8820
10671
10673
10675
10659
10670
10671
10673
10521
10666
10670
10677
10678
10680
8798
8802
11097
11226
8799
8803
8823
8800
8804
8824
10685
10687
10689
10696
10699
10700
10776
10777
10778
10671
10684
10685
10687
10528
10678
10684
10691
10692
10694
8803
8807
10710
10713
10714
11107
11237
8804
8808
8827
10697
10699
10701
10717
10720
10721
10790
10791
10792
10696
10697
10699
10535
10685
10696
10703
10704
10706
10542
10692
10703
10710
10711
10713
10820
15495
10562
10710
10717
10718
10720
10569
10697
10717
10724
10725
10727
10575
10704
10724
10730
10595
10711
10731
10732
10734
13235
10601
10718
10731
10737
10738
15617
8814
8816
10741
10743
10745
11181
11193
11325
10645
10740
10741
10743
13416
10652
10740
10747
10748
10750
13422
8817
8819
10754
10756
10758
11204
11340
10741
10753
10754
10756
10661
10748
10753
10760
10761
10763
8820
8823
11215
11355
8821
8824
10754
10755
10758
10759
10769
10771
10773
10776
10779
10780
11356
13790
13791
13792
10673
10761
10768
10769
10771
10680
10767
10768
10775
8824
8827
10777
10779
10781
10790
10793
10794
11226
11369
10776
10777
10779
10687
10769
10776
10783
10784
10786
10694
10775
10783
10790
10791
10793
11237
10699
10777
10790
10797
10798
10800
10706
10784
10797
10804
10805
10806
10720
10791
10807
10808
10810
13513
10727
10798
10807
10814
10815
10816
10738
10808
13549
15618
8834
8835
8846
16050
8837
8850
8921
16051
8836
8837
16046
8838
8839
8853
16048
8838
8856
8925
16054
8841
8857
8926
16056
8840
8841
15945
8842
8860
8842
8863
8931
16058
8843
8864
8932
8867
8937
8845
8847
8870
8851
8872
8942
16059
8848
8850
8848
8851
8852
8854
8875
8850
8851
16053
8852
8856
8946
8852
8878
8947
8858
8879
8948
8855
8857
8855
8858
8859
8861
8857
8858
8859
8863
8953
8859
8954
8865
8955
8862
8864
8862
8865
8866
8864
8865
8866
8867
8960
8866
8961
8962
8868
8869
8967
8871
8872
8874
8876
8882
8874
8878
8976
16060
8874
8884
8977
8880
8885
8978
8877
8879
8877
8880
8881
8887
8879
8880
8881
8983
8881
8890
8984
8891
8985
8883
8885
8886
8888
8894
8885
8886
8890
8997
8892
8896
8999
16061
8889
8891
8889
8892
8893
8898
8891
8892
8893
9004
8893
8901
9005
8902
9006
8895
8896
8897
8899
8897
8901
9011
16063
8903
9012
15620
8900
8902
8900
8903
8904
8905
8902
8903
8904
9016
8904
8908
9017
8909
9018
8907
8909
8907
8910
8911
8913
8909
8910
16065
8911
8915
9025
8911
9026
16068
8917
8919
9027
8914
8916
8914
8917
8918
8916
8917
8918
9032
8918
9033
20158
9034
20159
9039
16071
20158
8921
8923
15946
8924
8925
8946
16081
8924
8927
9058
8924
8949
9059
16079
8929
8950
9060
8926
8929
15947
8930
8931
8953
16445
8928
8929
8930
8933
9065
8930
8956
9066
8935
8957
9067
8932
8935
15948
8936
8937
8960
8934
8935
8936
9072
8936
8963
9073
8939
8964
9074
8938
8939
8940
8967
8940
8970
9079
8971
9080
8942
8943
16077
8945
8947
8976
16083
8945
8949
9087
16080
8945
8979
9088
16082
8951
8980
9089
8948
8950
8948
8951
8952
8954
8983
8950
8951
8952
8956
9094
8952
8986
9095
8958
8987
9096
8955
8957
8955
8958
8959
8961
8957
8958
8959
8963
9101
8959
9102
8965
9103
8962
8964
8962
8965
8966
8968
8964
8965
8966
8970
9108
8966
9109
8972
9110
8969
8971
8969
8972
8973
8990
8971
8972
8973
8974
9115
8973
8993
9116
8994
9117
8975
9122
8978
8980
8978
8981
16085
8982
8984
8997
8980
8981
16086
8982
8986
9131
8982
9000
9132
16088
8988
9001
9133
8985
8987
8985
8988
8989
9004
8987
8988
8989
9138
8989
9007
9139
9008
9140
8992
8994
8992
8995
8996
8994
8995
8996
8996
8999
9001
8999
9002
16062
9003
9005
9011
9001
9002
16090
9003
9007
9154
9003
9013
9155
16092
9009
9014
9156
9006
9008
9006
9009
9010
9016
9008
9009
9010
9010
9019
9020
9012
9014
15949
9015
9017
9023
16094
9014
15623
9015
9019
9162
9021
9024
9164
16097
9018
9020
9018
9021
9022
9025
9020
9021
9022
9169
9022
9028
9170
9029
9171
9024
15625
9028
9176
15628
9027
9029
9027
9030
16100
9031
9033
9039
9029
9030
9031
9035
9181
9031
9041
9182
16103
9037
9042
9183
9034
9036
9034
9037
9038
9044
9036
9037
9038
9188
9038
9047
9189
9048
9190
9040
9042
15951
9043
9045
16074
9042
15631
9043
9047
9196
9049
9197
15634
9046
9048
20159
9046
9049
20138
9050
20160
9048
9049
9050
9202
9050
9051
9203
9204
20162
15637
20138
20162
9053
9068
9238
9054
9069
9239
9055
9075
9244
9076
9245
9057
9059
9087
9063
9091
9254
9060
9062
9060
9063
9064
9066
9094
9062
9063
9064
9068
9258
9064
9097
9259
9070
9098
9260
9067
9069
9067
9070
9071
9073
9101
9069
9070
9071
9075
9265
9071
9104
9266
9077
9105
9267
9074
9076
9074
9077
9078
9079
9108
9076
9077
9078
9081
9272
9078
9111
9273
9083
9112
9274
9080
9083
9084
9085
9115
9082
9083
9084
9279
9084
9118
9280
9086
9119
9281
9086
9125
9286
9089
9091
9089
9092
16109
9093
9095
9131
9091
9092
16110
9093
9097
9294
9093
9134
9295
16111
9099
9135
9296
9096
9098
9096
9099
9100
9102
9138
9098
9099
9100
9104
9301
9100
9141
9302
9106
9142
9303
9103
9105
9103
9106
9107
9109
9105
9106
9107
9111
9107
9113
9110
9112
9110
9113
9114
9116
9112
9113
9114
9118
9114
9120
9117
9119
9117
9120
9121
9123
9119
9120
9121
9125
9308
9121
9309
9127
9310
9124
9126
9124
9127
9128
9145
9126
9127
9128
9315
9128
9148
9316
9149
9317
9130
9134
9325
16112
9136
9152
9326
16114
9133
9135
9133
9136
16117
9137
9139
9154
9135
9136
9137
9141
9331
9137
9157
9332
9143
9158
9333
9140
9142
9140
9143
9144
9142
9143
9144
9144
9147
9149
9147
9150
9151
9149
9150
9151
9151
9153
9157
9345
16126
9159
9161
9346
16120
9156
9158
9156
9159
16123
9160
9162
9158
9159
9160
9351
9160
9165
9352
9166
9353
9165
9358
15640
9164
9166
9164
9167
15954
9168
9170
9176
9166
9167
9168
9172
9363
9168
9178
9364
16129
9174
9179
9365
9171
9173
9171
9174
9175
9181
9173
9174
9175
9175
9184
9185
9177
9179
15957
9180
9182
16106
9179
16132
9180
9184
9372
9186
9195
9374
16135
9183
9185
9183
9186
9187
9189
9196
9185
9186
9187
9191
9379
9187
9198
9380
9193
9199
9381
9190
9192
9190
9193
9194
9202
9192
9193
9194
9194
9205
9206
9198
9386
15643
9197
9199
9201
9203
15646
9199
9200
9201
9205
9390
9201
9391
15649
9207
9216
9392
9204
9206
9204
9207
9208
9210
9217
9206
9207
9208
9212
9397
9208
9220
9398
9214
9221
9399
9211
9213
9211
9214
20140
9215
20174
9213
9214
9215
9215
9224
9225
9220
9404
16141
9219
9221
20140
20162
9219
9222
16138
9223
9228
20163
20175
9221
9222
9223
9224
9408
9223
9409
16144
9226
9229
9410
9225
9226
20140
9227
9415
20174
9227
9230
9416
20175
9231
9417
20176
9229
15960
20141
20171
9230
9422
15652
9231
9232
20141
9233
9426
20177
9233
9427
15655
9234
9428
9440
15658
9237
9238
9258
9237
9261
9464
9242
9262
9465
9239
9242
9243
9244
9265
9241
9242
9243
9246
9470
9243
9268
9471
9248
9269
9472
9245
9248
9249
9250
9272
9247
9248
9249
9477
9249
9275
9478
9251
9276
9479
9251
9282
9484
9254
9255
9254
9256
15963
9257
9259
9294
9257
9261
9490
9257
9297
9491
16147
9263
9298
9492
9260
9262
9260
9263
9264
9266
9301
9262
9263
9264
9268
9497
9264
9304
9498
9270
9305
9499
9267
9269
9267
9270
9271
9273
9269
9270
9271
9275
9504
9271
9505
9277
9506
9274
9276
9274
9277
9278
9280
9276
9277
9278
9282
9511
9278
9512
9284
9513
9281
9283
9281
9284
9285
9286
9308
9283
9284
9285
9288
9518
9285
9311
9519
9289
9312
9520
9287
9289
9290
9315
9289
9290
9318
9525
9319
9526
16148
9293
9295
9325
16150
9293
9297
9530
16152
9299
9328
9532
16154
9296
9298
9296
9299
9300
9302
9331
9298
9299
9300
9304
9537
9300
9334
9538
9306
9335
9539
9303
9305
9303
9306
9307
9305
9306
9307
9307
9310
9312
9310
9313
9314
9316
9312
9313
9314
9318
9314
9320
9317
9319
9317
9320
9321
9322
9319
9320
9321
9323
9544
9321
9545
9324
9546
9324
9324
16149
9341
9551
15661
9326
9328
15964
9330
9332
9345
16166
9328
9329
16160
9330
9334
9555
9330
9347
9556
16163
9336
9348
9557
9333
9335
9333
9336
9337
9351
9335
9336
9337
9562
9337
9354
9563
9355
9564
9340
9342
9340
9343
9344
9342
9343
9344
9576
16157
9344
9577
9578
9346
9348
15967
9350
9352
9358
16175
9348
9349
16169
9350
9354
9585
9350
9360
9586
16172
9356
9361
9587
9353
9355
9353
9356
9357
9363
9355
9356
9357
9592
9357
9366
9593
9367
9594
9359
9361
15970
9362
9364
15663
9361
15666
9362
9366
9608
9368
9370
9610
16178
9365
9367
9365
9368
9369
9372
9367
9368
9369
9615
9369
9375
9616
9376
9617
9371
9375
9623
16187
9377
9624
16181
9374
9376
9374
9377
16184
9378
9380
9386
9376
9377
9378
9382
9629
9378
9387
9630
9384
9388
9631
9381
9383
9381
9384
9385
9390
9383
9384
9385
9385
9393
9394
9388
15669
9388
16190
9389
9393
9640
9395
9642
15672
9392
9394
9392
9395
15973
9396
9398
9404
9394
9395
9396
9400
9647
9396
9405
9648
9402
9406
9649
9399
9401
9399
9402
9403
9408
9401
9402
9403
9403
9411
9412
9406
15675
9406
15678
9407
9411
9658
9413
9660
15681
9410
9412
9410
9413
15976
9414
9416
9422
9412
9413
9414
9418
9665
9414
9423
9666
9420
9424
9667
9417
9419
9417
9420
9421
9426
9419
9420
9421
9672
9421
9429
9673
9430
9674
9424
15979
9424
15684
9425
9429
9682
9431
9683
16202
9428
9430
9428
9431
15982
9432
9434
9440
9430
9431
9432
9436
9688
9432
9441
9689
9438
9442
9690
9435
9437
9435
9438
9439
9444
9437
9438
9439
9439
9447
9448
9442
15687
9442
15985
9443
9447
9696
9449
9697
16205
9446
9448
9446
9449
15988
9450
9451
9448
9449
9450
9702
9450
9452
9703
9453
9704
9453
15690
9453
15693
9454
9456
9717
9458
9718
16208
9458
15991
20179
9457
9458
9459
9722
20178
9459
9723
15696
9460
9724
20179
9736
15699
20180
9462
9464
9490
9468
9494
9755
9465
9467
9465
9468
9469
9471
9497
9467
9468
9469
9473
9758
9469
9500
9759
9475
9501
9760
9472
9474
9472
9475
9476
9478
9504
9474
9475
9476
9480
9765
9476
9507
9766
9482
9508
9767
9479
9481
9479
9482
9483
9484
9511
9481
9482
9483
9486
9772
9483
9514
9773
9487
9515
9774
9485
9487
9488
9518
9487
9488
9521
9779
9522
9780
9495
9534
9784
16214
9492
9494
9492
9495
16211
9496
9498
9537
9494
9495
9496
9500
9785
9496
9540
9786
9502
9541
9787
9499
9501
9499
9502
9503
9505
9501
9502
9503
9507
9792
9503
9793
9509
9794
9506
9508
9506
9509
9510
9512
9508
9509
9510
9514
9510
9516
9513
9515
9513
9516
9517
9519
9515
9516
9517
9521
9517
9523
9520
9522
9520
9523
9524
9525
9522
9523
9524
9527
9799
9524
9800
9528
9801
9526
9528
9529
9544
15701
9528
15702
9529
9547
9806
9548
9807
15703
9532
9534
16212
9532
9535
16215
9536
9538
9555
9534
9535
16218
9536
9540
9811
9536
9558
9812
16220
9542
9559
9813
9539
9541
9539
9542
9543
9562
9541
9542
9543
9814
9543
9565
9815
9566
9816
9546
9548
9546
9549
9550
9551
9569
9548
9549
9550
9552
9821
9550
9572
9822
9553
9573
9823
9553
15704
9553
15706
9579
9828
15708
9560
9583
9831
16232
9557
9559
9557
9560
16223
9561
9563
9585
9559
9560
16226
9561
9565
9832
9561
9588
9833
9567
9589
9834
9564
9566
9564
9567
9568
9592
9566
9567
9568
9568
9595
9596
9571
9573
9571
9574
9575
9577
9573
9574
9575
9579
9835
9575
9836
9581
9837
9578
9580
15994
9578
9581
9582
9599
9580
9581
9582
9842
15711
9582
9602
9843
9603
9844
9584
9588
9851
16235
9590
9606
9853
16241
9587
9589
9587
9590
16238
9591
9593
9608
9589
9590
9591
9595
9854
9591
9611
9855
9597
9612
9856
9594
9596
9594
9597
9598
9615
9596
9597
9598
9598
9618
9619
9601
9603
9601
9604
9605
9603
9604
9605
9857
9605
9858
9859
9607
9611
12057
16250
9613
9622
12059
16244
9610
9612
9610
9613
16247
9614
9616
9623
9612
9613
10825
9614
9618
12064
9614
9625
12065
9620
9626
12066
9617
9619
9617
9620
9621
9629
9619
9620
10826
9621
10826
9621
9632
10826
9633
10826
9625
12073
16253
9624
9626
9628
9630
9636
16259
9626
9627
10828
9628
9632
12080
9628
9637
12081
16256
9634
9638
12082
9631
9633
9631
9634
9635
9640
9633
9634
10829
9635
12087
9635
9643
12088
9644
12089
9638
16193
9638
10830
15713
9639
9643
12100
9645
12102
15716
9642
9644
9642
9645
15996
9646
9648
9654
9644
9645
10831
9646
9650
12107
9646
9655
12108
9652
9656
12109
9649
9651
9649
9652
9653
9658
9651
9652
9653
9653
9661
9662
9656
16196
9656
10833
16262
9657
9661
12123
9663
12125
16265
9660
9662
9660
9663
16199
9664
9666
9679
9662
9663
9664
9668
9896
9664
9680
9897
9670
9681
9898
9667
9669
9667
9670
9671
9673
9682
9669
9670
9671
9675
9903
9671
9684
9904
9677
9685
9905
9674
9676
9674
9677
9678
9688
9676
9677
9678
9678
9691
9692
9681
15999
9681
16268
9684
9910
15719
9683
9685
9687
9689
16280
9685
9686
9687
9691
9917
9687
9918
16274
9693
9695
9919
9690
9692
9690
9693
9694
9696
9692
9693
9694
9924
9694
9698
9925
9699
9926
9698
9934
16283
9697
9699
9701
9703
16292
9699
9700
9701
9705
9940
9701
9941
16286
9707
9716
9942
9704
9706
9704
9707
9708
9710
9717
9706
9707
9708
9712
9947
9708
9719
9948
9714
9720
9949
9711
9713
9711
9714
9715
9722
9713
9714
9715
9715
9725
9726
9719
9955
15722
9718
9720
9721
9723
15725
9720
15728
9721
9725
9959
9727
9961
16295
9724
9726
9724
9727
9728
9730
9736
9726
9727
9728
9732
9966
9728
9737
9967
9734
9738
9968
9731
9733
9731
9734
9735
9740
9733
9734
9735
9973
9735
9743
9974
9744
9975
9738
15731
9738
15733
9739
9743
9983
9745
9984
15736
9742
9744
9742
9745
16304
9746
9747
9744
9745
9746
9989
9746
9990
15738
9748
9991
9748
9996
15739
9750
9751
9752
9753
9765
9752
9768
9999
9754
9769
10000
9754
9775
9757
9759
9785
9757
9788
10004
9763
9789
10005
9760
9762
9760
9763
9764
9766
9792
9762
9763
9764
9768
10009
9764
9795
10010
9770
9796
10011
9767
9769
9767
9770
9771
9773
9769
9770
9771
9775
9771
9777
9774
9776
9774
9777
9778
9779
9776
9777
9778
9781
10016
9778
10017
9782
10018
9780
9782
9783
9799
9782
9783
9802
10023
9803
10024
9786
9811
12034
16306
9787
9789
9787
9790
9791
9793
9814
9789
9790
12032
9791
9795
10027
9791
9817
10028
12034
9797
9818
10029
9794
9796
9794
9797
9798
9796
9797
9798
10034
9798
10035
10036
9801
9803
9801
9804
9805
9806
9803
9804
9805
9808
10041
9805
10042
9809
10043
9807
9809
9810
9821
16307
9809
16305
9810
9824
10048
9825
10049
16309
9813
12037
9813
12038
16311
9815
9832
12039
9816
9818
9816
9819
9820
9818
9819
12037
9820
9820
12039
9823
9825
9823
9826
9827
9828
9835
9825
9826
9827
10059
15740
9827
9838
10060
9829
9839
10061
9829
15743
9845
10066
15746
9831
12040
16229
9833
9851
12042
16316
9834
12044
9834
12045
9854
12046
9837
9839
9837
9840
9841
9843
9839
9840
9841
9845
10068
9841
10069
9847
10070
9844
9846
16314
9844
9847
9848
9849
9857
9846
9847
9848
10075
15749
9848
9860
10076
9850
9861
10077
9850
15751
9867
16319
9853
12048
9853
10824
12049
15930
9855
12050
12057
9856
12052
9856
10825
12053
12054
12064
9859
9861
9859
9862
9863
9865
9871
9861
9862
9863
9867
10088
9863
9874
10089
9868
9875
10090
9866
9866
9868
9869
9878
9868
15752
9869
9881
10095
9870
9882
10096
16320
9885
15753
9873
9875
9873
9876
9877
9879
9875
9876
9877
9881
10100
9877
10101
9883
10102
9880
9882
9880
9883
9884
9887
9882
9883
9884
9885
10107
9884
9890
10108
9886
9891
10109
9886
9894
10115
9889
9891
9889
9892
9893
9891
9892
9893
9894
10121
9893
10122
9895
10123
9895
10129
9898
9900
9898
9901
12125
9902
9904
9910
9900
9901
10855
12127
9902
9906
10855
9902
9913
10855
12129
9908
9914
10855
9905
9907
9905
9908
9909
9917
9907
9908
9909
9909
9920
9921
9912
9914
9912
9915
16271
9916
9918
16277
9914
9915
10859
12135
9916
9920
12298
9916
9931
12137
12299
9922
9932
12300
9919
9921
9919
9922
9923
9925
9934
9921
9922
9923
9927
10139
9923
9936
10140
9929
9937
10141
9926
9928
9926
9929
9930
9940
9928
9929
9930
9930
9943
9944
9932
10862
12138
16002
9933
9936
12325
16321
9938
12327
15754
9935
9937
9939
9941
16289
9937
9938
10863
9939
9943
10146
9939
12332
16324
9945
9954
10147
9942
9944
9942
9945
9946
9948
9955
9944
9945
9946
9950
10150
9946
9956
10151
9952
9957
10152
9949
9951
9949
9952
9953
9959
9951
9952
9953
9953
9962
9963
9956
10157
15757
9957
15760
9957
15763
9958
9962
10161
9964
10163
15766
9961
9963
9961
9964
16298
9965
9967
9980
9963
9964
9965
9969
10168
9965
9981
10169
9971
9982
10170
9968
9970
9968
9971
9972
9974
9983
9970
9971
9972
9976
10175
9972
9985
10176
9978
9986
10177
9975
9977
9975
9978
9979
9989
9977
9978
9979
9979
9992
9993
9982
16301
9982
16327
9985
10187
15769
9984
9986
9988
9990
16339
9986
9987
9988
9992
10193
9988
10194
16333
9994
10195
15772
9991
9993
9991
9994
16005
9995
9996
9993
9994
9995
10200
9995
9997
10201
9998
10202
9998
15775
9998
15777
10210
15780
10000
10001
10002
10002
10005
10006
10005
10007
10008
10010
10027
10008
10012
12356
16343
10008
10030
12357
15933
10014
10031
12358
10011
10013
10011
10014
10015
10034
10013
10014
16341
10015
10213
16342
10015
10037
10214
10038
10215
10018
10020
10018
10021
10022
10023
10020
10021
10022
10220
10022
10221
10025
10222
10024
10025
10026
10041
10026
10044
10227
10045
10029
10031
10029
10032
12141
10033
10035
10031
10032
10867
12143
10033
10037
12371
10033
12145
12372
10039
12373
10036
10038
10036
10039
10040
10038
10039
10040
10229
10040
10230
10231
10043
10045
10043
10046
10047
10048
10052
10045
10046
10047
10050
10243
10047
10055
10244
10051
10056
10245
10049
10051
10059
16344
10051
16023
10062
10250
15783
10054
10056
10054
10057
10058
10060
10056
10057
10058
10062
10252
10058
10253
10064
10254
10061
10063
16007
10061
10064
10065
10066
10068
10063
10064
10065
10259
15785
10065
10071
10260
10067
10072
10261
10067
16010
10078
15788
10070
10072
10070
10073
10074
10076
10081
10072
10073
10074
10078
10272
10074
10084
10273
10079
10085
10274
10077
16013
10077
10079
10080
10088
15791
10079
15793
10080
10091
10279
10092
10280
15796
10083
10085
10083
10086
10087
10089
10085
10086
10087
10091
10284
10087
10285
10093
10286
10090
10092
10090
10093
10094
10095
10100
10092
10093
10094
10097
10291
10094
10103
10292
10098
10104
10293
10096
10098
10099
10107
16349
10098
16346
10099
10110
10298
10111
10299
16351
10102
10104
10102
10105
10106
10108
10104
10105
10106
10110
10106
10112
10109
10111
10109
10112
10113
10115
10121
10111
10112
10113
10117
10303
10113
10124
10304
10118
10125
10305
10116
16015
10116
10118
10119
10128
20181
10118
16354
10119
10131
10310
10120
10132
10311
16357
10135
10315
16359
20181
10123
10125
10123
10126
10127
10129
10125
10126
10127
10131
10127
10133
10130
10132
20150
10130
10133
10134
20182
10132
10133
10134
10135
10316
10134
10317
10136
10318
10136
20150
10137
10324
20182
10138
20151
10338
20183
10141
10143
10141
10144
10863
12300
10145
10146
10143
10144
12302
10145
10145
12304
12333
10148
10147
10148
10863
10149
10151
10157
12332
10149
10153
10344
12333
10155
10159
10345
12334
10152
10154
10152
10155
10156
10161
10154
10155
10156
10156
10164
10165
10158
10159
10865
10160
10162
15799
10160
10164
10346
12351
10166
10182
10347
12352
10163
10165
10163
10166
16017
10167
10169
10183
10165
10166
10167
10171
10348
10167
10184
10349
10173
10185
10350
10170
10172
10170
10173
10174
10176
10187
10172
10173
10174
10178
10355
10174
10189
10356
10180
10190
10357
10177
10179
10177
10180
10181
10193
10179
10180
10181
10181
10196
10197
10184
10362
12353
15802
10185
16330
10185
15805
10186
10189
10364
10191
10366
16364
10188
10190
10192
10194
16336
10190
10191
10192
10196
10371
10192
10372
16367
10198
10373
15808
10195
10197
10195
10198
16020
10199
10201
10207
10197
10198
10199
10203
10378
10199
10208
10379
10205
10209
10380
10202
10204
10202
10205
10206
10210
10204
10205
10206
10385
10206
10211
10386
10212
10387
10209
15811
10209
16370
10211
10411
15814
10212
15817
10212
15820
10415
15822
10215
10217
16373
10215
10218
12358
10219
10229
10217
10218
10916
12359
16374
10219
12621
16376
10219
10232
12361
12622
10233
12623
10222
10224
10222
10225
10226
10227
10236
10224
10225
10918
10226
10226
10239
12635
10228
10240
12636
10228
10246
10231
10233
10231
10234
12373
10235
10233
10234
10921
12375
10235
12655
10235
12377
12656
12657
10238
10240
10238
10241
10242
10244
10240
10241
10923
10242
10246
12662
10242
12663
10248
12664
10245
10247
16377
10245
10248
10249
10250
10252
10247
10248
10249
15824
10249
10255
10427
10251
10256
10428
10251
15825
10262
15827
10254
10256
10254
10257
10258
10260
10265
10256
10257
10258
10262
10432
10258
10268
10433
10263
10269
10434
10261
15829
10261
10263
10264
10272
15832
10263
15835
10264
10275
10439
10276
10440
16378
10267
10269
10267
10270
10271
10273
10269
10270
10271
10275
10271
10277
10274
10276
10274
10277
10278
10279
10284
10276
10277
10278
10281
10444
10278
10287
10445
10282
10288
10446
10280
10282
10283
10291
16381
10282
15838
10283
10294
10451
10295
10452
16384
10286
10288
10286
10289
10290
10292
10288
10289
10290
10294
10290
10296
10293
10295
10293
10296
10297
10298
10295
10296
10297
10300
10456
10297
10457
10301
10458
10299
10301
10302
10303
16390
10301
16387
10302
10306
10463
10307
10464
16393
10305
10307
10305
10308
10309
10310
10307
10308
10309
10312
10309
10313
10311
10313
10314
10315
10316
16399
10313
16396
10314
10319
10468
10320
10469
16401
15841
10318
10320
10318
10321
10322
10324
10330
10320
10321
10322
10326
10473
10322
10333
10474
10328
10334
10475
10325
10327
10325
10328
10329
10337
10327
10328
16403
10329
10329
10340
10480
10341
10481
10332
10334
10332
10335
10336
10338
10334
10335
10336
10340
10485
10336
10486
10342
10487
10339
10341
10339
10342
10343
10341
10342
10343
10492
10343
10493
10494
10345
10905
12536
10346
12534
12538
10347
10910
12575
10349
10362
12573
12577
10350
10352
10350
10353
10354
10356
10364
10352
10353
10996
12575
10354
10358
10996
10354
10367
10996
12577
10360
10368
10996
10357
10359
10357
10360
10361
10371
10359
10360
10361
10361
10374
10375
10363
10915
12604
10365
12602
12606
16361
10366
10368
10366
10369
16024
10370
10372
15842
10368
10369
11003
12604
10370
10374
12872
10370
10406
12606
12873
10376
10407
12874
10373
10375
10373
10376
10377
10379
10408
10375
10376
10377
10381
10545
10377
10409
10546
10383
10410
10547
10380
10382
10380
10383
10384
10386
10411
10382
10383
10384
10388
10552
10384
10412
10553
10390
10413
10554
10387
10389
10387
10390
10391
10393
10415
10389
10390
10391
10395
10817
10391
10416
10818
10397
10417
10819
10394
10396
10394
10397
10398
10400
10420
10396
10397
10398
10402
10559
10398
10421
10560
10404
10422
10561
10401
10403
10401
10404
10405
10424
10403
10404
10405
10566
10405
10425
10567
10426
10568
10407
11009
12612
16027
10409
12903
16404
10410
15845
10410
15848
10412
10578
15851
10413
15854
10413
15857
10414
10416
10585
10418
10587
15860
10417
15863
10417
10418
10419
10421
10592
10419
10593
16407
10423
10594
16409
10422
10422
10423
10425
10599
10600
10426
10426
10428
10430
12664
10431
10432
16410
10430
12666
10431
10435
12668
12964
10436
15864
10434
10436
10434
10437
10929
10438
10439
10436
10437
10929
11021
10438
10441
12991
10438
10929
12992
10442
12993
10440
10442
10443
10444
15865
10442
15934
10443
10447
12998
10448
16411
10446
10448
10446
10449
10450
10451
10448
10449
10450
10453
10604
10450
10605
10454
10606
10452
10454
10455
10456
16417
10454
16414
10455
10459
10607
10460
10608
16420
10458
10460
10458
10461
10462
10463
10460
10461
10462
10465
10614
10462
10615
10466
10616
10464
10466
10467
15868
10466
15871
10467
10621
10622
15874
10469
10471
10472
10473
16423
10471
15877
10472
10476
10626
10477
10627
16425
10475
10477
10475
10478
10479
10480
10485
10477
10478
10479
10482
10631
10479
10488
10632
10483
10489
10633
10481
10483
10484
10492
16429
10483
16427
10484
10495
10638
10496
10639
15880
10487
10489
10487
10490
10491
10493
10489
10490
10491
10495
10642
10491
10643
10497
10644
10494
10496
10494
10497
10498
10499
10504
10496
10497
10498
10501
10649
10498
10507
10650
10502
10508
10651
10500
10502
10503
10511
10502
10503
10514
10656
10515
10506
10508
10506
10509
10510
10512
10508
10509
10510
10514
10658
10510
10659
10516
10660
10513
10515
10513
10516
10517
10518
10515
10516
10517
10665
10517
10521
10666
10522
10667
10520
10522
10520
10523
10524
10525
10522
10523
10524
10677
10524
10528
10678
10529
10679
10527
10529
10527
10530
10531
10539
10529
10530
10531
10691
10531
10542
10692
10543
10693
10534
10536
10534
10537
10538
10540
10573
10536
10537
10538
10542
10703
10538
10575
10704
10544
10576
10705
10541
10543
10541
10544
10543
10544
10547
10549
10547
10550
12874
10551
10553
10578
10549
10550
11115
12876
10551
10555
13178
10551
10581
12878
13179
10557
10582
13180
10554
10556
10554
10557
10558
10585
10818
10556
10557
11116
10558
10820
15495
10558
10588
15496
10589
10822
15497
10561
10563
10561
10564
10819
10565
10567
10599
10563
10564
10821
10565
10569
10717
10565
10601
10718
10823
10571
10602
10719
10568
10570
10568
10571
10572
10574
10570
10571
10572
10575
10724
10572
10603
10725
10577
10726
10576
10577
10576
10577
10580
10582
10580
10583
15942
10584
10586
15881
10582
10583
11123
12905
10584
10588
13228
10584
12907
13229
15884
10590
13230
15887
10587
10589
10587
10590
16030
10591
10593
15890
10589
10590
11124
10591
10595
13235
10591
13236
15893
10597
13237
15896
10594
10596
10819
10594
10597
16033
10598
10600
16035
10596
10597
10822
10598
10601
10731
10823
10598
10732
16036
10733
16038
10602
10602
15899
10603
10737
10606
13023
16430
10606
13017
13024
10607
10611
13025
10608
10609
16039
10610
10614
16433
10610
10617
13025
13350
16436
10618
15900
10613
13039
10613
11037
11047
13040
10615
11047
13041
10616
10618
10616
10619
10620
10621
10618
10619
11155
13039
10620
10623
13365
10620
13041
13366
10624
13367
10622
10624
10625
15903
10624
11156
15906
10625
13372
13373
16439
10627
10629
10630
10631
16442
10629
11169
15909
10630
10634
13399
10635
13400
15912
10633
10635
10633
10636
10637
10638
10642
10635
10636
11182
10637
10640
13415
10637
10645
13416
10641
10646
13417
10639
10641
10649
15914
10641
15936
10652
13422
15915
10644
10646
10644
10647
10648
10650
10646
10647
10648
10652
10740
10648
10741
10654
10742
10651
10653
10651
10654
10655
10656
10658
10653
10654
10655
10747
10655
10661
10748
10657
10662
10749
10657
10668
10660
10662
10660
10663
10664
10666
10670
10662
10663
10664
10668
10760
10664
10673
10761
10669
10674
10762
10667
10667
10669
10677
10669
10680
10767
10672
10674
10672
10675
10676
10678
10684
10674
10675
10676
10680
10768
10676
10687
10769
10682
10688
10770
10679
10681
10679
10682
10683
10691
10681
10682
10683
10683
10694
10775
10686
10688
10686
10689
10690
10692
10703
10688
10689
10690
10694
10783
10690
10706
10784
10695
10707
10785
10693
10693
10695
10695
10698
10700
10698
10701
10702
10704
10724
10700
10701
10702
10706
10797
10702
10727
10798
10708
10728
10799
10705
10707
10705
10708
10709
10707
10708
10709
10804
10709
10730
10805
10712
10714
10821
10712
10715
10822
15497
10716
10718
10731
10823
10714
10715
11247
15499
10716
10720
13513
10716
10734
13514
15501
10722
10735
13515
10719
10721
10719
10722
10723
10725
10737
10721
10722
10723
10727
10807
10723
10738
10808
10729
10739
10809
10726
10728
10726
10729
16042
10728
10729
10730
10814
10815
15916
10733
10735
10733
10736
13237
16043
15917
10735
10736
11256
13239
10738
13549
15919
13241
15939
10739
15921
10739
15922
15924
10742
10744
13417
10742
10745
10746
10748
10753
10744
10745
11326
13420
10746
10750
13421
13749
10746
10756
13750
10751
10757
13751
10749
10749
10751
10752
10760
10751
11327
13423
10752
10763
13756
10764
10755
10757
10755
10758
10759
10761
10757
10758
11341
10759
10763
13766
10759
13767
10765
13768
10762
10764
10762
10765
10766
10767
10768
10764
10765
11342
10766
13773
10766
10771
13774
10772
13775
10770
10772
10770
10773
10774
10775
10783
10772
10773
11357
10774
13797
10774
10786
13798
10787
13799
10778
10780
10778
10781
10782
10784
10797
10780
10781
11370
10782
10786
13813
10782
10800
13814
10788
10801
13815
10785
10787
10785
10788
10789
10804
10787
10788
11371
10789
10789
10806
13820
10792
10794
10792
10795
11237
10796
10798
10807
10794
10795
11237
11383
10796
10800
13838
10796
10810
11237
13839
10802
10811
13840
10799
10801
10799
10802
10803
10805
10814
10801
10802
11384
10803
10806
13845
10803
10816
13846
13847
10809
10811
10809
10812
13515
10813
10815
15926
10811
10812
11395
13517
10813
10816
13897
10813
13519
13898
15928
15938
16045
10819
10821
10819
10822
10823
10821
10822
10823
10823
12057
12058
12060
16446
12057
12064
12065
12067
10829
10844
12064
12066
12068
12070
12087
12090
12091
12058
12073
12074
12076
16449
12065
12073
12080
12081
12083
12080
12087
12088
12090
12081
12094
12100
12101
12103
12088
12100
12107
12108
12110
12101
12117
12119
16451
12108
12117
12123
12124
12126
12124
12133
12134
16454
12036
12140
12146
12151
12152
12154
12159
12160
12162
16457
12043
12152
12159
12166
12167
12169
10841
10873
12166
12168
12170
12172
12047
12160
12173
12178
12179
12181
12051
12167
12178
12185
12186
12188
10844
10877
12185
12187
12189
12191
12060
12179
12192
12198
12199
12201
10844
10846
10880
12067
12068
12069
12070
12186
12187
12190
12191
12198
12200
12202
12204
12219
12222
12223
10847
10881
12076
12199
12205
12212
12213
12215
12083
12212
12219
12220
12222
10851
10885
12090
12091
12092
12093
12219
12221
12223
12225
12206
12226
12228
12096
12213
12226
12232
12233
12235
12103
12220
12232
12239
12240
12242
10854
10889
12110
12111
12112
12113
12239
12241
12243
12245
12266
12269
12270
12114
12233
12246
12252
12253
12255
12119
12240
12252
12259
12260
12262
12126
12259
12266
12267
12269
10859
10894
12266
12268
12270
12272
12298
12301
12302
12253
12273
12277
12278
12280
16460
12130
12260
12277
12284
12285
12287
12134
12267
12284
12291
12292
12294
12291
12298
12299
12301
12285
12306
12311
12312
12314
16463
12292
12311
12318
12319
12321
16466
12299
12318
12325
12326
12328
12325
12332
12333
12326
12341
12346
12347
17698
12332
12346
12351
16469
12142
12364
12365
12367
16472
12357
12364
12371
12372
12374
12379
12380
12382
16473
12154
12365
12379
12386
12387
12389
10873
10926
12372
12373
12376
12377
12386
12388
12390
12392
12162
12380
12393
12398
12399
12401
12169
12387
12398
12405
12406
12408
10877
10932
12405
12407
12409
12411
12412
12413
12415
16474
12181
12399
12412
12419
12420
12422
10877
10880
10938
12188
12189
12190
12191
12406
12407
12410
12411
12419
12421
12423
12425
10881
10939
12194
12413
12429
12430
12432
16477
12201
12420
12429
12436
12437
12439
10881
10884
10945
12436
12438
12440
12442
10885
10946
12208
12430
12443
12447
12448
12450
12215
12437
12447
12454
12455
12457
10885
10888
10953
12222
12223
12224
12225
12454
12456
12458
12460
10889
10954
12228
12448
12461
12467
12468
12470
12235
12455
12467
12474
12475
12477
10889
10892
10961
12242
12243
12244
12245
12474
12476
12478
12480
10893
10962
12248
12468
12481
12487
12488
12490
10892
10896
10968
12255
12256
12257
12258
12475
12476
12479
12480
12487
12489
12491
12493
12504
12507
12508
10893
10897
10969
12262
12263
12264
12265
10894
10898
10970
12269
12270
12271
12272
10899
10971
12274
12488
12494
12497
12498
12500
12280
12497
12504
12505
12507
10898
10902
10977
12287
12288
12289
12290
12504
12506
12508
12510
12527
12530
12531
10899
10903
10978
12294
12295
12296
12297
10904
10979
12301
12302
12303
12304
12498
12513
12514
12516
16480
12307
12505
12513
12520
12521
12523
12314
12520
12527
12528
12530
10904
10908
10986
12321
12322
12323
12324
12527
12529
12531
12533
12559
12562
12563
10905
10909
10987
12328
12329
12330
12331
12534
12535
12537
12566
12569
12570
12333
12534
12535
12335
12521
12539
12545
12546
12548
12337
12528
12545
12552
12553
12555
12342
12552
12559
12560
12562
12347
12559
12566
12567
12569
12351
12534
12566
12573
12574
12546
12579
12580
16483
12553
12579
12584
12585
16486
12560
12584
12589
12591
16488
12567
12589
12595
12596
12598
16490
12353
12573
12595
12602
12603
12615
12621
12622
12624
16492
12621
12628
12629
12631
17740
12628
12635
12367
12641
12642
12644
16494
12374
12616
12641
12648
12649
12651
12622
12648
12655
12656
12658
10923
10928
11013
12629
12630
12633
12634
12655
12657
12659
12661
12663
12665
12667
12950
12951
12952
12635
12662
12663
12665
12382
12671
12672
12674
16496
12389
12642
12671
12678
12679
12681
10927
10932
11017
12649
12650
12653
12654
12678
12680
12682
12684
10928
10933
11018
12656
12657
12660
12661
10929
10934
11019
10935
11020
12663
12664
12667
12668
12984
12985
12986
12401
12672
12685
12692
12693
12695
10932
10938
11024
12408
12409
12410
12411
12679
12680
12683
12684
12692
12694
12696
12698
10933
10939
11025
10934
10940
11026
10935
10941
11027
10942
11028
12415
12686
12702
12703
12705
16498
12422
12693
12702
12709
12710
12712
10939
10945
11032
12709
12711
12713
12715
10940
10946
11033
10941
10947
11034
10942
10948
11035
10949
11036
12432
12703
12716
12721
12722
12724
10945
10952
11040
12439
12440
12441
12442
12710
12711
12714
12715
12721
12723
12725
12727
10946
10953
11041
10947
10954
11042
10948
10955
11043
10949
10956
11044
10957
11045
12728
12729
12731
16501
12450
12722
12728
12735
12736
12738
10953
10960
11050
12457
12458
12459
12460
12735
12737
12739
12741
10954
10961
11051
10955
10962
11052
10956
10963
11053
10957
10964
11054
10965
11055
12463
12729
12743
12744
12746
16503
12470
12736
12743
12750
12751
12753
10961
10968
11060
12477
12478
12479
12480
12750
12752
12754
12756
10962
10969
11061
10963
10970
11062
10964
10971
11063
10965
10972
11064
10973
11065
12483
12744
12759
12760
12762
10968
10975
11069
12490
12491
12492
12493
12751
12752
12755
12756
12759
12761
12763
12765
12773
12776
12777
10969
10976
11070
10970
10977
11071
10971
10978
11072
10972
10979
11073
10973
10980
11074
10981
11075
12760
12766
12767
12769
16504
12500
12766
12773
12774
12776
10977
10984
11080
12507
12508
12509
12510
12773
12775
12777
12779
10978
10985
11081
10979
10986
11082
10980
10987
11083
10981
10988
11084
10989
11085
12767
12780
12782
16505
12516
12774
12780
12786
12787
12789
10985
10991
11090
12523
12524
12525
12526
12786
12788
12790
12792
12803
12806
12807
10986
10992
11091
12530
12531
12532
12533
10987
10993
11092
12810
12813
12814
10988
10994
11093
12817
12820
12821
10989
10995
11094
12535
12536
12537
12538
12824
12827
12828
10996
11095
12541
12787
12793
12796
12797
12799
12548
12796
12803
12804
12806
10993
10999
11101
12555
12556
12557
12558
12803
12805
12807
12809
12811
12813
12815
12844
12847
12848
12562
12810
12811
12813
12569
12810
12817
12818
12820
12574
12817
12824
12825
12827
11003
11105
12824
12826
12828
12830
12872
12875
12876
12797
12831
12833
16508
12580
12804
12831
12837
12838
12840
12585
12837
12844
12845
12847
12591
12811
12844
12851
12852
12854
12598
12818
12851
12858
12859
12861
12603
12825
12858
12865
12866
12868
12865
12872
12873
12875
12838
12880
12881
16509
12845
12880
12883
12884
16510
12607
12852
12883
12888
12889
16512
12609
12859
12888
12893
12894
16513
12611
12866
12893
12898
12899
16515
12873
12898
12903
12904
16518
12644
12923
12929
12930
12932
16521
12651
12910
12929
12936
12937
12939
12658
12914
12936
12943
12944
12946
12918
12943
12950
12951
12953
12665
12922
12950
12957
12958
12960
12674
12924
12966
12970
12971
12973
12681
12930
12970
12977
12978
12980
11018
11025
11132
12937
12938
12941
12942
12977
12979
12981
12983
11019
11026
11133
12944
12945
12948
12949
11020
11027
11134
12951
12952
12955
12956
12985
12987
12989
12958
12984
12985
12987
12964
12984
12991
12992
12994
12688
13001
13002
13004
16522
12695
12971
13001
13008
13009
13011
11025
11032
11139
12978
12979
12982
12983
13008
13010
13012
13014
11026
11033
11140
11027
11034
11141
11028
11035
11142
11029
11036
11143
12985
12986
12989
12990
13016
13018
13020
12992
13015
13016
13018
12705
13002
13026
13031
13032
13034
11032
11040
11147
12712
12713
12714
12715
13009
13010
13013
13014
13031
13033
13035
13037
11033
11041
11148
11034
11042
11149
11035
11043
11150
11036
11044
11151
11037
11045
11152
11046
11153
13016
13017
13020
13021
13038
13040
13042
13043
13045
16525
12724
13032
13042
13049
13050
13052
11041
11050
11159
13049
13051
13053
13055
11042
11051
11160
11043
11052
11161
11044
11053
11162
11045
11054
11163
11046
11055
11164
11047
11056
11165
11057
11166
13040
13041
12731
13043
13059
13060
13062
16528
11050
11059
11171
12738
12739
12740
12741
13050
13051
13054
13055
13059
13061
13063
13065
11051
11060
11172
11052
11061
11173
11053
11062
11174
11054
11063
11175
11055
11064
11176
11056
11065
11177
11057
11066
11178
11067
11179
12746
13060
13066
13070
13071
13073
11060
11069
11184
12753
12754
12755
12756
13070
13072
13074
13076
11061
11070
11185
11062
11071
11186
11063
11072
11187
11064
11073
11188
11065
11074
11189
11066
11075
11190
11067
11076
11191
11077
11192
12762
13071
13077
13081
13082
13084
11070
11079
11195
13081
13083
13085
13087
11071
11080
11196
11072
11081
11197
11073
11082
11198
11074
11083
11199
11075
11084
11200
11076
11085
11201
11077
11086
11202
11087
11203
12769
13082
13088
13092
13093
13095
11080
11089
11206
12776
12777
12778
12779
13092
13094
13096
13098
13107
13110
13111
11081
11090
11207
11082
11091
11208
11083
11092
11209
11084
11093
11210
11085
11094
11211
11086
11095
11212
11087
11096
11213
11097
11214
12782
13093
13100
13101
13103
16531
12789
13100
13107
13108
13110
11091
11100
11218
13107
13109
13111
13113
11092
11101
11219
11093
11102
11220
11094
11103
11221
11095
11104
11222
11096
11105
11223
11097
11106
11224
11107
11225
13101
13114
13116
16534
12799
13108
13114
13120
13121
13123
11101
11109
11229
12806
12807
12808
12809
13120
13122
13124
13126
13136
13139
13140
11102
11110
11230
13143
13146
13147
11103
11111
11231
12813
12814
12815
12816
13150
13153
13154
11104
11112
11232
12820
12821
12822
12823
13157
13160
13161
11105
11113
11233
12827
12828
12829
12830
13164
13167
13168
11106
11114
11234
13171
13174
13175
11107
11115
11235
13178
13181
13182
11116
11236
15495
15498
15499
12833
13121
13127
13129
13130
13132
12840
13129
13136
13137
13139
12847
13136
13143
13144
13146
12854
13143
13150
13151
13153
12861
13150
13157
13158
13160
12868
13157
13164
13165
13167
12875
13164
13171
13172
13174
13171
13178
13179
13181
13178
15495
15496
15498
12881
13137
13185
13187
13189
16537
12884
13144
13187
13193
13194
13196
12889
13151
13193
13200
13201
13203
12894
13158
13200
13207
13208
13210
12899
13165
13207
13214
13215
13217
12904
13172
13214
13221
13222
13224
13179
13221
13228
13229
13231
13228
13235
13236
13238
15496
12932
13250
13255
13256
13258
16538
12939
13243
13255
13262
13263
13265
12946
13246
13262
13269
13270
13272
12953
13249
13269
13276
13277
13279
12960
13276
13283
16540
12973
13251
13287
13292
13293
13295
12980
13256
13292
13299
13300
13302
11133
11140
11263
13263
13264
13267
13268
13299
13301
13303
13305
13601
13602
13603
11134
11141
11264
13270
13271
13274
13275
11135
11142
11265
13277
13278
13281
13282
13307
13309
13311
13608
13609
13610
12987
13283
13306
13307
13309
12994
13306
13313
13314
13316
13004
13322
13323
13325
16541
13011
13293
13322
13329
13330
13332
11140
11148
11270
13300
13301
13304
13305
13329
13331
13333
13335
11141
11149
11271
11142
11150
11272
11143
11151
11273
11144
11152
11274
13307
13308
13311
13312
13337
13339
13341
13018
13314
13336
13337
13339
13022
13319
13336
13343
13344
13346
13034
13323
13352
13358
13359
13361
11148
11159
11278
13330
13331
13334
13335
13358
13360
13362
13364
11149
11160
11279
11150
11161
11280
11151
11162
11281
11152
11163
11282
11153
11164
11283
11154
11165
11284
13337
13338
13341
13342
11155
11166
11285
13038
13039
13040
13041
13344
13345
13348
13349
13366
13368
13370
13665
13666
13667
13350
13365
13366
13368
13365
13372
13374
16544
13045
13353
13378
13379
13381
16547
13052
13359
13378
13385
13386
13388
11160
11172
11290
13385
13387
13389
13391
11161
11173
11291
11162
11174
11292
11163
11175
11293
11164
11176
11294
11165
11177
11295
11166
11178
11296
11167
11179
11297
11168
11180
11298
13366
13367
13370
13371
13393
13395
13397
13372
13392
13393
13395
13392
13399
13401
16550
13062
13379
13404
13408
13409
13411
11172
11184
11302
13386
13387
13390
13391
13408
13410
13412
13414
11173
11185
11303
11174
11186
11304
11175
11187
11305
11176
11188
11306
11177
11189
11307
11178
11190
11308
11179
11191
11309
11180
11192
11310
11181
11193
11311
11182
11312
13393
13394
13397
13398
13416
13418
13420
13721
13722
13723
13399
13415
13416
13418
13073
13409
13424
13428
13429
13431
11185
11195
11315
13428
13430
13432
13434
11186
11196
11316
11187
11197
11317
11188
11198
11318
11189
11199
11319
11190
11200
11320
11191
11201
11321
11192
11202
11322
11193
11203
11323
11204
11324
13084
13429
13435
13439
13440
13442
11196
11206
11330
13439
13441
13443
13445
11197
11207
11331
11198
11208
11332
11199
11209
11333
11200
11210
11334
11201
11211
11335
11202
11212
11336
11203
11213
11337
11204
11214
11338
11215
11339
13095
13440
13446
13450
13451
13453
11207
11217
11345
13450
13452
13454
13456
11208
11218
11346
11209
11219
11347
11210
11220
11348
11211
11221
11349
11212
11222
11350
11213
11223
11351
11214
11224
11352
11215
11225
11353
11226
11354
13103
13451
13457
13461
13462
13464
11218
11228
11359
13110
13111
13112
13113
13461
13463
13465
13467
13475
13478
13479
11219
11229
11360
11220
11230
11361
11221
11231
11362
11222
11232
11363
11223
11233
11364
11224
11234
11365
11225
11235
11366
11226
11236
11367
11237
11368
13116
13462
13468
13469
13471
16553
13123
13468
13475
13476
13478
11230
11239
11374
13475
13477
13479
13481
13492
13495
13496
11231
11240
11375
13499
13502
13503
11232
11241
11376
11233
11242
11377
11234
11243
11378
11235
11244
11379
11236
11245
11380
11237
11246
11381
13506
13509
13510
11247
11382
13513
13516
13517
13132
13476
13482
13485
13486
13488
13139
13485
13492
13493
13495
13146
13492
13499
13500
13502
11242
11250
11388
13153
13154
13155
13156
13499
13501
13503
13505
11243
11251
11389
13160
13161
13162
13163
11244
11252
11390
13167
13168
13169
13170
11245
11253
11391
13174
13175
13176
13177
11246
11254
11392
13181
13182
13183
13184
13507
13509
13511
13536
13539
13540
13876
13877
13878
13506
13507
13509
15498
13506
13513
13514
13516
13189
13493
13520
13522
13523
13525
13196
13500
13522
13529
13530
13532
11251
11398
13203
13204
13205
13206
13529
13531
13533
13535
16555
11252
11399
13210
13211
13212
13213
16558
11253
11400
13217
13218
13219
13220
16561
11254
11401
13224
13225
13226
13227
13537
13539
13541
13917
13918
13919
16564
13231
13536
13537
13539
13238
13507
13536
13543
13544
13546
13514
13543
13549
13550
16567
13258
13555
13556
13558
16570
13265
13555
13562
13563
13565
16573
13272
13562
13569
13570
13572
13279
13569
13576
16574
13295
13552
13581
13587
13588
13590
13302
13556
13587
13594
13595
13597
13563
13594
13601
13602
13604
11265
11272
11410
13570
13571
13574
13575
13601
13603
13605
13607
13609
13611
13613
13974
13975
13976
13576
13608
13609
13611
13309
13580
13608
13615
13616
13618
13316
13615
13622
16575
13325
13582
13628
13629
13631
16577
11270
11278
11414
13332
13333
13334
13335
13588
13589
13592
13593
13628
13630
13632
13634
11271
11279
11415
13595
13596
13599
13600
11272
11280
11416
13602
13603
13606
13607
11273
11281
11417
11274
11282
11418
13609
13610
13613
13614
11275
11283
11419
13616
13617
13620
13621
13636
13638
13640
14007
14008
14009
13339
13622
13635
13636
13638
13346
13635
13642
13643
13645
16580
13361
13629
13651
13658
13659
13661
11279
11290
11424
13658
13660
13662
13664
11280
11291
11425
11281
11292
11426
11282
11293
11427
11283
11294
11428
11284
11295
11429
11285
11296
11430
13636
13637
13640
13641
13666
13668
13670
13643
13665
13666
13668
13368
13649
13665
13672
13673
13675
13374
13672
13679
13681
16583
13381
13652
13686
13687
13689
16585
13388
13659
13686
13693
13694
13696
11291
11303
11436
13693
13695
13697
13699
11292
11304
11437
11293
11305
11438
11294
11306
11439
11295
11307
11440
11296
11308
11441
11297
11309
11442
11298
11310
11443
13666
13667
13670
13671
11299
11311
11444
13673
13674
13677
13678
13701
13703
13705
13395
13679
13700
13701
13703
13401
13700
13707
13708
16588
13411
13687
13710
13714
13715
13717
11303
11315
11447
13694
13695
13698
13699
13714
13716
13718
13720
11304
11316
11448
11305
11317
11449
11306
11318
11450
11307
11319
11451
11308
11320
11452
11309
11321
11453
11310
11322
11454
11311
11323
11455
11312
11324
11456
13722
13724
13726
13701
13721
13722
13724
13418
13707
13721
13728
13729
13731
13431
13715
13736
13742
13743
13745
11316
11330
11460
13742
13744
13746
13748
11317
11331
11461
11318
11332
11462
11319
11333
11463
11320
11334
11464
11321
11335
11465
11322
11336
11466
11323
11337
11467
11324
11338
11468
11325
11339
11469
11326
11340
11470
13722
13723
13726
13727
13750
13752
13754
14122
14123
14124
13729
13749
13750
13752
13735
13749
13756
13757
13737
13759
13760
13762
17856
11330
11344
11473
13442
13443
13444
13445
13743
13744
13747
13748
13759
13761
13763
13765
13783
13786
13787
11331
11345
11474
11332
11346
11475
11333
11347
11476
11334
11348
11477
11335
11349
11478
11336
11350
11479
11337
11351
11480
11338
11352
11481
11339
11353
11482
11340
11354
11483
11341
11355
11484
13767
13769
13771
13750
13766
13767
13769
13756
13766
13773
13774
13776
13760
13778
13780
16589
13453
13778
13783
13784
13786
11346
11359
11489
13783
13785
13787
13789
11347
11360
11490
11348
11361
11491
11349
11362
11492
11350
11363
11493
11351
11364
11494
11352
11365
11495
11353
11366
11496
11354
11367
11497
11355
11368
11498
11356
11369
11499
13791
13793
13795
13767
13790
13791
13793
13774
13790
13797
13798
13800
13464
13784
13802
13806
13807
13809
11360
11373
11503
13806
13808
13810
13812
13831
13834
13835
11361
11374
11504
11362
11375
11505
11363
11376
11506
11364
11377
11507
11365
11378
11508
11366
11379
11509
11367
11380
11510
11368
11381
11511
11369
11382
11512
11370
11383
11513
13814
13816
13818
13838
13841
13842
14176
14177
14178
13791
13813
13814
13816
13798
13813
13820
13821
13471
13807
13822
13824
13825
13827
13478
13824
13831
13832
13834
11375
11386
11517
13831
13833
13835
13837
13862
13865
13866
11376
11387
11518
13869
13872
13873
11377
11388
11519
11378
11389
11520
11379
11390
11521
11380
11391
11522
11381
11392
11523
13876
13879
13880
11382
11393
11524
13883
13886
13887
11383
11394
11525
13839
13841
13843
13890
13893
13894
14205
14206
14207
13838
13839
13841
13814
13838
13845
13846
13848
13488
13832
13851
13855
13856
13858
13495
13855
13862
13863
13865
13502
13862
13869
13870
13872
11389
11398
11531
13869
13871
13873
13875
11390
11399
11532
11391
11400
11533
11392
11401
11534
13877
13879
13881
13917
13920
13921
14244
14245
14246
13876
13877
13879
13509
13876
13883
13884
13886
13516
13883
13890
13891
13893
13839
13890
13897
13898
13899
13525
13863
13901
13903
13904
13906
13532
13870
13903
13910
13911
13913
11399
11541
13910
13912
13914
13916
16592
11400
11542
14284
14285
14286
16595
11401
11543
13918
13920
13922
14291
14292
14293
16598
13917
13918
13920
13539
13877
13917
13923
13924
13925
13546
13884
13923
13927
13928
16601
13550
13891
13927
16604
13565
13932
13937
13938
16607
13572
13937
13942
13590
13949
13953
13954
13956
16609
13597
13933
13953
13960
13961
13963
13604
13938
13960
13967
13968
13970
13942
13967
13974
13975
13977
13611
13946
13974
13981
13982
13984
13618
13981
13988
13989
13991
13631
13950
14000
14001
14003
16611
11415
11424
11554
13954
13955
13958
13959
14000
14002
14004
14006
14370
14371
14372
11416
11425
11555
13961
13962
13965
13966
11417
11426
11556
13968
13969
13972
13973
11418
11427
11557
13975
13976
13979
13980
11419
11428
11558
13982
13983
13986
13987
14008
14010
14012
13989
14007
14008
14010
13638
13994
14007
14014
14015
14017
13645
14014
14021
14022
14024
16614
13654
14029
14030
14032
16615
13661
14001
14029
14036
14037
14039
11425
11436
11564
14036
14038
14040
14042
11426
11437
11565
11427
11438
11566
11428
11439
11567
11429
11440
11568
11430
11441
11569
14008
14009
14012
14013
11431
11442
11570
14015
14016
14019
14020
14044
14046
14048
13668
14022
14043
14044
14046
13675
14027
14043
14050
14051
14053
13681
14050
14057
16618
13689
14030
14062
14063
14065
16620
13696
14037
14062
14069
14070
14072
11437
11448
11575
14069
14071
14073
14075
11438
11449
11576
11439
11450
11577
11440
11451
11578
11441
11452
11579
11442
11453
11580
11443
11454
11581
11444
11455
11582
14044
14045
14048
14049
11445
11456
11583
14051
14052
14055
14056
14077
14079
14081
14444
14445
14446
13703
14057
14076
14077
14079
13717
14063
14085
14089
14090
14092
11448
11460
11586
14070
14071
14074
14075
14089
14091
14093
14095
11449
11461
11587
11450
11462
11588
11451
11463
11589
11452
11464
11590
11453
11465
11591
11454
11466
11592
11455
11467
11593
11456
11468
11594
11457
11469
11595
14097
14099
14101
13724
14077
14096
14097
14099
13731
14083
14096
14103
14104
14106
13745
14090
14109
14115
14116
14118
11461
11474
11599
14115
14117
14119
14121
11462
11475
11600
11463
11476
11601
11464
11477
11602
11465
11478
11603
11466
11479
11604
11467
11480
11605
11468
11481
11606
11469
11482
11607
11470
11483
11608
14123
14125
14127
14097
14122
14123
14125
13752
14104
14122
14129
14130
14132
13762
14110
14137
14138
14140
17893
11474
11488
11612
14116
14117
14120
14121
14137
14139
14141
14143
11475
11489
11613
11476
11490
11614
11477
11491
11615
11478
11492
11616
11479
11493
11617
11480
11494
11618
11481
11495
11619
11482
11496
11620
11483
11497
11621
11484
11498
11622
11485
11499
11623
14123
14124
14127
14128
14145
14147
14149
13769
14130
14144
14145
14147
13776
14136
14144
14151
13780
14138
14152
14154
17905
11489
11502
11626
13786
13787
13788
13789
14152
14153
14155
14156
14169
14172
14173
11490
11503
11627
11491
11504
11628
11492
11505
11629
11493
11506
11630
11494
11507
11631
11495
11508
11632
11496
11509
11633
11497
11510
11634
11498
11511
11635
11499
11512
11636
11500
11513
11637
14158
14160
14162
14176
14179
14180
13793
14145
14157
14158
14160
13800
14151
14157
14164
13809
14165
14169
14170
14172
11504
11516
11640
14169
14171
14173
14175
14198
14201
14202
11505
11517
11641
11506
11518
11642
11507
11519
11643
11508
11520
11644
11509
11521
11645
11510
11522
11646
11511
11523
11647
11512
11524
11648
11513
11525
11649
14177
14179
14181
14205
14208
14209
14176
14177
14179
13816
14158
14176
14183
14184
14186
13827
14170
14189
14191
14192
14194
13834
14191
14198
14199
14201
11518
11529
11654
14198
14200
14202
14204
14230
14233
14234
11519
11530
11655
14237
14240
14241
11520
11531
11656
11521
11532
11657
11522
11533
11658
11523
11534
11659
14244
14247
14248
11524
11535
11660
14251
14254
14255
11525
11536
11661
14206
14208
14210
14258
14261
14262
14566
14567
14568
14205
14206
14208
13841
14177
14205
14212
14213
14215
13848
14184
14212
14219
13858
14199
14220
14223
14224
14226
13865
14223
14230
14231
14233
13872
14230
14237
14238
14240
11532
11541
11667
14237
14239
14241
14243
11533
11542
11668
14284
14287
14288
11534
11543
11669
14245
14247
14249
14291
14294
14295
14608
14609
14610
14244
14245
14247
13879
14244
14251
14252
14254
13886
14251
14258
14259
14261
13893
14206
14258
14265
14266
14267
13899
14213
14265
16623
13906
14231
14270
14272
14274
16625
13913
14238
14272
14277
14278
14280
11542
11676
14277
14279
14281
14283
14285
14287
14289
14648
14649
14650
16626
14284
14285
14287
14284
14291
14292
14294
13920
14245
14291
14297
14298
16629
13925
14252
14297
14300
14301
16632
13928
14259
14300
16635
13956
14319
14320
14322
16638
13963
14304
14319
14326
14327
14329
13970
14308
14326
14333
14334
14336
13977
14312
14333
14340
14341
14343
13984
14316
14340
14347
14348
14350
13991
14347
14354
14356
16639
14003
14363
14364
14366
16641
14320
14363
14370
14371
14373
11556
11565
11689
14327
14328
14331
14332
14370
14372
14374
14376
11557
11566
11690
14334
14335
14338
14339
11558
11567
11691
14341
14342
14345
14346
11559
11568
11692
14348
14349
14352
14353
14378
14380
14382
14010
14354
14377
14378
14380
14017
14359
14377
14384
14385
14387
14024
14384
14391
14393
16643
14032
14398
14399
14401
16644
14039
14364
14398
14405
14406
14408
11565
11575
11698
14371
14372
14375
14376
14405
14407
14409
14411
11566
11576
11699
11567
11577
11700
11568
11578
11701
11569
11579
11702
11570
11580
11703
14378
14379
14382
14383
11571
11581
11704
14385
14386
14389
14390
14413
14415
14417
14046
14391
14412
14413
14415
14053
14396
14412
14419
14420
14422
14065
14399
14430
14431
14433
16646
14072
14406
14430
14437
14438
14440
11576
11587
11709
14437
14439
14441
14443
11577
11588
11710
11578
11589
11711
11579
11590
11712
11580
11591
11713
11581
11592
11714
11582
11593
11715
11583
11594
11716
14413
14414
14417
14418
14445
14447
14449
14420
14444
14445
14447
14079
14426
14444
14451
14452
14454
14092
14431
14460
14464
14465
14467
11587
11599
11720
14438
14439
14442
14443
14464
14466
14468
14470
11588
11600
11721
11589
11601
11722
11590
11602
11723
11591
11603
11724
11592
11604
11725
11593
11605
11726
11594
11606
11727
11595
11607
11728
11596
11608
11729
14445
14446
14449
14450
14472
14474
14476
14099
14452
14471
14472
14474
14106
14458
14471
14478
14480
16648
14118
14465
14482
14488
14489
14491
11600
11613
11733
14488
14490
14492
14494
11601
11614
11734
11602
11615
11735
11603
11616
11736
11604
11617
11737
11605
11618
11738
11606
11619
11739
11607
11620
11740
11608
11621
11741
11609
11622
11742
14496
14498
14500
14125
14472
14495
14496
14498
14132
14478
14495
14502
14503
14505
14140
14483
14509
14510
14512
17952
11613
11626
11746
14489
14490
14493
14494
14509
14511
14513
14515
11614
11627
11747
11615
11628
11748
11616
11629
11749
11617
11630
11750
11618
11631
11751
11619
11632
11752
11620
11633
11753
11621
11634
11754
11622
11635
11755
11623
11636
11756
11624
11637
11757
14496
14497
14500
14501
14517
14519
14521
14147
14503
14516
14517
14519
14154
14510
14523
14525
17966
11627
11639
11760
14523
14524
14526
14527
14539
14542
14543
11628
11640
11761
11629
11641
11762
11630
11642
11763
11631
11643
11764
11632
11644
11765
11633
11645
11766
11634
11646
11767
11635
11647
11768
11636
11648
11769
11637
11649
11770
11638
11650
11771
14529
14531
14533
14546
14549
14550
14864
14865
14866
14160
14517
14528
14529
14531
14172
14535
14539
14540
14542
11641
11653
11774
14539
14541
14543
14545
11642
11654
11775
11643
11655
11776
11644
11656
11777
11645
11657
11778
11646
11658
11779
11647
11659
11780
11648
11660
11781
11649
11661
11782
14566
14569
14570
11650
11662
11783
14547
14549
14551
14573
14576
14577
14179
14546
14547
14549
14186
14529
14546
14553
14554
14555
14194
14540
14557
14559
14560
14562
11654
11664
11787
14201
14202
14203
14204
14559
14561
14563
14565
14587
14590
14591
11655
11665
11788
14594
14597
14598
11656
11666
11789
14601
14604
14605
11657
11667
11790
11658
11668
11791
11659
11669
11792
14608
14611
14612
11660
11670
11793
14615
14618
14619
11661
11671
11794
14567
14569
14571
14622
14625
14626
14566
14567
14569
14208
14566
14573
14574
14576
14215
14547
14573
14580
14581
14582
14226
14585
14587
14588
14590
14233
14587
14594
14595
14597
14240
14594
14601
14602
14604
11668
11676
11801
14601
14603
14605
14607
14648
14651
14652
11669
11677
11802
14609
14611
14613
14655
14658
14659
14608
14609
14611
14247
14608
14615
14616
14618
14254
14615
14622
14623
14625
14261
14567
14622
14629
14630
14632
14267
14574
14629
14635
14636
16650
14274
14595
14637
14639
14640
16653
14280
14602
14639
14642
14643
14645
14642
14648
14649
14651
14287
14648
14655
14656
14658
14294
14609
14655
14661
14662
16655
14298
14616
14661
14664
14665
16658
14301
14623
14664
16661
14322
14681
14682
14684
16664
14329
14667
14681
14688
14689
14691
14336
14671
14688
14695
14696
14698
14343
14675
14695
14702
14703
14705
11686
11692
11818
14350
14351
14352
14353
14702
14704
14706
14708
14709
14711
14712
16666
14356
14709
14711
16669
14366
14718
14719
14721
16672
11689
11698
11821
14373
14374
14375
14376
14682
14683
14686
14687
14718
14720
14722
14724
15039
15040
15041
11690
11699
11822
14689
14690
14693
14694
11691
11700
11823
14696
14697
14700
14701
11692
11701
11824
14703
14704
14707
14708
11693
11702
11825
14726
14728
14730
14380
14709
14725
14726
14728
14387
14714
14725
14732
14733
14735
14393
14732
14739
14741
16674
14401
14746
14747
14408
14719
14746
14752
14753
14755
11699
11709
11830
14752
14754
14756
14758
11700
11710
11831
11701
11711
11832
11702
11712
11833
11703
11713
11834
11704
11714
11835
14726
14727
14730
14731
11705
11715
11836
14733
14734
14737
14738
14760
14762
14764
14415
14739
14759
14760
14762
14422
14744
14759
14766
14767
14769
14433
14747
14777
14778
14780
16677
14440
14753
14777
14784
14785
14787
11710
11721
11841
14784
14786
14788
14790
11711
11722
11842
11712
11723
11843
11713
11724
11844
11714
11725
11845
11715
11726
11846
11716
11727
11847
11717
11728
11848
14760
14761
14764
14765
11718
11729
11849
14447
14448
14449
14450
14767
14768
14771
14772
14792
14794
14796
15111
15112
15113
14454
14773
14791
14792
14794
14467
14778
14799
14803
14804
14806
11721
11733
11852
14785
14786
14789
14790
14803
14805
14807
14809
11722
11734
11853
11723
11735
11854
11724
11736
11855
11725
11737
11856
11726
11738
11857
11727
11739
11858
11728
11740
11859
11729
11741
11860
11730
11742
11861
14811
14813
14815
14474
14792
14810
14811
14813
14480
14798
14810
14817
14818
16679
14491
14804
14820
14825
14826
14828
11734
11747
11865
14825
14827
14829
14831
11735
11748
11866
11736
11749
11867
11737
11750
11868
11738
11751
11869
11739
11752
11870
11740
11753
11871
11741
11754
11872
11742
11755
11873
11743
11756
11874
14833
14835
14837
14498
14811
14832
14833
14835
14505
14817
14832
14839
14840
14842
14512
14821
14846
14847
14849
18027
11747
11760
11878
14826
14827
14830
14831
14846
14848
14850
14852
11748
11761
11879
11749
11762
11880
11750
11763
11881
11751
11764
11882
11752
11765
11883
11753
11766
11884
11754
11767
11885
11755
11768
11886
11756
11769
11887
11757
11770
11888
11758
11771
11889
14833
14834
14837
14838
14854
14856
14858
14864
14867
14868
14519
14840
14853
14854
14856
14525
14847
14860
16682
11761
11773
14860
14861
14862
14863
14881
14884
14885
11762
11774
11891
11763
11775
11892
11764
11776
11893
11765
11777
11894
11766
11778
11895
11767
11779
11896
11768
11780
11897
11769
11781
11898
11770
11782
11899
11771
11783
11900
14865
14867
14869
14864
14865
14867
14531
14854
14864
14871
14872
14874
14542
14877
14881
14882
14884
11775
11787
14881
14883
14885
14887
11776
11788
11903
11777
11789
11904
11778
11790
11905
11779
11791
11906
11780
11792
11907
11781
11793
11908
11782
11794
11909
11783
11795
11910
14905
14908
14909
11784
11796
11911
14889
14891
14893
14912
14915
14916
15187
15188
15189
14549
14865
14888
14889
14891
14555
14872
14888
14895
14896
16685
14562
14882
14898
14899
14901
16688
11788
11798
14898
14900
14902
14904
14926
14929
14930
11789
11799
14933
14936
14937
11790
11800
11914
14940
14943
14944
11791
11801
11915
11792
11802
11916
11793
11803
11917
14947
14950
14951
11794
11804
11918
14954
14957
14958
11795
11805
11919
14906
14908
14910
14961
14964
14965
14569
14905
14906
14908
14576
14905
14912
14913
14915
14582
14889
14912
14919
14920
14921
14590
14924
14926
14927
14929
14597
14926
14933
14934
14936
14604
14933
14940
14941
14943
11802
11810
11924
14940
14942
14944
14946
14980
14981
14982
15226
15227
15228
11803
11811
11925
14948
14950
14952
14983
14984
14985
15233
15234
15235
14611
14947
14948
14950
14618
14947
14954
14955
14957
14625
14954
14961
14962
14964
14632
14906
14961
14968
14969
14970
14636
14913
14968
14972
16689
14640
14934
14973
14974
14975
16692
14645
14941
14974
14977
14978
16693
14651
14977
14980
14981
16696
14658
14980
14983
14984
16699
14662
14948
14983
14986
14987
16702
14665
14955
14986
14989
16705
14684
15002
15003
15005
16708
14691
14990
15002
15009
15010
15012
14698
14994
15009
15016
15017
15019
11818
11824
11939
14705
14706
14707
14708
14998
14999
15016
15018
15020
15022
16711
11819
11825
11940
15023
15025
15026
16714
14711
15023
15025
16717
14721
15032
15033
15035
16720
15003
15032
15039
15040
15042
11823
11831
11944
15010
15011
15014
15015
15039
15041
15043
15045
15313
15314
15315
11824
11832
11945
15017
15018
15021
15022
11825
11833
11946
11826
11834
11947
15047
15049
15051
14728
15023
15046
15047
15049
14735
15028
15046
15053
15054
15056
14741
15053
15060
15062
16722
14755
15033
15067
15073
15074
15076
11831
11841
15040
15041
15044
15045
15073
15075
15077
15079
11832
11842
11951
11833
11843
11952
11834
11844
11953
11835
11845
11954
11836
11846
11955
15047
15048
15051
15052
11837
11847
11956
15054
15055
15058
15059
15081
15083
15085
14762
15060
15080
15081
15083
14769
15065
15080
15087
15088
15090
14780
15068
15097
15098
15100
16725
14787
15074
15097
15104
15105
15107
11842
11853
15104
15106
15108
15110
11843
11854
11844
11855
11959
11845
11856
11960
11846
11857
11961
11847
11858
11962
11848
11859
11963
11849
11860
11964
15081
15082
15085
15086
15112
15114
15116
15088
15111
15112
15114
14794
15094
15111
15118
15119
15121
14806
15098
15125
15127
15128
15130
11853
11865
15105
15106
15109
15110
15127
15129
15131
15133
11854
11866
11855
11867
11856
11868
11967
11857
11869
11968
11858
11870
11969
11859
11871
11970
11860
11872
11971
11861
11873
11972
11862
11874
11973
15112
15113
15116
15117
15135
15137
15139
15371
15372
15373
14813
15119
15134
15135
15137
14818
15134
15141
15142
16727
14828
15128
15144
15146
15147
15149
11866
11879
15146
15148
15150
15152
11867
11880
11868
11881
11869
11882
11976
11870
11883
11977
11871
11884
11978
11872
11885
11979
11873
11886
11980
11874
11887
11981
11875
11888
11982
15154
15156
15158
14835
15135
15153
15154
15156
14842
15141
15153
15160
15162
16730
14849
15165
15166
18083
11879
15147
15148
15151
15152
15165
15167
11880
11891
11881
11892
11882
11893
11883
11894
11985
11884
11895
11986
11885
11896
11987
11886
11897
11988
11887
11898
11989
11888
11899
11990
11889
11900
11991
11890
11901
11992
15154
15155
15158
15159
15169
15171
15173
15175
15178
15179
14856
15160
15168
15169
15171
11892
11893
11903
11894
11904
11895
11905
11994
11896
11906
11995
11897
11907
11996
11898
11908
11997
11899
11909
11998
11900
11910
11999
11901
11911
12000
15176
15178
15180
15187
15190
15191
14867
15175
15176
15178
14874
15169
15175
15182
15183
15184
11904
11905
11914
11906
11915
12003
11907
11916
12004
11908
11917
12005
11909
11918
12006
11910
11919
12007
11911
11920
12008
15188
15190
15192
15202
15205
15206
15187
15188
15190
14891
15176
15187
15194
15195
15197
14896
15183
15194
15201
16733
11915
11923
15219
15222
15223
11916
11924
12012
15226
15229
15230
11917
11925
12013
15233
15236
15237
11918
11926
12014
15240
15243
15244
11919
11927
12015
15247
15250
15251
11920
11928
12016
15203
15205
15207
15254
15257
15258
14908
15202
15203
15205
14915
15188
15202
15209
15210
15212
14921
15195
15209
15216
15217
16736
14943
15219
15220
15222
15219
15226
15227
15229
15226
15233
15234
15236
14950
15233
15240
15241
15243
14957
15240
15247
15248
15250
14964
15247
15254
15255
15257
14970
15203
15254
15261
15262
16739
14972
15210
15261
15264
16742
14978
15220
15265
15266
16745
14981
15227
15265
15268
15269
16748
14984
15234
15268
15271
15272
16751
14987
15241
15271
15274
15275
16754
14989
15248
15274
15277
16757
15005
15289
15290
16760
15012
15278
15289
15292
15293
15295
11939
11945
15019
15020
15021
15022
15282
15283
15284
15285
15292
15294
15296
15298
11940
11946
15286
15287
16763
11941
11947
15299
15301
15302
16766
19368
15025
15299
15301
16769
15035
15307
15308
16772
15042
15290
15307
15310
15311
15293
15310
15313
15314
15316
11946
11952
15313
15315
15317
15319
11947
11953
11948
11954
15321
15323
15325
19370
15049
15299
15320
15321
15323
15056
15304
15320
15327
15328
15330
15062
15327
15334
15336
16775
11952
15314
15315
15318
15319
11953
11959
11954
11960
11955
11961
19374
11956
11962
15321
15322
15325
15326
19375
11957
11963
15328
15329
15332
15333
15342
15344
15346
19376
15083
15334
15341
15342
15344
15090
15339
15341
15348
15349
15351
11960
11967
11961
11968
11962
11969
19379
11963
11970
19380
11964
11971
19381
11965
11972
15342
15343
15346
15347
15358
15360
15362
19382
15114
15349
15357
15358
15360
15121
15355
15357
15364
15365
15367
11968
11976
11969
11977
11970
11978
19385
11971
11979
19386
11972
11980
19387
11973
11981
15372
15374
15376
19388
15358
15371
15372
15374
15137
15365
15371
15378
15379
15381
15142
15378
15385
15386
16778
11977
11985
11978
11986
11979
11987
19392
11980
11988
19393
11981
11989
19394
11982
11990
19395
11983
11991
15372
15373
15376
15377
15389
15391
15393
19396
15156
15379
15388
15389
15391
15162
15385
15388
15395
15396
15398
11986
11994
11987
11995
11988
11996
19399
11989
11997
19400
11990
11998
19401
11991
11999
19402
11992
12000
19403
11993
12001
15389
15390
15393
15394
15403
15405
15407
15409
15412
15413
19404
15171
15396
15402
15403
15405
11995
12003
11996
12004
11997
12005
19406
11998
12006
19407
11999
12007
19408
12000
12008
19409
12001
12009
15410
15412
15414
19410
15178
15409
15410
15412
15184
15403
15409
15416
15417
15418
12004
12012
12005
12013
12006
12014
19413
12007
12015
19414
12008
12016
19415
12009
12017
15429
15432
15433
19416
12010
12018
15190
15191
15192
15193
15422
15424
15426
15436
15439
15440
19417
19573
19574
19575
15197
15410
15421
15422
15424
15201
15417
15421
15428
16781
12013
12020
15446
15449
15450
12014
12021
15453
15456
15457
12015
12022
15460
15463
15464
19420
12016
12023
15467
15470
15471
19421
12017
12024
15430
15432
15434
15474
15477
15478
19422
15205
15429
15430
15432
15212
15429
15436
15437
15439
15217
15422
15436
15443
15444
16784
15229
15446
15447
15449
15236
15446
15453
15454
15456
15243
15453
15460
15461
15463
15250
15460
15467
15468
15470
15257
15467
15474
15475
15477
15262
15430
15474
15481
15482
16787
15269
15447
15484
15485
16790
15272
15454
15484
15487
15488
16793
15275
15461
15487
15490
15491
16796
15277
15468
15490
15493
16799
15491
15494
16808
19606
19630
15493
15494
16811
19613
19632
12034
12139
12034
12036
12140
18161
12037
12141
12038
12040
12147
18162
12037
12038
18165
12039
12151
12039
12043
12152
12044
12153
12042
12043
12159
18167
12042
12047
12160
18170
12045
12048
12161
12044
12045
12046
12166
12046
12051
12167
12052
12168
12048
12049
18173
12050
12051
12178
12050
12060
12179
18176
12053
12061
12180
12052
12053
12054
12185
12054
12067
12186
12068
12187
12056
12060
12192
18181
12062
12071
12193
18184
12059
12061
12059
12062
18179
12063
12065
12073
12061
12062
12063
12067
12198
12063
12076
12199
12069
12077
12200
12066
12068
12066
12069
12070
12080
12068
12069
12070
12070
12083
12084
12072
12076
12205
18186
12078
12207
18187
12075
12077
12075
12078
17670
12079
12081
12094
17672
12077
12078
12079
12083
12212
12079
12096
12213
12085
12097
12214
12082
12084
12082
12085
12086
12088
12100
12084
12085
12086
12090
12219
12086
12103
12220
12092
12104
12221
12089
12091
12089
12092
12093
12107
12091
12092
12093
12093
12110
12111
12095
12097
17701
12099
12101
18191
12097
12098
18188
12099
12103
12232
12099
12114
12233
18189
12105
12115
12234
12102
12104
12102
12105
17675
12106
12108
12117
12104
12105
12106
12110
12239
12106
12119
12240
12112
12120
12241
12109
12111
12109
12112
12113
12123
12111
12112
12113
12113
12126
12127
12115
16814
12116
12119
12252
18197
12121
12254
16816
12118
12120
17678
12122
12124
16819
12120
12121
12122
12126
12259
12122
12130
12260
18202
12128
12131
12261
12125
12127
12125
12128
17681
12129
12133
12127
12128
12129
12266
12129
12134
12267
12135
12268
12131
18208
12132
12134
12284
18217
12136
12286
16822
12135
17684
12135
12136
12137
12291
12137
12292
18223
12138
12293
18226
12318
18235
12141
12143
12141
12144
18244
12145
12151
12143
12144
12145
12364
12145
12154
12365
18247
12155
12366
12147
12148
18245
12150
12152
12159
18248
12150
12154
12379
18252
12150
12162
12380
18250
12156
12163
12381
12153
12155
12153
12156
12157
12166
12155
12156
12157
12386
12157
12169
12387
12170
12388
12164
12175
12394
18262
12161
12163
12161
12164
18253
12165
12167
12178
12163
12164
18256
12165
12169
12398
12165
12181
12399
12171
12182
12400
12168
12170
12168
12171
12172
12185
12170
12171
12172
12405
12172
12188
12406
12189
12407
12174
12175
17703
12177
12179
12192
18268
12177
12181
12412
18271
12177
12194
12413
18265
12183
12195
12414
12180
12182
12180
12183
12184
12186
12198
12182
12183
12184
12188
12419
12184
12201
12420
12190
12202
12421
12187
12189
12187
12190
12191
12189
12190
12191
12191
12193
12195
17706
12197
12199
12205
18276
12195
12196
17709
12197
12201
12429
12197
12208
12430
18274
12203
12209
12431
12200
12202
12200
12203
12204
12212
12202
12203
12204
12436
12204
12215
12437
12216
12438
12207
12209
17712
12207
12210
12211
12213
12226
12209
12210
18278
12211
12215
12447
12211
12228
12448
12217
12229
12449
12214
12216
12214
12217
12218
12220
12232
12216
12217
12218
12222
12454
12218
12235
12455
12224
12236
12456
12221
12223
12221
12224
12225
12239
12223
12224
12225
12225
12242
12243
12227
12229
12231
12233
12246
18190
12229
12230
12231
12235
12467
12231
12248
12468
18280
12237
12249
12469
12234
12236
12234
12237
12238
12240
12252
12236
12237
12238
12242
12474
12238
12255
12475
12244
12256
12476
12241
12243
12241
12244
12245
12259
12243
12244
12245
12245
12262
12263
12247
12249
18193
12251
12253
12273
18195
12249
12250
17713
12251
12255
12487
12251
12274
12488
18282
12257
12275
12489
12254
12256
12254
12257
18199
12258
12260
12277
12256
12257
12258
12262
12258
12280
12264
12281
12261
12263
12261
12264
12265
12267
12284
12263
12264
12265
12269
12265
12287
12271
12288
12268
12270
12268
12271
12272
12291
12270
12271
12272
12272
12294
12295
12275
18205
12275
16825
12276
12280
12497
12282
12305
12499
18284
12279
12281
18211
12279
12282
18287
12283
12285
12306
18214
12281
12282
12283
12287
12504
12283
12307
12505
12289
12308
12506
12286
12288
12286
12289
18220
12290
12292
12311
12288
12289
12290
12294
12290
12314
12296
12315
12293
12295
12293
12296
12297
12299
12318
12295
12296
12297
12301
12297
12321
12303
12322
12300
12302
12300
12303
12304
12325
12302
12303
12304
12304
12328
12329
12307
12513
16827
12308
18229
12308
12309
17714
12310
12314
12520
12310
12335
12521
18292
12316
12336
12522
18298
12313
12315
18232
12313
12316
17717
12317
12319
16830
12315
12316
12317
12321
12527
12317
12337
12528
12323
12338
12529
12320
12322
12320
12323
18238
12324
12326
12341
18241
12322
12323
12324
12328
12324
12342
12330
12343
12327
12329
12327
12330
17690
12331
12332
12346
12329
12330
12331
12333
12331
12347
12334
12348
12334
12334
12351
12534
12336
18301
12337
12545
18304
12338
12339
17720
12340
12342
12552
18316
12340
12553
18310
12344
12554
16833
12343
16836
12343
12344
17723
12345
12347
12559
12345
12560
16839
12349
12561
16842
12348
16845
12348
12349
12350
12351
12566
12350
12567
16848
12352
12568
18319
12352
12353
12573
18322
17726
12355
12357
12364
18341
12360
12368
12613
18342
12358
12359
17729
12358
12360
17731
12361
12371
12361
12615
18345
12361
12374
12616
18348
12375
12617
12363
12365
12379
12369
12383
12639
18350
12366
12368
12366
12369
12370
12372
12386
12368
12369
18344
12370
12374
12641
12370
12389
12642
12376
12390
12643
12373
12375
12373
12376
12377
12375
12376
12377
12648
12377
12649
12650
12384
12395
12669
18352
12381
12383
12381
12384
18354
12385
12387
12398
12383
12384
18351
12385
12389
12671
12385
12401
12672
12391
12402
12673
12388
12390
12388
12391
12392
12405
12390
12391
12392
12678
12392
12408
12679
12409
12680
12394
12395
18259
12397
12399
12412
18356
12397
12401
12685
18362
12397
12415
12686
18359
12403
12416
12687
12400
12402
12400
12403
12404
12406
12419
12402
12403
12404
12408
12692
12404
12422
12693
12410
12423
12694
12407
12409
12407
12410
12411
12409
12410
12411
12411
12414
12416
12414
12417
18365
12418
12420
12429
12416
12417
18368
12418
12422
12702
12418
12432
12703
18371
12424
12433
12704
12421
12423
12421
12424
12425
12436
12423
12424
12425
12709
12425
12439
12710
12440
12711
12428
12430
12443
18377
12428
12432
12716
18379
12434
12445
12717
18382
12431
12433
12431
12434
12435
12437
12447
12433
12434
12435
12439
12721
12435
12450
12722
12441
12451
12723
12438
12440
12438
12441
12442
12454
12440
12441
12442
12442
12457
12458
12444
12445
17733
12446
12448
12461
18279
12446
12450
12728
18384
12452
12464
12730
18386
12449
12451
12449
12452
12453
12455
12467
12451
12452
12453
12457
12735
12453
12470
12736
12459
12471
12737
12456
12458
12456
12459
12460
12474
12458
12459
12460
12460
12477
12478
12462
12464
12466
12468
12481
12464
12465
12466
12470
12743
12466
12483
12744
12472
12484
12745
12469
12471
12469
12472
12473
12475
12487
12471
12472
12473
12477
12750
12473
12490
12751
12479
12491
12752
12476
12478
12476
12479
12480
12478
12479
12480
12480
12482
12484
18281
12486
12488
12494
18388
12484
12485
12486
12490
12759
12486
12760
12492
12495
12761
12489
12491
12489
12492
12493
12497
12491
12492
12493
12493
12500
12501
12495
16851
12496
12500
12766
18391
12502
12511
12768
18389
12499
12501
12499
12502
18290
12503
12505
12513
12501
12502
12503
12507
12773
12503
12516
12774
12509
12517
12775
12506
12508
12506
12509
12510
12520
12508
12509
12510
12510
12523
12524
12512
12516
12780
18392
12518
12781
18395
12515
12517
12515
12518
18398
12519
12521
12539
18295
12517
12518
12519
12523
12786
12519
12541
12787
12525
12542
12788
12522
12524
12522
12525
12526
12528
12545
12524
12525
12526
12530
12526
12548
12532
12549
12529
12531
12529
12532
12533
12552
12531
12532
12533
12533
12555
12556
12537
12536
12537
12538
12538
12574
12575
12540
12542
17734
12544
12546
18401
12542
12543
17737
12544
12548
12796
12544
12797
18404
12550
12578
12798
12547
12549
12547
12550
18307
12551
12553
12579
18313
12549
12550
12551
12555
12803
12551
12580
12804
12557
12581
12805
12554
12556
12554
12557
12558
12560
12584
12556
12557
12558
12562
12558
12585
12564
12586
12561
12563
12561
12564
12565
12567
12589
12563
12564
12565
12569
12810
12565
12591
12811
12571
12592
12812
12568
12570
12568
12571
12572
12573
12595
12570
12571
12572
12574
12817
12572
12598
12818
12576
12599
12819
12576
12575
12576
12577
12824
12577
12603
12825
12604
12826
12580
12831
18406
12581
18325
12581
12582
12583
12585
12837
12583
12838
18408
12587
12839
18410
12586
16852
12586
12587
12588
12591
12844
12588
12845
18412
12593
12846
18414
12590
12592
18328
12594
12596
18415
12592
12593
12594
12598
12851
12594
12607
12852
18416
12600
12608
12853
12597
12599
18330
12597
12600
18333
12601
12602
18335
12599
12600
12601
12603
12858
12601
12609
12859
12605
12610
12860
12605
18338
12604
12605
12606
12865
12606
12611
12866
12612
12867
12608
12609
12888
18419
12610
16854
12611
12893
18420
12612
16856
12898
17687
12614
12616
12641
18429
12619
12645
12908
18431
12617
12618
18423
12617
12619
17742
12620
12622
12648
12620
12624
19365
12620
12651
12910
18434
12626
12652
12911
12623
12625
18426
12623
12626
12627
12629
12655
12625
12626
17757
12627
12631
18427
12627
12658
12914
12633
12659
12915
12630
12632
12630
12633
12634
12635
12632
12633
17741
12634
12634
12918
12637
12919
12636
12637
12638
12662
12638
12665
12922
12666
12640
12642
12671
18437
12646
12675
12925
18439
12643
12645
12643
12646
12647
12649
12678
12645
12646
18433
12647
12651
12929
12647
12681
12930
12653
12682
12931
12650
12652
12650
12653
12654
12656
12652
12653
12654
12658
12936
12654
12937
12660
12938
12657
12659
12657
12660
12661
12659
12660
12661
12943
12661
12944
12945
12664
12666
12664
12667
12668
12666
12667
12668
12957
12668
12958
12959
12670
12672
12685
18440
12676
12689
12967
18442
12673
12675
12673
12676
12677
12679
12692
12675
12676
18445
12677
12681
12970
12677
12695
12971
12683
12696
12972
12680
12682
12680
12683
12684
12682
12683
12684
12977
12684
12978
12979
12687
12689
17745
12687
12690
18447
12691
12693
12702
12689
12690
18450
12691
12695
13001
12691
12705
13002
18453
12697
12706
13003
12694
12696
12694
12697
12698
12709
12696
12697
12698
13008
12698
12712
13009
12713
13010
12701
12703
12716
18374
12701
12705
13026
18456
12707
12718
13027
18459
12704
12706
12704
12707
12708
12710
12721
12706
12707
12708
12712
13031
12708
12724
13032
12714
12725
13033
12711
12713
12711
12714
12715
12713
12714
12715
12715
12717
12718
17748
12720
12722
12728
18465
12720
12724
13042
18468
12720
12731
13043
18462
12726
12732
13044
12723
12725
12723
12726
12727
12735
12725
12726
12727
13049
12727
12738
13050
12739
13051
12730
12732
12730
12733
18387
12734
12736
12743
12732
12733
18471
12734
12738
13059
12734
12746
13060
18473
12740
12747
13061
12737
12739
12737
12740
12741
12750
12739
12740
12741
12741
12753
12754
12748
12757
13067
12745
12747
12745
12748
12749
12751
12759
12747
12748
18477
12749
12753
13070
12749
12762
13071
12755
12763
13072
12752
12754
12752
12755
12756
12754
12755
12756
12756
12758
12762
13077
12764
13078
12761
12763
12761
12764
12765
12766
12763
12764
12765
13081
12765
12769
13082
12770
13083
12768
12770
12768
12771
18478
12772
12774
12780
12770
12771
18480
12772
12776
13092
12772
12782
13093
18481
12778
12783
13094
12775
12777
12775
12778
12779
12786
12777
12778
12779
12779
12789
12790
12781
12783
12785
12787
12793
18489
12783
12784
18483
12785
12789
13100
12785
13101
18486
12791
12794
13102
12788
12790
12788
12791
12792
12796
12790
12791
12792
13107
12792
12799
13108
12800
13109
12794
17751
12795
12799
13114
18494
12801
13115
18497
12798
12800
12798
12801
18492
12802
12804
12831
12800
12801
12802
12806
13120
12802
12833
13121
12808
12834
13122
12805
12807
12805
12808
12809
12837
12807
12808
12809
12809
12840
12841
12812
12814
12812
12815
12816
12818
12851
12814
12815
12816
12820
12816
12854
12822
12855
12819
12821
12819
12822
12823
12825
12858
12821
12822
12823
12827
12823
12861
12829
12862
12826
12828
12826
12829
12830
12865
12828
12829
12830
12830
12868
12869
12832
12834
12836
12838
18500
12834
12835
18499
12836
12840
13129
12836
13130
12842
12879
13131
12839
12841
12839
12842
12843
12845
12880
12841
12842
12843
12847
13136
12843
12881
13137
12849
12882
13138
12846
12848
12846
12849
12850
12852
12883
12848
12849
12850
12854
13143
12850
12884
13144
12856
12885
13145
12853
12855
12853
12856
12857
12859
12888
12855
12856
12857
12861
13150
12857
12889
13151
12863
12890
13152
12860
12862
12860
12863
12864
12866
12893
12862
12863
12864
12868
13157
12864
12894
13158
12870
12895
13159
12867
12869
12867
12870
12871
12873
12898
12869
12870
12871
12875
13164
12871
12899
13165
12877
12900
13166
12874
12876
12874
12877
12878
12903
12876
12877
12878
13171
12878
12904
13172
12905
13173
12881
13185
12882
18417
12882
16859
12884
13187
16860
12885
16862
12885
12886
12887
12889
13193
12887
13194
18501
12891
13195
18503
12890
16863
12890
12891
12892
12894
13200
12892
13201
18505
12896
13202
16864
12895
16866
12895
12896
12897
12899
13207
12897
13208
16869
12901
13209
16871
12900
16874
12900
12901
12902
12904
13214
12902
13215
18507
12906
13216
18510
12905
16877
12905
12906
12907
13221
12907
13222
16880
13223
16883
12909
12910
12929
18513
12912
12933
13242
18515
12911
12912
17754
12913
12914
12936
18518
12913
12939
13243
18521
12916
12940
13244
18523
12915
12916
17759
12917
12918
12943
18525
12917
12946
13246
18527
12920
12947
13247
18529
12919
12920
17762
12921
12922
12950
18531
12921
12953
13249
18532
12954
16886
12925
12926
12925
12927
17763
12928
12930
12970
12928
12932
13250
18538
12928
12973
13251
18537
12934
12974
13252
12931
12933
12931
12934
12935
12937
12977
12933
12934
18517
12935
12939
13255
12935
12980
13256
12941
12981
13257
12938
12940
12938
12941
12942
12944
12940
12941
12942
12946
13262
12942
13263
12948
13264
12945
12947
12945
12948
12949
12951
12947
12948
12949
12953
13269
12949
13270
12955
13271
12952
12954
12952
12955
12956
12958
12954
12955
12956
12960
13276
12956
13277
12962
13278
12959
12961
12959
12962
12963
12964
12984
12961
12962
18534
12963
12963
12987
13283
12965
12988
13284
12965
12994
12967
12968
18535
12969
12971
13001
18540
12969
12973
13287
18543
12975
13005
13288
18545
12972
12974
12972
12975
12976
12978
13008
12974
12975
12976
12980
13292
12976
13011
13293
12982
13012
13294
12979
12981
12979
12982
12983
12981
12982
12983
13299
12983
13300
13301
12986
12988
12986
12989
12990
12992
12988
12989
12990
12994
13306
12990
13307
12996
13308
12993
12995
18539
12993
12996
12997
12998
13015
12995
12996
12997
13313
16887
12997
13018
13314
12999
13019
13315
12999
17693
13022
13319
18548
13006
13028
13320
18556
13003
13005
13003
13006
18550
13007
13009
13031
13005
13006
18559
13007
13011
13322
13007
13034
13323
13013
13035
13324
13010
13012
13010
13013
13014
13012
13013
13014
13329
13014
13330
13331
13017
13019
13017
13020
13021
13019
13020
13021
13022
13336
13021
13337
13024
13338
13023
13024
13025
13343
17695
13025
13038
13344
13039
13345
13027
13028
18553
13030
13032
13042
18562
13030
13034
13352
18565
13030
13045
13353
18568
13036
13046
13354
13033
13035
13033
13036
13037
13049
13035
13036
13037
13358
13037
13052
13359
13053
13360
13039
13040
13041
13041
13044
13046
13044
13047
18571
13048
13050
13059
13046
13047
18574
13048
13052
13378
13048
13062
13379
18577
13054
13063
13380
13051
13053
13051
13054
13055
13053
13054
13055
13385
13055
13386
13387
13058
13060
13066
18475
13058
13062
13404
18580
13064
13068
13405
18583
13061
13063
13061
13064
13065
13070
13063
13064
13065
13408
13065
13073
13409
13074
13410
13067
13068
17764
13069
13071
13077
18585
13069
13073
13424
18586
13075
13079
13425
18588
13072
13074
13072
13075
13076
13081
13074
13075
13076
13428
13076
13084
13429
13085
13430
13078
13079
17765
13080
13082
13088
18590
13080
13084
13435
18591
13086
13090
13436
18593
13083
13085
13083
13086
13087
13092
13085
13086
13087
13439
13087
13095
13440
13096
13441
13089
13090
17766
13091
13093
18595
13091
13095
13446
18597
13097
13099
13447
18599
13094
13096
13094
13097
13098
13100
13096
13097
13098
13450
13098
13103
13451
13104
13452
13103
13457
18601
13102
13104
13102
13105
18604
13106
13108
13114
13104
13105
13106
13110
13461
13106
13116
13462
18607
13112
13117
13463
13109
13111
13109
13112
13113
13120
13111
13112
13113
13113
13123
13124
13115
13117
13119
13121
13127
18615
13117
13118
18610
13119
13123
13468
13119
13469
18613
13125
13128
13470
13122
13124
13122
13125
13126
13129
13124
13125
13126
13475
13126
13132
13476
13133
13477
13128
16888
13132
13482
16889
13131
13133
13131
13134
13135
13137
13185
13133
13134
13135
13139
13485
13135
13486
13141
13186
13487
13138
13140
13138
13141
13142
13144
13187
13140
13141
13142
13146
13492
13142
13189
13493
13148
13190
13494
13145
13147
13145
13148
13149
13151
13193
13147
13148
13149
13153
13499
13149
13196
13500
13155
13197
13501
13152
13154
13152
13155
13156
13158
13200
13154
13155
13156
13160
13156
13203
13162
13204
13159
13161
13159
13162
13163
13165
13207
13161
13162
13163
13167
13163
13210
13169
13211
13166
13168
13166
13169
13170
13172
13214
13168
13169
13170
13174
13170
13217
13176
13218
13173
13175
13173
13176
13177
13179
13221
13175
13176
13177
13181
13177
13224
13183
13225
13180
13182
13180
13183
13184
13228
15496
13182
13183
13184
15498
13184
13231
13232
15500
13186
13189
13520
13188
13190
13192
13194
18617
13190
13191
13192
13196
13522
13192
13523
13198
13524
16890
13195
13197
13195
13198
17767
13199
13201
16891
13197
13198
13199
13203
13529
13199
13530
16894
13205
13531
16896
13202
13204
13202
13205
17769
13206
13208
16899
13204
13205
13206
13210
13206
16902
13212
16905
13209
13211
13209
13212
17772
13213
13215
16908
13211
13212
13213
13217
13213
16911
13219
16914
13216
13218
13216
13219
17775
13220
13222
16917
13218
13219
13220
13224
13220
16920
13226
16923
13223
13225
13223
13226
17778
13227
13229
16926
13225
13226
13227
13231
13227
16929
13233
16932
13230
13232
13230
13233
17781
13234
13236
16935
13232
13233
13234
13238
13536
13234
13537
16938
13240
13538
16941
13237
13239
15497
13237
13240
17784
13241
17787
13239
13240
15500
13241
13543
15501
13241
13544
17790
13545
17793
13243
13255
16944
13244
17796
13245
13246
13262
18620
13248
13266
13247
13248
17797
13249
13269
18622
13272
16946
13252
16948
13252
13253
18630
13254
13256
13292
13254
13295
13552
18634
13260
13296
13553
18637
13257
13259
13257
13260
13261
13263
13299
13259
13260
18640
13261
13265
13555
18618
13261
13302
13556
13267
13303
13557
13264
13266
13264
13267
13268
13270
13266
13267
18621
13268
13272
13562
13268
13563
13274
13564
13271
13273
13271
13274
13275
13277
13273
13274
13275
13279
13569
18623
13275
13570
13281
13571
13278
13280
18624
13278
13281
13282
13283
13280
13281
18626
13282
18628
13282
13576
13285
13577
13284
13285
13286
13306
13286
13309
13580
18643
13310
18644
13288
13289
18632
13291
13293
13322
18645
13291
13295
13581
18651
13291
13325
13582
18648
13297
13326
13583
13294
13296
13294
13297
13298
13300
13329
13296
13297
13298
13302
13587
13298
13332
13588
13304
13333
13589
13301
13303
13301
13304
13305
13303
13304
13305
13594
13305
13595
13596
13308
13310
13308
13311
13312
13314
13310
13311
13312
13316
13615
13312
13616
13317
13617
13315
16950
13315
13317
13318
13319
13336
13317
16951
13318
13339
13622
13340
13623
16952
16954
13321
13323
13352
18657
13327
13355
13626
18660
13324
13326
13324
13327
13328
13330
13358
13326
13327
18663
13328
13332
13628
13328
13361
13629
13334
13362
13630
13331
13333
13331
13334
13335
13333
13334
13335
13335
13338
13340
13338
13341
13342
13344
13340
13341
13342
13346
13635
13342
13636
13348
13637
13345
13347
17798
13345
13348
13349
13350
13347
13348
18654
13349
13642
16956
13349
13643
13351
13644
13351
17801
13368
13649
18669
13354
13355
17804
13354
13356
18675
13357
13359
13378
13357
13361
13651
18681
13357
13381
13652
18678
13363
13382
13653
13360
13362
13360
13363
13364
13385
13362
13363
13364
13658
13364
13388
13659
13389
13660
13367
13369
18666
13367
13370
13371
13372
13369
13370
13371
13374
13672
18672
13371
13673
13375
13674
13373
13375
13376
13392
16959
13375
16962
13376
13395
13679
13396
13680
16964
13383
13406
13684
18690
13380
13382
13380
13383
18684
13384
13386
13408
13382
13383
18693
13384
13388
13686
13384
13411
13687
13390
13412
13688
13387
13389
13387
13390
13391
13389
13390
13391
13693
13391
13694
13695
13394
13396
13394
13397
13398
13399
13396
13397
13398
13401
13700
13398
13701
13402
13702
13400
13402
13403
13415
18696
13402
16966
13403
13418
13707
13419
16968
13405
13406
18687
13407
13409
13424
18698
13407
13411
13710
18701
13413
13426
13711
18704
13410
13412
13410
13413
13414
13428
13412
13413
13414
13714
13414
13431
13715
13432
13716
13417
13419
17807
13417
13420
13421
13422
13419
13420
13421
13728
16970
13421
13729
13423
13730
13423
16971
13735
13425
13426
17808
13427
13429
13435
18707
13427
13431
13736
18710
13433
13437
13738
18713
13430
13432
13430
13433
13434
13439
13432
13433
13434
13742
13434
13442
13743
13443
13744
13436
13437
17811
13438
13440
13446
18716
13438
13442
13759
18719
13444
13448
13761
18722
13441
13443
13441
13444
13445
13450
13443
13444
13445
13445
13453
13454
13447
13448
17814
13449
13451
13457
18728
13449
13453
13778
18731
13455
13459
13779
18734
13452
13454
13452
13455
13456
13461
13454
13455
13456
13783
13456
13464
13784
13465
13785
13458
13459
17817
13460
13462
16972
13460
13464
13802
18737
13466
13803
18739
13463
13465
13463
13466
13467
13468
13465
13466
13467
13806
13467
13471
13807
13472
13808
13470
13472
13470
13473
18740
13474
13476
13482
13472
13473
18742
13474
13478
13824
13474
13825
18743
13480
13483
13826
13477
13479
13477
13480
13481
13485
13479
13480
13481
13831
13481
13488
13832
13489
13833
13483
17819
13484
13488
13851
18744
13490
13852
13487
13489
13487
13490
13491
13493
13520
13489
13490
13491
13495
13855
13491
13856
13497
13521
13857
13494
13496
13494
13497
13498
13500
13522
13496
13497
13498
13502
13862
13498
13525
13863
13504
13526
13864
13501
13503
13501
13504
13505
13529
13503
13504
13505
13869
13505
13532
13870
13533
13871
13508
13510
15499
13508
13511
15500
13512
13514
13543
15501
13510
13511
13512
13516
13883
13512
13546
13884
13518
13547
13885
13515
13517
13515
13518
13519
13549
13517
13518
13519
13890
13519
13550
13891
13551
13892
13521
13525
13901
13524
13526
13524
13527
13528
13530
16974
13526
13527
13528
13532
13903
13528
13904
13534
13905
16975
13531
13533
13531
13534
17820
13535
16976
13533
13534
13535
13910
13535
13911
16979
13912
16981
13538
13540
13538
13541
17822
13542
13544
17825
13540
13541
13542
13546
13923
13542
13924
17828
13548
16984
13545
13547
13545
13548
17831
16987
13547
13548
13550
13927
16990
16993
13551
16996
13551
16999
17002
13553
17005
13554
13556
13587
18754
13560
13591
13930
18757
13557
13559
18745
13557
13560
13561
13563
13594
13559
13560
18760
13561
13565
13932
18747
13561
13597
13933
13567
13598
13934
13564
13566
18749
13564
13567
13568
13570
13601
13566
13567
18750
13568
13572
13937
18752
13568
13604
13938
13574
13605
13939
13571
13573
18753
13571
13574
13575
13576
13573
13574
13575
13575
13942
13578
13943
13577
13578
13579
13580
13608
18766
13579
13611
13946
18768
13612
13947
18769
17008
13583
13584
17834
13583
13585
17837
13586
13588
13628
13586
13590
13949
18776
13586
13631
13950
18773
13592
13632
13951
13589
13591
13589
13592
13593
13595
13591
13592
18763
13593
13597
13953
13593
13954
13599
13955
13596
13598
13596
13599
13600
13602
13598
13599
13600
13604
13960
13600
13961
13606
13962
13603
13605
13603
13606
13607
13605
13606
13607
13967
13607
13968
13969
13610
13612
13610
13613
13614
13616
13612
13613
13614
13618
13981
13614
13982
13620
13983
13617
13619
18770
13617
13620
13621
13622
13619
13620
18772
13621
13988
17010
13621
13989
13624
13990
13623
13624
13625
13635
17011
13625
13638
13994
18779
13639
13995
18780
13627
13629
13651
18789
13633
13655
13998
18795
13630
13632
13630
13633
13634
13658
13632
13633
18792
13634
14000
13634
13661
14001
13662
14002
13637
13639
13637
13640
13641
13643
13639
13640
13641
13645
14014
13641
14015
13647
14016
13644
13646
18782
13644
13647
13648
13649
13665
13646
13647
18785
13648
14021
18787
13648
13668
14022
13650
13669
14023
13650
17840
13675
14027
18801
13653
13655
17843
13653
13656
17846
13657
13659
13686
13655
13656
18806
13657
13661
14029
13657
13689
14030
18809
13663
13690
14031
13660
13662
13660
13663
13664
13693
13662
13663
13664
14036
13664
13696
14037
13697
14038
13667
13669
13667
13670
13671
13673
13669
13670
13671
13675
14043
13671
14044
13677
14045
13674
13676
18798
13674
13677
13678
13679
13676
13677
13678
13681
14050
18803
13678
14051
13682
14052
13680
13682
13683
13700
17013
13682
17014
13683
13703
14057
13704
14058
17016
13685
13687
13710
18812
13691
13712
14060
18818
13688
13690
13688
13691
13692
13694
13714
13690
13691
18815
13692
13696
14062
13692
13717
14063
13698
13718
14064
13695
13697
13695
13698
13699
13697
13698
13699
14069
13699
14070
14071
13702
13704
13702
13705
13706
13707
13721
13704
13705
13706
13708
14076
13706
13724
14077
13709
13725
14078
13709
17017
13709
13731
14083
13711
13712
17849
13713
13715
13736
18821
13713
13717
14085
18824
13719
13739
14086
18827
13716
13718
13716
13719
13720
13742
13718
13719
13720
14089
13720
13745
14090
13746
14091
13723
13725
13723
13726
13727
13729
13725
13726
13727
13731
14096
13727
14097
13733
14098
13730
13732
17852
13730
13733
13734
13735
13749
13732
13733
13734
14103
13734
13752
14104
13753
14105
13738
13739
17853
13738
13740
18830
13741
13743
13759
13741
13745
14109
18836
13741
13762
14110
18833
13747
13763
14111
13744
13746
13744
13747
13748
13746
13747
13748
14115
13748
14116
14117
13751
13753
13751
13754
13755
13756
13766
13753
13754
13755
13757
14129
13755
13769
14130
13758
13770
14131
13758
13758
13776
14136
13761
13763
13761
13764
18725
13765
13778
13763
13764
17859
13765
14137
13765
13780
14138
17862
13781
14139
13768
13770
13768
13771
13772
13774
13790
13770
13771
13772
13776
14144
13772
13793
14145
13777
13794
14146
13775
13775
13777
13797
13777
13800
14151
13779
13781
13782
13784
13802
18839
13781
17018
13782
13786
14152
13788
13804
14153
18842
13785
13787
13785
13788
13789
13806
13787
13788
13789
13789
13809
13810
13792
13794
13792
13795
13796
13798
13813
13794
13795
13796
13800
14157
13796
13816
14158
13801
13817
14159
13799
13799
13801
13801
13821
14164
13803
13804
17865
13805
13807
13822
18845
13805
13809
14165
18846
13811
13823
14166
18848
13808
13810
13808
13811
13812
13824
13810
13811
13812
14169
13812
13827
14170
13828
14171
13815
13817
13815
13818
13819
13820
13845
13817
13818
13819
13821
14183
13819
13848
14184
13849
14185
13823
13827
14189
18849
13826
13828
13826
13829
13830
13832
13851
13828
13829
13830
13834
14191
13830
14192
17021
13836
13853
14193
13833
13835
13833
13836
13837
13855
13835
13836
13837
14198
13837
13858
14199
13859
14200
13840
13842
13840
13843
13844
13846
13897
13842
13843
13844
13848
14212
13844
13899
14213
13850
13900
14214
13847
13849
13847
13850
13849
13850
13852
13853
13854
13856
13854
13858
14220
18850
13860
14221
13857
13859
13857
13860
13861
13863
13901
13859
13860
13861
13865
14223
13861
14224
13867
13902
14225
13864
13866
13864
13867
13868
13870
13903
13866
13867
13868
13872
14230
13868
13906
14231
13874
13907
14232
13871
13873
13871
13874
13875
13910
13873
13874
13875
14237
13875
13913
14238
13914
14239
13878
13880
13878
13881
13882
13884
13923
13880
13881
13882
13886
14251
13882
13925
14252
13888
13926
14253
13885
13887
13885
13888
13889
13891
13927
13887
13888
13889
13893
14258
13889
13928
14259
13895
13929
14260
13892
13894
13892
13895
13896
13898
17022
13894
13895
13896
13899
14265
13896
14266
17025
17028
13900
17867
17031
13900
17033
17035
13902
13906
14270
13905
13907
13905
13908
13909
13911
17036
13907
13908
13909
13913
14272
13909
13915
14273
17037
13912
13914
13912
13915
17868
13916
17038
13914
13915
13916
14277
13916
14278
17041
14279
17043
13919
13921
13919
13922
17870
13924
17873
13921
13922
13925
14297
17046
17876
13926
17049
17052
13926
17055
13928
14300
17058
13929
17061
13929
17064
17067
13931
13933
13953
18851
13935
13957
14303
18853
13934
17070
13934
13935
17879
13936
13938
13960
13936
13963
14304
18854
13940
13964
14305
18855
13939
17072
13939
13940
13941
13942
13967
13941
13970
14308
18856
13944
13971
14309
18858
13943
13944
13945
13946
13974
13945
13977
14312
18859
13948
13978
14313
18860
13947
13948
13981
13984
14316
18861
13951
17073
13951
18863
13952
13954
14000
13958
14004
14317
18866
13955
13957
13955
13958
13959
13961
13957
13958
18868
13959
13963
14319
13959
14320
13965
14321
13962
13964
13962
13965
13966
13968
13964
13965
13966
13970
14326
13966
14327
13972
14328
13969
13971
13969
13972
13973
13975
13971
13972
13973
13977
14333
13973
14334
13979
14335
13976
13978
13976
13979
13980
13982
13978
13979
13980
13984
14340
13980
14341
13986
14342
13983
13985
13983
13986
13987
13989
13985
13986
13987
13991
14347
18862
13987
14348
13992
14349
13990
13990
13992
13993
13994
14007
13992
17075
13993
14010
14354
13996
14011
14355
18872
13995
13996
17881
13997
14014
17076
13997
14017
14359
14018
13999
14001
14029
18874
14005
14033
14361
18877
14002
14004
14002
14005
14006
14036
14004
14005
18869
14006
14363
14006
14039
14364
14040
14365
14009
14011
14009
14012
14013
14015
14011
14012
14013
14017
14377
14013
14378
14019
14379
14016
14018
14016
14019
14020
14022
14018
14019
14020
14024
14384
14020
14385
14025
14386
14023
18873
14023
14025
14026
14027
14043
14025
14026
14046
14391
14028
14047
14392
18883
14028
17882
14053
14396
18887
14031
14033
14031
14034
18889
14035
14037
14062
14033
14034
18880
14035
14039
14398
14035
14065
14399
18892
14041
14066
14400
14038
14040
14038
14041
14042
14069
14040
14041
14042
14405
14042
14072
14406
14073
14407
14045
14047
14045
14048
14049
14051
14047
14048
14049
14053
14412
14049
14413
14055
14414
14052
14054
18884
14052
14055
14056
14057
14054
14055
14056
14419
17077
14056
14420
14059
14421
14058
14059
14076
18895
14079
14426
18896
14061
14063
14085
18899
14067
14087
14428
18902
14064
14066
14064
14067
14068
14070
14089
14066
14067
18905
14068
14072
14430
14068
14092
14431
14074
14093
14432
14071
14073
14071
14074
14075
14073
14074
14075
14437
14075
14438
14439
14078
14080
14078
14081
14082
14083
14096
14080
14081
14082
14451
18898
14082
14099
14452
14084
14100
14453
14084
14106
14458
18908
14086
14087
17884
14088
14090
14109
18909
14088
14092
14460
18912
14094
14112
14461
18915
14091
14093
14091
14094
14095
14115
14093
14094
14095
14464
14095
14118
14465
14119
14466
14098
14100
14098
14101
14102
14104
14122
14100
14101
14102
14106
14471
14102
14125
14472
14107
14126
14473
14105
14105
14107
14108
14129
14107
17080
14108
14132
14478
14133
14479
18918
14111
14112
17887
14111
14113
17890
14114
14116
14137
14114
14118
14482
18919
14114
14140
14483
18922
14120
14141
14484
14117
14119
14117
14120
14121
14119
14120
14121
14488
14121
14489
14490
14124
14126
14124
14127
14128
14130
14126
14127
14128
14132
14495
14128
14496
14134
14497
14131
14133
14131
14134
14135
14136
14144
14133
14134
14135
14502
17081
14135
14147
14503
14148
14504
17082
14139
14141
14139
14142
17896
14143
14152
14141
14142
17899
14143
14509
14143
14154
14510
17902
14155
14511
14146
14148
14146
14149
14150
14151
14157
14148
14149
14150
14516
17083
14150
14160
14517
14161
14518
17084
14153
14155
14156
14165
19362
14155
17085
14156
14523
14167
14524
18925
14159
14161
14159
14162
14163
14164
14183
14161
14162
14163
14528
17088
14163
14186
14529
14187
14530
17089
14166
14167
17908
14168
14170
14189
18928
14168
14172
14535
18930
14174
14190
14536
18932
14171
14173
14171
14174
14175
14191
14173
14174
14175
14539
14175
14194
14540
14195
14541
14178
14180
14178
14181
14182
14184
14212
14180
14181
14182
14186
14546
14182
14215
14547
14188
14216
14548
14185
14187
14185
14188
14187
14188
14553
17090
14219
14554
17091
14190
17910
14194
14557
18934
14193
14195
14193
14196
17912
14197
14199
14220
14195
14196
14197
14201
14559
14197
14560
18936
14203
14222
14561
14200
14202
14200
14203
14204
14223
14202
14203
14204
14204
14226
14227
14207
14209
14207
14210
14211
14213
14265
14209
14210
14211
14215
14573
14211
14267
14574
14217
14268
14575
14214
14216
14214
14217
14218
17092
14216
14217
14218
14219
14580
14218
14581
17093
17095
17096
14221
14222
17914
14224
14226
14585
18938
14225
14227
14225
14228
17915
14229
14231
14270
14227
14228
14229
14233
14587
14229
14588
18939
14235
14271
14589
14232
14234
14232
14235
14236
14238
14272
14234
14235
14236
14240
14594
14236
14274
14595
14242
14275
14596
14239
14241
14239
14242
14243
14277
14241
14242
14243
14601
14243
14280
14602
14281
14603
14246
14248
14246
14249
14250
14252
14297
14248
14249
14250
14254
14615
14250
14298
14616
14256
14299
14617
14253
14255
14253
14256
14257
14259
14300
14255
14256
14257
14261
14622
14257
14301
14623
14263
14302
14624
14260
14262
14260
14263
14264
14266
17097
14262
14263
14264
14267
14629
14264
14630
17100
14269
14631
17103
14268
17106
14269
17916
14268
14269
14635
17109
17112
14271
17115
14274
14637
17116
14273
14275
14276
14278
17118
14275
17119
14276
14280
14639
14282
17121
14279
14281
14279
14282
17919
14283
17123
14281
14282
14283
14642
14283
14643
17126
14644
17128
14286
14288
14286
14289
17921
14290
14292
17924
14288
14289
14290
14294
14655
14290
14656
17927
14296
14657
17930
14293
14295
14293
14296
17933
17131
14295
14296
14298
14661
17134
17137
14299
17140
14299
17143
14301
14664
17146
14302
17149
14302
17152
17155
14304
14319
14305
14306
14307
14308
14326
18942
14307
14329
14667
14310
14330
14668
18943
14309
14310
17936
14311
14312
14333
18944
14311
14336
14671
18946
14314
14337
14672
18948
14313
14314
17938
14315
14316
14340
18951
14315
14343
14675
18953
14344
14676
18956
17158
14318
14320
14363
18969
14324
14367
14679
18971
14321
14323
14321
14324
14325
14327
14370
14323
14324
18940
14325
14329
14681
18941
14325
14373
14682
14331
14374
14683
14328
14330
14328
14331
14332
14334
14330
14331
14332
14336
14688
14332
14689
14338
14690
14335
14337
14335
14338
14339
14341
14337
14338
14339
14343
14695
14339
14696
14345
14697
14342
14344
14342
14345
14346
14348
14344
14345
14346
14350
14702
14346
14703
14352
14704
14349
14351
18959
14349
14352
14353
14354
14351
14352
18961
14353
14356
18964
14353
14357
14355
14357
14358
14359
14377
18973
14357
18967
14358
14380
14709
14360
14381
14710
18974
14360
17160
14387
14714
18977
14362
14364
14398
18983
14368
14402
14716
18987
14365
14367
14365
14368
14369
14371
14405
14367
14368
18985
14369
14373
14718
14369
14408
14719
14375
14409
14720
14372
14374
14372
14375
14376
14374
14375
14376
14376
14379
14381
14379
14382
14383
14385
14381
14382
14383
14387
14725
14383
14726
14389
14727
14386
14388
18976
14386
14389
14390
14391
14388
14389
14390
14393
14732
18979
14390
14733
14394
14734
14392
14394
14395
14396
14412
18988
14394
18981
14395
14415
14739
14397
14416
14740
18989
14397
17940
14422
14744
18994
14400
14402
14400
14403
18999
14404
14406
14430
14402
14403
19001
14404
14408
14746
14404
14433
14747
19002
14410
14434
14748
14407
14409
14407
14410
14411
14437
14409
14410
14411
14752
14411
14440
14753
14441
14754
14414
14416
14414
14417
14418
14420
14416
14417
14418
14422
14759
14418
14760
14424
14761
14421
14423
18991
14421
14424
14425
14426
14444
14423
14424
14425
14766
18996
14425
14447
14767
14427
14448
14768
14427
17161
14454
14773
17163
14429
14431
14460
19005
14435
14462
14775
19008
14432
14434
14432
14435
14436
14438
14464
14434
14435
19011
14436
14440
14777
14436
14467
14778
14442
14468
14779
14439
14441
14439
14442
14443
14441
14442
14443
14784
14443
14785
14786
14446
14448
14446
14449
14450
14452
14448
14449
14450
14454
14450
14456
14453
14455
19003
14453
14456
14457
14458
14471
14455
14456
14457
14791
17166
14457
14474
14792
14459
14475
14793
14459
17942
14480
14798
19013
14461
14462
17944
14463
14465
14482
19016
14463
14467
14799
19019
14469
14485
14800
19022
14466
14468
14466
14469
14470
14488
14468
14469
14470
14803
14470
14491
14804
14492
14805
14473
14475
14473
14476
14477
14478
14495
14475
14476
14477
14480
14810
14477
14498
14811
14481
14499
14812
14479
14481
14502
17169
14481
17171
14505
14817
17174
14484
14485
17947
14484
14486
19028
14487
14489
14509
14487
14491
14820
19034
14487
14512
14821
19031
14493
14513
14822
14490
14492
14490
14493
14494
14492
14493
14494
14825
14494
14826
14827
14497
14499
14497
14500
14501
14503
14499
14500
14501
14505
14832
14501
14833
14507
14834
14504
14506
17950
14504
14507
14508
14516
17177
14506
14507
14508
14839
19025
14508
14519
14840
14520
14841
17179
14511
14513
14511
14514
17955
14515
14523
14513
14514
17958
14515
14846
14515
14525
14847
17961
14526
14848
14518
14520
17964
14518
14521
14522
14528
17182
14520
14521
14522
14853
17184
14522
14531
14854
14532
14855
17187
14524
14526
14527
14535
19037
14526
17969
14527
14860
14537
14861
19040
14530
14532
17972
14530
14533
14534
14553
17190
14532
14533
14534
14871
17192
14534
14555
14872
14873
17195
14536
14537
17974
14538
14540
14557
19043
14538
14542
14877
19044
14544
14558
14878
19046
14541
14543
14541
14544
14545
14559
14543
14544
14545
14881
14545
14562
14882
14563
14883
14548
14550
14548
14551
14552
14554
14580
14550
14551
14552
14555
14888
14552
14582
14889
14556
14583
14890
17198
14556
17977
14556
17200
14895
17203
14558
17976
14562
14561
14563
14561
14564
19047
14565
14585
14563
14564
14565
14898
14565
14899
19048
14586
14900
14568
14570
14568
14571
14572
14574
14629
14570
14571
14572
14576
14905
14572
14632
14906
14578
14633
14907
14575
14577
14575
14578
14579
14581
14635
14577
14578
14579
14582
14912
14579
14636
14913
14584
14914
17206
14583
17979
14584
17209
14583
14584
14919
17211
14920
17214
14586
17981
14590
14924
19051
14589
14591
14589
14592
19049
14593
14595
14637
14591
14592
14593
14597
14926
14593
14927
19053
14599
14638
14928
14596
14598
14596
14599
14600
14602
14639
14598
14599
14600
14604
14933
14600
14640
14934
14606
14641
14935
14603
14605
14603
14606
14607
14642
14605
14606
14607
14940
14607
14645
14941
14646
14942
14610
14612
14610
14613
14614
14616
14661
14612
14613
14614
14618
14947
14614
14662
14948
14620
14663
14949
14617
14619
14617
14620
14621
14623
14664
14619
14620
14621
14625
14954
14621
14665
14955
14627
14666
14956
14624
14626
14624
14627
14628
14630
17217
14626
14627
14628
14632
14961
14628
14962
17220
14634
14963
17223
14631
14633
14631
14634
17985
17226
14633
14634
14636
14968
17229
14969
17232
17235
17238
14638
17983
14640
14973
17241
14641
17242
14641
17244
14645
14974
17245
14644
14646
14644
19054
14647
14649
17247
14646
17250
14647
14651
14977
14653
19057
14650
14652
14650
14653
17988
14654
14656
17991
14652
14653
14654
14658
14980
14654
17994
14660
17253
14657
14659
14657
14660
17997
18000
14659
14660
14662
14983
17256
18003
14663
17259
14663
17262
14665
14986
17265
14666
17268
14666
17271
17274
14668
14669
18006
14670
14671
14688
19063
14670
14691
14990
19064
14673
14692
14991
19066
14672
14673
18007
14674
14675
14695
19068
14674
14698
14994
19071
14677
14699
14995
19073
14676
14677
18009
14678
14702
19076
14678
14705
14998
19079
14706
19082
14680
14682
14718
19088
14686
14722
15000
19090
14683
14685
19060
14683
14686
14687
14689
14685
14686
19093
14687
14691
15002
19061
14687
15003
14693
15004
14690
14692
14690
14693
14694
14696
14692
14693
14694
14698
15009
14694
15010
14700
15011
14697
14699
14697
14700
14701
14703
14699
14700
14701
14705
15016
14701
15017
14707
15018
14704
14706
14704
14707
14708
14706
14707
14708
14708
14710
14712
14713
14714
14725
19095
14712
19085
14713
14728
15023
14715
14729
15024
19098
14715
17277
14735
15028
19104
14717
14719
14746
19110
14723
14749
15030
19111
14720
14722
14720
14723
14724
14752
14722
14723
19112
14724
15032
14724
14755
15033
14756
15034
14727
14729
14727
14730
14731
14733
14729
14730
14731
14735
15046
14731
15047
14737
15048
14734
14736
19101
14734
14737
14738
14739
14736
14737
14738
14741
15053
19107
14738
15054
14742
15055
14740
14742
14743
14744
14759
19114
14742
17280
14743
14762
15060
14745
14763
15061
19117
14745
17283
14769
15065
19123
14748
14749
14748
14750
19129
14751
14753
14777
14751
14755
15067
19131
14751
14780
15068
19130
14757
14781
15069
14754
14756
14754
14757
14758
14784
14756
14757
14758
15073
14758
14787
15074
14788
15075
14761
14763
14761
14764
14765
14767
14763
14764
14765
14769
15080
14765
15081
14771
15082
14768
14770
19120
14768
14771
14772
14773
14770
14771
14772
15087
19126
14772
15088
14774
15089
14774
18012
14794
15094
17286
14776
14778
14799
19132
14782
14801
15096
19135
14779
14781
14779
14782
14783
14785
14803
14781
14782
19138
14783
14787
15097
14783
14806
15098
14789
14807
15099
14786
14788
14786
14789
14790
14788
14789
14790
15104
14790
15105
15106
14793
14795
18015
14793
14796
14797
14798
14810
14795
14796
14797
15118
17289
14797
14813
15119
14814
15120
17292
18018
14800
14801
18021
14802
14804
14820
19143
14802
14806
15125
19146
14808
14823
15126
19149
14805
14807
14805
14808
14809
14825
14807
14808
14809
15127
14809
14828
15128
14829
15129
14812
14814
14812
14815
14816
14817
14832
14814
14815
14816
14818
15134
14816
14835
15135
14819
14836
15136
14819
17295
14819
19140
14842
15141
17298
14822
14823
18024
14822
17301
14824
14826
14846
14824
14828
15144
19158
14830
14850
15145
19161
14827
14829
14827
14830
14831
14829
14830
14831
15146
14831
15147
15148
14834
14836
14834
14837
14838
14840
14836
14837
14838
14842
15153
14838
15154
14844
15155
14841
14843
19152
14841
14844
14845
14853
17304
14843
14844
14845
19155
14845
14856
15160
14857
15161
17307
14848
14850
14848
14851
18030
14852
14860
14850
14851
18033
14852
15165
14852
15166
18036
14862
15167
14855
14857
18039
14855
14858
14859
14871
18042
14857
14858
14859
15168
18045
14859
14874
15169
14875
15170
18048
14861
14862
14863
14877
19164
14863
19167
14879
19170
14866
14868
14866
14869
14870
14872
14888
14868
14869
14870
14874
15175
14870
14891
15176
14876
14892
15177
14873
14875
18051
14873
14876
17310
14875
14876
15182
17313
14896
15183
17316
14878
14879
18054
14880
14882
19173
14880
14884
19174
14886
19176
14883
14885
14883
14886
14887
14898
14885
14886
14887
14887
14901
14902
14890
14892
14890
14893
14894
14895
14919
14892
14893
14894
14896
15194
14894
14921
15195
14897
14922
15196
14897
17319
14897
17322
17325
14900
14902
14900
14903
19178
14904
14924
14902
14903
14904
14904
14925
14907
14909
14907
14910
14911
14913
14968
14909
14910
14911
14915
15202
14911
14970
15203
14917
14971
15204
14914
14916
14914
14917
14918
14920
17328
14916
14917
14918
14921
15209
14918
14972
15210
14923
15211
17331
14922
18056
14923
17334
14922
14923
15216
17337
17340
14925
18059
14929
19180
14928
14930
14928
14931
19179
14932
14934
14973
14930
14931
14932
14936
14932
17343
14938
17344
14935
14937
14935
14938
14939
14941
14974
14937
14938
14939
14943
14939
14975
14945
14976
14942
14944
14942
14945
14946
14977
14944
14945
14946
15219
14946
14978
15220
14979
15221
14949
14951
14949
14952
14953
14955
14986
14951
14952
14953
14957
15240
14953
14987
15241
14959
14988
15242
14956
14958
14956
14959
14960
14962
17345
14958
14959
14960
14964
15247
14960
14989
15248
14966
15249
17348
14963
14965
14963
14966
18061
14967
14969
17351
14965
14966
14967
14970
15254
14967
15255
17354
15256
17357
14971
17360
17363
14971
17366
14972
15261
17369
17372
14976
17375
14976
19182
14978
17377
14979
17379
14979
17382
14981
15265
17385
14982
17388
14982
17391
14984
15268
17394
14985
17397
14985
17400
14987
15271
17403
14988
17406
14988
17409
14989
15274
17412
17415
14991
14992
19183
14993
14994
15009
19192
14993
15012
15278
19195
14996
15013
15279
19198
14995
14996
18064
14997
14998
15016
19201
14997
15019
15282
19204
14999
15020
15283
19207
14999
17418
15286
17421
15001
15003
15032
19210
15007
15036
15288
19213
15004
15006
19186
15004
15007
15008
15010
15039
15006
15007
19216
15008
15012
15289
19189
15008
15042
15290
15014
15043
15291
15011
15013
15011
15014
15015
15017
15013
15014
15015
15019
15292
15015
15293
15021
15294
15018
15020
15018
15021
15022
15020
15021
15022
15022
15024
15026
15027
15028
15046
19222
15026
17424
15027
15049
15299
15029
15050
15300
19225
15029
17427
15056
15304
19231
15031
15033
15067
19240
15037
15070
15306
19242
15034
15036
15034
15037
15038
15040
15073
15036
15037
19219
15038
15042
15307
15038
15076
15308
15044
15077
15309
15041
15043
15041
15044
15045
15043
15044
15045
15310
15045
15311
15312
15048
15050
15048
15051
15052
15054
15050
15051
15052
15056
15320
15052
15321
15058
15322
15055
15057
19228
15055
15058
15059
15060
15057
15058
15059
15062
15327
19234
15059
15328
15063
15329
15061
15063
15064
15065
15080
19245
15063
19237
15064
15083
15334
15066
15084
15335
19248
15066
17430
15090
15339
17433
15069
15070
18067
15069
15071
18069
15072
15074
15097
15072
15076
19251
15072
15100
19254
15078
15101
15075
15077
15075
15078
15079
15104
15077
15078
15079
15079
15107
15108
15082
15084
15082
15085
15086
15088
15084
15085
15086
15090
15341
15086
15342
15092
15343
15089
15091
18071
15089
15092
15093
15094
15111
15091
15092
15093
15348
17436
15093
15114
15349
15095
15115
15350
15095
18074
15121
15355
19260
15098
15125
19266
15099
15101
15099
15102
15103
15105
15127
15101
15102
19269
15103
15107
15103
15130
15109
15131
15106
15108
15106
15109
15110
15108
15109
15110
15110
15113
15115
15113
15116
15117
15119
15115
15116
15117
15121
15357
15117
15358
15123
15359
15120
15122
19257
15120
15123
15124
15134
17439
15122
15123
15124
15364
19263
15124
15137
15365
15138
15366
17442
15126
18077
15128
15144
19272
15129
15131
15129
15132
15133
15146
15131
15132
15133
15133
15149
15150
15136
15138
15136
15139
15140
15141
15153
15138
15139
15140
15142
15378
15140
15156
15379
15143
15157
15380
15143
17445
15143
17448
15162
15385
17451
15145
18080
15147
15165
19275
15148
15150
15148
15151
15152
15150
15151
15152
15152
15155
15157
15155
15158
15159
15160
15157
15158
15159
15162
15388
15159
15389
15163
15390
15161
15163
15164
15168
19278
15163
17454
15164
15171
15396
15172
15397
19281
15167
15167
18086
15170
15172
18089
15170
15173
15174
15182
18092
15172
15173
15174
15402
18095
15174
15184
15403
15185
15404
18098
15177
15179
15177
15180
15181
15183
15194
15179
15180
15181
15184
15409
15181
15197
15410
15186
15198
15411
15185
18101
15186
17457
15185
15186
15416
17460
15201
15417
17463
15189
15191
15189
15192
15193
15195
15209
15191
15192
15193
15197
15193
15212
15199
15213
15196
15198
15196
15199
15200
15216
17466
15198
15199
15200
15201
15421
15200
15217
15422
15218
15423
17469
17472
15204
15206
15204
15207
15208
15210
15261
15206
15207
15208
15212
15429
15208
15262
15430
15214
15263
15431
15211
15213
15211
15214
15215
17475
15213
15214
15215
15217
15436
15215
15264
15437
15438
17478
15218
18104
15218
17481
15443
17484
15221
15223
15221
15224
15225
15227
15265
15223
15224
15225
15229
15225
15266
15231
15267
15228
15230
15228
15231
15232
15234
15268
15230
15231
15232
15236
15446
15232
15269
15447
15238
15270
15448
15235
15237
15235
15238
15239
15241
15271
15237
15238
15239
15243
15453
15239
15272
15454
15245
15273
15455
15242
15244
15242
15245
15246
15248
15274
15244
15245
15246
15250
15460
15246
15275
15461
15252
15276
15462
15249
15251
15249
15252
15253
15255
17487
15251
15252
15253
15257
15467
15253
15277
15468
15259
15469
17490
15256
15258
15256
15259
18107
15260
17493
15258
15259
15260
15262
15474
15260
15475
17496
15476
17499
15263
17502
15263
17505
15264
15481
17508
17511
15267
17514
15267
17517
15269
17520
15270
17523
15270
17526
15272
15484
17529
15273
17532
15273
17535
15275
15487
17538
15276
17541
15276
17544
15277
15490
17547
17550
15279
15280
18110
15281
15282
15292
19287
15281
15295
19290
15284
15296
19293
15283
15284
18113
15285
15286
19296
15285
19299
15287
19302
15287
18116
19305
15290
15307
19311
15291
19284
15291
15293
15310
15294
15296
15294
15297
15298
15313
15296
15297
15298
15298
15316
15317
15300
15302
15303
15304
15320
19314
15302
19308
19369
15303
15323
19472
15305
15324
19317
19473
15305
17553
15330
19323
19477
15308
19332
15309
15309
15311
15312
15312
15314
15315
15317
15315
15318
15319
15317
15318
15319
15319
15322
15324
15322
15325
15326
15328
15324
15325
19371
15326
15330
19479
15326
19480
15332
19481
15329
15331
19320
15329
15332
15333
15334
15331
15332
19372
15333
15336
19326
19486
15333
19487
15337
19488
15335
15337
15338
15339
15341
19335
15337
19329
19373
15338
15344
19493
15340
15345
19338
19494
15340
17556
15351
19344
19498
15343
15345
15343
15346
15347
15349
15345
15346
19377
15347
15351
19500
15347
19501
15353
19502
15350
15352
19341
15350
15353
15354
15355
15357
15352
15353
19378
15354
19347
19507
15354
15360
19508
15356
15361
19509
15356
18119
15367
19353
19514
15359
15361
15359
15362
15363
15365
15371
15361
15362
19383
15363
15367
19516
15363
15374
19517
15369
15375
19518
15366
15368
19350
15366
15369
15370
15378
17559
15368
15369
19384
15370
17562
19523
15370
15381
19524
15382
17565
19525
15373
15375
15373
15376
15377
15379
15375
15376
19389
15377
15381
19389
15377
19389
15383
19389
15380
15382
15380
15383
15384
15385
15388
15382
15383
19390
15384
15386
19530
15384
15391
19531
15387
15392
19532
15387
17568
15387
19356
19391
15398
17571
19537
15390
15392
15390
15393
15394
15396
15392
15393
19397
15394
15398
19540
15394
19541
15400
19542
15397
15399
18122
15397
15400
15401
15402
17574
15399
15400
19398
15401
19359
19547
15401
15405
19548
15406
17577
19549
15404
15406
18125
15404
15407
15408
15416
18128
15406
15407
19405
15408
18131
19554
15408
15418
19555
15419
18134
19556
15411
15413
15411
15414
15415
15417
15421
15413
15414
19411
15415
15418
19561
15415
15424
19562
15420
15425
19563
15419
17580
15420
17583
15419
15420
19412
17586
19568
15428
17589
19569
15423
15425
15423
15426
15427
15443
17592
15425
15426
19418
15427
15428
19580
15427
15444
19581
15445
17595
19582
17598
19419
15431
15433
15431
15434
15435
15437
15481
15433
15434
19423
15435
15439
19588
15435
15482
19589
15441
15483
19590
15438
15440
15438
15441
18140
15442
17601
15440
15441
19424
15442
15444
19595
15442
17604
19596
17607
19597
15445
18137
15445
17610
19425
17613
19602
15448
15450
15448
15451
15452
15454
15484
15450
15451
15452
15456
15452
15485
15458
15486
15455
15457
15455
15458
15459
15461
15487
15457
15458
15459
15463
15459
15488
15465
15489
15462
15464
15462
15465
15466
15468
15490
15464
15465
19426
15466
15470
19605
15466
15491
19606
15472
15492
19607
15469
15471
15469
15472
15473
15475
17616
15471
15472
19427
15473
15477
19612
15473
15493
19613
15479
17619
19614
15476
15478
15476
15479
18143
15480
18146
15478
15479
19428
15480
15482
19619
15480
18149
19620
18152
19621
15483
17622
15483
17625
19429
17628
19626
15486
17631
15486
17634
15488
17637
15489
17640
15489
17643
15491
17646
15492
17649
15492
17652
15493
15494
17655
17658
17667
19607
19631
15497
15499
15497
15500
15501
15499
15500
15501
15501
15503
16090
16117
16123
16126
15504
16090
16118
16124
16127
16091
16119
16125
16128
16050
16053
16060
16082
16083
16084
16085
16086
16087
16062
16085
16090
16091
15509
16086
16109
16112
16117
16118
16087
16109
16113
16119
15511
15623
15640
15954
16123
15512
15623
15641
15955
16124
15624
15642
15956
16125
15514
15631
15643
15646
15649
16106
15515
15632
15644
15647
15650
16107
15633
15645
15648
15651
16108
15517
15637
15646
16138
16141
15518
15638
15647
16139
16142
15639
15648
16140
16143
15520
15963
16110
16150
16152
15963
16110
16151
16153
15522
15663
16132
16184
16187
15523
15664
16133
16185
16188
15665
16134
16186
16189
15525
15701
15704
15706
16149
15701
15705
15707
16149
15527
16160
16215
16223
16226
15528
16161
16216
16224
16227
16162
16217
16225
16228
15530
16169
16223
16235
16238
15531
16170
16224
16236
16239
16171
16225
16237
16240
15533
15666
16238
16247
16250
15534
15667
16239
16248
16251
15668
16240
16249
16252
15536
16187
16247
16253
16256
16259
15537
16188
16248
16254
16257
16260
16189
16249
16255
16258
16261
15539
15684
15999
16274
16280
15540
15685
16000
16275
16281
15686
16001
16276
16282
15542
15985
16280
16283
16286
16292
15543
15986
16281
16284
16287
16293
15987
16282
16285
16288
16294
15545
15693
15722
15725
15728
16292
15546
15694
15723
15726
15729
16293
15695
15724
15727
15730
16294
15548
15696
15699
15725
15731
15733
15549
15697
15699
15726
15731
15734
15698
15700
15727
15732
15735
15702
16305
16307
16308
15552
16218
16306
16311
16312
18161
18165
16219
16306
16313
18161
18166
15554
15706
15740
15741
15743
15744
15746
15747
16307
15707
15742
15745
15748
16308
15556
15930
16235
16316
18170
18173
15557
15931
16236
16317
18171
18174
15932
16237
16318
18172
18175
15559
16274
16277
16283
16289
16321
16324
15560
16275
16278
16284
16290
16322
16325
16276
16279
16285
16291
16323
16326
15562
15722
15757
15760
15763
16286
16289
15563
15723
15758
15761
15764
16287
16290
15724
15759
15762
15765
16288
16291
15565
15733
16301
16333
16339
15566
15734
16302
16334
16339
15735
16303
16335
16340
16023
16305
16344
16345
15569
15752
15791
16319
16346
16347
16349
15752
15792
16319
16348
16350
15571
15753
16015
16349
16354
16355
15753
16016
16350
16356
15573
16327
16330
16336
16367
15574
16328
16331
16337
16368
16329
16332
16338
16369
15576
15777
15811
15817
15820
15577
15778
15812
15818
15820
15779
15813
15819
15821
15579
16341
16373
16374
17729
16341
16373
16375
17730
15581
15788
15793
15832
15838
16381
15582
15789
15794
15833
15839
16382
15790
15795
15834
15840
16383
15584
16346
16381
16387
16390
15585
16347
16382
16388
16391
16348
16383
16389
16392
15587
16354
16390
16396
16399
15588
16355
16391
16397
16399
16356
16392
16398
16400
15590
15842
15845
15848
16367
16404
15591
15843
15846
15849
16368
16405
15844
15847
15850
16369
16406
15593
15845
15854
15857
16370
15594
15846
15855
15858
16371
15847
15856
15859
16372
15596
15820
15854
15855
15863
16407
15821
15856
15863
16408
15598
15827
15835
15836
15865
15866
15934
16410
15828
15837
15867
15935
16410
15600
15838
15865
16414
16417
15601
15839
15866
16415
16418
15840
15867
16416
16419
15603
15868
15871
16387
16417
15604
15869
15872
16388
16418
15870
15873
16389
16419
15606
15868
15877
16396
16423
15607
15869
15878
16397
16423
15870
15879
16398
16424
16403
16423
16424
16427
16428
16429
15610
15871
15903
15906
16433
15611
15872
15904
15907
16434
15873
15905
15908
16435
15613
15877
15903
15909
16442
15614
15878
15904
15910
16443
15879
15905
15911
16444
15616
15914
15936
16427
16442
16443
15914
15937
16428
16444
15899
15917
15918
15921
15922
15923
15619
15922
15924
15926
15928
16996
16997
17002
17003
15923
15925
15927
15929
16998
17004
15621
15625
16063
16065
16094
15622
15626
16063
16066
16095
15627
16064
16067
16096
15624
15949
15954
15955
16062
16092
16097
16098
15950
15956
16062
16093
16099
15626
15628
16065
16094
16100
15627
15629
16066
16095
16101
15630
16067
16096
16102
15629
15957
16097
16103
16106
15630
15958
16098
16104
16107
15959
16099
16105
16108
15632
15634
15951
16100
16103
15633
15635
15952
16101
16104
15636
15953
16102
16105
15635
15637
15646
16074
15636
15638
15647
16075
15639
15648
16076
15638
16138
20184
20195
15639
16139
20185
20196
16140
20186
20197
15641
15663
15970
16120
16129
15642
15664
15971
16121
16130
15665
15972
16122
16131
15644
15649
15669
16106
16135
15645
15650
15670
16107
16136
15651
15671
16108
16137
15647
15649
16141
15648
15650
16142
15651
16143
15650
15973
16141
15651
15974
16142
15975
16143
15653
15655
15960
15979
16144
15654
15656
15961
15980
16145
15657
15962
15981
16146
15656
15658
15982
15657
15659
15983
15660
15984
15659
15687
15660
15688
15689
15662
15704
16149
16157
16158
15705
16149
16159
15664
15970
16129
16178
16187
15665
15971
16130
16179
16188
15972
16131
16180
16189
15667
15970
16172
16178
16247
15668
15971
16173
16179
16248
15972
16174
16180
16249
15670
15672
15973
16184
16190
15671
15673
15974
16185
16191
15674
15975
16186
16192
15673
15678
15973
15996
16190
16196
15674
15679
15974
15997
16191
16197
15680
15975
15998
16192
16198
15676
15678
15681
15973
15976
16141
15677
15679
15682
15974
15977
16142
15680
15683
15975
15978
16143
15679
15681
15973
16196
16199
15680
15682
15974
16197
16200
15683
15975
16198
16201
15682
15684
15976
15999
16199
15683
15685
15977
16000
16200
15686
15978
16001
16201
15685
15976
15979
15999
16202
15686
15977
15980
16000
16203
15978
15981
16001
16204
15688
15982
15985
15988
16205
15689
15983
15986
15989
16206
15984
15987
15990
16207
15691
15693
15988
15991
16208
15692
15694
15989
15992
16209
15695
15990
15993
16210
15694
15988
16205
16208
15695
15989
16206
16209
15990
16207
16210
15697
15699
15991
16208
15698
15699
15992
16209
15700
15993
16210
15700
15731
20187
15732
20188
15703
16148
15703
15706
15707
16307
16308
15705
15708
15709
15994
15710
15995
15707
15708
15709
15710
15709
15711
15743
15710
15711
15744
15712
15745
15712
15994
16314
15995
16315
15714
15716
16193
16256
17675
17701
15715
15717
16194
16257
17676
17701
15718
16195
16258
17677
17702
15717
15996
16193
16262
17675
17678
15718
15997
16194
16263
17676
17679
15998
16195
16264
17677
17680
15720
15999
16268
16274
16277
15721
16000
16269
16275
16278
16001
16270
16276
16279
15723
15728
15760
16286
16292
15724
15729
15761
16287
16293
15730
15762
16288
16294
15726
16208
16295
15727
16209
16296
16210
16297
15729
16295
16298
15730
16296
16299
16297
16300
15732
15736
16304
15737
16304
15734
15736
16295
16301
15735
15736
16296
16302
15737
16297
16303
15737
15738
16304
16339
15738
16304
16340
15739
16005
16006
16304
15775
15776
15741
15746
16007
16309
15742
15747
16008
16309
15748
16009
16310
15744
15746
16314
15745
15747
16314
15748
16315
15747
15749
16010
15748
15749
16011
15750
16012
15750
16013
16314
16319
16014
16315
16319
16314
16315
16319
16319
16320
16320
16349
16350
15755
16002
16321
16324
16845
17690
15756
16003
16322
16325
16846
17691
16004
16323
16326
16847
17692
15758
15763
15799
16289
16324
16469
15759
15764
15800
16290
16325
16470
15765
15801
16291
16326
16471
15761
15766
16298
15762
15767
16299
15768
16300
15764
15766
16017
15765
15767
16018
15768
16019
15767
16017
16298
16327
16330
15768
16018
16299
16328
16331
16019
16300
16329
16332
15770
16301
16327
16333
16336
15771
16302
16328
16334
16337
16303
16329
16335
16338
15773
15777
15811
16333
16339
15774
15778
15812
16334
16339
15779
15813
16335
16340
15776
15777
15778
15780
15781
16005
15779
15782
16006
15778
15780
15811
16005
15779
15781
15812
16005
15782
15813
16006
15781
15817
15782
15818
15819
15784
15785
15786
15825
16023
16344
15787
15826
16023
16345
15786
15788
15829
16007
16344
15787
15789
15830
16008
16344
15790
15831
16009
16345
15789
15793
15832
16010
15790
15794
15833
16011
15795
15834
16012
15792
15796
15797
16013
16319
15798
16014
16319
15794
15796
16013
15795
15797
16013
15798
16014
15797
16013
16346
16381
15798
16013
16347
16382
16014
16348
16383
15800
15802
16017
16469
18322
15801
15803
16018
16470
18323
15804
16019
16471
18324
15803
15805
16361
17726
15804
15806
16362
17727
15807
16363
17728
15806
16017
16024
16330
16364
15807
16018
16025
16331
16365
16019
16026
16332
16366
15809
15845
16336
16367
16370
15810
15846
16337
16368
16371
15847
16338
16369
16372
15812
15814
16020
16370
15813
15815
16021
16371
15816
16022
16372
15815
15820
15854
16370
15816
15820
15855
16371
15821
15856
16372
15818
15822
15819
15822
15823
15821
15822
15823
15823
15863
15863
15827
15828
16377
16410
15826
15827
15829
15830
16023
16377
15828
15831
16023
16377
15828
15835
15836
16410
15837
16410
15830
15832
15835
16378
15831
15833
15836
16379
15834
15837
16380
15833
16378
15834
16379
16380
15836
16378
15837
16379
16380
15839
16378
16384
15840
16379
16385
16380
16386
16359
16360
16399
16400
16401
16402
16403
15843
16024
16364
16404
15844
16025
16365
16405
16026
16366
16406
15846
15851
16370
15847
15852
16371
15853
16372
15849
15851
15942
16404
15850
15852
15943
16405
15853
15944
16406
15852
15857
15881
15853
15858
15882
15859
15883
15855
15860
15856
15861
15862
15858
15860
16030
15859
15861
16031
15862
16032
15861
15890
16030
16407
15862
15891
16031
16407
15892
16032
16408
16409
15934
15935
16410
18539
15866
16378
16411
15867
16379
16412
16380
16413
15869
15874
16393
15870
15875
16394
15876
16395
15872
15874
16420
15873
15875
16421
15876
16422
15875
15877
15903
15876
15878
15904
15879
15905
15878
16425
15879
16425
16426
15914
16427
16428
16429
15882
15887
15942
16030
15883
15888
15943
16031
15889
15944
16032
15885
15887
15942
16883
17781
15886
15888
15943
16884
17782
15889
15944
16885
17783
15888
15893
16935
15889
15894
16936
15895
16937
15891
15896
16030
16033
15892
15897
16031
16033
15898
16032
16034
15894
15896
16030
17784
15895
15897
16031
17785
15898
16032
17786
15897
16036
17787
15898
16036
17788
16037
17789
16038
15901
15906
16433
16436
17801
18666
15902
15907
16434
16437
17802
18667
15908
16435
16438
17803
18668
15904
16439
15905
16440
16441
15907
16439
16544
15908
16440
16545
16441
16546
15910
15912
16439
16550
15911
15912
16440
16551
15913
16441
16552
15913
15936
16442
16443
18696
15937
16444
18697
15915
15936
15937
16971
15924
15925
16042
16045
15918
15919
15939
15940
16038
16043
15920
15941
16038
16044
15920
15922
15939
15940
16996
16997
15923
15941
16998
15924
15925
16042
15923
15924
15925
15925
15926
15927
15927
15938
16045
15938
16045
15929
15938
17002
17003
17031
15938
17004
17032
15931
16241
16446
18176
15932
16242
16447
18177
16243
16448
18178
16343
17731
17732
18341
15935
16411
16412
17693
18539
16413
17694
18539
15937
16971
17807
16971
17807
16045
17031
17032
17867
15940
16043
16567
16987
17793
15941
16043
16568
16988
17794
16044
16569
16989
17795
15943
16877
16883
15944
16878
16884
16879
16885
16048
16049
16058
16051
16052
16053
16077
16078
16079
16081
16054
16055
16081
16445
16058
16445
15950
16062
16063
16094
16095
16062
16064
16096
15952
16071
16074
16100
15953
16072
16075
16101
16073
16076
16102
15955
15957
16097
16129
16132
15956
15958
16098
16130
16133
15959
16099
16131
16134
15958
16106
16132
15959
16107
16133
16108
16134
15961
16138
20198
15962
16139
20199
16140
20200
16110
16147
15965
16112
16150
16160
16166
15966
16112
16150
16161
16167
16113
16151
16162
16168
15968
16126
16166
16169
16175
15969
16127
16167
16170
16176
16128
16168
16171
16177
15971
16175
15972
16176
16177
15974
15975
15977
15979
16144
15978
15980
16145
15981
16146
15980
15982
16202
15981
15983
16203
15984
16204
15983
15985
16202
15984
15986
16203
15987
16204
15986
16202
16205
15987
16203
16206
16204
16207
15989
16205
15990
16206
16207
15992
16208
20187
15993
16209
20187
16210
20188
15995
16157
16158
16159
15997
16190
16193
16196
16262
15998
16191
16194
16197
16263
16192
16195
16198
16264
16000
16199
16268
16001
16200
16269
16201
16270
16003
16271
16321
17690
18235
16004
16272
16322
17691
18236
16273
16323
17692
18237
16006
16339
16340
16008
16010
16344
16009
16011
16344
16012
16345
16011
16013
16012
16013
16014
16014
16016
16354
16355
16357
20189
20190
16356
16358
20191
16018
16330
16019
16331
16332
16021
16333
16336
16370
16022
16334
16337
16371
16335
16338
16372
16377
16025
16027
16361
16364
16026
16028
16362
16365
16029
16363
16366
16028
16404
16518
17687
16029
16405
16519
17688
16406
16520
17689
16031
16032
16034
16035
16036
16407
16035
16037
16408
16038
16409
16037
16038
16043
16038
16044
16040
16414
16430
16433
16436
16041
16415
16431
16434
16437
16416
16432
16435
16438
16044
17787
17788
17789
16047
16048
16050
16054
16049
16050
16055
16049
16056
16057
16051
16052
16052
16053
16054
16081
16053
16055
16081
16059
16077
16078
16055
16056
16057
16057
16058
16445
16058
16445
16060
16077
16078
16083
16084
16062
16063
16064
16092
16093
16064
16066
16068
16067
16069
16070
16069
16071
16100
16070
16072
16101
16073
16102
16072
16074
16073
16075
16076
16075
20184
16076
20185
20186
16078
16080
16083
16080
16084
16080
16082
16083
16084
16086
16087
16109
16084
16088
16089
16087
16088
16089
16089
16090
16117
16118
16091
16119
16091
16092
16093
16093
16123
16124
16125
16095
16097
16096
16098
16099
16098
16099
16101
16103
16102
16104
16105
16104
16106
16105
16107
16108
16107
16135
16108
16136
16137
16111
16111
16112
16113
16150
16151
16113
16114
16115
16150
16116
16151
16115
16117
16126
16166
16116
16118
16127
16167
16119
16128
16168
16118
16119
16121
16123
16126
16175
16122
16124
16127
16176
16125
16128
16177
16124
16125
16127
16128
16130
16132
16131
16133
16134
16133
16135
16184
16134
16136
16185
16137
16186
16136
16184
16137
16185
16186
16139
16144
20195
16140
16145
20196
16146
20197
16142
16144
16143
16145
16146
16145
16146
16152
16153
16211
16149
16151
16152
16154
16155
16153
16156
16153
16154
16155
16212
16156
16213
16155
16160
16215
16156
16161
16216
16162
16217
16158
16159
16161
16163
16215
16162
16164
16216
16165
16217
16164
16166
16169
16223
16165
16167
16170
16224
16168
16171
16225
16167
16168
16170
16172
16171
16173
16174
16173
16175
16238
16174
16176
16239
16177
16240
16176
16177
16179
16187
16247
16180
16188
16248
16189
16249
16182
16184
16187
16190
16193
16259
16183
16185
16188
16191
16194
16260
16186
16189
16192
16195
16261
16185
16190
16186
16191
16192
16188
16189
16191
16193
16192
16194
16195
16194
16259
16195
16260
16261
16197
16199
16262
16265
16198
16200
16263
16266
16201
16264
16267
16200
16265
16268
16201
16266
16269
16267
16270
16203
16280
16204
16281
16282
16206
16292
16207
16293
16294
16209
16210
16212
16213
16214
16213
16214
16215
16216
16218
16214
16217
16219
16218
16219
16306
16216
16218
16220
16217
16218
16221
16219
16222
16219
16220
16221
16222
16221
16226
16311
16222
16227
16312
16228
16313
16224
16232
16225
16233
16234
16227
16229
16232
16228
16230
16233
16231
16234
16230
16232
16311
16316
18162
18167
16231
16233
16312
16317
18163
18168
16234
16313
16318
18164
18169
16233
16235
16316
16234
16236
16317
16237
16318
16236
16241
16237
16242
16243
16239
16241
16240
16242
16243
16242
16250
16243
16251
16252
16245
16247
16250
16253
18179
16246
16248
16251
16254
18179
16249
16252
16255
18180
16248
16249
16251
16446
16252
16447
16448
16254
16256
16449
17672
16255
16257
16449
17673
16258
16450
17674
16257
16259
17672
16258
16260
17673
16261
17674
16260
16261
16263
16265
17678
17681
16264
16266
17679
17682
16267
17680
17683
16266
16268
17681
17684
16267
16269
17682
17685
16270
17683
17686
16269
16271
17684
16270
16272
17685
16273
17686
16272
16277
17684
18226
16273
16278
17685
18227
16279
17686
18228
16275
16277
16280
16283
16276
16278
16281
16284
16279
16282
16285
16278
16321
16279
16322
16323
16281
16283
16282
16284
16285
16284
16286
16289
16285
16287
16290
16288
16291
16287
16289
16292
16288
16290
16293
16291
16294
16290
16324
16291
16325
16326
16293
16294
16296
16298
16301
16297
16299
16302
16300
16303
16299
16301
16327
16300
16302
16328
16303
16329
16302
16327
16303
16328
16329
16309
16310
18161
16308
16309
16310
16310
16344
16345
16312
18162
16313
18163
18164
16315
16317
18170
16318
18171
18172
16349
16350
16322
16323
16325
16469
16326
16470
16471
16328
16330
16329
16331
16332
16331
16364
16332
16365
16366
16334
16336
16339
16335
16337
16339
16338
16340
16337
16367
16338
16368
16369
16340
16342
16343
16373
17729
17730
16345
16347
16351
16348
16352
16353
16350
16351
16352
16353
16352
16354
16390
16353
16355
16391
16356
16392
16355
16357
16356
16357
16358
16358
16359
16399
16360
16400
16360
20189
20190
20191
16362
17687
18338
16363
17688
18339
17689
18340
16365
16367
16366
16368
16369
16368
16369
16371
16372
16376
16375
16376
16492
18345
18346
16376
16493
18347
18426
16379
16380
16382
16384
16383
16385
16386
16385
16387
16417
16386
16388
16418
16389
16419
16388
16393
16389
16394
16395
16391
16393
16392
16394
16395
16394
16396
16395
16397
16398
16397
16401
16398
16401
16402
16400
16401
16402
16402
16403
16423
16403
16424
16405
16877
16406
16878
16879
16408
16409
16409
16412
16414
16430
17693
16413
16415
16431
17693
16416
16432
17694
16415
16420
16430
16416
16421
16431
16422
16432
16418
16420
16419
16421
16422
16421
16433
16422
16434
16435
16424
16425
16426
16426
16427
16442
16443
16428
16444
16428
16431
17693
17695
16432
17693
17696
17694
17697
16434
16435
16437
17695
17801
16438
17696
17802
17697
17803
16440
16959
16441
16960
16961
16443
16444
16447
18179
18181
16448
18179
18182
18180
18183
16450
17670
18179
18186
17671
18180
18186
16452
16819
17675
17678
18191
18197
18202
16453
16820
17676
17679
18191
18197
18203
16821
17677
17680
18192
18198
18204
16455
16819
17681
17684
18217
18223
16456
16820
17682
17685
18218
18224
16821
17683
17686
18219
18225
16458
18167
18170
18248
18250
18253
18256
16459
18168
18171
18248
18250
18254
18257
18169
18172
18249
18251
18255
18258
16461
18199
18205
18211
18287
16462
18200
18206
18212
18288
18201
18207
18213
18289
16464
17717
18220
18229
18232
16465
17718
18221
18230
18233
17719
18222
18231
18234
16467
18223
18232
18235
18238
16468
18224
18233
18236
18239
18225
18234
18237
18240
16470
16845
18322
16471
16846
18323
16847
18324
18341
18344
18250
18251
18252
18351
18354
18355
16475
18265
18271
18356
18359
18365
18368
16476
18266
18272
18357
18360
18366
18369
18267
18273
18358
18361
18367
18370
16478
17709
18365
18377
18379
16479
17710
18366
18377
18380
17711
18367
18378
18381
16481
16827
18290
18392
18398
16482
16828
18290
18393
18399
16829
18291
18394
18400
16484
18307
18325
18401
18406
18408
16485
18308
18326
18402
18406
18408
18309
18327
18403
18407
18409
16487
16852
18310
18311
18325
18326
18412
16853
18312
18327
18413
16489
16839
16840
16852
18328
18415
18416
16841
16853
18329
18415
18416
16491
16848
16849
18328
18330
18331
18333
16850
18329
18332
18334
16493
17757
18423
18424
18426
17758
18425
18426
16495
18344
18429
18433
18437
18344
18430
18433
18438
16497
18351
18437
18440
18445
18351
18438
18441
18446
16499
18368
18374
18447
18456
16500
18369
18375
18448
18457
18370
18376
18449
18458
16502
18384
18387
18462
18463
18465
18466
18471
18385
18387
18464
18467
18472
18387
18477
18391
18478
18479
18480
16506
18392
18478
18483
18486
18489
16507
18393
18478
18484
18487
18490
18394
18479
18485
18488
18491
18404
18405
18406
18407
18492
18493
18499
18500
16859
18408
18409
18417
18418
18500
16511
16862
18412
18417
18501
16862
18413
18418
18502
16862
16863
18505
18506
16514
16854
16863
16866
16867
16869
16855
16863
16868
16870
16516
16856
16866
16874
18507
16517
16857
16867
16875
18508
16858
16868
16876
18509
16519
16874
16877
16880
16520
16875
16878
16881
16876
16879
16882
18433
18513
18514
18517
16523
18450
18540
18550
18559
16524
18451
18541
18551
18560
18452
18542
18552
18561
16526
18462
18468
18562
18568
18571
18574
16527
18463
18469
18563
18569
18572
18575
18464
18470
18564
18570
18573
18576
16529
18471
18475
18571
18580
16530
18471
18475
18572
18581
18472
18476
18573
18582
16532
18483
18595
18601
18604
16533
18484
18595
18602
18605
18485
18596
18603
18606
16535
18486
18494
18604
18610
18613
18615
16536
18487
18495
18605
18611
18613
18615
18488
18496
18606
18612
18614
18616
16859
18617
16539
16944
16948
18517
18640
18641
16945
16949
18517
18642
18534
18624
18625
18628
18629
18643
16542
18559
18645
18648
18657
18663
16543
18560
18646
18649
18658
18664
18561
18647
18650
18659
18665
16545
16959
16962
18666
16546
16960
16962
18667
16961
16963
18668
16548
18574
18675
18684
18693
16549
18575
18676
18685
18694
18576
18677
18686
18695
16551
16959
16966
18696
16552
16960
16966
18696
16961
16967
18697
16554
16972
18610
18611
18740
18742
16973
18612
18741
18742
16556
16558
16592
16902
16905
16976
16981
16557
16559
16593
16903
16906
16977
16982
16560
16594
16904
16907
16978
16983
16559
16561
16595
16911
16914
16560
16562
16596
16912
16915
16563
16597
16913
16916
16562
16564
16598
16920
16923
16563
16565
16599
16921
16924
16566
16600
16922
16925
16565
16929
16932
17822
17828
17870
17873
16566
16930
16933
17823
17829
17871
17874
16931
16934
17824
17830
17872
17875
16568
16987
16996
16999
16569
16988
16997
17000
16989
16998
17001
16571
18640
18745
18754
18760
16572
18641
18745
18755
18761
18642
18746
18756
18762
18621
18745
18746
18749
18750
18751
18626
18627
18628
18629
18753
18766
18767
18768
16576
16951
17010
17011
18770
18779
16951
17010
17012
18771
18779
16578
17837
18663
18789
18792
16579
17838
18664
18790
18793
17839
18665
18791
18794
16581
17011
18654
18782
18785
16582
17011
18655
18783
18785
17012
18656
18784
18786
16584
16962
17013
17014
18798
18799
16963
17013
17015
18800
16586
17846
18693
18812
18815
16587
17847
18694
18813
18816
17848
18695
18814
18817
16966
16967
17013
17017
16590
17018
18725
18731
18839
16591
17019
18726
18732
18840
17020
18727
18733
18841
16593
16595
16626
17038
17043
16594
16596
16627
17039
17044
16597
16628
17040
17045
16596
16598
17921
17924
16597
16599
17922
17925
16600
17923
17926
16599
17131
17870
17876
17933
16600
17132
17871
17877
17934
17133
17872
17878
17935
16602
16993
17049
17061
17064
16603
16994
17050
17062
17065
16995
17051
17063
17066
16605
16999
17002
17022
17025
17061
17067
16606
17000
17003
17023
17026
17062
17068
17001
17004
17024
17027
17063
17069
16608
17070
17072
18750
18856
17071
17072
18751
18857
16610
17073
18763
18764
18851
18868
17074
18765
18852
18868
16612
18792
18863
18869
18874
16613
18793
18864
18870
18875
18794
18865
18871
18876
17076
18785
18786
18873
16616
18806
18874
18880
18889
16617
18807
18875
18881
18890
18808
18876
18882
18891
16619
17014
17077
17078
18884
18885
18895
18896
17015
17079
18886
18895
18897
16621
18815
18889
18899
18905
16622
18816
18890
18900
18906
18817
18891
18901
18907
16624
17033
17035
17092
17093
17106
17107
17109
17110
17034
17035
17092
17094
17108
17111
17115
17118
17119
17120
16627
17123
17128
17921
17927
17988
17991
16628
17124
17129
17922
17928
17989
17992
17125
17130
17923
17929
17990
17993
16630
17131
17140
17143
17876
16631
17132
17141
17144
17877
17133
17142
17145
17878
16633
17055
17140
17149
17152
16634
17056
17141
17150
17153
17057
17142
17151
17154
16636
17064
17067
17097
17100
17149
17155
16637
17065
17068
17098
17101
17150
17156
17066
17069
17099
17102
17151
17157
18868
18940
18969
18970
16640
17075
18959
18967
18973
17075
18960
18968
18973
16642
18869
18870
18969
18983
18985
18871
18970
18984
18986
18976
18981
18982
18988
16645
18880
18881
18983
18999
19001
18882
18984
19000
19001
16647
18905
18906
18999
19005
19006
19011
18907
19000
19007
19012
16649
17080
17169
17171
17172
17942
17080
17170
17173
17943
16651
17112
17226
17235
17238
16652
17113
17227
17236
17239
17114
17228
17237
17240
16654
17119
17242
17244
17983
17120
17243
17244
17984
16656
17137
17259
17262
18000
16657
17138
17260
17263
18001
17139
17261
17264
18002
16659
17143
17259
17268
17271
16660
17144
17260
17269
17272
17145
17261
17270
17273
16662
17152
17155
17217
17220
17268
17274
16663
17153
17156
17218
17221
17269
17275
17154
17157
17219
17222
17270
17276
16665
18940
19060
19088
19093
18940
19060
19089
19094
16667
16669
16714
18961
18964
19076
19082
19085
16668
16670
16715
18962
18965
19077
19083
19086
16671
16716
18963
18966
19078
19084
19087
16670
18967
19085
19095
16671
18967
19086
19096
18968
19087
19097
16673
18985
19088
19110
19112
18986
19089
19110
19113
16675
17280
18981
19101
19114
16676
17281
18981
19102
19115
17282
18982
19103
19116
16678
19011
19129
19132
19133
19138
19012
19129
19134
19139
16680
17171
17295
18018
19140
16681
17172
17296
18019
19141
17173
17297
18020
19142
16683
17969
18030
18036
19164
19167
16684
17970
18031
18037
19165
19168
17971
18032
18038
19166
19169
16686
17200
17310
17319
17322
16687
17201
17311
17320
17323
17202
17312
17321
17324
19173
19178
16690
17238
17328
17360
17372
16691
17239
17329
17361
17373
17240
17330
17362
17374
17244
17375
17376
19182
16694
17250
17375
17379
17382
16695
17251
17375
17380
17383
17252
17376
17381
17384
16697
17379
17388
17391
17994
16698
17380
17389
17392
17995
17381
17390
17393
17996
16700
17388
17397
17400
18003
16701
17389
17398
17401
18004
17390
17399
17402
18005
16703
17262
17397
17406
17409
16704
17263
17398
17407
17410
17264
17399
17408
17411
16706
17271
17274
17345
17406
17415
16707
17272
17275
17346
17407
17416
17273
17276
17347
17408
17417
16709
19093
19186
19210
19216
16710
19093
19187
19211
19217
19094
19188
19212
19218
16712
16714
16763
17418
17421
19082
16713
16715
16764
17419
17422
19083
16716
16765
17420
17423
19084
16715
16717
16766
17424
16716
16718
16767
17425
16719
16768
17426
16718
17424
19085
19222
16719
17425
19086
19223
17426
19087
19224
16721
19112
19210
19211
19219
19220
19240
19113
19212
19221
19241
16723
17280
19228
19237
19245
16724
17281
19229
19238
19246
17282
19230
19239
19247
16726
18069
19138
19266
19267
19269
19270
18070
19139
19268
19271
16728
17439
17445
17448
19140
16729
17440
17446
17449
19141
17441
17447
17450
19142
16731
17445
17454
19155
19278
16732
17446
17455
19156
19279
17447
17456
19157
19280
16734
17322
17325
17457
17466
17472
16735
17323
17326
17458
17467
17473
17324
17327
17459
17468
17474
16737
17340
17475
17481
18104
16738
17341
17476
17482
18105
17342
17477
17483
18106
16740
17366
17493
17502
17505
16741
17367
17494
17503
17506
17368
17495
17504
17507
16743
17372
17475
17502
17511
16744
17373
17476
17503
17512
17374
17477
17504
17513
16746
17382
17514
17517
16747
17383
17515
17518
17384
17516
17519
16749
17391
17514
17523
17526
16750
17392
17515
17524
17527
17393
17516
17525
17528
16752
17400
17523
17532
17535
16753
17401
17524
17533
17536
17402
17525
17534
17537
16755
17409
17532
17541
17544
16756
17410
17533
17542
17545
17411
17534
17543
17546
16758
17415
17487
17541
17550
16759
17416
17488
17542
17551
17417
17489
17543
17552
16761
19216
19284
19311
16762
19217
19285
19312
19218
19286
19313
16764
16766
18116
19305
16765
16767
18117
19306
16768
18118
19307
16767
16769
19308
19741
16768
16770
19309
19742
16771
19310
19743
16770
17424
19308
19314
16771
17425
19309
19315
17426
19310
19316
16773
19219
19311
19332
16774
19220
19312
19333
19221
19313
19334
16776
19237
19320
19329
19335
16777
19238
19321
19330
19336
19239
19322
19331
19337
16779
17448
17559
17568
19356
16780
17449
17560
17569
19357
17450
17561
17570
19358
16782
17472
17583
17592
17598
16783
17473
17584
17593
17599
17474
17585
17594
17600
16785
17481
17601
17610
18137
16786
17482
17602
17611
18138
17483
17603
17612
18139
16788
17505
17622
17625
18146
16789
17506
17623
17626
18147
17507
17624
17627
18148
16791
17526
17631
17634
16792
17527
17632
17635
17528
17633
17636
16794
17535
17631
17640
17643
16795
17536
17632
17641
17644
17537
17633
17642
17645
16797
17544
17640
17649
17652
16798
17545
17641
17650
17653
17546
17642
17651
17654
16800
17550
17616
17649
17658
16801
17551
17617
17650
17659
17552
17618
17651
17660
16803
17625
17664
18158
19429
19838
16804
17626
17665
18159
19839
17627
17666
18160
19840
16806
17604
17628
17664
19430
19820
19844
16807
17605
17629
17665
19821
19845
17606
17630
17666
19822
19846
16809
17652
17667
19847
16810
17653
17668
19848
17654
17669
19849
16812
17658
17661
17667
19853
16813
17659
17662
17668
19854
17660
17663
17669
19855
16815
16816
16817
18189
18193
18197
18199
18200
16818
18189
18194
18198
18201
16817
18197
18199
18202
18208
18211
16818
18197
18200
18203
18209
18212
18198
18201
18204
18210
18213
16820
17678
17681
18202
18217
16821
17679
17682
18203
18218
17680
17683
18204
18219
16823
18208
18217
18220
18223
18232
16824
18209
18218
18221
18224
18233
18210
18219
18222
18225
18234
16826
16851
18205
18206
18282
18284
18285
18290
16851
18207
18283
18286
18291
16828
17714
18284
18292
18295
16829
17715
18285
18293
18296
17716
18286
18294
18297
16831
17717
18232
18238
18316
16832
17718
18233
18239
18317
17719
18234
18240
18318
16834
16839
16852
18310
18316
16835
16840
16852
18311
18317
16841
16853
18312
18318
16837
16842
17698
17723
18238
18241
16838
16843
17699
17724
18239
18242
16844
17700
17725
18240
18243
16840
16842
17723
16841
16843
17724
16844
17725
16843
16848
18328
16844
16849
18328
16850
18329
16846
17698
18319
16847
17699
18320
17700
18321
16849
17698
18319
16850
17699
18320
17700
18321
18290
18291
18388
18389
18390
18391
16853
18414
18414
16855
18333
18419
18420
18421
18334
18419
18422
16857
17687
18338
18420
16858
17688
18339
18421
17689
18340
18422
16860
16861
16861
18417
18501
18617
18418
18502
18617
18414
18503
18504
16864
16865
18419
16865
16869
16899
16900
18505
16870
16901
18506
16867
16871
18420
16868
16872
18421
16873
18422
16870
16871
16872
17772
17773
16873
17774
16872
16908
18507
16873
16909
18508
16910
18509
16875
17687
18510
16876
17688
18511
17689
18512
16878
16883
16879
16884
16885
16881
16883
17778
18510
16882
16884
17779
18511
16885
17780
18512
16884
16926
16885
16927
16928
16946
16947
18531
18532
18533
18534
18624
18625
16950
18539
18548
18549
16889
18497
18498
18499
18615
18616
17819
18613
18614
16894
16895
16974
18617
16892
16896
17767
17769
18503
16893
16897
17767
17770
18503
16898
17768
17771
18504
16895
16896
16897
17767
17820
16898
17768
17821
16897
16902
16976
16898
16903
16977
16904
16978
16900
16905
17769
17772
16901
16906
17770
17773
16907
17771
17774
16903
16905
17769
16904
16906
17770
16907
17771
16906
16911
16907
16912
16913
16909
16914
17772
17775
16910
16915
17773
17776
16916
17774
17777
16912
16914
17772
16913
16915
17773
16916
17774
16915
16920
16916
16921
16922
16918
16923
17775
17778
18510
16919
16924
17776
17779
18511
16925
17777
17780
18512
16921
16923
17775
16922
16924
17776
16925
17777
16924
16929
16925
16930
16931
16927
16932
17778
17781
16928
16933
17779
17782
16934
17780
17783
16930
16932
17778
16931
16933
17779
16934
17780
16933
16938
16934
16939
16940
16936
16941
17781
17784
16937
16942
17782
17785
16943
17783
17786
16939
16941
17781
17822
16940
16942
17782
17823
16943
17783
17824
16942
17790
17825
16943
17791
17826
17792
17827
16945
17796
18515
18618
17796
18516
18619
16947
18532
18622
18624
18626
18533
18622
18625
18627
16949
18538
18630
18637
18638
18640
18641
18538
18631
18639
18642
16951
16952
16953
16954
16955
16952
16953
18644
16953
16954
17011
18654
18655
16955
17012
18656
16955
17798
17799
18548
18654
18655
17800
18549
18656
16957
17798
18654
18669
18782
16958
17799
18655
18670
18783
17800
18656
18671
18784
16960
16964
16961
16964
16965
16963
16964
18672
18673
16965
18674
16965
16966
17013
16967
17013
16967
16968
16969
16969
16970
17017
17852
18696
16970
17017
17852
18697
17807
17852
17807
16973
17817
18601
18602
18607
18608
18739
17818
18603
18609
18739
16975
17820
17821
16979
16980
17036
16977
16981
17820
16978
16982
17820
16983
17821
16980
16981
16982
17820
17868
16983
17821
17869
16982
17038
16983
17039
17040
16985
16993
17049
17052
17825
17828
16986
16994
17050
17053
17826
17829
16995
17051
17054
17827
17830
16988
16990
16993
17793
17831
16989
16991
16994
17794
17832
16992
16995
17795
17833
16991
16993
16999
17061
16992
16994
17000
17062
16995
17001
17063
16994
17831
16995
17832
17833
16997
17002
16998
17003
17004
17000
17002
17001
17003
17004
17003
17022
17004
17023
17024
17006
17834
18634
18754
18757
18763
17007
17835
18635
18755
18758
18764
17836
18636
18756
18759
18765
17009
18643
18644
18766
18769
18770
18772
18643
18644
18767
18769
18771
18772
18770
18771
18772
18779
17012
18780
18781
17016
17015
17016
18803
18804
17016
18805
18895
17852
17019
17862
17905
18842
17020
17863
17906
18843
17864
17907
18844
17912
17913
18849
18850
17023
17028
17031
17024
17029
17031
17030
17032
17026
17028
17067
17916
17027
17029
17068
17917
17030
17069
17918
17029
17031
17033
17106
17916
17030
17031
17033
17107
17917
17032
17034
17108
17918
17032
17033
17867
17034
17867
17034
17035
17035
17092
17867
17037
17868
17869
17041
17042
17118
17039
17043
17868
17040
17044
17868
17045
17869
17042
17043
17044
17868
17919
17045
17869
17920
17044
17123
17045
17124
17125
17047
17055
17140
17873
17876
17048
17056
17141
17874
17877
17057
17142
17875
17878
17050
17052
17058
17051
17053
17059
17054
17060
17053
17055
17828
17873
17054
17056
17829
17874
17057
17830
17875
17056
17058
17057
17059
17060
17059
17064
17149
17060
17065
17150
17066
17151
17062
17067
17063
17068
17069
17065
17067
17066
17068
17069
17068
17097
17069
17098
17099
17071
17879
18747
18760
18761
18855
17880
18748
18762
18855
18752
18858
17074
18776
18777
18863
18864
18866
18868
18778
18865
18867
18868
18862
18872
17881
18780
18781
17078
18884
18887
18896
18991
17079
18885
18887
18896
18992
18886
18888
18897
18993
18908
18918
17082
17950
17951
18918
17083
17177
17178
17084
17964
17965
17088
17182
17183
17086
17902
17905
17966
18925
17087
17903
17906
17967
18926
17904
17907
17968
18927
17089
17972
17973
17090
17190
17191
17091
17198
17199
17096
17977
17978
17095
17094
17095
17109
17110
17209
17095
17111
17210
17096
17209
17210
17979
17980
17977
17978
17979
17980
17098
17103
17916
17099
17104
17917
17105
17918
17101
17103
17155
17985
17102
17104
17156
17986
17105
17157
17987
17104
17112
17226
17105
17113
17227
17114
17228
17107
17109
17916
17108
17110
17917
17111
17918
17110
17112
17235
17111
17113
17236
17114
17237
17113
17226
17916
17114
17227
17917
17228
17918
17116
17117
17915
17117
17119
17983
18939
17120
17984
18939
17121
17122
17919
17920
17120
17121
17122
17122
17126
17242
19054
19055
17127
17243
19056
17124
17128
17919
17125
17129
17919
17130
17920
17127
17128
17129
17919
19054
19055
17130
17920
19056
17129
17247
17130
17248
17249
17132
17134
17137
17876
17933
17133
17135
17138
17877
17934
17136
17139
17878
17935
17135
17137
17143
17259
17136
17138
17144
17260
17139
17145
17261
17138
17930
17933
18000
17139
17931
17934
18001
17932
17935
18002
17141
17146
17142
17147
17148
17144
17146
17145
17147
17148
17147
17152
17268
17148
17153
17269
17154
17270
17150
17155
17151
17156
17157
17153
17155
17154
17156
17157
17156
17217
17157
17218
17219
17159
18861
18951
18956
18957
18959
18961
18962
18861
18952
18958
18960
18963
18973
18976
18977
18978
17162
17163
17164
18896
18991
18992
19003
17165
18897
18993
19004
17164
17166
18012
18996
17165
17167
18013
18997
17168
18014
18998
17167
18015
19003
19013
17168
18016
19003
19014
18017
19004
19015
17170
17174
17175
17950
18918
19025
19026
17176
17951
18918
19027
17172
17174
19013
17173
17175
19014
17176
19015
17175
17295
19025
17176
17296
19026
17297
19027
17178
17179
17180
17950
17964
17181
17951
17965
17180
17184
17304
19025
17181
17185
17305
19026
17186
17306
19027
17183
17187
17188
17964
17972
17189
17965
17973
17185
17187
17964
18039
17186
17188
17964
18040
17189
17965
18041
17188
17192
18042
17189
17193
18043
17194
18044
17191
17195
17196
17198
17972
17197
17199
17973
17193
17195
17972
18051
17194
17196
17972
18052
17197
17973
18053
17196
17198
17200
17310
17197
17198
17201
17311
17199
17202
17312
17199
17200
17201
17977
17202
17978
17201
17203
17202
17204
17205
17204
17211
17319
17977
17205
17212
17320
17977
17213
17321
17978
17207
17214
17235
17238
17328
17208
17215
17236
17239
17329
17216
17237
17240
17330
17210
17214
17215
17235
17236
17979
17216
17237
17980
17212
17214
17979
18056
17213
17215
17979
18057
17216
17980
18058
17215
17334
17216
17335
17336
17218
17223
17985
17219
17224
17986
17225
17987
17221
17223
17274
18061
17222
17224
17275
18062
17225
17276
18063
17224
17232
17351
17225
17233
17352
17234
17353
17227
17229
17232
17985
17228
17230
17233
17986
17231
17234
17987
17230
17232
17238
17360
17231
17233
17239
17361
17234
17240
17362
17233
17363
17985
17234
17364
17986
17365
17987
17236
17238
17237
17239
17240
17239
17240
17244
17983
17984
19053
17243
17245
19054
19055
17246
19056
17245
17246
17246
17250
17251
17375
17252
17376
17248
17988
19054
19057
17249
17989
19055
19058
17990
19056
19059
17251
19054
19057
17252
19055
19058
19056
19059
17254
17388
17991
17994
18003
17255
17389
17992
17995
18004
17390
17993
17996
18005
17257
17262
17397
18000
18003
17258
17263
17398
18001
18004
17264
17399
18002
18005
17260
17265
17261
17266
17267
17263
17265
17264
17266
17267
17266
17271
17406
17267
17272
17407
17273
17408
17269
17274
17270
17275
17276
17272
17274
17273
17275
17276
17275
17345
17276
17346
17347
17278
18977
19095
19101
19104
17279
18977
19096
19102
19105
18978
19097
19103
19106
17281
19107
19117
17282
19108
19118
19109
19119
17284
18994
19114
19120
19123
17285
18994
19115
19121
19124
18995
19116
19122
19125
17287
17289
18012
18074
19126
17288
17290
18013
18075
19127
17291
18014
18076
19128
17290
17292
18015
19257
17291
17293
18016
19258
17294
18017
19259
17293
17439
18018
19140
17294
17440
18019
19141
17441
18020
19142
17296
17298
19152
17297
17299
19153
17300
19154
17299
17445
19140
19155
17300
17446
19141
19156
17447
19142
19157
17302
18024
18027
18033
19031
19161
17303
18025
18028
18034
19032
19162
18026
18029
18035
19033
19163
17305
17307
18039
19152
17306
17308
18040
19153
17309
18041
19154
17308
18045
19155
19278
17309
18046
19156
19279
18047
19157
19280
17311
17313
17316
18051
17312
17314
17317
18052
17315
17318
18053
17314
17316
18048
18051
18101
17315
17317
18049
18052
18102
17318
18050
18053
18103
17317
17322
17457
17318
17323
17458
17324
17459
17320
17325
18056
17321
17326
18057
17327
18058
17323
17325
17324
17326
17327
17326
17337
17466
17327
17338
17467
17339
17468
17329
17331
17334
17330
17332
17335
17333
17336
17332
17340
17372
17475
17333
17341
17373
17476
17342
17374
17477
17335
17340
18056
17336
17341
18057
17342
18058
17338
17340
18056
18104
17339
17341
18057
18105
17342
18058
18106
17341
17475
17342
17476
17477
17344
19179
19180
19181
19182
17346
17348
18061
17347
17349
18062
17350
18063
17349
17354
17415
17487
17350
17355
17416
17488
17356
17417
17489
17352
17357
17363
18061
17353
17358
17364
18062
17359
17365
18063
17355
17357
18061
18107
17356
17358
18062
18108
17359
18063
18109
17358
17363
17366
17493
17359
17364
17367
17494
17365
17368
17495
17361
17363
17369
17362
17364
17370
17365
17371
17364
17366
17365
17367
17368
17367
17369
17368
17370
17371
17370
17372
17502
17371
17373
17503
17374
17504
17373
17374
17376
17377
17378
17378
17382
17383
19182
17384
19182
17380
17385
19057
17381
17386
19058
17387
19059
17383
17385
17384
17386
17387
17386
17391
17514
17387
17392
17515
17393
17516
17389
17394
17390
17395
17396
17392
17394
17393
17395
17396
17395
17400
17523
17396
17401
17524
17402
17525
17398
17403
17399
17404
17405
17401
17403
17402
17404
17405
17404
17409
17532
17405
17410
17533
17411
17534
17407
17412
17408
17413
17414
17410
17412
17411
17413
17414
17413
17415
17541
17414
17416
17542
17417
17543
17416
17417
17419
17421
19079
19082
19201
17420
17422
19080
19083
19202
17423
19081
19084
19203
17422
18116
19207
17423
18117
19208
18118
19209
17425
19225
17426
19226
19227
17428
19104
19222
19228
19231
17429
19105
19223
19229
19232
19106
19224
19230
19233
17431
17433
18071
19123
19245
17432
17434
18072
19124
19246
17435
18073
19125
19247
17434
17436
17556
19248
17435
17437
17557
19249
17438
17558
19250
17437
18071
19260
19341
17438
18072
19261
19342
18073
19262
19343
17440
17442
19257
17441
17443
19258
17444
19259
17443
17448
17559
19263
17444
17449
17560
19264
17450
17561
19265
17446
17451
17447
17452
17453
17449
17451
17450
17452
17453
17452
17454
17568
17453
17455
17569
17456
17570
17455
18122
19281
17456
18123
19282
18124
19283
17458
17463
18101
17459
17464
18102
17465
18103
17461
17463
17580
18098
18101
17462
17464
17581
18099
18102
17465
17582
18100
18103
17464
17472
17583
17465
17473
17584
17474
17585
17467
17469
18104
17468
17470
18105
17471
18106
17470
17472
17484
17592
17471
17473
17485
17593
17474
17486
17594
17473
17474
17476
17478
17477
17479
17480
17479
17481
17511
17601
17480
17482
17512
17602
17483
17513
17603
17482
17484
17483
17485
17486
17485
18104
18137
17486
18105
18138
18106
18139
17488
17490
18107
17489
17491
18108
17492
18109
17491
17496
17550
17616
17492
17497
17551
17617
17498
17552
17618
17494
17499
18107
17495
17500
18108
17501
18109
17497
17499
18107
18143
17498
17500
18108
18144
17501
18109
18145
17500
17505
18146
17501
17506
18147
17507
18148
17503
17508
17504
17509
17510
17506
17508
17507
17509
17510
17509
17511
17622
17510
17512
17623
17513
17624
17512
17622
18140
17513
17623
18141
17624
18142
17515
17520
17516
17521
17522
17518
17520
17519
17521
17522
17521
17526
17522
17527
17528
17524
17529
17525
17530
17531
17527
17529
17528
17530
17531
17530
17535
17631
17531
17536
17632
17537
17633
17533
17538
17534
17539
17540
17536
17538
17537
17539
17540
17539
17544
17640
17540
17545
17641
17546
17642
17542
17547
17543
17548
17549
17545
17547
17546
17548
17549
17548
17550
17649
17549
17551
17650
17552
17651
17551
17552
17554
19231
19314
19320
19323
17555
19232
19315
19321
19324
19233
19316
19322
19325
17557
19335
19341
19344
17558
19336
19342
19345
19337
19343
19346
17560
17565
19350
17561
17566
19351
17567
19352
17563
17565
19350
19353
20007
17564
17566
19351
19354
20008
17567
19352
19355
20009
17566
19356
19781
17567
19357
19782
19358
19783
17569
17571
18122
17570
17572
18123
17573
18124
17572
19356
19359
19790
17573
19357
19360
19791
19358
19361
19792
17575
17577
18122
18125
19281
17576
17578
18123
18126
19282
17579
18124
18127
19283
17578
18131
19359
19796
17579
18132
19360
19797
18133
19361
19798
17581
17583
17586
18128
17582
17584
17587
18129
17585
17588
18130
17584
17589
17585
17590
17591
17587
17589
18134
19938
17588
17590
18135
19939
17591
18136
19940
17590
17598
19802
17591
17599
19803
17600
19804
17593
17595
18137
17594
17596
18138
17597
18139
17596
17598
17613
19811
17597
17599
17614
19812
17600
17615
19813
17599
19753
17600
19754
19755
17602
17607
18140
17603
17608
18141
17609
18142
17605
17607
17628
18140
17606
17608
17629
18141
17609
17630
18142
17608
17610
19820
17609
17611
19821
17612
19822
17611
17613
19756
17612
17614
19757
17615
19758
17614
18137
19826
17615
18138
19827
18139
19828
17617
17619
18143
17618
17620
18144
17621
18145
17620
17658
17661
18149
17621
17659
17662
18150
17660
17663
18151
17623
17628
18140
17624
17629
18141
17630
18142
17626
17628
18152
17627
17629
18153
17630
18154
17629
17664
17630
17665
17666
17632
17637
17633
17638
17639
17635
17637
17636
17638
17639
17638
17643
17639
17644
17645
17641
17646
17642
17647
17648
17644
17646
17645
17647
17648
17647
17652
17648
17653
17654
17650
17655
17651
17656
17657
17653
17655
17654
17656
17657
17656
17658
17667
17657
17659
17668
17660
17669
17659
17660
17662
18155
19614
19835
17663
18156
19836
18157
19837
17665
19626
19841
17666
19842
19843
17668
19850
17669
19851
19852
17671
17672
17673
17701
18187
18188
17674
17702
18187
18188
17673
17701
17674
17701
17702
17676
18191
17677
18191
18192
17679
17680
17682
17683
17685
18226
17686
18227
18228
17688
17689
17691
17698
18241
17692
17699
18242
17700
18243
17694
18539
18548
18539
18549
17696
17798
18548
17697
17799
18548
17800
18549
17699
17700
17702
18188
18191
18188
18192
17704
18173
18253
18262
18268
18271
17705
18174
18254
18263
18269
18272
18175
18255
18264
18270
18273
17707
17709
18181
18268
18276
17708
17710
18182
18269
18276
17711
18183
18270
18277
17710
18265
18274
17711
18266
18274
18267
18275
18186
18276
18277
18278
18193
18194
18280
18281
18282
18283
17715
18229
18287
18292
17716
18230
18288
18293
18231
18289
18294
17718
17720
18229
18298
17719
17721
18230
18299
17722
18231
18300
17721
18304
18310
18316
17722
18305
18311
18317
18306
18312
18318
17724
18238
18316
17725
18239
18317
18240
18318
17727
18319
18322
18330
18338
17728
18320
18323
18331
18339
18321
18324
18332
18340
17730
17731
18345
18346
17732
18347
17732
18341
18348
18341
18349
18278
18279
18377
18378
18384
18385
17735
17737
18295
18301
18398
18401
17736
17738
18296
18302
18399
18402
17739
18297
18303
18400
18403
17738
17751
18395
18398
18404
17739
17752
18396
18399
18404
17753
18397
18400
18405
17741
18426
17762
18427
18428
17743
18348
18423
18429
18434
17744
18348
18424
18429
18435
18349
18425
18430
18436
17746
18362
18440
18447
18450
17747
18363
18440
18448
18451
18364
18441
18449
18452
17749
18374
18379
18465
18468
17750
18375
18380
18466
18469
18376
18381
18467
18470
17752
18395
18489
18492
18494
18497
17753
18396
18490
18492
18495
18497
18397
18491
18493
18496
18498
17755
18434
18513
18518
18521
17756
18435
18513
18519
18521
18436
18514
18520
18522
17758
17759
17760
18427
19365
19366
17761
18428
19367
17760
18518
18525
18527
17761
18519
18525
18527
18520
18526
18528
18525
18526
18531
18532
18533
18439
18445
18446
18535
18536
18537
18475
18476
18477
18585
18586
18587
18585
18590
18591
18592
18480
18590
18595
18596
18597
18598
17768
18501
18617
18502
18617
17770
18505
17771
18505
18506
17773
17774
17776
18507
17777
18508
18509
17779
17780
17782
17783
17785
17787
17790
17786
17788
17791
17789
17792
17788
17793
17789
17794
17795
17791
17793
17831
17792
17794
17832
17795
17833
17794
17795
18521
18522
18620
18621
18527
18528
18620
18622
17799
17801
17800
17802
17803
17802
18666
18669
17803
18667
18670
18668
18671
17805
18565
18657
18675
18681
17806
18566
18658
18676
18682
18567
18659
18677
18683
18696
18697
17809
18586
18698
18707
18710
17810
18586
18699
18708
18711
18587
18700
18709
18712
17812
18591
18707
18716
18719
17813
18591
18708
18717
18720
18592
18709
18718
18721
17815
18597
18716
18728
18731
17816
18597
18717
18729
18732
18598
18718
18730
18733
17818
18601
18602
18728
18729
18737
18603
18730
18738
18740
18741
18744
17821
17823
17825
17828
17824
17826
17829
17827
17830
17826
17831
17827
17832
17833
17829
17830
17832
17833
17835
17837
18651
18776
17836
17838
18652
18777
17839
18653
18778
17838
18648
18773
17839
18649
18774
18650
18775
17841
18669
18782
18798
18801
17842
18670
18783
18799
18801
18671
18784
18800
18802
17844
17846
18681
18789
18806
17845
17847
18682
18790
18807
17848
18683
18791
18808
17847
18678
18806
18809
17848
18679
18807
18810
18680
18808
18811
17850
18701
18812
18821
18824
17851
18702
18813
18822
18825
18703
18814
18823
18826
17854
18710
18821
18830
18836
17855
18711
18822
18831
18837
18712
18823
18832
18838
17857
17859
18719
18725
18830
17858
17860
18720
18726
18831
17861
18721
18727
18832
17860
17862
17893
18833
17861
17863
17894
18834
17864
17895
18835
17863
17896
18725
17864
17897
18726
17898
18727
17866
18737
18839
18840
18845
18846
18738
18841
18845
18847
17869
17871
17873
17876
17872
17874
17877
17875
17878
17874
17876
17875
17877
17878
17877
17878
17880
18760
18761
18851
18854
18762
18852
18854
18779
17883
18801
18873
18884
18885
18887
18802
18873
18886
18888
17885
18824
18899
18909
18912
17886
18825
18900
18910
18913
18826
18901
18911
18914
17888
17890
18836
18909
18919
17889
17891
18837
18910
18920
17892
18838
18911
18921
17891
17893
18833
18922
17892
17894
18834
18923
17895
18835
18924
17894
17896
17899
17895
17897
17900
17898
17901
17897
17902
17905
17898
17903
17906
17904
17907
17900
17902
17952
18922
17901
17903
17953
18923
17904
17954
18924
17903
17955
17904
17956
17957
17906
19362
17907
19363
19364
17909
18846
18928
18930
19362
19363
18847
18929
18931
19364
17911
17912
18849
18928
18934
17913
18849
18929
18935
17913
17914
18936
17914
18937
18850
18938
18939
17917
17918
17920
17922
17924
17927
17923
17925
17928
17926
17929
17925
17930
17933
17926
17931
17934
17932
17935
17928
17930
17997
17929
17931
17998
17932
17999
17931
18000
17932
18001
18002
17934
17935
17937
18856
18942
18944
18946
18857
18942
18945
18947
17939
18859
18944
18951
18953
18954
18859
18945
18952
18955
17941
18887
18988
18991
18992
18994
18888
18988
18993
18995
17943
18908
19003
19013
19014
18908
19004
19015
17945
18912
19005
19016
19019
17946
18913
19006
19017
19020
18914
19007
19018
19021
17948
18919
19016
19028
19034
17949
18920
19017
19029
19035
18921
19018
19030
19036
17951
19025
19026
19027
17953
17955
17958
19028
17954
17956
17959
19029
17957
17960
19030
17956
17961
17966
17957
17962
17967
17963
17968
17959
17961
18027
19031
17960
17962
18028
19032
17963
18029
19033
17962
17969
18030
17963
17970
18031
17971
18032
17965
17967
17969
19037
17968
17970
19038
17971
19039
17970
19040
17971
19041
19042
17973
17975
18930
19037
19038
19043
19044
18931
19039
19043
19045
18934
18935
19043
19047
17978
17979
17980
17980
17982
18938
19047
19049
19051
18938
19047
19050
19052
17984
19049
19050
17986
17987
17989
17991
17994
17990
17992
17995
17993
17996
17992
17997
17993
17998
17999
17995
19057
17996
19058
19059
17998
18000
18003
17999
18001
18004
18002
18005
18001
18003
18002
18004
18005
18004
18005
19060
19063
19064
19065
18008
18946
19063
19068
19069
19071
18947
19063
19070
19072
18010
18953
19068
19076
19079
18011
18954
19069
19077
19080
18955
19070
19078
19081
18013
18015
19120
18014
18016
19121
18017
19122
18016
18018
18017
18019
18020
18019
19013
19140
18020
19014
19141
19015
19142
18022
19019
19132
19143
19146
18023
19020
19133
19144
19147
19021
19134
19145
19148
18025
19034
19143
19158
18026
19035
19144
19159
19036
19145
19160
18028
18030
18033
18029
18031
18034
18032
18035
18031
18036
18032
18037
18038
18034
18036
18083
19161
18035
18037
18084
19162
18038
18085
19163
18037
18086
19167
18038
18087
19168
18088
19169
18040
18042
18045
18041
18043
18046
18044
18047
18043
18048
18051
18044
18049
18052
18050
18053
18046
18048
18089
18047
18049
18090
18050
18091
18049
18092
18050
18093
18094
18052
18053
18055
19044
19164
19165
19173
19174
19045
19166
19173
19175
18057
18058
18060
19051
19178
19179
19180
19052
19178
19179
19181
18062
18063
18065
19071
19192
19201
19204
18066
19071
19193
19202
19205
19072
19194
19203
19206
18068
18069
19131
19240
19251
19252
18070
19131
19241
19253
18070
19130
19254
19255
19130
19256
18072
18074
19126
18073
18075
19127
18076
19128
18075
19257
19260
18076
19258
19261
19259
19262
18078
19146
19266
19272
18079
19147
19267
19273
19148
19268
19274
18081
19158
19272
19275
18082
19159
19273
19276
19160
19274
19277
18084
18086
19275
18085
18087
19276
18088
19277
18087
18088
18090
18092
18095
19278
18091
18093
18096
19279
18094
18097
19280
18093
18098
18101
18094
18099
18102
18100
18103
18096
18098
18125
19281
18097
18099
18126
19282
18100
18127
19283
18099
18128
18100
18129
18130
18102
18103
18105
18106
18108
18109
18111
19195
19284
19287
19290
18112
19196
19285
19288
19291
19197
19286
19289
19292
18114
19204
19287
19296
19299
18115
19205
19288
19297
19300
19206
19289
19298
19301
18117
19296
19305
18118
19297
19306
19298
19307
18120
19260
19341
19350
19353
18121
19261
19342
19351
19354
19262
19343
19352
19355
18123
19281
19359
18124
19282
19360
19283
19361
18126
18128
18131
18127
18129
18132
18130
18133
18129
18134
18130
18135
18136
18132
18134
19926
18133
18135
19927
18136
19928
18135
19929
18136
19930
19931
18138
18139
18141
18142
18144
18146
18149
18145
18147
18150
18148
18151
18147
18152
18148
18153
18154
18150
18152
18155
18151
18153
18156
18154
18157
18153
18158
18154
18159
18160
18156
18158
19620
19941
18157
18159
19942
18160
19943
18159
19621
19944
18160
19945
19946
18165
18166
18244
18163
18165
18167
18245
18248
18164
18165
18168
18245
18248
18166
18169
18246
18249
18166
18245
18246
18168
18170
18169
18171
18172
18171
18173
18253
18172
18174
18254
18175
18255
18174
18176
18175
18177
18178
18177
18181
18268
18178
18182
18269
18183
18270
18180
18184
18185
18182
18184
18268
18183
18184
18269
18185
18270
18185
18186
18276
18186
18277
18187
18188
18189
18190
18191
18192
18193
18194
18280
18192
18197
18198
18194
18195
18196
18196
18199
18200
18205
18206
18282
18201
18207
18283
18198
18200
18201
18203
18208
18204
18209
18210
18206
18284
18287
18207
18285
18288
18286
18289
18209
18211
18217
18220
18210
18212
18218
18221
18213
18219
18222
18212
18214
18213
18215
18216
18215
18220
18229
18287
18216
18221
18230
18288
18222
18231
18289
18218
18219
18221
18222
18224
18226
18235
18225
18227
18236
18228
18237
18227
18235
18228
18236
18237
18230
18287
18298
18231
18288
18299
18289
18300
18233
18234
18236
18241
18237
18242
18243
18239
18241
18240
18242
18243
18242
18243
18245
18246
18247
18246
18248
18252
18249
18252
18252
18249
18250
18251
18251
18252
18256
18257
18354
18252
18258
18355
18254
18262
18255
18263
18264
18257
18259
18262
18258
18260
18263
18261
18264
18260
18262
18352
18354
18356
18362
18261
18263
18352
18354
18357
18363
18264
18353
18355
18358
18364
18263
18271
18356
18264
18272
18357
18273
18358
18266
18268
18271
18365
18267
18269
18272
18366
18270
18273
18367
18269
18270
18272
18273
18275
18276
18278
18377
18277
18278
18378
18277
18386
18388
18283
18388
18388
18285
18287
18290
18286
18288
18290
18289
18291
18288
18289
18291
18389
18390
18293
18295
18298
18301
18294
18296
18299
18302
18297
18300
18303
18296
18398
18297
18399
18400
18299
18304
18300
18305
18306
18302
18304
18307
18303
18305
18308
18306
18309
18305
18310
18313
18306
18311
18314
18312
18315
18308
18313
18401
18309
18314
18402
18315
18403
18311
18313
18312
18314
18315
18314
18325
18315
18326
18327
18317
18318
18320
18322
18330
18321
18323
18331
18324
18332
18323
18324
18326
18410
18327
18410
18411
18329
18415
18415
18331
18335
18332
18336
18337
18334
18335
18336
18415
18337
18415
18336
18338
18420
18337
18339
18421
18340
18422
18339
18340
18342
18343
18343
18344
18348
18429
18344
18349
18430
18350
18346
18348
18423
18347
18348
18424
18349
18425
18349
18351
18437
18438
18352
18353
18353
18354
18362
18363
18440
18355
18364
18441
18355
18357
18359
18358
18360
18361
18360
18362
18368
18447
18361
18363
18369
18448
18364
18370
18449
18363
18364
18366
18371
18367
18372
18373
18369
18371
18370
18372
18373
18372
18374
18379
18373
18375
18380
18376
18381
18375
18379
18456
18459
18376
18380
18457
18460
18381
18458
18461
18378
18379
18380
18382
18381
18383
18380
18382
18381
18382
18383
18383
18384
18465
18466
18385
18467
18385
18386
18386
18387
18473
18474
18390
18391
18392
18393
18478
18391
18394
18479
18393
18395
18394
18396
18397
18396
18398
18489
18397
18399
18490
18400
18491
18399
18400
18402
18404
18406
18403
18404
18406
18405
18407
18405
18406
18492
18407
18493
18407
18408
18500
18409
18500
18409
18410
18500
18411
18500
18411
18412
18417
18413
18418
18413
18414
18414
18416
18416
18419
18418
18421
18422
18424
19365
18425
19366
19367
18427
18428
18428
18525
18526
18430
18431
18432
18432
18433
18434
18435
18513
18433
18436
18514
18439
18435
19365
18436
19366
19367
18438
18439
18439
18445
18446
18441
18442
18443
18444
18443
18445
18450
18535
18540
18444
18445
18451
18535
18541
18446
18452
18536
18542
18446
18535
18536
18448
18450
18453
18449
18451
18454
18452
18455
18451
18453
18452
18454
18455
18454
18456
18550
18455
18457
18551
18458
18552
18457
18459
18553
18458
18460
18554
18461
18555
18460
18468
18562
18461
18469
18563
18470
18564
18463
18465
18468
18471
18571
18464
18466
18469
18471
18572
18467
18470
18472
18573
18466
18467
18469
18470
18472
18473
18474
18474
18475
18477
18476
18477
18476
18580
18581
18583
18582
18584
18479
18481
18482
18481
18482
18482
18483
18484
18595
18485
18596
18484
18486
18485
18487
18488
18487
18489
18494
18604
18488
18490
18495
18605
18491
18496
18606
18490
18491
18493
18497
18498
18495
18497
18496
18497
18498
18498
18499
18615
18499
18616
18502
18503
18617
18504
18617
18504
18505
18506
18506
18508
18510
18509
18511
18512
18511
18512
18514
18515
18516
18516
18517
18521
18517
18522
18538
18519
18523
19365
18520
18523
19366
18524
19367
18522
18523
18524
18524
18527
18620
18528
18620
18526
18529
18530
18528
18529
18530
18530
18532
18622
18533
18622
18533
18536
18540
18541
18543
18542
18544
18538
18543
18544
18630
18631
18541
18545
18542
18546
18547
18544
18545
18546
18632
18547
18633
18546
18559
18645
18547
18560
18646
18561
18647
18549
18551
18553
18556
18552
18554
18557
18555
18558
18554
18556
18562
18565
18555
18557
18563
18566
18558
18564
18567
18557
18559
18565
18657
18558
18560
18566
18658
18561
18567
18659
18560
18561
18563
18568
18564
18569
18570
18566
18568
18567
18569
18570
18569
18574
18675
18570
18575
18676
18576
18677
18572
18577
18573
18578
18579
18575
18577
18576
18578
18579
18578
18580
18684
18579
18581
18685
18582
18686
18581
18583
18687
18582
18583
18688
18584
18689
18584
18586
18698
18699
18587
18700
18588
18589
18587
18588
18589
18589
18591
18707
18708
18592
18709
18593
18594
18592
18593
18594
18594
18597
18716
18717
18598
18718
18596
18599
18601
18602
18600
18603
18598
18599
18600
18600
18601
18602
18728
18729
18603
18730
18602
18607
18603
18608
18609
18605
18607
18606
18608
18609
18608
18610
18609
18611
18612
18611
18613
18612
18613
18614
18614
18615
18740
18616
18741
18616
18619
18621
18640
18641
18745
18621
18642
18746
18623
18626
18627
18753
18625
18628
18629
18627
18628
18629
18629
18643
18766
18643
18767
18631
18632
18634
18635
18633
18636
18633
18645
18646
18651
18652
18647
18653
18635
18637
18651
18636
18638
18652
18639
18653
18638
18640
18754
18639
18641
18755
18642
18756
18641
18642
18644
18770
18771
18646
18648
18647
18649
18650
18649
18651
18663
18650
18652
18664
18653
18665
18652
18653
18655
18656
18658
18660
18659
18661
18662
18661
18663
18681
18789
18662
18664
18682
18790
18665
18683
18791
18664
18665
18667
18672
18668
18673
18674
18670
18672
18671
18673
18674
18673
18798
18674
18799
18800
18676
18678
18677
18679
18680
18679
18681
18693
18680
18682
18694
18683
18695
18682
18683
18685
18687
18690
18686
18688
18691
18689
18692
18688
18690
18698
18701
18689
18691
18699
18702
18692
18700
18703
18691
18693
18701
18812
18692
18694
18702
18813
18695
18703
18814
18694
18695
18697
18699
18704
18700
18705
18706
18702
18704
18703
18705
18706
18705
18710
18821
18706
18711
18822
18712
18823
18708
18713
18709
18714
18715
18711
18713
18712
18714
18715
18714
18719
18830
18715
18720
18831
18721
18832
18717
18722
18718
18723
18724
18720
18722
18721
18723
18724
18723
18725
18731
18724
18726
18732
18727
18733
18726
18727
18729
18734
18730
18735
18736
18732
18734
18733
18735
18736
18735
18737
18839
18736
18737
18840
18738
18841
18738
18739
18739
18742
18845
18741
18743
18743
18743
18744
18746
18747
18748
18748
18750
18760
18761
18751
18762
18752
18751
18752
18752
18755
18757
18756
18758
18759
18758
18760
18763
18851
18759
18761
18764
18851
18762
18765
18852
18761
18762
18764
18776
18765
18777
18778
18767
18769
18769
18769
18772
18771
18774
18776
18792
18863
18775
18777
18793
18864
18778
18794
18865
18777
18778
18780
18781
18781
18785
18786
18783
18787
18784
18787
18788
18786
18787
18788
18788
18801
18873
18802
18873
18790
18795
18791
18796
18797
18793
18795
18794
18796
18797
18796
18806
18874
18797
18807
18875
18808
18876
18799
18803
18800
18804
18805
18802
18803
18804
18805
18804
18884
18805
18885
18886
18807
18809
18808
18810
18811
18810
18815
18889
18811
18816
18890
18817
18891
18813
18818
18814
18819
18820
18816
18818
18817
18819
18820
18819
18824
18899
18820
18825
18900
18826
18901
18822
18827
18823
18828
18829
18825
18827
18826
18828
18829
18828
18836
18909
18829
18837
18910
18838
18911
18831
18833
18832
18834
18835
18834
18836
18835
18837
18838
18837
18838
18840
18842
18841
18843
18844
18843
18846
19362
18844
18846
19363
18847
19364
18848
18847
18848
18848
18849
18928
18929
18852
18853
18853
18854
18868
18855
18856
18857
18942
18857
18858
18858
18859
18944
18945
18860
18861
18951
18952
18862
18959
18960
18864
18866
18869
18865
18866
18870
18867
18871
18867
18868
18869
18870
18969
18868
18871
18970
18870
18877
18871
18878
18879
18973
18883
18875
18877
18876
18878
18879
18878
18880
18983
18879
18881
18983
18882
18984
18881
18892
18882
18893
18894
18887
18888
18988
18885
18886
18888
18890
18892
18891
18893
18894
18893
18905
18999
18894
18906
18999
18907
19000
18896
18897
18898
18897
18898
18898
18908
19003
19004
18900
18902
18901
18903
18904
18903
18905
18912
19005
18904
18906
18913
19006
18907
18914
19007
18906
18907
18910
18915
18911
18916
18917
18913
18915
18914
18916
18917
18916
18919
19016
18917
18920
19017
18921
19018
18920
18922
18921
18923
18924
18923
19028
18924
19029
19030
18926
18930
19037
19362
18927
18930
19038
19363
18931
19039
19364
18929
18932
18933
18931
18932
18933
18933
18934
19043
18935
19043
18935
18936
18937
18937
18938
19047
18938
19047
18939
19049
19050
18941
18971
18972
19060
18943
18946
18947
19063
18945
18948
18949
18950
18947
18948
18949
18950
18949
18953
19068
18950
18954
19069
18955
19070
18952
18956
18957
18958
18954
18956
18955
18957
18958
18957
18961
19076
18958
18962
19077
18963
19078
18960
18964
18965
18966
18962
18964
18963
18965
18966
18965
18967
18966
18967
18968
18968
18974
18975
18970
18971
18972
18972
18985
19088
18986
19089
18974
18975
18975
18977
19095
19096
18978
19097
18979
18980
18978
18979
18980
18980
18981
19101
19102
18982
19103
18982
18989
18990
18984
18987
18987
18986
18987
18987
19001
19110
18989
18990
18990
18994
19114
19115
18995
19116
18992
18996
18993
18997
18998
18995
18996
18997
18998
18997
19120
18998
19121
19122
19000
19002
19002
19002
19011
19012
19129
19004
19006
19008
19007
19009
19010
19009
19011
19019
19132
19010
19011
19020
19133
19012
19021
19134
19012
19014
19015
19017
19022
19018
19023
19024
19020
19022
19021
19023
19024
19023
19034
19143
19024
19035
19144
19036
19145
19026
19152
19027
19153
19154
19029
19031
19030
19032
19033
19032
19034
19033
19035
19036
19035
19036
19038
19040
19039
19041
19042
19041
19044
19164
19042
19044
19165
19045
19166
19046
19045
19046
19046
19173
19048
19051
19052
19178
19050
19053
19053
19052
19053
19053
19179
19055
19057
19056
19058
19059
19058
19059
19061
19062
19062
19064
19093
19186
19187
19065
19094
19188
19066
19067
19065
19066
19183
19184
19067
19185
19067
19071
19192
19193
19072
19194
19069
19073
19070
19074
19075
19072
19073
19074
19075
19074
19079
19201
19075
19080
19202
19081
19203
19077
19082
19078
19083
19084
19080
19082
19081
19083
19084
19083
19084
19086
19098
19087
19099
19100
19089
19090
19091
19092
19091
19093
19112
19210
19092
19093
19112
19211
19094
19113
19212
19094
19096
19098
19097
19099
19100
19099
19104
19222
19100
19105
19223
19106
19224
19102
19107
19103
19108
19109
19105
19107
19106
19108
19109
19108
19228
19109
19229
19230
19111
19112
19113
19131
19240
19241
19113
19115
19117
19116
19118
19119
19118
19123
19245
19119
19124
19246
19125
19247
19121
19126
19122
19127
19128
19124
19126
19125
19127
19128
19127
19128
19130
19131
19138
19139
19133
19135
19134
19136
19137
19136
19138
19146
19266
19137
19138
19147
19267
19139
19148
19268
19139
19141
19142
19144
19149
19145
19150
19151
19147
19149
19148
19150
19151
19150
19158
19272
19151
19159
19273
19160
19274
19153
19155
19154
19156
19157
19156
19278
19157
19279
19280
19159
19161
19160
19162
19163
19162
19275
19163
19276
19277
19165
19170
19166
19171
19172
19168
19170
19169
19171
19172
19171
19174
19172
19174
19175
19176
19177
19175
19176
19177
19177
19181
19184
19186
19192
19195
19185
19187
19193
19196
19188
19194
19197
19187
19189
19188
19190
19191
19190
19195
19216
19284
19191
19196
19217
19285
19197
19218
19286
19193
19198
19194
19199
19200
19196
19198
19197
19199
19200
19199
19204
19287
19200
19205
19288
19206
19289
19202
19207
19203
19208
19209
19205
19207
19206
19208
19209
19208
19296
19209
19297
19298
19211
19213
19212
19214
19215
19214
19216
19219
19311
19215
19217
19220
19312
19218
19221
19313
19217
19218
19220
19242
19221
19243
19244
19223
19225
19224
19226
19227
19226
19231
19314
19227
19232
19315
19233
19316
19229
19234
19230
19235
19236
19232
19234
19233
19235
19236
19235
19237
19320
19236
19238
19321
19239
19322
19238
19248
19239
19249
19250
19241
19242
19243
19244
19243
19251
19332
19244
19252
19333
19253
19334
19246
19248
19247
19249
19250
19249
19335
19250
19336
19337
19252
19254
19253
19255
19256
19255
19269
19256
19270
19271
19258
19263
19259
19264
19265
19261
19263
19262
19264
19265
19264
19350
19265
19351
19352
19267
19268
19270
19271
19273
19274
19276
19277
19279
19281
19280
19282
19283
19282
19283
19285
19286
19288
19293
19289
19294
19295
19291
19293
19292
19294
19295
19294
19299
19295
19300
19301
19297
19302
19298
19303
19304
19300
19302
19301
19303
19304
19303
19305
19304
19306
19307
19306
19307
19309
19317
19744
19310
19318
19745
19319
19746
19312
19313
19315
19317
19316
19318
19319
19318
19323
19977
19319
19324
19978
19325
19979
19321
19326
19322
19327
19328
19324
19326
19775
19325
19327
19776
19328
19777
19327
19329
19983
19328
19330
19984
19331
19985
19330
19338
19747
19331
19339
19748
19340
19749
19333
19334
19336
19338
19337
19339
19340
19339
19344
19992
19340
19345
19993
19346
19994
19342
19347
19343
19348
19349
19345
19347
19917
19346
19348
19918
19349
19919
19348
19353
19998
19349
19354
19999
19355
20000
19351
19352
19354
19920
19355
19921
19922
19357
19750
19358
19751
19752
19360
19923
19361
19924
19925
19363
19364
19366
19367
19369
19370
19472
19474
19475
19741
19472
19474
19744
19371
19374
19480
19482
19484
19472
19479
19480
19482
19477
19479
19486
19487
19489
19486
19493
19495
19747
19375
19379
19376
19380
19480
19481
19484
19485
19377
19381
19433
19487
19488
19491
19492
19501
19503
19505
19493
19500
19501
19503
19498
19500
19507
19508
19510
19380
19385
19381
19386
19382
19387
19436
19383
19388
19437
19501
19502
19505
19506
19517
19519
19521
19508
19516
19517
19519
19514
19516
19523
19524
19526
19386
19392
19387
19393
19388
19394
19440
19389
19395
19441
19390
19396
19442
19517
19518
19521
19522
19531
19533
19535
19524
19530
19531
19533
19530
19537
19538
19750
19393
19399
19394
19400
19395
19401
19445
19396
19402
19446
19397
19403
19447
19541
19543
19545
19531
19540
19541
19543
19537
19540
19547
19548
19550
19400
19406
19401
19407
19402
19408
19450
19403
19409
19451
19404
19410
19452
19405
19411
19453
19541
19542
19545
19546
19555
19557
19559
19561
19564
19565
19548
19554
19555
19557
19407
19413
19408
19414
19409
19415
19455
19410
19416
19456
19411
19417
19457
19562
19564
19566
19573
19576
19577
19561
19562
19564
19555
19561
19568
19569
19570
19414
19420
19415
19421
19416
19422
19460
19417
19423
19461
19574
19576
19578
19588
19591
19592
19573
19574
19576
19562
19573
19580
19581
19583
19569
19580
19587
19753
19421
19426
19605
19608
19609
19422
19427
19612
19615
19616
19423
19428
19465
19589
19591
19593
19619
19622
19623
19588
19589
19591
19574
19588
19595
19596
19598
19581
19595
19602
19603
19756
19605
19606
19608
19605
19612
19613
19615
19612
19619
19620
19622
19589
19619
19626
19627
19596
19626
19629
19489
19633
19634
19495
19633
19636
19759
19434
19436
19634
19635
19640
19642
19644
19503
19636
19639
19640
19642
19510
19638
19639
19646
19647
19649
19437
19440
19438
19441
19640
19641
19644
19645
19439
19442
19519
19520
19521
19522
19647
19648
19651
19652
19656
19658
19660
19526
19653
19655
19656
19658
19441
19445
19442
19446
19443
19447
19663
19665
19667
19533
19656
19662
19663
19665
19538
19662
19669
19670
19762
19446
19450
19447
19451
19448
19452
19673
19675
19677
19543
19663
19672
19673
19675
19550
19669
19672
19679
19680
19682
19451
19455
19452
19456
19453
19457
19454
19458
19673
19674
19677
19678
19687
19689
19691
19693
19696
19697
19557
19680
19686
19687
19689
19456
19460
19457
19461
19458
19462
19694
19696
19698
19564
19693
19694
19696
19570
19687
19693
19700
19701
19702
19461
19465
19462
19466
19713
19716
19717
19463
19467
19576
19577
19578
19579
19706
19708
19710
19720
19723
19724
19583
19694
19705
19706
19708
19587
19701
19705
19712
19765
19466
19469
19714
19716
19718
19730
19733
19734
19591
19713
19714
19716
19598
19713
19720
19721
19723
19603
19706
19720
19727
19728
19767
19622
19730
19731
19733
19627
19714
19730
19737
19738
19769
19629
19721
19737
19740
19772
19473
19475
19476
19477
19479
19977
19475
19974
19476
19482
19478
19483
19980
19478
19775
19489
19778
19481
19483
19481
19484
19485
19487
19483
19484
19485
19489
19485
19491
19488
19490
19983
19488
19491
19492
19493
19490
19491
19492
19495
19633
19986
19492
19634
19496
19635
19494
19496
19497
19498
19500
19992
19496
19989
19497
19503
19636
19499
19504
19637
19995
19499
19917
19510
19638
20001
19502
19504
19502
19505
19506
19508
19504
19505
19506
19510
19639
19506
19640
19512
19641
19509
19511
19998
19509
19512
19513
19514
19516
19511
19512
19513
19646
20004
19513
19519
19647
19515
19520
19648
19515
19920
19526
19653
20010
19518
19520
19518
19521
19522
19524
19520
19521
19522
19526
19522
19528
19525
19527
20007
19525
19528
19529
19530
19781
19527
19528
19529
19655
19784
19529
19533
19656
19534
19657
19787
19532
19534
19532
19535
19536
19537
19540
19534
19535
19536
19538
19662
19536
19543
19663
19539
19544
19664
19539
19790
19539
20013
19550
19669
19793
19542
19544
19542
19545
19546
19548
19544
19545
19546
19550
19672
19546
19673
19552
19674
19549
19551
19923
19549
19552
19553
19554
19796
19551
19552
19553
19679
20016
19553
19557
19680
19558
19681
19799
19556
19558
19926
19556
19559
19560
19568
19929
19558
19559
19560
19686
19932
19560
19570
19687
19571
19688
19935
19563
19565
19563
19566
19567
19569
19580
19565
19566
19567
19570
19693
19567
19583
19694
19572
19584
19695
19571
19938
19572
19802
19571
19572
19700
19805
19587
19701
19808
19575
19577
19575
19578
19579
19581
19595
19577
19578
19579
19583
19579
19598
19585
19599
19582
19584
19582
19585
19586
19602
19811
19584
19585
19586
19587
19705
19586
19603
19706
19604
19707
19814
19817
19590
19592
19590
19593
19594
19596
19626
19592
19593
19594
19598
19713
19594
19627
19714
19600
19628
19715
19597
19599
19597
19600
19601
19820
19599
19600
19601
19603
19720
19601
19629
19721
19722
19823
19604
19826
19604
19829
19727
19832
19607
19609
19607
19610
19611
19613
19609
19610
19611
19615
19611
19630
19617
19631
19614
19616
19614
19617
19618
19620
19616
19617
19618
19622
19618
19632
19624
19835
19621
19623
19621
19624
19625
19623
19624
19625
19627
19730
19625
19731
19941
19732
19944
19628
19628
19838
19629
19737
19841
19844
19631
19847
19632
19850
19853
19635
20019
19635
19636
19637
19638
19639
20022
19856
19641
19643
19641
19644
19645
19647
19643
19644
19645
19649
19645
19651
19648
19650
20025
19648
19651
19652
19653
19650
19651
19652
20028
19652
19654
19654
19947
19658
20034
19657
19659
20031
19657
19660
19661
19662
19859
19659
19660
19661
19862
19661
19665
19666
19865
19664
19666
19664
19667
19668
19669
19672
19666
19667
19668
19670
19668
19675
19671
19676
19671
19868
19671
20037
19682
19871
19674
19676
19674
19677
19678
19680
19676
19677
19678
19682
19678
19684
19681
19683
20040
19681
19684
19685
19686
19874
19683
19684
19685
20043
19685
19689
19690
19877
19688
19690
19950
19688
19691
19692
19700
19953
19690
19691
19692
19956
19692
19702
19703
19959
19695
19697
19695
19698
19699
19701
19705
19697
19698
19699
19702
19699
19708
19704
19709
19703
19962
19704
19880
19703
19704
19882
19712
19885
19707
19709
19707
19710
19711
19727
19887
19709
19710
19711
19712
19711
19728
19729
19889
19890
19715
19717
19715
19718
19719
19721
19737
19717
19718
19719
19723
19719
19738
19725
19739
19722
19724
19722
19725
19726
19891
19724
19725
19726
19728
19726
19740
19894
19729
19897
19729
19899
19901
19732
19734
19732
19735
19965
19736
19902
19734
19735
19736
19738
19736
19968
19971
19739
19905
19739
19908
19740
19911
19914
19742
19744
19974
19743
19745
19975
19746
19976
19745
19974
19977
19746
19975
19978
19976
19979
19748
19983
19989
19992
19749
19984
19990
19993
19985
19991
19994
19751
19781
19790
20013
19752
19782
19791
20014
19783
19792
20015
19754
19802
19811
19817
19755
19803
19812
19818
19804
19813
19819
19757
19820
19826
19829
19758
19821
19827
19830
19822
19828
19831
19760
19989
20019
20022
19761
19990
20020
20023
19991
20021
20024
19763
19859
19868
20013
20037
19764
19860
19869
20014
20038
19861
19870
20015
20039
19766
19817
19818
19880
19887
19890
19819
19881
19888
19890
19768
19829
19830
19891
19892
19897
19899
19831
19893
19898
19900
19770
19838
19902
19905
19908
19771
19839
19903
19906
19909
19840
19904
19907
19910
19773
19844
19891
19905
19914
19774
19845
19892
19906
19915
19846
19893
19907
19916
19776
19778
19977
19983
19777
19779
19978
19984
19780
19979
19985
19779
19980
19986
19780
19981
19987
19982
19988
19782
19787
20007
19783
19788
20008
19789
20009
19785
19787
20007
20010
20031
19786
19788
20008
20011
20032
19789
20009
20012
20033
19788
19859
20013
19789
19860
20014
19861
20015
19791
19793
19923
19792
19794
19924
19795
19925
19794
19868
20013
20016
19795
19869
20014
20017
19870
20015
20018
19797
19799
19923
19926
19798
19800
19924
19927
19801
19925
19928
19800
19874
19932
20016
19801
19875
19933
20017
19876
19934
20018
19803
19808
19938
19804
19809
19939
19810
19940
19806
19808
19935
19938
19962
19807
19809
19936
19939
19963
19810
19937
19940
19964
19809
19817
19880
19810
19818
19880
19819
19881
19812
19814
19826
19813
19815
19827
19816
19828
19815
19817
19832
19887
19816
19818
19833
19887
19819
19834
19888
19818
19819
19821
19823
19822
19824
19825
19824
19829
19844
19891
19825
19830
19845
19892
19831
19846
19893
19827
19832
19828
19833
19834
19830
19832
19831
19833
19834
19833
19897
19834
19897
19898
19836
19853
19941
19837
19854
19942
19855
19943
19839
19841
19944
19840
19842
19945
19843
19946
19842
19844
19905
19843
19845
19906
19846
19907
19845
19846
19848
19850
19849
19851
19852
19851
19853
19852
19854
19855
19854
19855
19857
20001
20022
20025
19858
20002
20023
20026
20003
20024
20027
19860
19865
20031
19861
19866
20032
19867
20033
19863
19865
20031
20034
19864
19866
20032
20035
19867
20033
20036
19866
20037
19867
20038
20039
19869
19871
20040
19870
19872
20041
19873
20042
19872
20037
20043
19873
20038
20044
20039
20045
19875
19877
19950
20040
19876
19878
19951
20041
19879
19952
20042
19878
19956
20043
19879
19957
20044
19958
20045
19881
19885
19962
19963
19886
19964
19883
19885
19959
19962
19884
19885
19960
19963
19886
19961
19964
19886
19890
19890
19888
19889
19897
19889
19898
19890
19901
19892
19894
19893
19895
19896
19895
19899
19914
19896
19899
19915
19900
19916
19898
19901
19901
19900
19901
19901
19903
19944
19965
19971
19904
19945
19966
19972
19946
19967
19973
19906
19911
19907
19912
19913
19909
19911
19971
19910
19912
19972
19913
19973
19912
19914
19913
19915
19916
19915
19916
19918
19992
19998
20001
19919
19993
19999
20002
19994
20000
20003
19921
19998
20007
20010
19922
19999
20008
20011
20000
20009
20012
19924
20016
19925
20017
20018
19927
19929
19932
19928
19930
19933
19931
19934
19930
19935
19938
19931
19936
19939
19937
19940
19933
19935
19950
19934
19936
19951
19937
19952
19936
19953
19937
19954
19955
19939
19940
19942
19944
19965
19943
19945
19966
19946
19967
19945
19946
19948
20010
20025
20031
20034
19949
20011
20026
20032
20035
20012
20027
20033
20036
19951
19953
19956
19952
19954
19957
19955
19958
19954
19959
19962
19955
19960
19963
19961
19964
19957
19959
19958
19960
19961
19960
19961
19963
19964
19966
19968
19967
19969
19970
19969
19971
19970
19972
19973
19972
19973
19975
19980
19976
19981
19982
19978
19980
19979
19981
19982
19981
19982
19984
19986
19985
19987
19988
19987
19989
20019
19988
19990
20020
19991
20021
19990
19995
19991
19996
19997
19993
19995
19994
19996
19997
19996
20001
20022
19997
20002
20023
20003
20024
19999
20004
20000
20005
20006
20002
20004
20003
20005
20006
20005
20010
20025
20006
20011
20026
20012
20027
20008
20009
20011
20012
20014
20015
20017
20040
20018
20041
20042
20020
20021
20023
20024
20026
20028
20027
20029
20030
20029
20034
20030
20035
20036
20032
20033
20035
20036
20038
20039
20041
20043
20042
20044
20045
20044
20045
20047
20129
20048
20130
20049
20115
20116
20064
20076
20080
20081
20083
20052
20056
20068
20069
20070
20071
20080
20082
20084
20086
20088
20090
20092
20072
20087
20088
20090
20094
20095
20134
20081
20094
20097
20098
20056
20059
20083
20084
20085
20086
20124
20127
20128
20137
20057
20060
20101
20103
20105
20110
20113
20114
20090
20100
20101
20103
20095
20107
20108
20136
20098
20107
20124
20125
20127
20110
20111
20113
20124
20101
20110
20117
20118
20120
20063
20064
20076
20133
20066
20078
20065
20066
20067
20068
20080
20067
20083
20070
20084
20069
20070
20071
20072
20071
20074
20073
20074
20075
20087
20075
20090
20091
20077
20078
20131
20079
20081
20094
20134
20079
20083
20085
20096
20135
20137
20082
20084
20082
20085
20086
20097
20084
20085
20086
20086
20098
20099
20089
20091
20089
20092
20093
20091
20092
20093
20100
20093
20101
20102
20096
20096
20135
20098
20107
20099
20099
20124
20102
20104
20102
20105
20106
20117
20104
20105
20106
20106
20120
20121
20109
20137
20109
20125
20112
20114
20112
20115
20126
20116
20118
20114
20115
20128
20116
20120
20116
20130
20122
20119
20121
20119
20122
20123
20121
20122
20123
20123
20126
20128
20126
20129
20130
20128
20129
20130
20130
20133
20134
20133
20135
20136
20137
20160
20184
20160
20164
20165
20167
20167
20174
20175
20172
20175
20177
20143
20144
20145
20146
20148
20152
20149
20154
20156
20181
20182
20182
20183
20153
20154
20155
20155
20156
20157
20157
20159
20161
20162
20163
20165
20192
20163
20167
20169
20171
20195
20166
20168
20166
20169
20170
20168
20169
20170
20174
20170
20172
20175
20173
20176
20172
20198
20173
20177
20176
20176
20177
20179
20180
20187
20189
20185
20192
20186
20193
20194
20188
20190
20191
20193
20195
20198
20194
20196
20199
20197
20200
20196
20198
20197
20199
20200
20199
20200
)


// ************************************************************************* //
