/*--------------------------------*- C++ -*----------------------------------*\
  =========                 |
  \\      /  F ield         | OpenFOAM: The Open Source CFD Toolbox
   \\    /   O peration     | Website:  https://openfoam.org
    \\  /    A nd           | Version:  8
     \\/     M anipulation  |
\*---------------------------------------------------------------------------*/
FoamFile
{
    version     2.0;
    format      ascii;
    class       labelList;
    note        "nPoints: 23492 nCells: 20206 nFaces: 63784 nInternalFaces: 59460";
    location    "constant/polyMesh";
    object      neighbour;
}
// * * * * * * * * * * * * * * * * * * * * * * * * * * * * * * * * * * * * * //


59460
(
1
28
100
101
102
103
108
111
112
224
225
226
104
108
109
111
4
33
108
110
112
114
122
125
126
242
243
244
109
115
116
118
415
115
122
123
125
7
38
122
124
126
128
138
141
142
123
129
131
132
134
131
138
139
141
139
145
146
418
162
168
169
171
13
55
160
161
168
170
172
174
163
177
178
180
420
169
177
184
185
187
14
17
61
184
186
188
190
18
62
178
191
195
196
198
17
20
66
185
186
189
190
195
197
199
201
18
21
67
22
68
196
202
206
207
209
21
25
72
206
208
210
212
22
26
73
27
74
96
213
214
216
423
25
28
78
207
208
211
212
213
215
217
219
224
227
228
26
29
79
27
30
80
31
81
220
224
225
227
30
33
224
226
228
230
242
245
246
828
31
34
829
35
830
111
225
231
235
236
238
235
242
243
245
35
38
242
244
246
248
834
39
835
118
236
249
250
252
426
125
243
249
256
257
259
39
41
256
258
260
262
272
275
276
839
42
279
282
283
840
134
257
263
265
266
268
141
265
272
273
275
272
279
280
282
146
273
286
287
429
280
286
289
290
432
149
304
305
307
435
292
304
311
312
314
48
52
296
297
298
299
311
313
315
317
850
53
300
301
438
851
154
320
321
323
441
158
305
320
327
328
330
312
327
334
335
337
53
57
334
336
338
340
857
58
858
171
321
341
347
348
350
56
61
328
329
332
333
347
349
351
353
862
57
62
335
336
339
340
863
58
63
864
64
865
180
342
356
357
359
444
187
348
356
363
364
366
62
67
363
365
367
369
870
63
68
871
64
69
872
70
873
198
357
370
374
375
377
67
72
364
365
368
369
374
376
378
380
877
68
73
878
69
74
879
70
75
880
76
881
209
375
381
385
386
388
73
79
385
387
389
391
885
74
80
886
75
81
887
76
82
888
83
889
216
392
393
581
79
84
386
387
390
391
392
394
395
396
399
892
1992
1993
80
828
893
81
829
894
82
830
895
83
831
896
832
897
227
397
399
400
1992
238
400
402
404
405
1998
252
405
407
408
447
2002
287
411
450
2022
2049
290
411
412
453
2029
2051
412
413
456
2036
2053
413
414
459
2043
2055
92
175
595
93
191
598
94
192
601
95
202
604
97
203
607
97
98
610
99
213
99
214
533
102
215
101
102
536
103
104
613
103
220
616
106
221
619
105
106
539
107
109
622
107
111
231
625
113
232
628
110
112
110
113
114
115
112
113
114
235
114
118
236
119
237
117
119
117
120
631
121
123
129
119
120
634
121
125
249
121
250
464
127
130
251
124
126
124
127
128
131
126
127
128
256
128
134
257
135
258
130
467
134
263
469
133
135
133
136
637
137
139
472
135
136
137
141
265
137
266
639
143
267
474
140
142
140
143
144
145
142
143
144
272
144
146
273
147
274
147
477
147
642
286
479
151
155
302
648
150
151
651
152
304
645
152
158
305
159
306
156
165
318
657
155
156
654
157
158
320
157
171
321
160
172
322
159
160
161
327
161
328
329
164
165
542
164
166
660
167
169
177
167
171
341
663
167
180
342
666
173
181
343
170
172
170
173
174
184
172
173
174
347
174
187
348
188
349
176
178
191
669
182
193
354
675
179
181
179
182
183
185
195
181
182
672
183
187
356
183
198
357
189
199
358
186
188
186
189
190
188
189
190
363
190
364
365
192
193
545
194
196
202
678
194
198
370
681
200
204
371
684
197
199
197
200
201
206
199
200
201
374
201
209
375
210
376
203
204
548
205
207
213
687
205
209
381
690
211
217
382
693
208
210
208
211
212
210
211
212
385
212
386
387
215
217
215
218
554
219
220
217
218
696
219
392
219
393
551
222
394
221
222
557
223
225
231
699
223
227
397
702
229
233
398
705
226
228
226
229
230
235
228
229
230
399
230
238
400
239
401
232
233
560
234
236
708
234
238
402
711
240
403
714
237
239
237
240
241
243
249
239
240
241
245
404
241
252
405
247
253
406
244
246
244
247
248
256
246
247
833
248
833
248
259
833
260
833
251
253
251
254
717
255
257
263
253
254
720
255
259
407
255
408
723
261
264
409
258
260
258
261
262
265
260
261
838
262
2006
262
268
2007
269
2008
264
563
268
410
482
267
269
267
270
726
271
273
485
269
270
843
271
275
2014
271
488
2015
277
491
2016
274
276
274
277
278
280
286
276
277
844
278
282
2021
278
287
2022
284
288
2023
281
283
281
284
285
289
283
284
845
285
2028
285
290
2029
291
2030
288
494
288
497
290
411
500
291
503
291
506
412
509
293
294
729
295
296
311
741
295
314
735
2057
298
315
744
2058
297
298
566
299
300
747
299
750
2061
301
753
2062
301
512
756
2065
303
305
320
759
309
324
762
2069
306
308
732
306
309
310
312
327
308
309
765
848
310
314
738
2071
310
330
2072
316
331
2073
313
315
313
316
317
334
315
316
849
317
2078
317
337
2079
338
2080
319
321
341
771
325
344
774
2092
322
324
322
325
326
328
347
324
325
768
854
326
330
2094
326
350
2095
332
351
2096
329
331
329
332
333
335
331
332
855
333
337
2101
333
2102
339
2103
336
338
336
339
340
338
339
856
340
2108
340
2109
2110
343
344
569
343
345
572
346
348
356
346
350
780
2130
346
359
777
2131
352
360
2132
349
351
349
352
353
363
351
352
861
353
2136
353
366
2137
367
2138
355
357
370
783
361
372
786
2143
358
360
358
361
362
364
374
360
361
789
868
362
366
2145
362
377
2146
368
378
2147
365
367
365
368
369
367
368
869
369
2152
369
2153
2154
371
372
575
373
375
381
792
373
377
795
2159
379
383
798
2160
376
378
376
379
380
385
378
379
876
380
2163
380
388
2164
389
2165
382
383
578
384
386
392
801
384
388
804
2170
390
395
807
2171
387
389
387
390
391
389
390
884
391
2174
391
2175
2176
394
395
394
515
396
397
396
825
2181
810
1990
2182
398
584
1990
400
402
813
1991
401
828
1993
401
1994
404
828
1995
403
587
1996
405
816
1997
406
833
1999
406
2000
407
833
2001
409
838
2003
409
819
2004
410
2005
2007
590
843
2013
521
2023
2050
524
2030
2052
527
2037
2054
530
2044
2056
416
593
622
631
634
417
593
623
632
635
594
624
633
636
419
472
477
642
643
473
478
644
421
660
669
672
422
661
670
673
662
671
674
424
554
610
687
696
425
555
611
688
697
556
612
689
698
427
634
708
717
720
428
635
709
718
721
636
710
719
722
430
485
494
497
642
431
486
495
498
643
487
496
499
644
433
494
503
506
434
495
504
507
496
505
508
436
651
732
759
765
437
652
733
760
766
653
734
761
767
439
512
756
7345
440
513
757
7346
514
758
7347
442
654
759
768
771
443
655
760
769
772
656
761
770
773
445
572
672
783
789
446
573
673
784
790
574
674
785
791
448
720
816
819
7315
449
721
817
820
7316
722
818
821
7317
451
497
518
521
5445
452
498
519
522
5446
499
520
523
5447
454
506
521
524
5451
455
507
522
525
5452
508
523
526
5453
457
524
527
5457
458
525
528
5458
526
529
5459
460
527
530
5463
461
528
531
5464
529
532
5465
463
593
631
632
594
633
465
469
631
634
717
466
470
632
635
718
471
633
636
719
468
469
470
631
632
637
471
633
638
470
563
639
471
564
640
565
641
473
474
475
637
476
638
475
485
639
642
476
486
640
643
487
641
644
478
479
480
481
480
494
642
481
495
643
496
644
483
488
563
590
723
484
489
564
591
724
490
565
592
725
486
491
726
487
492
727
493
728
489
491
726
822
490
492
727
823
493
728
824
492
497
518
493
498
519
499
520
495
500
496
501
502
498
500
499
501
502
501
506
521
502
507
522
508
523
504
509
505
510
511
507
509
508
510
511
510
524
511
525
526
513
747
756
514
748
757
749
758
516
551
581
584
810
517
552
582
585
811
553
583
586
812
519
822
2016
5442
520
823
5443
824
5444
522
5448
523
5449
5450
525
5454
526
5455
5456
528
5460
529
5461
5462
531
5466
532
5467
5468
534
554
610
616
535
555
611
617
556
612
618
537
613
616
538
614
617
615
618
540
613
622
625
541
614
623
626
615
624
627
543
660
663
544
661
664
662
665
546
598
669
678
681
547
599
670
679
682
600
671
680
683
549
604
678
687
690
550
605
679
688
691
606
680
689
692
552
554
696
702
553
555
697
703
556
698
704
555
557
556
558
559
558
616
699
702
559
617
700
703
618
701
704
561
625
699
708
711
562
626
700
709
712
627
701
710
713
564
717
726
565
718
727
719
728
567
741
747
750
568
742
748
751
743
749
752
570
572
663
771
780
571
573
664
772
781
574
665
773
782
573
666
777
574
667
778
668
779
576
681
783
792
795
577
682
784
793
796
683
785
794
797
579
690
792
801
804
580
691
793
802
805
692
794
803
806
582
696
801
825
583
697
802
826
698
803
827
585
702
813
7306
586
703
814
7307
704
815
7308
588
711
813
816
7312
589
712
814
817
7313
713
815
818
7314
591
819
822
5436
592
820
823
5437
821
824
5438
594
596
598
669
597
599
670
600
671
599
601
600
602
603
602
604
678
603
605
679
606
680
605
607
606
608
609
608
610
687
609
611
688
612
689
611
612
614
619
615
620
621
617
619
618
620
621
620
625
699
621
626
700
627
701
623
628
624
629
630
626
628
627
629
630
629
634
708
630
635
709
636
710
632
633
635
636
638
639
640
641
640
726
641
727
728
643
644
646
651
732
647
652
733
653
734
649
651
654
759
650
652
655
760
653
656
761
652
653
655
657
656
658
659
658
663
771
659
664
772
665
773
661
666
662
667
668
664
666
665
667
668
667
672
668
673
674
670
675
671
676
677
673
675
674
676
677
676
681
783
677
682
784
683
785
679
684
680
685
686
682
684
683
685
686
685
690
792
686
691
793
692
794
688
693
689
694
695
691
693
692
694
695
694
696
801
695
697
802
698
803
697
698
700
705
701
706
707
703
705
704
706
707
706
711
813
707
712
814
713
815
709
714
710
715
716
712
714
713
715
716
715
720
816
716
721
817
722
818
718
723
719
724
725
721
723
722
724
725
724
819
725
820
821
727
728
730
732
735
741
731
733
736
742
734
737
743
733
738
734
739
740
736
738
744
6716
737
739
745
6717
740
746
6718
739
765
7321
740
766
7322
767
7323
742
744
743
745
746
745
750
7330
746
751
7331
752
7332
748
753
749
754
755
751
753
6719
752
754
6720
755
6721
754
756
7336
755
757
7337
758
7338
757
6722
7345
758
6723
7346
6724
7347
760
762
761
763
764
763
765
768
7357
764
766
769
7358
767
770
7359
766
4955
767
4956
4957
769
774
4964
770
775
4965
776
4966
772
774
773
775
776
775
780
7381
776
781
7382
782
7383
778
780
789
6728
779
781
790
6729
782
791
6730
781
6725
782
6726
6727
784
786
785
787
788
787
789
795
7399
788
790
796
7400
791
797
7401
790
4967
791
4968
4969
793
798
794
799
800
796
798
6731
797
799
6732
800
6733
799
804
7408
800
805
7409
806
7410
802
807
803
808
809
805
807
6734
806
808
6735
809
6736
808
825
7417
809
826
7418
827
7419
811
825
7306
7426
812
826
7307
7427
827
7308
7428
814
7309
815
7310
7311
817
5433
818
5434
5435
820
7318
821
7319
7320
823
2015
5439
824
5440
5441
826
6740
827
6741
6742
829
833
901
1993
1995
830
834
902
831
835
903
832
836
904
837
905
834
838
909
1999
2001
2006
2009
2010
835
839
910
836
840
911
837
841
912
842
913
2006
2007
2009
840
844
918
2006
2008
2010
2012
2021
2024
2025
841
845
919
2028
2031
2032
842
846
920
2035
2038
2039
847
921
2042
2045
2046
2007
2014
2015
2017
2014
2021
2022
2024
2021
2028
2029
2031
2028
2035
2036
2038
2035
2042
2043
2045
2071
2072
2074
4955
2057
2071
2078
2079
2081
851
857
939
2061
2062
2063
2064
2078
2080
2082
2084
852
858
940
2065
2066
2067
2068
853
859
941
2085
2087
2088
4958
2085
2087
4961
2094
2095
2097
4964
2072
2094
2101
2102
2104
2079
2101
2108
2109
2111
858
864
946
2108
2110
2112
2114
859
865
947
860
866
948
2116
2118
2120
2085
2115
2116
2118
2095
2130
2136
2137
2139
863
870
953
2102
2103
2106
2107
2136
2138
2140
2142
864
871
954
2109
2110
2113
2114
865
872
955
866
873
956
867
874
957
875
958
2116
2117
2120
2121
2131
2145
2146
2148
4967
2137
2145
2152
2153
2155
871
878
964
2152
2154
2156
2158
872
879
965
873
880
966
874
881
967
875
882
968
883
969
2146
2159
2163
2164
2166
878
885
975
2153
2154
2157
2158
2163
2165
2167
2169
879
886
976
880
887
977
881
888
978
882
889
979
883
890
980
891
981
2164
2170
2174
2175
2177
886
893
988
2174
2176
2178
2180
887
894
989
888
895
990
889
896
991
890
897
992
891
898
993
899
994
893
900
1001
2175
2176
2179
2180
2181
2182
2184
2186
2191
2194
2195
894
901
1002
895
902
1003
896
903
1004
897
904
1005
898
905
1006
899
906
1007
907
1008
1992
2187
2191
2192
2194
902
909
1015
2191
2193
2195
2197
903
910
1016
904
911
1017
905
912
1018
906
913
1019
907
914
1020
915
1021
1998
2192
2198
2202
2203
2205
910
917
1028
2202
2204
2206
2208
911
918
1029
912
919
1030
913
920
1031
914
921
1032
915
922
1033
923
1034
2002
2203
2209
2210
2212
4970
918
924
1041
2009
2010
2011
2012
2209
2211
2213
2215
919
925
1042
2218
2221
2222
920
926
1043
2225
2228
2229
921
927
1044
2232
2235
2236
922
928
1045
2239
2242
2243
923
929
1046
2246
2249
2250
930
1047
2253
2256
2257
925
1052
2017
2018
2019
2020
2216
2217
2219
2221
2223
4973
2024
2218
2219
2221
2031
2218
2225
2226
2228
2038
2225
2232
2233
2235
2045
2232
2239
2240
2242
2239
2246
2247
2249
2246
2253
2254
2256
2049
2219
2260
2261
4976
2051
2226
2260
2263
2264
4979
2053
2233
2263
2266
2267
4982
2055
2240
2266
2269
2270
4985
2247
2269
2272
2273
4988
2254
2272
2275
4991
2074
2290
2291
2293
4994
2081
2276
2290
2297
2298
2300
940
946
1070
2280
2281
2282
2283
2297
2299
2301
2303
941
947
1071
2284
2285
2286
2287
942
948
1072
2304
2306
2307
4997
2087
2304
2306
5000
2097
2313
2314
2316
5003
2104
2291
2313
2320
2321
2323
2111
2298
2320
2327
2328
2330
947
955
1077
2327
2329
2331
2333
948
956
1078
949
957
1079
2335
2337
2339
2118
2304
2334
2335
2337
2122
2309
2334
2341
2342
2344
2126
2341
2348
2350
5006
2139
2314
2355
2361
2362
2364
954
964
1084
2321
2322
2325
2326
2361
2363
2365
2367
955
965
1085
2328
2329
2332
2333
956
966
1086
957
967
1087
958
968
1088
959
969
1089
2335
2336
2339
2340
960
970
1090
2342
2343
2346
2347
2369
2371
2373
2348
2368
2369
2371
2353
2368
2375
2376
2378
2148
2356
2386
2387
2389
5009
2155
2362
2386
2393
2394
2396
965
976
1095
2393
2395
2397
2399
966
977
1096
967
978
1097
968
979
1098
969
980
1099
970
981
1100
971
982
1101
972
983
1102
2369
2370
2373
2374
973
984
1103
2376
2377
2380
2381
2401
2403
2405
2382
2400
2401
2403
2166
2387
2407
2411
2412
2414
976
988
1106
2394
2395
2398
2399
2411
2413
2415
2417
977
989
1107
978
990
1108
979
991
1109
980
992
1110
981
993
1111
982
994
1112
983
995
1113
984
996
1114
985
997
1115
2419
2421
2423
2401
2418
2419
2421
2418
2425
2426
5012
2177
2412
2428
2432
2433
2435
989
1002
1119
2432
2434
2436
2438
990
1003
1120
991
1004
1121
992
1005
1122
993
1006
1123
994
1007
1124
995
1008
1125
996
1009
1126
997
1010
1127
998
1011
1128
2440
2442
2444
2419
2439
2440
2442
2425
2439
2446
2447
2449
2183
2453
2454
2456
5015
1002
1014
1132
2433
2434
2437
2438
2453
2455
2457
2459
2471
2474
2475
1003
1015
1133
1004
1016
1134
1005
1017
1135
1006
1018
1136
1007
1019
1137
1008
1020
1138
1009
1021
1139
1010
1022
1140
1011
1023
1141
1012
1024
1142
1013
1025
1143
2440
2441
2444
2445
2461
2463
2465
2478
2481
2482
2447
2460
2461
2463
2194
2467
2471
2472
2474
1016
1028
1146
2471
2473
2475
2477
1017
1029
1147
1018
1030
1148
1019
1031
1149
1020
1032
1150
1021
1033
1151
1022
1034
1152
1023
1035
1153
1024
1036
1154
1025
1037
1155
2479
2481
2483
2478
2479
2481
2461
2478
2485
2486
2487
2205
2472
2490
2494
2495
2497
1029
1041
1159
2494
2496
2498
2500
1030
1042
1160
1031
1043
1161
1032
1044
1162
1033
1045
1163
1034
1046
1164
1035
1047
1165
1036
1048
1166
1037
1049
1167
2518
2521
2522
1038
1050
1168
2502
2504
2506
2525
2528
2529
2479
2501
2502
2504
2486
2501
2508
2509
5018
2212
2495
2511
2512
2514
5019
1042
1052
1172
2511
2513
2515
2517
1043
1053
1173
2538
2541
2542
1044
1054
1174
2545
2548
2549
1045
1055
1175
2552
2555
2556
1046
1056
1176
2559
2562
2563
1047
1057
1177
2566
2569
2570
1048
1058
1178
2573
2576
2577
1049
1059
1179
2519
2521
2523
2580
2583
2584
2518
2519
2521
2518
2525
2526
2528
2502
2525
2532
2533
5022
1053
1183
2536
2537
2539
2541
2543
5024
2221
2538
2539
2541
2228
2538
2545
2546
2548
2235
2545
2552
2553
2555
2242
2552
2559
2560
2562
2249
2559
2566
2567
2569
2256
2566
2573
2574
2576
2573
2580
2581
2583
2519
2580
2587
2588
5027
2526
2587
2590
5030
2261
2539
2591
2592
5033
2264
2546
2591
2594
2595
5036
2267
2553
2594
2597
2598
5039
2270
2560
2597
2600
2601
5042
2273
2567
2600
2603
2604
5045
2275
2574
2603
2606
5048
2293
2621
2622
2624
5051
2300
2607
2621
2628
2629
2631
1071
1077
1201
2611
2612
2613
2614
2628
2630
2632
2634
1072
1078
1202
2615
2616
2617
2618
1073
1079
1203
2635
2637
2638
5054
2306
2635
2637
5057
2316
2644
2645
2647
5060
2323
2622
2644
2651
2652
2654
2330
2629
2651
2658
2659
2661
1078
1086
1208
2658
2660
2662
2664
1079
1087
1209
1080
1088
1210
2666
2668
2670
2337
2635
2665
2666
2668
2344
2640
2665
2672
2673
2675
2350
2672
2679
2681
5063
2364
2645
2686
2692
2693
2695
1085
1095
1215
2652
2653
2656
2657
2692
2694
2696
2698
1086
1096
1216
2659
2660
2663
2664
1087
1097
1217
1088
1098
1218
1089
1099
1219
1090
1100
1220
2666
2667
2670
2671
1091
1101
1221
2673
2674
2677
2678
2700
2702
2704
2371
2679
2699
2700
2702
2378
2684
2699
2706
2707
2709
2389
2687
2717
2718
2720
5066
2396
2693
2717
2724
2725
2727
1096
1107
1226
2724
2726
2728
2730
1097
1108
1227
1098
1109
1228
1099
1110
1229
1100
1111
1230
1101
1112
1231
1102
1113
1232
1103
1114
1233
2700
2701
2704
2705
1104
1115
1234
2707
2708
2711
2712
2732
2734
2736
2403
2713
2731
2732
2734
2414
2718
2738
2742
2743
2745
1107
1119
1237
2725
2726
2729
2730
2742
2744
2746
2748
1108
1120
1238
1109
1121
1239
1110
1122
1240
1111
1123
1241
1112
1124
1242
1113
1125
1243
1114
1126
1244
1115
1127
1245
1116
1128
1246
2750
2752
2754
2421
2732
2749
2750
2752
2426
2749
2756
2757
5069
2435
2743
2759
2763
2764
2766
1120
1133
1250
2763
2765
2767
2769
1121
1134
1251
1122
1135
1252
1123
1136
1253
1124
1137
1254
1125
1138
1255
1126
1139
1256
1127
1140
1257
1128
1141
1258
1129
1142
1259
2771
2773
2775
2442
2750
2770
2771
2773
2449
2756
2770
2777
2778
2780
2456
2784
2785
6840
1133
1145
1262
2764
2765
2768
2769
2784
2786
2787
2788
2800
2803
2804
1134
1146
1263
1135
1147
1264
1136
1148
1265
1137
1149
1266
1138
1150
1267
1139
1151
1268
1140
1152
1269
1141
1153
1270
1142
1154
1271
1143
1155
1272
1144
1156
1273
2771
2772
2775
2776
2790
2792
2794
2807
2810
2811
2463
2778
2789
2790
2792
2474
2796
2800
2801
2803
1147
1159
1276
2800
2802
2804
2806
1148
1160
1277
1149
1161
1278
1150
1162
1279
1151
1163
1280
1152
1164
1281
1153
1165
1282
1154
1166
1283
1155
1167
1284
1156
1168
1285
2808
2810
2812
2481
2807
2808
2810
2487
2790
2807
2814
2815
2816
2497
2801
2819
2823
2824
2826
1160
1172
1289
2823
2825
2827
2829
1161
1173
1290
1162
1174
1291
1163
1175
1292
1164
1176
1293
1165
1177
1294
1166
1178
1295
1167
1179
1296
1168
1180
1297
2847
2850
2851
1169
1181
1298
2831
2833
2835
2854
2857
2858
2504
2808
2830
2831
2833
2509
2815
2830
2837
2838
5072
2514
2824
2840
2841
2843
5074
1173
1183
1302
2840
2842
2844
2846
3175
3176
3177
1174
1184
1303
2868
2871
2872
1175
1185
1304
2875
2878
2879
1176
1186
1305
2882
2885
2886
1177
1187
1306
2889
2892
2893
1178
1188
1307
2896
2899
2900
1179
1189
1308
2903
2906
2907
1180
1190
1309
2848
2850
2852
2910
2913
2914
2521
2847
2848
2850
2528
2847
2854
2855
2857
2533
2831
2854
2861
2862
2863
1184
1313
2866
2867
2869
2871
2873
3202
3203
3204
5077
2541
2868
2869
2871
2548
2868
2875
2876
2878
2555
2875
2882
2883
2885
2562
2882
2889
2890
2892
2569
2889
2896
2897
2899
2576
2896
2903
2904
2906
2583
2903
2910
2911
2913
2588
2848
2910
2917
2918
5080
2590
2855
2917
2920
5083
2592
2869
2921
2922
5086
2595
2876
2921
2924
2925
5089
2598
2883
2924
2927
2928
5092
2601
2890
2927
2930
2931
5095
2604
2897
2930
2933
2934
5098
2606
2904
2933
2936
5101
2624
2951
2952
2954
5104
2631
2937
2951
2958
2959
2961
1202
1208
1331
2941
2942
2943
2944
2958
2960
2962
2964
1203
1209
1332
2945
2946
2947
2948
1204
1210
1333
2965
2967
2968
5107
2637
2965
2967
5110
2647
2974
2975
2977
5113
2654
2952
2974
2981
2982
2984
2661
2959
2981
2988
2989
2991
1209
1217
1338
2988
2990
2992
2994
1210
1218
1339
1211
1219
1340
2996
2998
3000
2668
2965
2995
2996
2998
2675
2970
2995
3002
3003
3005
2681
3002
3009
3011
5116
2695
2975
3016
3022
3023
3025
1216
1226
1345
2982
2983
2986
2987
3022
3024
3026
3028
1217
1227
1346
2989
2990
2993
2994
1218
1228
1347
1219
1229
1348
1220
1230
1349
1221
1231
1350
2996
2997
3000
3001
1222
1232
1351
3003
3004
3007
3008
3030
3032
3034
2702
3009
3029
3030
3032
2709
3014
3029
3036
3037
3039
2720
3017
3047
3048
3050
5119
2727
3023
3047
3054
3055
3057
1227
1238
1356
3054
3056
3058
3060
1228
1239
1357
1229
1240
1358
1230
1241
1359
1231
1242
1360
1232
1243
1361
1233
1244
1362
1234
1245
1363
3030
3031
3034
3035
1235
1246
1364
3037
3038
3041
3042
3062
3064
3066
2734
3043
3061
3062
3064
2745
3048
3068
3072
3073
3075
1238
1250
1367
3055
3056
3059
3060
3072
3074
3076
3078
1239
1251
1368
1240
1252
1369
1241
1253
1370
1242
1254
1371
1243
1255
1372
1244
1256
1373
1245
1257
1374
1246
1258
1375
1247
1259
1376
3080
3082
3084
2752
3062
3079
3080
3082
2757
3079
3086
3087
5122
2766
3073
3089
3093
3094
3096
1251
1263
1380
3093
3095
3097
3099
1252
1264
1381
1253
1265
1382
1254
1266
1383
1255
1267
1384
1256
1268
1385
1257
1269
1386
1258
1270
1387
1259
1271
1388
1260
1272
1389
3101
3103
3105
2773
3080
3100
3101
3103
2780
3086
3100
3107
3108
3110
1263
1275
1392
3094
3095
3098
3099
3114
3115
3116
3117
3129
3132
3133
1264
1276
1393
1265
1277
1394
1266
1278
1395
1267
1279
1396
1268
1280
1397
1269
1281
1398
1270
1282
1399
1271
1283
1400
1272
1284
1401
1273
1285
1402
1274
1286
1403
3101
3102
3105
3106
3119
3121
3123
3136
3139
3140
2792
3108
3118
3119
3121
2803
3125
3129
3130
3132
1277
1289
1406
3129
3131
3133
3135
1278
1290
1407
1279
1291
1408
1280
1292
1409
1281
1293
1410
1282
1294
1411
1283
1295
1412
1284
1296
1413
1285
1297
1414
1286
1298
1415
3137
3139
3141
2810
3136
3137
3139
2816
3119
3136
3143
3144
3145
2826
3130
3148
3152
3153
3155
1290
1302
1419
3152
3154
3156
3158
3175
3178
3179
3502
3503
3504
1291
1303
1420
1292
1304
1421
1293
1305
1422
1294
1306
1423
1295
1307
1424
1296
1308
1425
1297
1309
1426
1298
1310
1427
3182
3185
3186
1299
1311
1428
3160
3162
3164
3189
3192
3193
2833
3137
3159
3160
3162
2838
3144
3159
3166
3167
5125
2843
3153
3168
3169
3171
5126
3168
3175
3176
3178
1304
1314
1433
3175
3177
3179
3181
3209
3212
3213
1305
1315
1434
3216
3219
3220
1306
1316
1435
3223
3226
3227
1307
1317
1436
3230
3233
3234
1308
1318
1437
3237
3240
3241
1309
1319
1438
3244
3247
3248
1310
1320
1439
3183
3185
3187
3251
3254
3255
2850
3182
3183
3185
2857
3182
3189
3190
3192
2863
3160
3189
3196
3197
3198
3176
3200
3202
3203
3205
2871
3202
3209
3210
3212
2878
3209
3216
3217
3219
2885
3216
3223
3224
3226
2892
3223
3230
3231
3233
2899
3230
3237
3238
3240
2906
3237
3244
3245
3247
2913
3244
3251
3252
3254
2918
3183
3251
3258
3259
5129
2920
3190
3258
3261
5132
2922
3210
3262
3263
5135
2925
3217
3262
3265
3266
5138
2928
3224
3265
3268
3269
5141
2931
3231
3268
3271
3272
5144
2934
3238
3271
3274
3275
5147
2936
3245
3274
3277
5150
2954
3292
3293
3295
5153
2961
3278
3292
3299
3300
3302
1332
1338
1461
3282
3283
3284
3285
3299
3301
3303
3305
1333
1339
1462
3286
3287
3288
3289
1334
1340
1463
3306
3308
3309
5156
2967
3306
3308
5159
2977
3315
3316
3318
5162
2984
3293
3315
3322
3323
3325
2991
3300
3322
3329
3330
3332
1339
1347
1468
3329
3331
3333
3335
1340
1348
1469
1341
1349
1470
3337
3339
3341
2998
3306
3336
3337
3339
3005
3311
3336
3343
3344
3346
3011
3343
3350
3352
5165
3025
3316
3357
3363
3364
3366
1346
1356
1475
3323
3324
3327
3328
3363
3365
3367
3369
1347
1357
1476
3330
3331
3334
3335
1348
1358
1477
1349
1359
1478
1350
1360
1479
1351
1361
1480
3337
3338
3341
3342
1352
1362
1481
3344
3345
3348
3349
3371
3373
3375
3032
3350
3370
3371
3373
3039
3355
3370
3377
3378
3380
3050
3358
3388
3389
3391
5168
3057
3364
3388
3395
3396
3398
1357
1368
1486
3395
3397
3399
3401
1358
1369
1487
1359
1370
1488
1360
1371
1489
1361
1372
1490
1362
1373
1491
1363
1374
1492
1364
1375
1493
3371
3372
3375
3376
1365
1376
1494
3378
3379
3382
3383
3403
3405
3407
3064
3384
3402
3403
3405
3075
3389
3409
3413
3414
3416
1368
1380
1497
3396
3397
3400
3401
3413
3415
3417
3419
1369
1381
1498
1370
1382
1499
1371
1383
1500
1372
1384
1501
1373
1385
1502
1374
1386
1503
1375
1387
1504
1376
1388
1505
1377
1389
1506
3421
3423
3425
3082
3403
3420
3421
3423
3087
3420
3427
3428
5171
3096
3414
3430
3434
3435
3437
1381
1393
1510
3434
3436
3438
3440
1382
1394
1511
1383
1395
1512
1384
1396
1513
1385
1397
1514
1386
1398
1515
1387
1399
1516
1388
1400
1517
1389
1401
1518
1390
1402
1519
3442
3444
3446
3103
3421
3441
3442
3444
3110
3427
3441
3448
3449
3451
1393
1405
1523
3435
3436
3439
3440
3455
3456
3458
3460
3472
3475
3476
1394
1406
1524
1395
1407
1525
1396
1408
1526
1397
1409
1527
1398
1410
1528
1399
1411
1529
1400
1412
1530
1401
1413
1531
1402
1414
1532
1403
1415
1533
1404
1416
1534
3442
3443
3446
3447
3462
3464
3466
3479
3482
3483
3121
3449
3461
3462
3464
3132
3468
3472
3473
3475
1407
1419
1537
3472
3474
3476
3478
3502
3505
3506
1408
1420
1538
1409
1421
1539
1410
1422
1540
1411
1423
1541
1412
1424
1542
1413
1425
1543
1414
1426
1544
1415
1427
1545
1416
1428
1546
3480
3482
3484
3139
3479
3480
3482
3145
3462
3479
3486
3487
3488
3155
3473
3491
3495
3496
3498
3495
3502
3503
3505
1421
1433
1551
3502
3504
3506
3508
1422
1434
1552
1423
1435
1553
1424
1436
1554
1425
1437
1555
1426
1438
1556
1427
1439
1557
1428
1440
1558
3531
3534
3535
1429
1441
1559
3510
3512
3514
3538
3541
3542
3162
3480
3509
3510
3512
3167
3487
3509
3516
5174
3171
3496
3517
3518
3520
5176
3178
3503
3517
3524
3525
3527
1434
1444
1564
3524
3526
3528
3530
3557
3560
3561
1435
1445
1565
3564
3567
3568
1436
1446
1566
3571
3574
3575
1437
1447
1567
3578
3581
3582
1438
1448
1568
3585
3588
3589
1439
1449
1569
3592
3595
3596
1440
1450
1570
3532
3534
3536
3599
3602
3603
3185
3531
3532
3534
3192
3531
3538
3539
3541
3198
3510
3538
3545
3546
5179
3205
3525
3548
3550
3551
3553
3212
3550
3557
3558
3560
3219
3557
3564
3565
3567
3226
3564
3571
3572
3574
3233
3571
3578
3579
3581
3240
3578
3585
3586
3588
3247
3585
3592
3593
3595
3254
3592
3599
3600
3602
3259
3532
3599
3606
3607
5181
3261
3539
3606
3609
5184
3263
3558
3610
3611
5187
3266
3565
3610
3613
3614
5190
3269
3572
3613
3616
3617
5193
3272
3579
3616
3619
3620
5196
3275
3586
3619
3622
3623
5199
3277
3593
3622
3625
5202
3295
3640
3641
3643
5205
3302
3626
3640
3647
3648
3650
1462
1468
1592
3630
3631
3632
3633
3647
3649
3651
3653
1463
1469
1593
3634
3635
3636
3637
1464
1470
1594
3654
3656
3657
5208
3308
3654
3656
5211
3318
3663
3664
3666
5214
3325
3641
3663
3670
3671
3673
3332
3648
3670
3677
3678
3680
1469
1477
1599
3677
3679
3681
3683
1470
1478
1600
1471
1479
1601
3685
3687
3689
3339
3654
3684
3685
3687
3346
3659
3684
3691
3692
3694
3352
3691
3698
3700
5217
3366
3664
3705
3711
3712
3714
1476
1486
1606
3671
3672
3675
3676
3711
3713
3715
3717
1477
1487
1607
3678
3679
3682
3683
1478
1488
1608
1479
1489
1609
1480
1490
1610
1481
1491
1611
3685
3686
3689
3690
1482
1492
1612
3692
3693
3696
3697
3719
3721
3723
3373
3698
3718
3719
3721
3380
3703
3718
3725
3726
3728
3391
3706
3736
3737
3739
5220
3398
3712
3736
3743
3744
3746
1487
1498
1617
3743
3745
3747
3749
1488
1499
1618
1489
1500
1619
1490
1501
1620
1491
1502
1621
1492
1503
1622
1493
1504
1623
1494
1505
1624
3719
3720
3723
3724
1495
1506
1625
3726
3727
3730
3731
3751
3753
3755
3405
3732
3750
3751
3753
3416
3737
3757
3761
3762
3764
1498
1510
1628
3744
3745
3748
3749
3761
3763
3765
3767
1499
1511
1629
1500
1512
1630
1501
1513
1631
1502
1514
1632
1503
1515
1633
1504
1516
1634
1505
1517
1635
1506
1518
1636
1507
1519
1637
3769
3771
3773
3423
3751
3768
3769
3771
3428
3768
3775
3776
5223
3437
3762
3778
3782
3783
3785
1511
1524
1641
3782
3784
3786
3788
1512
1525
1642
1513
1526
1643
1514
1527
1644
1515
1528
1645
1516
1529
1646
1517
1530
1647
1518
1531
1648
1519
1532
1649
1520
1533
1650
3790
3792
3794
3444
3769
3789
3790
3792
3451
3775
3789
3796
3797
3799
3457
3803
3804
3806
5226
1524
1536
1654
3783
3784
3787
3788
3803
3805
3807
3809
3821
3824
3825
1525
1537
1655
1526
1538
1656
1527
1539
1657
1528
1540
1658
1529
1541
1659
1530
1542
1660
1531
1543
1661
1532
1544
1662
1533
1545
1663
1534
1546
1664
1535
1547
1665
3790
3791
3794
3795
3811
3813
3815
3828
3831
3832
3464
3797
3810
3811
3813
3475
3817
3821
3822
3824
1538
1550
1668
3821
3823
3825
3827
1539
1551
1669
1540
1552
1670
1541
1553
1671
1542
1554
1672
1543
1555
1673
1544
1556
1674
1545
1557
1675
1546
1558
1676
1547
1559
1677
3829
3831
3833
3482
3828
3829
3831
3488
3811
3828
3835
3836
3837
3498
3822
3840
3844
3845
3847
1551
1563
1681
3505
3506
3507
3508
3844
3846
3848
3850
3866
3869
3870
1552
1564
1682
1553
1565
1683
1554
1566
1684
1555
1567
1685
1556
1568
1686
1557
1569
1687
1558
1570
1688
1559
1571
1689
3873
3876
3877
1560
1572
1690
3852
3854
3856
3880
3883
3884
3512
3829
3851
3852
3854
3516
3836
3851
3858
5229
3520
3845
3859
3860
3862
5232
3527
3859
3866
3867
3869
1565
1575
1695
3866
3868
3870
3872
3899
3902
3903
1566
1576
1696
3906
3909
3910
1567
1577
1697
3913
3916
3917
1568
1578
1698
3920
3923
3924
1569
1579
1699
3927
3930
3931
1570
1580
1700
3934
3937
3938
1571
1581
1701
3874
3876
3878
3941
3944
3945
3534
3873
3874
3876
3541
3873
3880
3881
3883
3546
3852
3880
3887
3888
5235
3553
3867
3890
3892
3893
3895
3560
3892
3899
3900
3902
3567
3899
3906
3907
3909
3574
3906
3913
3914
3916
3581
3913
3920
3921
3923
3588
3920
3927
3928
3930
3595
3927
3934
3935
3937
3602
3934
3941
3942
3944
3607
3874
3941
3948
3949
5238
3609
3881
3948
3951
5241
3611
3900
3952
3953
5244
3614
3907
3952
3955
3956
5247
3617
3914
3955
3958
3959
5250
3620
3921
3958
3961
3962
5253
3623
3928
3961
3964
3965
5256
3625
3935
3964
3967
5259
3643
3982
3983
3985
5262
3650
3968
3982
3989
3990
3992
1593
1599
1723
3972
3973
3974
3975
3989
3991
3993
3995
1594
1600
1724
3976
3977
3978
3979
1595
1601
1725
3996
3998
3999
5265
3656
3996
3998
5268
3666
4005
4006
4008
5271
3673
3983
4005
4012
4013
4015
3680
3990
4012
4019
4020
4022
1600
1608
1730
4019
4021
4023
4025
1601
1609
1731
1602
1610
1732
4027
4029
4031
3687
3996
4026
4027
4029
3694
4001
4026
4033
4034
4036
3700
4033
4040
4042
5274
3714
4006
4047
4053
4054
4056
1607
1617
1737
4013
4014
4017
4018
4053
4055
4057
4059
1608
1618
1738
4020
4021
4024
4025
1609
1619
1739
1610
1620
1740
1611
1621
1741
1612
1622
1742
4027
4028
4031
4032
1613
1623
1743
4034
4035
4038
4039
4061
4063
4065
3721
4040
4060
4061
4063
3728
4045
4060
4067
4068
4070
3739
4048
4078
4079
4081
5277
3746
4054
4078
4085
4086
4088
1618
1629
1748
4085
4087
4089
4091
1619
1630
1749
1620
1631
1750
1621
1632
1751
1622
1633
1752
1623
1634
1753
1624
1635
1754
1625
1636
1755
4061
4062
4065
4066
1626
1637
1756
4068
4069
4072
4073
4093
4095
4097
3753
4074
4092
4093
4095
3764
4079
4099
4103
4104
4106
1629
1641
1759
4086
4087
4090
4091
4103
4105
4107
4109
1630
1642
1760
1631
1643
1761
1632
1644
1762
1633
1645
1763
1634
1646
1764
1635
1647
1765
1636
1648
1766
1637
1649
1767
1638
1650
1768
4111
4113
4115
3771
4093
4110
4111
4113
3776
4110
4117
4118
5280
3785
4104
4120
4124
4125
4127
1642
1655
1772
4124
4126
4128
4130
1643
1656
1773
1644
1657
1774
1645
1658
1775
1646
1659
1776
1647
1660
1777
1648
1661
1778
1649
1662
1779
1650
1663
1780
1651
1664
1781
4132
4134
4136
3792
4111
4131
4132
4134
3799
4117
4131
4138
4139
4141
3806
4145
4146
4148
7099
1655
1667
1785
4125
4126
4129
4130
4145
4147
4149
4151
4163
4166
4167
1656
1668
1786
1657
1669
1787
1658
1670
1788
1659
1671
1789
1660
1672
1790
1661
1673
1791
1662
1674
1792
1663
1675
1793
1664
1676
1794
1665
1677
1795
1666
1678
1796
4132
4133
4136
4137
4153
4155
4157
4170
4173
4174
3813
4139
4152
4153
4155
3824
4159
4163
4164
4166
1669
1681
1799
4163
4165
4167
4169
1670
1682
1800
1671
1683
1801
1672
1684
1802
1673
1685
1803
1674
1686
1804
1675
1687
1805
1676
1688
1806
1677
1689
1807
1678
1690
1808
4171
4173
4175
3831
4170
4171
4173
3837
4153
4170
4177
4178
4179
3847
4164
4182
4186
4187
4189
1682
1694
1812
4186
4188
4190
4192
1683
1695
1813
1684
1696
1814
1685
1697
1815
1686
1698
1816
1687
1699
1817
1688
1700
1818
1689
1701
1819
1690
1702
1820
4208
4211
4212
1691
1703
1821
4194
4196
4198
4215
4218
4219
3854
4171
4193
4194
4196
3858
4178
4193
4200
5283
3862
4187
4201
4202
4204
5286
1695
1705
1825
3869
3870
3871
3872
4201
4203
4205
4207
1696
1706
1826
4229
4232
4233
1697
1707
1827
4236
4239
4240
1698
1708
1828
4243
4246
4247
1699
1709
1829
4250
4253
4254
1700
1710
1830
4257
4260
4261
1701
1711
1831
4264
4267
4268
1702
1712
1832
4209
4211
4213
4271
4274
4275
3876
4208
4209
4211
3883
4208
4215
4216
4218
3888
4194
4215
4222
4223
4224
1706
1836
3895
3896
3897
3898
4227
4228
4230
4232
4234
5289
3902
4229
4230
4232
3909
4229
4236
4237
4239
3916
4236
4243
4244
4246
3923
4243
4250
4251
4253
3930
4250
4257
4258
4260
3937
4257
4264
4265
4267
3944
4264
4271
4272
4274
3949
4209
4271
4278
4279
5292
3951
4216
4278
4281
5295
3953
4230
4282
4283
5298
3956
4237
4282
4285
4286
5301
3959
4244
4285
4288
4289
5304
3962
4251
4288
4291
4292
5307
3965
4258
4291
4294
4295
5310
3967
4265
4294
4297
5313
3985
4312
4313
4315
5316
3992
4298
4312
4319
4320
4322
1724
1730
4302
4303
4304
4305
4319
4321
4323
4325
8616
1725
1731
1852
4306
4307
4308
4309
1726
1732
1853
4326
4328
4329
5319
3998
4326
4328
5322
4008
4335
4336
4338
5325
4015
4313
4335
4342
4343
4345
4022
4320
4342
4349
4350
4352
1731
1739
4349
4351
4353
4355
8620
1732
1740
1855
1733
1741
1856
4357
4359
4361
4029
4326
4356
4357
4359
4036
4331
4356
4363
4364
4366
4042
4363
4370
4372
5328
4056
4336
4377
4383
4384
4386
1738
1748
4343
4344
4347
4348
4383
4385
4387
4389
8622
1739
1749
4350
4351
4354
4355
8623
1740
1750
1860
1741
1751
1861
1742
1752
1862
1743
1753
1863
4357
4358
4361
4362
1744
1754
1864
4364
4365
4368
4369
4391
4393
4395
4063
4370
4390
4391
4393
4070
4375
4390
4397
4398
4400
4081
4378
4408
4409
4411
5331
4088
4384
4408
4415
4416
4418
1749
1760
4415
4417
4419
4421
8626
1750
1761
1867
1751
1762
1868
1752
1763
1869
1753
1764
1870
1754
1765
1871
1755
1766
1872
1756
1767
1873
4391
4392
4395
4396
1757
1768
1874
4398
4399
4402
4403
4423
4425
4427
4095
4404
4422
4423
4425
4106
4409
4429
4433
4434
4436
1760
1772
4416
4417
4420
4421
4433
4435
4437
4439
8628
1761
1773
1876
1762
1774
1877
1763
1775
1878
1764
1776
1879
1765
1777
1880
1766
1778
1881
1767
1779
1882
1768
1780
1883
1769
1781
1884
4441
4443
4445
4113
4423
4440
4441
4443
4118
4440
4447
4448
5334
4127
4434
4450
4454
4455
4457
1773
1786
4454
4456
4458
4460
8630
1774
1787
1887
1775
1788
1888
1776
1789
1889
1777
1790
1890
1778
1791
1891
1779
1792
1892
1780
1793
1893
1781
1794
1894
1782
1795
1895
4462
4464
4466
4134
4441
4461
4462
4464
4141
4447
4461
4468
4469
4471
4148
4475
4476
4478
7168
1786
1798
4455
4456
4459
4460
4475
4477
4479
4481
4493
4496
4497
8632
1787
1799
8633
1788
1800
1898
1789
1801
1899
1790
1802
1900
1791
1803
1901
1792
1804
1902
1793
1805
1903
1794
1806
1904
1795
1807
1905
1796
1808
1906
1797
1809
1907
4462
4463
4466
4467
4483
4485
4487
4500
4503
4504
4155
4469
4482
4483
4485
4166
4489
4493
4494
4496
1800
1812
4493
4495
4497
4499
8635
1801
1813
1909
1802
1814
1910
1803
1815
1911
1804
1816
1912
1805
1817
1913
1806
1818
1914
1807
1819
1915
1808
1820
1916
1809
1821
1917
4501
4503
4505
4173
4500
4501
4503
4179
4483
4500
4507
4508
4509
4189
4494
4512
4516
4517
4519
1813
1825
1921
4516
4518
4520
4522
1814
1826
1922
1815
1827
1923
1816
1828
1924
1817
1829
1925
1818
1830
1926
1819
1831
1927
1820
1832
1928
1821
1833
1929
4539
4542
4543
1822
1834
1930
4524
4526
4528
4546
4549
4550
4196
4501
4523
4524
4526
4200
4508
4523
4530
5337
4204
4517
4532
4533
4535
5340
1826
1836
1934
4532
4534
4536
4538
1827
1837
1935
4560
4563
4564
1828
1838
1936
4567
4570
4571
1829
1839
1937
4574
4577
4578
1830
1840
1938
4581
4584
4585
1831
1841
1939
4588
4591
4592
1832
1842
1940
4595
4598
4599
1833
1843
1941
4540
4542
4544
4602
4605
4606
4211
4539
4540
4542
4218
4539
4546
4547
4549
4224
4524
4546
4553
4554
4555
1837
1945
4558
4559
4561
4563
4565
5343
4232
4560
4561
4563
4239
4560
4567
4568
4570
4246
4567
4574
4575
4577
4253
4574
4581
4582
4584
4260
4581
4588
4589
4591
4267
4588
4595
4596
4598
4274
4595
4602
4603
4605
4279
4540
4602
4609
4610
5346
4281
4547
4609
4612
5349
4283
4561
4613
4614
5352
4286
4568
4613
4616
4617
5355
4289
4575
4616
4619
4620
5358
4292
4582
4619
4622
4623
5361
4295
4589
4622
4625
4626
5364
4297
4596
4625
4628
5367
1853
1855
4629
4630
4631
4632
8616
8639
1854
1856
4633
4635
4636
5370
8640
4328
4633
4635
5373
1856
1861
8620
8646
1857
1862
4641
4643
4645
8647
4359
4633
4640
4641
4643
4366
4638
4640
4647
4648
4650
4372
4647
4654
4656
5376
1861
1868
8620
8623
8654
1862
1869
8655
1863
1870
8656
1864
1871
4641
4642
4645
4646
8657
1865
1872
4648
4649
4652
4653
4662
4664
4666
8658
4393
4654
4661
4662
4664
4400
4659
4661
4668
4669
4671
1868
1877
8623
8626
8664
1869
1878
8665
1870
1879
8666
1871
1880
8667
1872
1881
8668
1873
1882
8669
1874
1883
4662
4663
4666
4667
8670
1875
1884
4669
4670
4673
4674
4678
4680
4682
8671
4425
4675
4677
4678
4680
1877
1887
8626
8628
8675
1878
1888
8676
1879
1889
8677
1880
1890
8678
1881
1891
8679
1882
1892
8680
1883
1893
8681
1884
1894
8682
1885
1895
4685
4687
4689
8683
4443
4678
4684
4685
4687
4448
4684
4691
4692
5379
1888
1898
8630
8688
1889
1899
8689
1890
1900
8690
1891
1901
8691
1892
1902
8692
1893
1903
8693
1894
1904
8694
1895
1905
8695
1896
1906
1961
4695
4697
4699
4464
4685
4694
4695
4697
4471
4691
4694
4701
4702
4704
1899
1909
8633
8699
1900
1910
8700
1901
1911
8701
1902
1912
8702
1903
1913
8703
1904
1914
8704
1905
1915
8705
1906
1916
8706
1907
1917
1964
1908
1918
1965
4695
4696
4699
4700
4709
4711
4713
4715
4718
4719
4485
4702
4708
4709
4711
1910
1922
8635
8710
1911
1923
8711
1912
1924
8712
1913
1925
8713
1914
1926
8714
1915
1927
8715
1916
1928
8716
1917
1929
8717
1918
1930
1967
4716
4718
4720
4503
4715
4716
4718
4509
4709
4715
4722
4723
4724
4519
4727
4731
4732
4734
10413
1922
1934
4731
4733
4735
4737
8635
8719
1923
1935
8720
1924
1936
8721
1925
1937
8722
1926
1938
8723
1927
1939
8724
1928
1940
8725
1929
1941
8726
1930
1942
1970
4755
4758
4759
1931
1943
1971
4739
4741
4743
4762
4765
4766
4526
4716
4738
4739
4741
4530
4723
4738
4745
4746
5382
4535
4732
4748
4749
4751
5385
1935
1945
4748
4750
4752
4754
8728
1936
1946
4776
4779
4780
8729
1937
1947
4783
4786
4787
8730
1938
1948
4790
4793
4794
8731
1939
1949
1974
4797
4800
4801
1940
1950
1975
4804
4807
4808
1941
1951
1976
4811
4814
4815
1942
1952
1977
4756
4758
4760
4818
4821
4822
4542
4755
4756
4758
4549
4755
4762
4763
4765
4555
4739
4762
4769
4770
4771
1946
4774
4775
4777
4779
4781
5388
8732
4563
4776
4777
4779
4570
4776
4783
4784
4786
4577
4783
4790
4791
4793
4584
4790
4797
4798
4800
4591
4797
4804
4805
4807
4598
4804
4811
4812
4814
4605
4811
4818
4819
4821
4610
4756
4818
4825
4826
5391
4612
4763
4825
4828
5394
4614
4777
4829
4830
5397
4617
4784
4829
4832
4833
5400
4620
4791
4832
4835
4836
5403
4623
4798
4835
4838
4839
5406
4626
4805
4838
4841
4842
5409
4628
4812
4841
4844
5412
1962
1964
4846
4848
4850
8683
8695
8799
4697
4845
4846
4848
10562
4704
4845
4852
4853
4855
10568
1965
1967
8706
8813
1966
1968
4846
4847
4850
4851
4860
4862
4864
4866
4869
4870
8814
4711
4853
4859
4860
4862
1968
1971
4867
4869
4871
8717
8827
4718
4866
4867
4869
4724
4860
4866
4873
4874
4875
1971
1978
4888
4891
4892
8717
8726
8839
1972
1979
4879
4881
4883
4895
4898
4899
8840
4741
4867
4878
4879
4881
4746
4874
4878
4885
4886
5415
1975
1981
4907
4910
4911
8723
8731
8848
1976
1982
4914
4917
4918
8724
8849
1977
1983
4921
4924
4925
8725
8850
1978
1984
4889
4891
4893
4928
4931
4932
8726
8851
4758
4888
4889
4891
4765
4888
4895
4896
4898
4771
4879
4895
4902
4903
4904
4800
4907
4908
4910
10635
4807
4907
4914
4915
4917
4814
4914
4921
4922
4924
4821
4921
4928
4929
4931
4826
4889
4928
4935
4936
5418
4828
4896
4935
4938
5421
4839
4908
4939
4940
5424
10648
4842
4915
4939
4942
4943
5427
4844
4922
4942
4945
5430
1991
1992
2187
7306
1994
1996
2188
7309
1993
1994
1995
2191
1995
1998
2192
1999
2193
1997
1998
2198
7312
2000
2199
5433
1999
2000
2001
2202
2001
2002
2203
2003
2204
2003
2004
7315
2005
2009
2209
2005
2210
7318
2011
2013
2211
2008
2010
2008
2011
2012
2014
2010
2011
2012
2012
2017
2018
2017
2216
5436
2016
2018
2016
2019
2020
2022
2018
2019
2020
2024
2020
5439
2026
5442
2023
2025
2023
2026
2027
2029
2025
2026
2027
2031
2218
2027
2049
2219
2033
2050
2220
2030
2032
2030
2033
2034
2036
2032
2033
2034
2038
2225
2034
2051
2226
2040
2052
2227
2037
2039
2037
2040
2041
2043
2039
2040
2041
2045
2232
2041
2053
2233
2047
2054
2234
2044
2046
2044
2047
2048
2046
2047
2048
2239
2048
2055
2240
2056
2241
2050
5445
2051
2260
5448
2052
5451
2053
2263
5454
2054
5457
2055
2266
5460
2056
5463
2269
5466
2058
2059
6716
2060
2061
2078
7330
2060
2081
2276
7324
2063
2082
2277
7333
2062
2063
6719
2064
2065
7336
2064
2280
7339
2067
2281
7342
2066
2067
6722
2068
7345
2068
2284
7348
2285
7351
2070
2072
2094
7357
2076
2098
2288
7360
2073
2075
7321
2073
2076
2077
2079
2101
2075
2076
7363
2077
2081
2290
7327
2077
2104
2291
2083
2105
2292
2080
2082
2080
2083
2084
2108
2082
2083
2084
2297
2084
2111
2298
2112
2299
2086
2088
2089
2090
2115
7369
2088
7354
2089
2118
2304
2091
2119
2305
7372
2091
5469
2122
2309
5472
2093
2095
2130
7381
2099
2133
2311
7384
2096
2098
2096
2099
2100
2102
2136
2098
2099
7366
2100
2104
2313
2100
2139
2314
2106
2140
2315
2103
2105
2103
2106
2107
2109
2105
2106
2107
2111
2320
2107
2321
2113
2322
2110
2112
2110
2113
2114
2112
2113
2114
2327
2114
2328
2329
2117
2119
2117
2120
2121
2119
2120
2121
2122
2334
2121
2335
2124
2336
2123
2124
2125
2126
2341
7375
2125
2342
2127
2343
2127
7378
2128
2348
2129
2349
7387
2353
7390
2132
2133
6725
2132
2134
6728
2135
2137
2145
2135
2139
2355
7396
2135
2148
2356
7393
2141
2149
2357
2138
2140
2138
2141
2142
2152
2140
2141
2142
2361
2142
2155
2362
2156
2363
2144
2146
2159
7399
2150
2161
2384
7402
2147
2149
2147
2150
2151
2153
2163
2149
2150
7405
2151
2155
2386
2151
2166
2387
2157
2167
2388
2154
2156
2154
2157
2158
2156
2157
2158
2393
2158
2394
2395
2160
2161
6731
2162
2164
2170
7408
2162
2166
2407
7411
2168
2172
2408
7414
2165
2167
2165
2168
2169
2174
2167
2168
2169
2411
2169
2177
2412
2178
2413
2171
2172
6734
2173
2175
2181
7417
2173
2177
2428
7420
2179
2184
2429
7423
2176
2178
2176
2179
2180
2178
2179
2180
2432
2180
2433
2434
2182
2184
6740
2186
2187
7426
2184
2185
6737
2186
2453
2186
2454
5475
2189
2455
2188
2189
6743
2190
2192
2198
7429
2190
2194
2467
7432
2196
2200
2468
7435
2193
2195
2193
2196
2197
2202
2195
2196
2197
2471
2197
2205
2472
2206
2473
2199
2200
6746
2201
2203
7438
2201
2205
2490
7441
2207
2491
5478
2204
2206
2204
2207
2208
2209
2206
2207
2208
2494
2208
2212
2495
2213
2496
2211
2213
2211
2214
7444
2215
2216
2213
2214
7447
2215
2511
2215
2512
7450
2217
2513
2217
6749
2536
7453
2220
2222
2220
2223
2224
2226
2260
2222
2223
2224
2228
2538
2224
2261
2539
2230
2262
2540
2227
2229
2227
2230
2231
2233
2263
2229
2230
2231
2235
2545
2231
2264
2546
2237
2265
2547
2234
2236
2234
2237
2238
2240
2266
2236
2237
2238
2242
2552
2238
2267
2553
2244
2268
2554
2241
2243
2241
2244
2245
2247
2269
2243
2244
2245
2249
2559
2245
2270
2560
2251
2271
2561
2248
2250
2248
2251
2252
2254
2272
2250
2251
2252
2256
2566
2252
2273
2567
2258
2274
2568
2255
2257
2255
2258
2259
5481
2257
2258
2259
2573
2259
2275
2574
2575
5484
2262
5487
2262
5490
2264
2591
5493
2265
5496
2265
5499
2267
2594
5502
2268
5505
2268
5508
2270
2597
5511
2271
5514
2271
5517
2273
2600
5520
2274
5523
2274
5526
2275
2603
5529
5532
2277
2278
7456
2279
2280
2297
7468
2279
2300
2607
7462
2282
2301
2608
7471
2281
2282
6752
2283
2284
7474
2283
2611
7477
2286
2612
7480
2285
2286
6755
2287
5535
2287
2615
7483
2616
5538
2289
2291
2313
7486
2295
2317
2619
7489
2292
2294
7459
2292
2295
2296
2298
2320
2294
2295
7492
2296
2300
2621
7465
2296
2323
2622
2302
2324
2623
2299
2301
2299
2302
2303
2327
2301
2302
2303
2628
2303
2330
2629
2331
2630
2305
2307
2308
2309
2334
7498
2307
5541
2308
2337
2635
2310
2338
2636
7501
2310
6758
2344
2640
7507
2312
2314
2355
7516
2318
2358
2642
7519
2315
2317
2315
2318
2319
2321
2361
2317
2318
7495
2319
2323
2644
2319
2364
2645
2325
2365
2646
2322
2324
2322
2325
2326
2328
2324
2325
2326
2330
2651
2326
2652
2332
2653
2329
2331
2329
2332
2333
2331
2332
2333
2658
2333
2659
2660
2336
2338
2336
2339
2340
2342
2338
2339
2340
2344
2665
2340
2666
2346
2667
2343
2345
7504
2343
2346
2347
2348
2345
2346
2347
2350
2672
7510
2347
2673
2351
2674
2349
2351
2352
2353
2368
7522
2351
7513
2352
2371
2679
2354
2372
2680
7525
2354
5544
2378
2684
5547
2357
2358
6761
2357
2359
6764
2360
2362
2386
2360
2364
2686
7528
2360
2389
2687
7531
2366
2390
2688
2363
2365
2363
2366
2367
2393
2365
2366
2367
2692
2367
2396
2693
2397
2694
2370
2372
2370
2373
2374
2376
2372
2373
2374
2378
2699
2374
2700
2380
2701
2377
2379
6767
2377
2380
2381
2382
2379
2380
2381
2706
5550
2381
2707
2383
2708
2383
6770
2403
2713
7537
2385
2387
2407
7543
2391
2409
2715
7549
2388
2390
2388
2391
2392
2394
2411
2390
2391
7546
2392
2396
2717
2392
2414
2718
2398
2415
2719
2395
2397
2395
2398
2399
2397
2398
2399
2724
2399
2725
2726
2402
2404
7534
2402
2405
2406
2418
5553
2404
2405
2406
2731
7540
2406
2421
2732
2422
2733
5556
2408
2409
6773
2410
2412
2428
7555
2410
2414
2738
7558
2416
2430
2739
7561
2413
2415
2413
2416
2417
2432
2415
2416
2417
2742
2417
2435
2743
2436
2744
2420
2422
2420
2423
2424
2425
2439
2422
2423
2424
2426
2749
2424
2442
2750
2427
2443
2751
2427
5559
2427
7552
2449
2756
5562
2429
2430
6776
2431
2433
2453
7567
2431
2435
2759
7570
2437
2457
2760
7573
2434
2436
2434
2437
2438
2436
2437
2438
2763
2438
2764
2765
2441
2443
2441
2444
2445
2447
2443
2444
2445
2449
2770
2445
2771
2451
2772
2448
2450
7564
2448
2451
2452
2460
5565
2450
2451
2452
2777
5568
2452
2463
2778
2464
2779
5571
2455
2457
2455
2458
6779
2459
2467
2457
2458
6782
2459
2784
2459
2785
6785
2469
2786
2462
2464
6788
2462
2465
2466
2485
6791
2464
2465
2466
2789
6794
2466
2487
2790
2488
2791
6797
2468
2469
6800
2470
2472
2490
7576
2470
2474
2796
7579
2476
2492
2797
7582
2473
2475
2473
2476
2477
2494
2475
2476
2477
2800
2477
2497
2801
2498
2802
2480
2482
2480
2483
2484
2486
2501
2482
2483
2484
2487
2807
2484
2504
2808
2489
2505
2809
2488
6803
2489
5574
2488
2489
2814
5576
2509
2815
5579
2491
2492
6806
2493
2495
5581
2493
2497
2819
7585
2499
2820
7588
2496
2498
2496
2499
2500
2511
2498
2499
2500
2823
2500
2514
2824
2515
2825
2503
2505
2503
2506
2507
2508
2532
2505
2506
2507
2509
2830
2507
2533
2831
2510
2534
2832
2510
2510
5584
2837
5585
2513
2515
2513
2516
7591
2517
2536
2515
2516
7594
2517
2840
2517
2841
5586
2537
2842
2520
2522
2520
2523
2524
2526
2587
2522
2523
2524
2528
2847
2524
2588
2848
2530
2589
2849
2527
2529
2527
2530
2531
5589
2529
2530
2531
2533
2854
2531
2590
2855
2535
2856
5592
2534
6809
2534
2535
2861
5595
2862
5596
2537
5598
2866
5601
2540
2542
2540
2543
2544
2546
2591
2542
2543
2544
2548
2868
2544
2592
2869
2550
2593
2870
2547
2549
2547
2550
2551
2553
2594
2549
2550
2551
2555
2875
2551
2595
2876
2557
2596
2877
2554
2556
2554
2557
2558
2560
2597
2556
2557
2558
2562
2882
2558
2598
2883
2564
2599
2884
2561
2563
2561
2564
2565
2567
2600
2563
2564
2565
2569
2889
2565
2601
2890
2571
2602
2891
2568
2570
2568
2571
2572
2574
2603
2570
2571
2572
2576
2896
2572
2604
2897
2578
2605
2898
2575
2577
2575
2578
2579
2581
5604
2577
2578
2579
2583
2903
2579
2606
2904
2585
2905
5607
2582
2584
2582
2585
6810
2586
6813
2584
2585
2586
2588
2910
2586
2911
6816
2912
5610
2589
5613
2589
5616
2590
2917
5619
5622
2593
5625
2593
7597
2595
2921
5628
2596
5631
2596
5634
2598
2924
5637
2599
5640
2599
5643
2601
2927
5646
2602
5649
2602
5652
2604
2930
5655
2605
5658
2605
5661
2606
2933
5664
5667
2608
2609
6819
2610
2611
2628
7609
2610
2631
2937
7603
2613
2632
2938
7612
2612
2613
6822
2614
2615
7615
2614
2941
7618
2617
2942
7621
2616
2617
6825
2618
7624
2618
2945
7627
2946
5670
2620
2622
2644
7630
2626
2648
2949
7633
2623
2625
7600
2623
2626
2627
2629
2651
2625
2626
7636
2627
2631
2951
7606
2627
2654
2952
2633
2655
2953
2630
2632
2630
2633
2634
2658
2632
2633
2634
2958
2634
2661
2959
2662
2960
2636
2638
2639
2640
2665
7642
2638
5673
2639
2668
2965
2641
2669
2966
7645
2641
5676
2675
2970
5679
2643
2645
2686
7657
2649
2689
2972
7660
2646
2648
2646
2649
2650
2652
2692
2648
2649
7639
2650
2654
2974
2650
2695
2975
2656
2696
2976
2653
2655
2653
2656
2657
2659
2655
2656
2657
2661
2981
2657
2982
2663
2983
2660
2662
2660
2663
2664
2662
2663
2664
2988
2664
2989
2990
2667
2669
2667
2670
2671
2673
2669
2670
2671
2675
2995
2671
2996
2677
2997
2674
2676
7648
2674
2677
2678
2679
2676
2677
2678
2681
3002
7651
2678
3003
2682
3004
2680
2682
2683
2684
2699
7663
2682
7654
2683
2702
3009
2685
2703
3010
7666
2685
5682
2709
3014
7672
2688
2689
6828
2688
2690
6831
2691
2693
2717
2691
2695
3016
7681
2691
2720
3017
7678
2697
2721
3018
2694
2696
2694
2697
2698
2724
2696
2697
2698
3022
2698
2727
3023
2728
3024
2701
2703
2701
2704
2705
2707
2703
2704
2705
2709
3029
2705
3030
2711
3031
2708
2710
7669
2708
2711
2712
2713
2710
2711
2712
3036
7675
2712
3037
2714
3038
2714
5685
2734
3043
7687
2716
2718
2738
7693
2722
2740
3045
7696
2719
2721
2719
2722
2723
2725
2742
2721
2722
7699
2723
2727
3047
2723
2745
3048
2729
2746
3049
2726
2728
2726
2729
2730
2728
2729
2730
3054
2730
3055
3056
2733
2735
7684
2733
2736
2737
2749
5688
2735
2736
2737
3061
7690
2737
2752
3062
2753
3063
5691
2739
2740
6834
2741
2743
2759
7705
2741
2745
3068
7708
2747
2761
3069
7711
2744
2746
2744
2747
2748
2763
2746
2747
2748
3072
2748
2766
3073
2767
3074
2751
2753
2751
2754
2755
2756
2770
2753
2754
2755
2757
3079
2755
2773
3080
2758
2774
3081
2758
5694
2758
7702
2780
3086
5697
2760
2761
6837
2762
2764
2784
7717
2762
2766
3089
7720
2768
2787
3090
7723
2765
2767
2765
2768
2769
2767
2768
2769
3093
2769
3094
3095
2772
2774
2772
2775
2776
2778
2774
2775
2776
2780
3100
2776
3101
2782
3102
2779
2781
7714
2779
2782
2783
2789
5700
2781
2782
2783
3107
5703
2783
2792
3108
2793
3109
5706
2786
2787
2786
6843
2788
2796
2788
3114
8611
2798
3115
7726
2791
2793
6846
2791
2794
2795
2814
6849
2793
2794
2795
3118
6852
2795
2816
3119
2817
3120
6855
2797
2798
6858
2799
2801
2819
7729
2799
2803
3125
7732
2805
2821
3126
7735
2802
2804
2802
2805
2806
2823
2804
2805
2806
3129
2806
2826
3130
2827
3131
2809
2811
2809
2812
2813
2815
2830
2811
2812
2813
2816
3136
2813
2833
3137
2818
2834
3138
2817
6861
2818
5709
2817
2818
3143
5711
2838
3144
5714
2820
2821
6864
2822
2824
5716
2822
2826
3148
7738
2828
3149
5719
2825
2827
2825
2828
2829
2840
2827
2828
2829
3152
2829
2843
3153
2844
3154
2832
2834
2832
2835
2836
2837
2861
2834
2835
2836
2838
3159
2836
2863
3160
2839
2864
3161
2839
6867
2839
5722
3166
5723
2842
2844
2842
2845
7741
2846
2866
2844
2845
7744
2846
3168
2846
3169
7747
2867
3170
2849
2851
2849
2852
2853
2855
2917
2851
2852
2853
2857
3182
2853
2918
3183
2859
2919
3184
2856
2858
2856
2859
2860
2862
5724
2858
2859
2860
2863
3189
2860
2920
3190
2865
3191
5727
2864
5730
2865
5732
2864
2865
3196
5734
3197
5735
2867
5737
3200
5740
2870
2872
2870
2873
2874
2876
2921
2872
2873
2874
2878
3209
2874
2922
3210
2880
2923
3211
2877
2879
2877
2880
2881
2883
2924
2879
2880
2881
2885
3216
2881
2925
3217
2887
2926
3218
2884
2886
2884
2887
2888
2890
2927
2886
2887
2888
2892
3223
2888
2928
3224
2894
2929
3225
2891
2893
2891
2894
2895
2897
2930
2893
2894
2895
2899
3230
2895
2931
3231
2901
2932
3232
2898
2900
2898
2901
2902
2904
2933
2900
2901
2902
2906
3237
2902
2934
3238
2908
2935
3239
2905
2907
2905
2908
2909
2911
5743
2907
2908
2909
2913
3244
2909
2936
3245
2915
3246
5746
2912
2914
2912
2915
6869
2916
6872
2914
2915
2916
2918
3251
2916
3252
6875
3253
6878
2919
5749
2919
5752
2920
3258
5755
5758
2923
5761
2923
7750
2925
3262
5764
2926
5767
2926
5770
2928
3265
5773
2929
5776
2929
5779
2931
3268
5782
2932
5785
2932
5788
2934
3271
5791
2935
5794
2935
5797
2936
3274
5800
5803
2938
2939
6881
2940
2941
2958
7762
2940
2961
3278
7756
2943
2962
3279
7765
2942
2943
6884
2944
2945
7768
2944
3282
7771
2947
3283
7774
2946
2947
6887
2948
7777
2948
3286
7780
3287
7783
2950
2952
2974
7789
2956
2978
3290
7795
2953
2955
7753
2953
2956
2957
2959
2981
2955
2956
7792
2957
2961
3292
7759
2957
2984
3293
2963
2985
3294
2960
2962
2960
2963
2964
2988
2962
2963
2964
3299
2964
2991
3300
2992
3301
2966
2968
2969
2970
2995
7801
2968
7786
2969
2998
3306
2971
2999
3307
7804
2971
6890
3005
3311
5806
2973
2975
3016
7813
2979
3019
3313
7816
2976
2978
2976
2979
2980
2982
3022
2978
2979
7798
2980
2984
3315
2980
3025
3316
2986
3026
3317
2983
2985
2983
2986
2987
2989
2985
2986
2987
2991
3322
2987
3323
2993
3324
2990
2992
2990
2993
2994
2992
2993
2994
3329
2994
3330
3331
2997
2999
2997
3000
3001
3003
2999
3000
3001
3005
3336
3001
3337
3007
3338
3004
3006
7807
3004
3007
3008
3009
3006
3007
3008
3011
3343
7810
3008
3344
3012
3345
3010
3012
3013
3014
3029
7819
3012
5809
3013
3032
3350
3015
3033
3351
7822
3015
5812
3039
3355
7825
3018
3019
6893
3018
3020
6896
3021
3023
3047
3021
3025
3357
7834
3021
3050
3358
7831
3027
3051
3359
3024
3026
3024
3027
3028
3054
3026
3027
3028
3363
3028
3057
3364
3058
3365
3031
3033
3031
3034
3035
3037
3033
3034
3035
3039
3370
3035
3371
3041
3372
3038
3040
6899
3038
3041
3042
3043
3040
3041
3042
3377
7828
3042
3378
3044
3379
3044
6902
3064
3384
5815
3046
3048
3068
7840
3052
3070
3386
7843
3049
3051
3049
3052
3053
3055
3072
3051
3052
7846
3053
3057
3388
3053
3075
3389
3059
3076
3390
3056
3058
3056
3059
3060
3058
3059
3060
3395
3060
3396
3397
3063
3065
6905
3063
3066
3067
3079
5818
3065
3066
3067
3402
7837
3067
3082
3403
3083
3404
5821
3069
3070
6908
3071
3073
3089
7849
3071
3075
3409
7852
3077
3091
3410
7855
3074
3076
3074
3077
3078
3093
3076
3077
3078
3413
3078
3096
3414
3097
3415
3081
3083
3081
3084
3085
3086
3100
3083
3084
3085
3087
3420
3085
3103
3421
3088
3104
3422
3088
5824
3088
5827
3110
3427
5830
3090
3091
6911
3092
3094
3114
7864
3092
3096
3430
7867
3098
3116
3431
7870
3095
3097
3095
3098
3099
3097
3098
3099
3434
3099
3435
3436
3102
3104
3102
3105
3106
3108
3104
3105
3106
3110
3441
3106
3442
3112
3443
3109
3111
7858
3109
3112
3113
3118
5833
3111
3112
3113
3448
7861
3113
3121
3449
3122
3450
5836
3115
3116
6914
3117
3125
7873
3117
3455
7876
3127
3456
7879
3120
3122
6917
3120
3123
3124
3143
6920
3122
3123
3124
3461
6923
3124
3145
3462
3146
3463
6926
3126
3127
6929
3128
3130
3148
7882
3128
3132
3468
7885
3134
3150
3469
7888
3131
3133
3131
3134
3135
3152
3133
3134
3135
3472
3135
3155
3473
3156
3474
3138
3140
3138
3141
3142
3144
3159
3140
3141
3142
3145
3479
3142
3162
3480
3147
3163
3481
3146
5839
3147
5842
3146
3147
3486
5844
3167
3487
5847
3149
3150
6932
3151
3153
7891
3151
3155
3491
7894
3157
3492
5849
3154
3156
3154
3157
3158
3168
3156
3157
3158
3495
3158
3171
3496
3172
3497
3161
3163
3161
3164
3165
3166
3196
3163
3164
3165
3167
3509
3165
3198
3510
3199
3511
5852
5853
3170
3172
3170
3173
7897
3174
3176
3200
3172
3173
7900
3174
3178
3517
3174
3518
7903
3180
3201
3519
3177
3179
3177
3180
3181
3202
3179
3180
3181
3524
3181
3205
3525
3206
3526
3184
3186
3184
3187
3188
3190
3258
3186
3187
3188
3192
3531
3188
3259
3532
3194
3260
3533
3191
3193
3191
3194
3195
3197
5854
3193
3194
3195
3198
3538
3195
3261
3539
3540
5857
3199
5860
5861
3199
5863
3545
5865
3201
5866
3205
3548
7909
3204
3206
3204
3207
7906
3208
3210
5869
3206
3207
3208
3212
3550
3208
3551
5872
3214
3552
5875
3211
3213
3211
3214
3215
3217
3262
3213
3214
3215
3219
3557
3215
3263
3558
3221
3264
3559
3218
3220
3218
3221
3222
3224
3265
3220
3221
3222
3226
3564
3222
3266
3565
3228
3267
3566
3225
3227
3225
3228
3229
3231
3268
3227
3228
3229
3233
3571
3229
3269
3572
3235
3270
3573
3232
3234
3232
3235
3236
3238
3271
3234
3235
3236
3240
3578
3236
3272
3579
3242
3273
3580
3239
3241
3239
3242
3243
3245
3274
3241
3242
3243
3247
3585
3243
3275
3586
3249
3276
3587
3246
3248
3246
3249
3250
3252
5878
3248
3249
3250
3254
3592
3250
3277
3593
3256
3594
5881
3253
3255
3253
3256
6935
3257
5884
3255
3256
3257
3259
3599
3257
3600
6938
3601
6941
3260
5887
3260
5890
3261
3606
5893
5896
3264
5899
3264
5902
3266
3610
5905
3267
5908
3267
5911
3269
3613
5914
3270
5917
3270
5920
3272
3616
5923
3273
5926
3273
5929
3275
3619
5932
3276
5935
3276
5938
3277
3622
5941
5944
3279
3280
6944
3281
3282
3299
7921
3281
3302
3626
7915
3284
3303
3627
7924
3283
3284
6947
3285
3286
7927
3285
3630
7930
3288
3631
7933
3287
3288
6950
3289
7936
3289
3634
7939
3635
7942
3291
3293
3315
7948
3297
3319
3638
7951
3294
3296
7912
3294
3297
3298
3300
3322
3296
3297
7954
3298
3302
3640
7918
3298
3325
3641
3304
3326
3642
3301
3303
3301
3304
3305
3329
3303
3304
3305
3647
3305
3332
3648
3333
3649
3307
3309
3310
3311
3336
7960
3309
7945
3310
3339
3654
3312
3340
3655
7963
3312
5947
3346
3659
5950
3314
3316
3357
7975
3320
3360
3661
7978
3317
3319
3317
3320
3321
3323
3363
3319
3320
7957
3321
3325
3663
3321
3366
3664
3327
3367
3665
3324
3326
3324
3327
3328
3330
3326
3327
3328
3332
3670
3328
3671
3334
3672
3331
3333
3331
3334
3335
3333
3334
3335
3677
3335
3678
3679
3338
3340
3338
3341
3342
3344
3340
3341
3342
3346
3684
3342
3685
3348
3686
3345
3347
7966
3345
3348
3349
3350
3347
3348
3349
3352
3691
7969
3349
3692
3353
3693
3351
3353
3354
3355
3370
7981
3353
7972
3354
3373
3698
3356
3374
3699
7984
3356
5953
3380
3703
7990
3359
3360
6953
3359
3361
6956
3362
3364
3388
3362
3366
3705
7999
3362
3391
3706
7996
3368
3392
3707
3365
3367
3365
3368
3369
3395
3367
3368
3369
3711
3369
3398
3712
3399
3713
3372
3374
3372
3375
3376
3378
3374
3375
3376
3380
3718
3376
3719
3382
3720
3379
3381
7987
3379
3382
3383
3384
3381
3382
3383
3725
7993
3383
3726
3385
3727
3385
6959
3405
3732
8005
3387
3389
3409
8008
3393
3411
3734
8011
3390
3392
3390
3393
3394
3396
3413
3392
3393
8014
3394
3398
3736
3394
3416
3737
3400
3417
3738
3397
3399
3397
3400
3401
3399
3400
3401
3743
3401
3744
3745
3404
3406
8002
3404
3407
3408
3420
5956
3406
3407
3408
3750
5959
3408
3423
3751
3424
3752
5962
3410
3411
6962
3412
3414
3430
8020
3412
3416
3757
8023
3418
3432
3758
8026
3415
3417
3415
3418
3419
3434
3417
3418
3419
3761
3419
3437
3762
3438
3763
3422
3424
3422
3425
3426
3427
3441
3424
3425
3426
3428
3768
3426
3444
3769
3429
3445
3770
3429
5965
3429
8017
3451
3775
5968
3431
3432
6965
3433
3435
3455
8035
3433
3437
3778
8038
3439
3458
3779
8041
3436
3438
3436
3439
3440
3438
3439
3440
3782
3440
3783
3784
3443
3445
3443
3446
3447
3449
3445
3446
3447
3451
3789
3447
3790
3453
3791
3450
3452
8029
3450
3453
3454
3461
5971
3452
3453
3454
3796
8032
3454
3464
3797
3465
3798
5974
3456
3458
6971
3460
3468
8047
3458
3459
8044
3460
3803
3460
3804
6968
3470
3805
3463
3465
6974
3463
3466
3467
3486
6977
3465
3466
3467
3810
6980
3467
3488
3811
3489
3812
6983
3469
3470
6986
3471
3473
3491
8050
3471
3475
3817
8053
3477
3493
3818
8056
3474
3476
3474
3477
3478
3495
3476
3477
3478
3821
3478
3498
3822
3499
3823
3481
3483
3481
3484
3485
3487
3509
3483
3484
3485
3488
3828
3485
3512
3829
3490
3513
3830
3489
6989
3490
5977
3489
3490
3835
5979
3516
3836
5982
3492
3493
6992
3494
3496
8059
3494
3498
3840
8062
3500
3841
5985
3497
3499
3497
3500
3501
3503
3517
3499
3500
3501
3505
3844
3501
3520
3845
3507
3521
3846
3504
3506
3504
3507
3508
3524
3506
3507
3508
3508
3527
3528
3511
3513
3511
3514
3515
3545
5988
3513
3514
3515
3516
3851
3515
3546
3852
3547
3853
5990
5993
3519
3521
3519
3522
8065
3523
3525
3548
3521
3522
8068
3523
3527
3859
3523
3860
8071
3529
3549
3861
3526
3528
3526
3529
3530
3550
3528
3529
3530
3866
3530
3553
3867
3554
3868
3533
3535
3533
3536
3537
3539
3606
3535
3536
3537
3541
3873
3537
3607
3874
3543
3608
3875
3540
3542
3540
3543
3544
5996
3542
3543
3544
3546
3880
3544
3609
3881
3882
5999
3547
6995
3547
6002
3887
6005
3549
6997
3553
3890
8077
3552
3554
3552
3555
8074
3556
3558
6008
3554
3555
3556
3560
3892
3556
3893
6011
3562
3894
6014
3559
3561
3559
3562
3563
3565
3610
3561
3562
3563
3567
3899
3563
3611
3900
3569
3612
3901
3566
3568
3566
3569
3570
3572
3613
3568
3569
3570
3574
3906
3570
3614
3907
3576
3615
3908
3573
3575
3573
3576
3577
3579
3616
3575
3576
3577
3581
3913
3577
3617
3914
3583
3618
3915
3580
3582
3580
3583
3584
3586
3619
3582
3583
3584
3588
3920
3584
3620
3921
3590
3621
3922
3587
3589
3587
3590
3591
3593
3622
3589
3590
3591
3595
3927
3591
3623
3928
3597
3624
3929
3594
3596
3594
3597
3598
3600
6017
3596
3597
3598
3602
3934
3598
3625
3935
3604
3936
6020
3601
3603
3601
3604
7000
3605
6023
3603
3604
3605
3607
3941
3605
3942
7003
3943
7006
3608
6026
3608
6029
3609
3948
6032
6035
3612
6038
3612
8080
3614
3952
6041
3615
6044
3615
6047
3617
3955
6050
3618
6053
3618
6056
3620
3958
6059
3621
6062
3621
6065
3623
3961
6068
3624
6071
3624
6074
3625
3964
6077
6080
3627
3628
8083
3629
3630
3647
8095
3629
3650
3968
8089
3632
3651
3969
8098
3631
3632
7009
3633
3634
8101
3633
3972
8104
3636
3973
8107
3635
3636
7012
3637
8110
3637
3976
8113
3977
8116
3639
3641
3663
8122
3645
3667
3980
8125
3642
3644
8086
3642
3645
3646
3648
3670
3644
3645
8128
3646
3650
3982
8092
3646
3673
3983
3652
3674
3984
3649
3651
3649
3652
3653
3677
3651
3652
3653
3989
3653
3680
3990
3681
3991
3655
3657
3658
3659
3684
8134
3657
8119
3658
3687
3996
3660
3688
3997
8137
3660
6083
3694
4001
8143
3662
3664
3705
8149
3668
3708
4003
8152
3665
3667
3665
3668
3669
3671
3711
3667
3668
8131
3669
3673
4005
3669
3714
4006
3675
3715
4007
3672
3674
3672
3675
3676
3678
3674
3675
3676
3680
4012
3676
4013
3682
4014
3679
3681
3679
3682
3683
3681
3682
3683
4019
3683
4020
4021
3686
3688
3686
3689
3690
3692
3688
3689
3690
3694
4026
3690
4027
3696
4028
3693
3695
8140
3693
3696
3697
3698
3695
3696
3697
3700
4033
8146
3697
4034
3701
4035
3699
3701
3702
3703
3718
8155
3701
6086
3702
3721
4040
3704
3722
4041
8158
3704
6089
3728
4045
8161
3707
3708
7015
3707
3709
7018
3710
3712
3736
3710
3714
4047
8167
3710
3739
4048
8170
3716
3740
4049
3713
3715
3713
3716
3717
3743
3715
3716
3717
4053
3717
3746
4054
3747
4055
3720
3722
3720
3723
3724
3726
3722
3723
3724
3728
4060
3724
4061
3730
4062
3727
3729
7021
3727
3730
3731
3732
3729
3730
3731
4067
8164
3731
4068
3733
4069
3733
7024
3753
4074
8176
3735
3737
3757
8179
3741
3759
4076
8185
3738
3740
3738
3741
3742
3744
3761
3740
3741
8182
3742
3746
4078
3742
3764
4079
3748
3765
4080
3745
3747
3745
3748
3749
3747
3748
3749
4085
3749
4086
4087
3752
3754
8173
3752
3755
3756
3768
6092
3754
3755
3756
4092
6095
3756
3771
4093
3772
4094
6098
3758
3759
7027
3760
3762
3778
8191
3760
3764
4099
8194
3766
3780
4100
8197
3763
3765
3763
3766
3767
3782
3765
3766
3767
4103
3767
3785
4104
3786
4105
3770
3772
3770
3773
3774
3775
3789
3772
3773
3774
3776
4110
3774
3792
4111
3777
3793
4112
3777
6101
3777
8188
3799
4117
6104
3779
3780
7030
3781
3783
3803
8206
3781
3785
4120
8209
3787
3807
4121
8212
3784
3786
3784
3787
3788
3786
3787
3788
4124
3788
4125
4126
3791
3793
3791
3794
3795
3797
3793
3794
3795
3799
4131
3795
4132
3801
4133
3798
3800
8200
3798
3801
3802
3810
6107
3800
3801
3802
4138
8203
3802
3813
4139
3814
4140
6110
3805
3807
3805
3808
7033
3809
3817
3807
3808
7036
3809
4145
3809
4146
6113
3819
4147
3812
3814
7039
3812
3815
3816
3835
7042
3814
3815
3816
4152
7045
3816
3837
4153
3838
4154
7048
3818
3819
7051
3820
3822
3840
8215
3820
3824
4159
8218
3826
3842
4160
8221
3823
3825
3823
3826
3827
3844
3825
3826
3827
4163
3827
3847
4164
3848
4165
3830
3832
3830
3833
3834
3836
3851
3832
3833
3834
3837
4170
3834
3854
4171
3839
3855
4172
3838
7054
3839
6116
3838
3839
4177
6119
3858
4178
6122
3841
3842
7057
3843
3845
8224
3843
3847
4182
8227
3849
4183
6125
3846
3848
3846
3849
3850
3859
3848
3849
3850
4186
3850
3862
4187
3863
4188
3853
3855
3853
3856
3857
3887
6128
3855
3856
3857
3858
4193
3857
3888
4194
3889
4195
4946
4949
3861
3863
3861
3864
8230
3865
3867
3890
3863
3864
8233
3865
3869
4201
3865
4202
6131
3871
3891
4203
3868
3870
3868
3871
3872
3892
3870
3871
3872
3872
3895
3896
3875
3877
3875
3878
3879
3881
3948
3877
3878
3879
3883
4208
3879
3949
4209
3885
3950
4210
3882
3884
3882
3885
3886
6134
3884
3885
3886
3888
4215
3886
3951
4216
4217
6137
3889
6140
3889
6143
4222
6146
3891
6149
3895
4227
8239
3894
3896
3894
3897
8236
3898
3900
6152
3896
3897
3898
3902
3898
8242
3904
6155
3901
3903
3901
3904
3905
3907
3952
3903
3904
3905
3909
4229
3905
3953
4230
3911
3954
4231
3908
3910
3908
3911
3912
3914
3955
3910
3911
3912
3916
4236
3912
3956
4237
3918
3957
4238
3915
3917
3915
3918
3919
3921
3958
3917
3918
3919
3923
4243
3919
3959
4244
3925
3960
4245
3922
3924
3922
3925
3926
3928
3961
3924
3925
3926
3930
4250
3926
3962
4251
3932
3963
4252
3929
3931
3929
3932
3933
3935
3964
3931
3932
3933
3937
4257
3933
3965
4258
3939
3966
4259
3936
3938
3936
3939
3940
3942
6158
3938
3939
3940
3944
4264
3940
3967
4265
3946
4266
6161
3943
3945
3943
3946
7060
3947
7063
3945
3946
3947
3949
4271
3947
4272
7066
4273
7069
3950
6164
3950
6167
3951
4278
6170
6173
3954
6176
3954
8245
3956
4282
6179
3957
6182
3957
6185
3959
4285
6188
3960
6191
3960
6194
3962
4288
6197
3963
6200
3963
6203
3965
4291
6206
3966
6209
3966
6212
3967
4294
6215
6218
3969
3970
8248
3971
3972
3989
8257
3971
3992
4298
8260
3974
3993
4299
8263
3973
3974
7072
3975
3976
8266
3975
4302
8269
3978
4303
8272
3977
3978
7075
3979
6221
3979
4306
8275
4307
6224
3981
3983
4005
8281
3987
4009
4310
8284
3984
3986
8251
3984
3987
3988
3990
4012
3986
3987
8287
3988
3992
4312
8254
3988
4015
4313
3994
4016
4314
3991
3993
3991
3994
3995
4019
3993
3994
3995
4319
3995
4022
4320
4023
4321
3997
3999
4000
4001
4026
8290
3999
8278
4000
4029
4326
4002
4030
4327
8293
4002
7078
4036
4331
8299
4004
4006
4047
8305
4010
4050
4333
8311
4007
4009
4007
4010
4011
4013
4053
4009
4010
8308
4011
4015
4335
4011
4056
4336
4017
4057
4337
4014
4016
4014
4017
4018
4020
4016
4017
4018
4022
4342
4018
4343
4024
4344
4021
4023
4021
4024
4025
4023
4024
4025
4349
4025
4350
4351
4028
4030
4028
4031
4032
4034
4030
4031
4032
4036
4356
4032
4357
4038
4358
4035
4037
8296
4035
4038
4039
4040
4037
4038
4039
4042
4363
8302
4039
4364
4043
4365
4041
4043
4044
4045
4060
8314
4043
6227
4044
4063
4370
4046
4064
4371
8317
4046
6230
4070
4375
6233
4049
4050
7081
4049
4051
7084
4052
4054
4078
4052
4056
4377
8323
4052
4081
4378
8320
4058
4082
4379
4055
4057
4055
4058
4059
4085
4057
4058
4059
4383
4059
4088
4384
4089
4385
4062
4064
4062
4065
4066
4068
4064
4065
4066
4070
4390
4066
4391
4072
4392
4069
4071
7087
4069
4072
4073
4074
4071
4072
4073
4397
6236
4073
4398
4075
4399
4075
7090
4095
4404
8329
4077
4079
4099
8335
4083
4101
4406
8338
4080
4082
4080
4083
4084
4086
4103
4082
4083
8341
4084
4088
4408
4084
4106
4409
4090
4107
4410
4087
4089
4087
4090
4091
4089
4090
4091
4415
4091
4416
4417
4094
4096
8326
4094
4097
4098
4110
6239
4096
4097
4098
4422
8332
4098
4113
4423
4114
4424
6242
4100
4101
7093
4102
4104
4120
8344
4102
4106
4429
8347
4108
4122
4430
8350
4105
4107
4105
4108
4109
4124
4107
4108
4109
4433
4109
4127
4434
4128
4435
4112
4114
4112
4115
4116
4117
4131
4114
4115
4116
4118
4440
4116
4134
4441
4119
4135
4442
4119
6245
4119
6248
4141
4447
6251
4121
4122
7096
4123
4125
4145
8359
4123
4127
4450
8362
4129
4149
4451
8365
4126
4128
4126
4129
4130
4128
4129
4130
4454
4130
4455
4456
4133
4135
4133
4136
4137
4139
4135
4136
4137
4141
4461
4137
4462
4143
4463
4140
4142
8353
4140
4143
4144
4152
6254
4142
4143
4144
4468
8356
4144
4155
4469
4156
4470
6257
4147
4149
4147
4150
7102
4151
4159
4149
4150
7105
4151
4475
4151
4476
7108
4161
4477
4154
4156
7111
4154
4157
4158
4177
7114
4156
4157
4158
4482
7117
4158
4179
4483
4180
4484
7120
4160
4161
8608
4162
4164
4182
8368
4162
4166
4489
8371
4168
4184
4490
8374
4165
4167
4165
4168
4169
4186
4167
4168
4169
4493
4169
4189
4494
4190
4495
4172
4174
4172
4175
4176
4178
4193
4174
4175
4176
4179
4500
4176
4196
4501
4181
4197
4502
4180
7123
4181
6260
4180
4181
4507
6263
4200
4508
6266
4183
4184
7126
4185
4187
8377
4185
4189
4512
8380
4191
4513
8383
4188
4190
4188
4191
4192
4201
4190
4191
4192
4516
4192
4204
4517
4205
4518
4195
4197
4195
4198
4199
4222
6269
4197
4198
4199
4200
4523
4199
4224
4524
4225
4525
4952
6272
4203
4205
4203
4206
8386
4207
4227
4205
4206
8389
4207
4532
4207
4533
6275
4228
4534
4210
4212
4210
4213
4214
4216
4278
4212
4213
4214
4218
4539
4214
4279
4540
4220
4280
4541
4217
4219
4217
4220
4221
4223
6278
4219
4220
4221
4224
4546
4221
4281
4547
4226
4548
6281
4225
7129
4226
7132
4225
4226
4553
6284
4554
6287
4228
6290
4558
6293
4231
4233
4231
4234
4235
4237
4282
4233
4234
4235
4239
4560
4235
4283
4561
4241
4284
4562
4238
4240
4238
4241
4242
4244
4285
4240
4241
4242
4246
4567
4242
4286
4568
4248
4287
4569
4245
4247
4245
4248
4249
4251
4288
4247
4248
4249
4253
4574
4249
4289
4575
4255
4290
4576
4252
4254
4252
4255
4256
4258
4291
4254
4255
4256
4260
4581
4256
4292
4582
4262
4293
4583
4259
4261
4259
4262
4263
4265
4294
4261
4262
4263
4267
4588
4263
4295
4589
4269
4296
4590
4266
4268
4266
4269
4270
4272
6296
4268
4269
4270
4274
4595
4270
4297
4596
4276
4597
6299
4273
4275
4273
4276
7135
4277
6302
4275
4276
4277
4279
4602
4277
4603
7138
4604
7141
4280
6305
4280
6308
4281
4609
6311
6314
4284
6317
4284
6320
4286
4613
6323
4287
6326
4287
6329
4289
4616
6332
4290
6335
4290
6338
4292
4619
6341
4293
6344
4293
6347
4295
4622
6350
4296
6353
4296
6356
4297
4625
6359
6362
4299
4300
8392
4301
4302
4319
8404
4301
4322
8398
10303
4304
4323
8407
10304
4303
4304
7144
4305
4306
8410
4305
8413
10307
4308
8416
10308
4307
4308
7147
4309
8419
4309
4629
8422
4630
8425
4311
4313
4335
8428
4317
4339
8431
10311
4314
4316
8395
4314
4317
4318
4320
4342
4316
4317
8434
8614
4318
4322
8401
10313
4318
4345
10314
4324
4346
10315
4321
4323
4321
4324
4325
4349
4323
4324
8615
4325
10320
4325
4352
10321
4353
10322
4327
4329
4330
4331
4356
8440
4329
6365
4330
4359
4633
4332
4360
4634
8443
4332
6368
4366
4638
8449
4334
4336
4377
8458
4340
4380
8461
10327
4337
4339
4337
4340
4341
4343
4383
4339
4340
8437
8617
4341
4345
10329
4341
4386
10330
4347
4387
10331
4344
4346
4344
4347
4348
4350
4346
4347
8618
4348
4352
10336
4348
10337
4354
10338
4351
4353
4351
4354
4355
4353
4354
8619
4355
10343
4355
10344
10345
4358
4360
4358
4361
4362
4364
4360
4361
4362
4366
4640
4362
4641
4368
4642
4365
4367
8446
4365
4368
4369
4370
4367
4368
4369
4372
4647
8452
4369
4648
4373
4649
4371
4373
4374
4375
4390
8464
4373
8455
4374
4393
4654
4376
4394
4655
8467
4376
6371
4400
4659
8470
4379
4380
7150
4379
4381
7153
4382
4384
4408
4382
4386
8476
10350
4382
4411
8479
10351
4388
4412
10352
4385
4387
4385
4388
4389
4415
4387
4388
8621
4389
10356
4389
4418
10357
4419
10358
4392
4394
4392
4395
4396
4398
4394
4395
4396
4400
4661
4396
4662
4402
4663
4399
4401
7156
4399
4402
4403
4404
4401
4402
4403
4668
8473
4403
4669
4405
4670
4405
7159
4425
4675
6374
4407
4409
4429
8485
4413
4431
8491
10363
4410
4412
4410
4413
4414
4416
4433
4412
4413
8488
8624
4414
4418
10365
4414
4436
10366
4420
4437
10367
4417
4419
4417
4420
4421
4419
4420
8625
4421
10372
4421
10373
10374
4424
4426
8482
4424
4427
4428
4440
6377
4426
4427
4428
4677
6380
4428
4443
4678
4444
4679
6383
4430
4431
7162
4432
4434
4450
8497
4432
4436
8500
10379
4438
4452
8503
10380
4435
4437
4435
4438
4439
4454
4437
4438
8627
4439
10383
4439
4457
10384
4458
10385
4442
4444
4442
4445
4446
4447
4461
4444
4445
4446
4448
4684
4446
4464
4685
4449
4465
4686
4449
6386
4449
8494
4471
4691
6389
4451
4452
7165
4453
4455
4475
8509
4453
4457
8512
10390
4459
4479
8515
10391
4456
4458
4456
4459
4460
4458
4459
8629
4460
10394
4460
10395
10396
4463
4465
4463
4466
4467
4469
4465
4466
4467
4471
4694
4467
4695
4473
4696
4470
4472
8506
4470
4473
4474
4482
6392
4472
4473
4474
4701
6395
4474
4485
4702
4486
4703
6398
4477
4479
4477
4480
7171
4481
4489
4479
4480
7174
8631
4481
10401
4481
7177
10402
4491
10403
4484
4486
7180
4484
4487
4488
4507
7183
4486
4487
4488
4708
7186
4488
4509
4709
4510
4710
7189
4490
4491
7192
4492
4494
4512
8518
4492
4496
8521
10408
4498
4514
8524
10409
4495
4497
4495
4498
4499
4516
4497
4498
8634
4499
10412
4499
4519
10413
4520
10414
4502
4504
4502
4505
4506
4508
4523
4504
4505
4506
4509
4715
4506
4526
4716
4511
4527
4717
4510
7195
4511
6401
4510
4511
4722
6404
4530
4723
6407
4513
4514
7198
4515
4517
6410
4515
4519
4727
8527
4521
4728
8530
4518
4520
4518
4521
4522
4532
4520
4521
4522
4731
4522
4535
4732
4536
4733
4525
4527
4525
4528
4529
4553
6413
4527
4528
4529
4530
4738
4529
4555
4739
4531
4556
4740
4531
6416
4745
8533
4534
4536
4534
4537
8536
4538
4558
4536
4537
8539
4538
4748
4538
4749
8542
4559
4750
4541
4543
4541
4544
4545
4547
4609
4543
4544
4545
4549
4755
4545
4610
4756
4551
4611
4757
4548
4550
4548
4551
4552
4554
6419
4550
4551
4552
4555
4762
4552
4612
4763
4557
4764
6422
4556
6425
4557
6428
4556
4557
4769
6431
4770
6434
4559
7201
4774
6437
4562
4564
4562
4565
4566
4568
4613
4564
4565
4566
4570
4776
4566
4614
4777
4572
4615
4778
4569
4571
4569
4572
4573
4575
4616
4571
4572
4573
4577
4783
4573
4617
4784
4579
4618
4785
4576
4578
4576
4579
4580
4582
4619
4578
4579
4580
4584
4790
4580
4620
4791
4586
4621
4792
4583
4585
4583
4586
4587
4589
4622
4585
4586
4587
4591
4797
4587
4623
4798
4593
4624
4799
4590
4592
4590
4593
4594
4596
4625
4592
4593
4594
4598
4804
4594
4626
4805
4600
4627
4806
4597
4599
4597
4600
4601
4603
6440
4599
4600
4601
4605
4811
4601
4628
4812
4607
4813
6443
4604
4606
4604
4607
7204
4608
7207
4606
4607
4608
4610
4818
4608
4819
7210
4820
7213
4611
6446
4611
6449
4612
4825
6452
6455
4615
6458
4615
6461
4617
4829
6464
4618
6467
4618
6470
4620
4832
6473
4621
6476
4621
6479
4623
4835
6482
4624
6485
4624
6488
4626
4838
6491
4627
6494
4627
6497
4628
4841
6500
6503
4630
4631
7216
10308
4632
6506
4632
8545
10310
10427
8548
10428
4634
4636
4637
4638
4640
8554
4636
8551
8641
4637
4643
10447
4639
4644
8557
10448
4639
7219
4650
8563
10452
4642
4644
4642
4645
4646
4648
4644
4645
8648
4646
4650
10477
4646
10478
4652
10479
4649
4651
8560
4649
4652
4653
4654
4651
4652
8649
4653
4656
8566
10484
4653
10485
4657
10486
4655
4657
4658
4659
4661
8572
4657
8569
8650
4658
4664
10491
4660
4665
8575
10492
4660
6509
4671
6512
10496
4663
4665
4663
4666
4667
4669
4665
4666
8659
4667
4671
10511
4667
10512
4673
10513
4670
4672
8578
4670
4673
4674
4675
4672
4673
8660
4674
6515
10518
4674
10519
4676
10520
4676
6518
4680
6521
10525
4679
4681
7222
4679
4682
4683
4684
6524
4681
4682
8672
4683
8581
10543
4683
4687
10544
4688
6527
10545
4686
4688
4686
4689
4690
4691
4694
4688
4689
8684
4690
4692
10561
4690
4697
10562
4693
4698
10563
4693
6530
4693
8584
8685
4704
6533
10568
4696
4698
4696
4699
4700
4702
4698
4699
4700
4704
4845
4700
4846
4706
4847
4703
4705
7225
4703
4706
4707
4708
6536
4705
4706
4707
4852
8587
4707
4711
4853
4712
4854
6539
4710
4712
7228
4710
4713
4714
4722
7231
4712
4713
4714
4859
7234
4714
4724
4860
4725
4861
7237
4717
4719
4717
4720
4721
4723
4738
4719
4720
4721
4724
4866
4721
4741
4867
4726
4742
4868
4725
7240
4726
6542
4725
4726
4873
6545
4746
4874
6548
4728
4729
7243
10409
4730
4732
8590
4730
4734
8593
10411
10601
4736
6551
10602
4733
4735
10414
4733
4736
4737
4748
4735
4736
8718
10417
4737
10418
10605
4737
4751
10606
4752
10607
4740
4742
4740
4743
4744
4745
4769
4742
4743
4744
4746
4878
4744
4771
4879
4747
4772
4880
4747
6554
4747
6557
4885
6560
4750
4752
4750
4753
7249
4754
4774
4752
4753
8596
8727
4754
10612
4754
8599
10613
4775
10614
4757
4759
4757
4760
4761
4763
4825
4759
4760
4761
4765
4888
4761
4826
4889
4767
4827
4890
4764
4766
4764
4767
4768
4770
6563
4766
4767
4768
4771
4895
4768
4828
4896
4773
4897
6566
4772
7246
4773
7255
4772
4773
4902
6569
4903
6572
4775
7252
8602
10619
4778
4780
4778
4781
4782
4784
4829
4780
4781
8733
4782
4786
10621
4782
4830
10622
4788
4831
10623
4785
4787
4785
4788
4789
4791
4832
4787
4788
8734
4789
4793
10628
4789
4833
10629
4795
4834
10630
4792
4794
4792
4795
4796
4798
4835
4794
4795
8735
4796
4800
10635
4796
4836
10636
4802
4837
10637
4799
4801
4799
4802
4803
4805
4838
4801
4802
4803
4807
4907
4803
4839
4908
4809
4840
4909
4806
4808
4806
4809
4810
4812
4841
4808
4809
4810
4814
4914
4810
4842
4915
4816
4843
4916
4813
4815
4813
4816
4817
4819
6575
4815
4816
4817
4821
4921
4817
4844
4922
4823
4923
6578
4820
4822
4820
4823
7258
4824
7261
4822
4823
4824
4826
4928
4824
4929
7264
4930
7267
4827
6581
4827
6584
4828
4935
6587
6590
4831
6593
4831
8605
8736
4833
6596
10642
4834
6599
4834
6602
8737
4836
6605
10645
4837
6608
4837
6611
8738
4839
6614
10648
4840
6617
4840
6620
4842
4939
6623
4843
6626
4843
6629
4844
4942
6632
6635
4847
4849
10563
4847
4850
4851
4853
4849
4850
8800
10566
4851
4855
10567
10814
4851
10815
4857
10816
4854
4856
7270
4854
4857
4858
4859
6638
4856
4857
8801
10570
4858
6641
10821
4858
4862
10822
4863
6644
10823
4861
4863
7273
4861
4864
4865
4873
7276
4863
4864
8815
4865
7279
10835
4865
4875
10836
4876
7282
10837
4868
4870
4868
4871
4872
4874
4878
4870
4871
8828
4872
4875
10853
4872
4881
10854
4877
4882
10855
4876
6647
4877
6650
4876
4877
8829
6653
10860
4886
6656
10861
4880
4882
4880
4883
4884
4885
4902
4882
4883
8841
4884
4886
10876
4884
4904
10877
4887
4905
10878
4887
7285
4887
6659
8842
6662
10883
4890
4892
4890
4893
4894
4896
4935
4892
4893
8852
4894
4898
10893
4894
4936
10894
4900
4937
10895
4897
4899
4897
4900
4901
4903
6665
4899
4900
8853
4901
4904
10900
4901
4938
10901
4906
6668
10902
4905
7288
4906
7291
4905
4906
8854
6671
10907
6674
10908
4909
4911
4909
4912
10637
4913
4915
4939
4911
4912
8859
10639
4913
4917
10935
4913
4940
10641
10936
4919
4941
10937
4916
4918
4916
4919
4920
4922
4942
4918
4919
8860
4920
4924
10942
4920
4943
10943
4926
4944
10944
4923
4925
4923
4926
4927
4929
6677
4925
4926
8861
4927
4931
10949
4927
4945
10950
4933
6680
10951
4930
4932
4930
4933
7294
4934
7297
4932
4933
8862
4934
4936
10956
4934
7300
10957
7303
10958
4937
6683
4937
6686
8863
4938
6689
10963
6692
8864
4941
6695
4941
6698
8868
10650
4943
6701
10976
4944
6704
4944
6707
8869
4945
6710
10979
6713
8870
4947
4949
6128
6146
6269
4948
4950
6129
6147
6270
4951
6130
6148
6271
4950
5229
5283
6122
4951
5230
5284
6123
5231
5285
6124
4953
6269
6272
6284
6413
4954
6270
6273
6285
6414
6271
6274
6286
6415
4956
7321
7357
7363
4957
7322
7358
7364
7323
7359
7365
4959
4961
4997
7345
7351
7354
4960
4962
4998
7346
7352
7355
4963
4999
7347
7353
7356
4962
7354
7369
4963
7355
7370
7356
7371
4965
7357
7366
7381
4966
7358
7367
7382
7359
7368
7383
4968
6728
7399
7405
4969
6729
7400
7406
6730
7401
7407
4971
7315
7438
7444
7447
4972
7316
7439
7445
7448
7317
7440
7446
7449
4974
4976
5024
5439
5442
5490
6749
7453
4975
4977
5025
5440
5443
5491
6750
7454
4978
5026
5441
5444
5492
6751
7455
4977
5445
5487
5490
4978
5446
5488
5491
5447
5489
5492
4980
5451
5487
5496
5499
4981
5452
5488
5497
5500
5453
5489
5498
5501
4983
5457
5496
5505
5508
4984
5458
5497
5506
5509
5459
5498
5507
5510
4986
5463
5505
5514
5517
4987
5464
5506
5515
5518
5465
5507
5516
5519
4989
5514
5523
5526
4990
5515
5524
5527
5516
5525
5528
4992
5481
5523
5532
4993
5482
5524
5533
5483
5525
5534
4995
7363
7459
7486
7492
4996
7364
7460
7487
7493
7365
7461
7488
7494
4998
5000
5054
5535
5538
5541
4999
5001
5055
5536
5539
5542
5002
5056
5537
5540
5543
5001
5541
7354
7498
5002
5542
7355
7499
5543
7356
7500
5004
7366
7486
7495
7516
5005
7367
7487
7496
7517
7368
7488
7497
7518
5007
7378
7504
7513
7522
5008
7379
7505
7514
7523
7380
7506
7515
7524
5010
6764
7405
7543
7546
5011
6765
7406
7544
7547
6766
7407
7545
7548
5013
5553
5559
7552
5014
5554
5560
7553
5555
5561
7554
5016
6737
6779
6782
7567
5017
6738
6780
6783
7568
6739
6781
6784
7569
5574
5575
5584
5020
5581
7447
7591
7594
5021
5582
7448
7592
7595
5583
7449
7593
7596
5023
5589
5590
5596
6809
5591
5597
6809
5025
5033
5077
5598
5601
7597
5026
5034
5078
5599
5602
7598
5035
5079
5600
5603
7599
5028
5613
5616
6813
5029
5614
5617
6814
5615
5618
6815
5031
5589
5613
5622
5032
5590
5614
5623
5591
5615
5624
5034
5490
5625
7597
5035
5491
5626
7598
5492
5627
7599
5037
5499
5625
5631
5634
5038
5500
5626
5632
5635
5501
5627
5633
5636
5040
5508
5631
5640
5643
5041
5509
5632
5641
5644
5510
5633
5642
5645
5043
5517
5640
5649
5652
5044
5518
5641
5650
5653
5519
5642
5651
5654
5046
5526
5649
5658
5661
5047
5527
5650
5659
5662
5528
5651
5660
5663
5049
5532
5604
5658
5667
5050
5533
5605
5659
5668
5534
5606
5660
5669
5052
7492
7600
7630
7636
5053
7493
7601
7631
7637
7494
7602
7632
7638
5055
5057
5107
5670
5673
7624
5056
5058
5108
5671
5674
7625
5059
5109
5672
5675
7626
5058
5541
5673
7642
5059
5542
5674
7643
5543
5675
7644
5061
7495
7630
7639
7657
5062
7496
7631
7640
7658
7497
7632
7641
7659
5064
7513
7648
7654
7663
5065
7514
7649
7655
7664
7515
7650
7656
7665
5067
6831
7546
7693
7699
5068
6832
7547
7694
7700
6833
7548
7695
7701
5070
5688
5694
7552
7702
5071
5689
5695
7553
7703
5690
5696
7554
7704
5073
5584
5709
5722
6867
5584
5710
5722
6868
5075
5716
7594
7741
7744
5076
5717
7595
7742
7745
5718
7596
7743
7746
5078
5086
5737
5740
5869
7750
7906
5079
5087
5738
5741
5870
7751
7907
5088
5739
5742
5871
7752
7908
5081
5616
5749
5752
6872
5082
5617
5750
5753
6873
5618
5751
5754
6874
5084
5622
5724
5749
5758
5085
5623
5725
5750
5759
5624
5726
5751
5760
5087
5761
7597
7750
5088
5762
7598
7751
5763
7599
7752
5090
5634
5761
5767
5770
5091
5635
5762
5768
5771
5636
5763
5769
5772
5093
5643
5767
5776
5779
5094
5644
5768
5777
5780
5645
5769
5778
5781
5096
5652
5776
5785
5788
5097
5653
5777
5786
5789
5654
5778
5787
5790
5099
5661
5785
5794
5797
5100
5662
5786
5795
5798
5663
5787
5796
5799
5102
5667
5743
5794
5803
5103
5668
5744
5795
5804
5669
5745
5796
5805
5105
7636
7753
7789
7792
5106
7637
7754
7790
7793
7638
7755
7791
7794
5108
5110
5156
7777
7783
7786
5109
5111
5157
7778
7784
7787
5112
5158
7779
7785
7788
5111
5673
7786
7801
5112
5674
7787
7802
5675
7788
7803
5114
7639
7789
7798
7813
5115
7640
7790
7799
7814
7641
7791
7800
7815
5117
5809
7654
7807
7819
5118
5810
7655
7808
7820
5811
7656
7809
7821
5120
6896
7699
7840
7846
5121
6897
7700
7841
7847
6898
7701
7842
7848
5123
5818
5824
5827
7702
5124
5819
5825
5828
7703
5820
5826
5829
7704
5722
5842
5843
5853
5127
7744
7891
7897
7900
5128
7745
7892
7898
7901
7746
7893
7899
7902
5130
5752
5884
5887
5890
5131
5753
5885
5888
5891
5754
5886
5889
5892
5133
5758
5854
5887
5896
5134
5759
5855
5888
5897
5760
5856
5889
5898
5136
5869
5899
5902
7750
5137
5870
5900
5903
7751
5871
5901
5904
7752
5139
5770
5899
5908
5911
5140
5771
5900
5909
5912
5772
5901
5910
5913
5142
5779
5908
5917
5920
5143
5780
5909
5918
5921
5781
5910
5919
5922
5145
5788
5917
5926
5929
5146
5789
5918
5927
5930
5790
5919
5928
5931
5148
5797
5926
5935
5938
5149
5798
5927
5936
5939
5799
5928
5937
5940
5151
5803
5878
5935
5944
5152
5804
5879
5936
5945
5805
5880
5937
5946
5154
7792
7912
7948
7954
5155
7793
7913
7949
7955
7794
7914
7950
7956
5157
5159
5208
7936
7942
7945
5158
5160
5209
7937
7943
7946
5161
5210
7938
7944
7947
5160
7786
7945
7960
5161
7787
7946
7961
7788
7947
7962
5163
7798
7948
7957
7975
5164
7799
7949
7958
7976
7800
7950
7959
7977
5166
5809
7966
7972
7981
5167
5810
7967
7973
7982
5811
7968
7974
7983
5169
6956
7846
8008
8014
5170
6957
7847
8009
8015
6958
7848
8010
8016
5172
5827
5956
5965
8017
5173
5828
5957
5966
8018
5829
5958
5967
8019
5175
5853
5977
5988
5993
5994
5853
5978
5989
5995
5177
7900
8059
8065
8068
5178
7901
8060
8066
8069
7902
8061
8067
8070
5180
5863
5996
5997
6002
6003
6995
5864
5998
6004
6996
5182
5890
6023
6026
6029
5183
5891
6024
6027
6030
5892
6025
6028
6031
5185
5896
5996
6026
6035
5186
5897
5997
6027
6036
5898
5998
6028
6037
5188
5902
6008
6038
8080
5189
5903
6009
6039
8081
5904
6010
6040
8082
5191
5911
6038
6044
6047
5192
5912
6039
6045
6048
5913
6040
6046
6049
5194
5920
6044
6053
6056
5195
5921
6045
6054
6057
5922
6046
6055
6058
5197
5929
6053
6062
6065
5198
5930
6054
6063
6066
5931
6055
6064
6067
5200
5938
6062
6071
6074
5201
5939
6063
6072
6075
5940
6064
6073
6076
5203
5944
6017
6071
6080
5204
5945
6018
6072
6081
5946
6019
6073
6082
5206
7954
8086
8122
8128
5207
7955
8087
8123
8129
7956
8088
8124
8130
5209
5211
5265
8110
8116
8119
5210
5212
5266
8111
8117
8120
5213
5267
8112
8118
8121
5212
7945
8119
8134
5213
7946
8120
8135
7947
8121
8136
5215
7957
8122
8131
8149
5216
7958
8123
8132
8150
7959
8124
8133
8151
5218
6086
7972
8140
8155
5219
6087
7973
8141
8156
6088
7974
8142
8157
5221
7018
8014
8179
8182
5222
7019
8015
8180
8183
7020
8016
8181
8184
5224
6092
6101
8017
8188
5225
6093
6102
8018
8189
6094
6103
8019
8190
5227
7033
7036
8044
8206
5228
7034
7037
8045
8207
7035
7038
8046
8208
5230
5993
6116
6128
5231
5994
6117
6129
5995
6118
6130
5233
8068
8224
8230
8233
5234
8069
8225
8231
8234
8070
8226
8232
8235
5236
6002
6134
6140
6143
5237
6003
6135
6141
6144
6004
6136
6142
6145
5239
6029
6164
6167
7063
5240
6030
6165
6168
7064
6031
6166
6169
7065
5242
6035
6134
6164
6173
5243
6036
6135
6165
6174
6037
6136
6166
6175
5245
6152
6176
8080
8245
5246
6153
6177
8081
8246
6154
6178
8082
8247
5248
6047
6176
6182
6185
5249
6048
6177
6183
6186
6049
6178
6184
6187
5251
6056
6182
6191
6194
5252
6057
6183
6192
6195
6058
6184
6193
6196
5254
6065
6191
6200
6203
5255
6066
6192
6201
6204
6067
6193
6202
6205
5257
6074
6200
6209
6212
5258
6075
6201
6210
6213
6076
6202
6211
6214
5260
6080
6158
6209
6218
5261
6081
6159
6210
6219
6082
6160
6211
6220
5263
8128
8251
8281
8287
5264
8129
8252
8282
8288
8130
8253
8283
8289
5266
5268
5319
6221
6224
8278
5267
5269
5320
6222
6225
8279
5270
5321
6223
6226
8280
5269
8119
8278
8290
5270
8120
8279
8291
8121
8280
8292
5272
8131
8281
8305
8308
5273
8132
8282
8306
8309
8133
8283
8307
8310
5275
6086
6227
8296
8314
5276
6087
6228
8297
8315
6088
6229
8298
8316
5278
7084
8182
8335
8341
5279
7085
8183
8336
8342
7086
8184
8337
8343
5281
6239
6245
6248
8188
5282
6240
6246
6249
8189
6241
6247
6250
8190
5284
6260
6269
6272
5285
6261
6270
6273
6262
6271
6274
5287
8233
8377
8386
8389
5288
8234
8378
8387
8390
8235
8379
8388
8391
5290
5298
5343
6155
6290
6293
6320
8242
5291
5299
5344
6156
6291
6294
6321
8243
5300
5345
6157
6292
6295
6322
8244
5293
6167
6302
6305
6308
5294
6168
6303
6306
6309
6169
6304
6307
6310
5296
6173
6278
6305
6314
5297
6174
6279
6306
6315
6175
6280
6307
6316
5299
6317
6320
8245
5300
6318
6321
8246
6319
6322
8247
5302
6185
6317
6326
6329
5303
6186
6318
6327
6330
6187
6319
6328
6331
5305
6194
6326
6335
6338
5306
6195
6327
6336
6339
6196
6328
6337
6340
5308
6203
6335
6344
6347
5309
6204
6336
6345
6348
6205
6337
6346
6349
5311
6212
6344
6353
6356
5312
6213
6345
6354
6357
6214
6346
6355
6358
5314
6218
6296
6353
6362
5315
6219
6297
6354
6363
6220
6298
6355
6364
5317
8287
8395
8428
8434
5318
8288
8396
8429
8435
8289
8397
8430
8436
5320
5322
5370
6365
8419
8425
5321
5323
5371
6366
8420
8426
5324
5372
6367
8421
8427
5323
6365
8278
8440
5324
6366
8279
8441
6367
8280
8442
5326
8308
8428
8437
8458
5327
8309
8429
8438
8459
8310
8430
8439
8460
5329
6227
8446
8455
8464
5330
6228
8447
8456
8465
6229
8448
8457
8466
5332
7153
8341
8485
8488
5333
7154
8342
8486
8489
7155
8343
8487
8490
5335
6248
6377
6386
8494
5336
6249
6378
6387
8495
6250
6379
6388
8496
5338
6272
6401
6413
6416
8533
5339
6273
6402
6414
6417
8534
6274
6403
6415
6418
8535
5341
6410
8389
8536
8539
5342
6411
8390
8537
8540
6412
8391
8538
8541
5344
5352
5388
6437
6461
7201
5345
5353
5389
6438
6462
7202
5354
5390
6439
6463
7203
5347
6308
6446
6449
7207
5348
6309
6447
6450
7208
6310
6448
6451
7209
5350
6314
6419
6446
6455
5351
6315
6420
6447
6456
6316
6421
6448
6457
5353
6320
6458
6461
5354
6321
6459
6462
6322
6460
6463
5356
6329
6458
6467
6470
5357
6330
6459
6468
6471
6331
6460
6469
6472
5359
6338
6467
6476
6479
5360
6339
6468
6477
6480
6340
6469
6478
6481
5362
6347
6476
6485
6488
5363
6348
6477
6486
6489
6349
6478
6487
6490
5365
6356
6485
6494
6497
5366
6357
6486
6495
6498
6358
6487
6496
6499
5368
6362
6440
6494
6503
5369
6363
6441
6495
6504
6364
6442
6496
6505
5371
5373
6506
8548
8551
14812
5372
5374
6507
8549
8552
14813
5375
6508
8550
8553
14814
5374
6365
8551
8554
5375
6366
8552
8555
6367
8553
8556
5377
8455
8560
8569
8572
5378
8456
8561
8570
8573
8457
8562
8571
8574
5380
6524
6530
8494
8584
5381
6525
6531
8495
8585
6526
6532
8496
8586
5383
6416
6542
6554
6557
5384
6417
6543
6555
6558
6418
6544
6556
6559
5386
7249
8539
8590
8596
5387
7250
8540
8591
8597
7251
8541
8592
8598
5389
5397
7252
8602
8605
14836
5390
5398
7253
8603
8606
14837
5399
7254
8604
8607
14838
5392
6449
6581
6584
7261
5393
6450
6582
6585
7262
6451
6583
6586
7263
5395
6455
6563
6581
6590
5396
6456
6564
6582
6591
6457
6565
6583
6592
5398
6461
6593
8605
5399
6462
6594
8606
6463
6595
8607
5401
6470
6593
6599
6602
5402
6471
6594
6600
6603
6472
6595
6601
6604
5404
6479
6599
6608
6611
5405
6480
6600
6609
6612
6481
6601
6610
6613
5407
6488
6608
6617
6620
5408
6489
6609
6618
6621
6490
6610
6619
6622
5410
6497
6617
6626
6629
5411
6498
6618
6627
6630
6499
6619
6628
6631
5413
6503
6575
6626
6635
5414
6504
6576
6627
6636
6505
6577
6628
6637
5416
6557
6650
6659
7285
5417
6558
6651
6660
7286
6559
6652
6661
7287
5419
6584
6683
6686
7297
5420
6585
6684
6687
7298
6586
6685
6688
7299
5422
6590
6665
6683
6692
5423
6591
6666
6684
6693
6592
6667
6685
6694
5425
6620
6695
6698
15551
5426
6621
6696
6699
15552
6622
6697
6700
15553
5428
6629
6695
6704
6707
5429
6630
6696
6705
6708
6631
6697
6706
6709
5431
6635
6677
6704
6713
5432
6636
6678
6705
6714
6637
6679
6706
6715
5434
7312
7315
7438
5435
7313
7316
7439
7314
7317
7440
5437
5439
6749
7318
5438
5440
6750
7319
5441
6751
7320
5440
5442
5441
5443
5444
5443
5445
5444
5446
5447
5446
5448
5447
5449
5450
5449
5451
5487
5450
5452
5488
5453
5489
5452
5454
5453
5455
5456
5455
5457
5496
5456
5458
5497
5459
5498
5458
5460
5459
5461
5462
5461
5463
5505
5462
5464
5506
5465
5507
5464
5466
5465
5467
5468
5467
5514
5468
5515
5516
5470
5472
7369
5471
5473
7370
5474
7371
5473
6758
7372
7375
5474
6759
7373
7376
6760
7374
7377
5476
6737
6779
7426
7432
5477
6738
6780
7427
7433
6739
6781
7428
7434
5479
5581
7438
7441
7447
5480
5582
7439
7442
7448
5583
7440
7443
7449
5482
5484
5483
5485
5486
5485
5532
5604
5486
5533
5605
5534
5606
5488
5493
5489
5494
5495
5491
5493
5492
5494
5495
5494
5499
5625
5495
5500
5626
5501
5627
5497
5502
5498
5503
5504
5500
5502
5501
5503
5504
5503
5508
5631
5504
5509
5632
5510
5633
5506
5511
5507
5512
5513
5509
5511
5510
5512
5513
5512
5517
5640
5513
5518
5641
5519
5642
5515
5520
5516
5521
5522
5518
5520
5519
5521
5522
5521
5526
5649
5522
5527
5650
5528
5651
5524
5529
5525
5530
5531
5527
5529
5528
5530
5531
5530
5532
5658
5531
5533
5659
5534
5660
5533
5534
5536
5538
6755
7351
5537
5539
6756
7352
5540
6757
7353
5539
7483
7624
5540
7484
7625
7485
7626
5542
7501
5543
7502
7503
5545
5547
6767
7390
7522
5546
5548
6768
7391
7523
5549
6769
7392
7524
5548
5550
5682
7525
5549
5551
5683
7526
5552
5684
7527
5551
6767
7537
7669
5552
6768
7538
7670
6769
7539
7671
5554
5556
7534
5555
5557
7535
5558
7536
5557
5688
7540
7552
5558
5689
7541
7553
5690
7542
7554
5560
5562
7564
5561
5563
7565
5564
7566
5563
5568
5694
7552
5564
5569
5695
7553
5570
5696
7554
5566
5571
6788
7564
5567
5572
6789
7565
5573
6790
7566
5569
5571
7564
7714
5570
5572
7565
7715
5573
7566
7716
5572
5700
6794
5573
5701
6795
5702
6796
5575
5579
6803
6804
5580
6805
5577
5579
6797
6803
6861
5578
5579
6798
6804
6862
5580
6799
6805
6863
5580
5584
5709
5584
5710
5582
6806
7588
5583
6807
7589
6808
7590
5585
5595
6867
6868
5587
5601
7591
7594
7741
5588
5602
7592
7595
7742
5603
7593
7596
7743
5590
5592
5596
5591
5593
5596
5594
5597
5593
5596
5622
5724
5594
5596
5623
5725
5597
5624
5726
5596
5597
5730
5731
6809
5597
5732
5733
5599
5601
7453
7591
5600
5602
7454
7592
5603
7455
7593
5602
5737
5603
5738
5739
5605
5607
6810
5606
5608
6811
5609
6812
5608
5667
5743
6816
5609
5668
5744
6817
5669
5745
6818
5611
5616
6813
6816
6872
5612
5617
6814
6817
6873
5618
6815
6818
6874
5614
5619
5615
5620
5621
5617
5619
5618
5620
5621
5620
5622
5749
5621
5623
5750
5624
5751
5623
5624
5626
5628
5627
5629
5630
5629
5634
5761
7597
5630
5635
5762
7598
5636
5763
7599
5632
5637
5633
5638
5639
5635
5637
5636
5638
5639
5638
5643
5767
5639
5644
5768
5645
5769
5641
5646
5642
5647
5648
5644
5646
5645
5647
5648
5647
5652
5776
5648
5653
5777
5654
5778
5650
5655
5651
5656
5657
5653
5655
5654
5656
5657
5656
5661
5785
5657
5662
5786
5663
5787
5659
5664
5660
5665
5666
5662
5664
5663
5665
5666
5665
5667
5794
5666
5668
5795
5669
5796
5668
5669
5671
7624
7627
7777
5672
7625
7628
7778
7626
7629
7779
5674
7645
5675
7646
7647
5677
5679
7507
7642
7648
5678
5680
7508
7643
7649
5681
7509
7644
7650
5680
6890
7645
7651
5681
6891
7646
7652
6892
7647
7653
5683
7663
7669
7672
5684
7664
7670
7673
7665
7671
7674
5686
7537
7669
7684
7687
5687
7538
7670
7685
7688
7539
7671
7686
7689
5689
5691
7684
5690
5692
7685
5693
7686
5692
5818
7690
7702
5693
5819
7691
7703
5820
7692
7704
5695
5697
7714
5696
5698
7715
5699
7716
5698
5703
5824
7702
5699
5704
5825
7703
5705
5826
7704
5701
5706
6846
7714
5702
5707
6847
7715
5708
6848
7716
5704
5706
7714
7858
5705
5707
7715
7859
5708
7716
7860
5707
5833
6852
5708
5834
6853
5835
6854
5710
5714
6861
6862
5715
6863
5712
5714
5839
6855
6861
5713
5714
5840
6856
6862
5715
5841
6857
6863
5715
5722
5842
5722
5843
5717
5719
6864
7588
5718
5720
6865
7589
5721
6866
7590
5720
7738
7744
7891
5721
7739
7745
7892
7740
7746
7893
5723
5734
6867
6868
5725
5727
5732
5726
5728
5732
5729
5733
5728
5735
5758
5854
5729
5735
5759
5855
5736
5760
5856
5731
5732
5734
6867
5733
5734
6868
5733
5735
5736
5735
5736
5860
5736
5861
5862
5738
5740
7741
5739
5741
7742
5742
7743
5741
5866
7747
5742
5867
7748
5868
7749
5744
5746
6869
5745
5747
6870
5748
6871
5747
5803
5878
6875
5748
5804
5879
6876
5805
5880
6877
5750
5755
5751
5756
5757
5753
5755
6878
5754
5756
6879
5757
6880
5756
5758
5887
5757
5759
5888
5760
5889
5759
5760
5762
5764
5763
5765
5766
5765
5770
5899
7750
5766
5771
5900
7751
5772
5901
7752
5768
5773
5769
5774
5775
5771
5773
5772
5774
5775
5774
5779
5908
5775
5780
5909
5781
5910
5777
5782
5778
5783
5784
5780
5782
5781
5783
5784
5783
5788
5917
5784
5789
5918
5790
5919
5786
5791
5787
5792
5793
5789
5791
5790
5792
5793
5792
5797
5926
5793
5798
5927
5799
5928
5795
5800
5796
5801
5802
5798
5800
5799
5801
5802
5801
5803
5935
5802
5804
5936
5805
5937
5804
5805
5807
5947
6890
7804
7810
5808
5948
6891
7805
7811
5949
6892
7806
7812
5810
7810
7822
5811
7811
7823
7812
7824
5813
6899
7672
7819
7825
5814
6900
7673
7820
7826
6901
7674
7821
7827
5816
6902
6959
7828
7837
5817
6903
6960
7829
7838
6904
6961
7830
7839
5819
5821
6905
5820
5822
6906
5823
6907
5822
5827
5956
7837
5823
5828
5957
7838
5829
5958
7839
5825
5830
7858
5826
5831
7859
5832
7860
5828
5830
5829
5831
5832
5831
5965
7861
5832
5966
7862
5967
7863
5834
5836
6917
7858
5835
5837
6918
7859
5838
6919
7860
5837
5971
6923
7861
5838
5972
6924
7862
5973
6925
7863
5840
5842
5844
6920
5841
5842
5845
6921
5843
5846
6922
5843
5847
5848
5845
5847
6926
6989
5846
5847
6927
6990
5848
6928
6991
5848
5853
5977
5853
5978
5850
7891
7894
7900
8059
5851
7892
7895
7901
8060
7893
7896
7902
8061
5853
5865
5988
5989
5855
5857
5861
5856
5858
5861
5859
5862
5858
5861
5863
5896
5996
5859
5861
5863
5897
5997
5862
5864
5898
5998
5861
5862
5865
5862
5863
5864
5864
5865
5865
6995
6996
5867
7897
7906
7909
5868
7898
7907
7910
7899
7908
7911
5870
5875
7906
5871
5876
7907
5877
7908
5873
5875
7906
7909
8074
5874
5876
7907
7910
8075
5877
7908
7911
8076
5876
5902
6008
5877
5903
6009
5904
6010
5879
5881
6935
5880
5882
6936
5883
6937
5882
5944
6017
6938
5883
5945
6018
6939
5946
6019
6940
5885
6878
6935
6941
5886
6879
6936
6942
6880
6937
6943
5888
5893
5889
5894
5895
5891
5893
6941
5892
5894
6942
5895
6943
5894
5896
6026
5895
5897
6027
5898
6028
5897
5898
5900
5905
5901
5906
5907
5903
5905
5904
5906
5907
5906
5911
6038
5907
5912
6039
5913
6040
5909
5914
5910
5915
5916
5912
5914
5913
5915
5916
5915
5920
6044
5916
5921
6045
5922
6046
5918
5923
5919
5924
5925
5921
5923
5922
5924
5925
5924
5929
6053
5925
5930
6054
5931
6055
5927
5932
5928
5933
5934
5930
5932
5931
5933
5934
5933
5938
6062
5934
5939
6063
5940
6064
5936
5941
5937
5942
5943
5939
5941
5940
5942
5943
5942
5944
6071
5943
5945
6072
5946
6073
5945
5946
5948
5950
7960
7966
5949
5951
7961
7967
5952
7962
7968
5951
6083
7963
7969
5952
6084
7964
7970
6085
7965
7971
5954
7825
7981
7987
7990
5955
7826
7982
7988
7991
7827
7983
7989
7992
5957
5962
8002
5958
5963
8003
5964
8004
5960
5962
8002
8005
8173
5961
5963
8003
8006
8174
5964
8004
8007
8175
5963
6092
8017
5964
6093
8018
6094
8019
5966
5968
8029
5967
5969
8030
5970
8031
5969
6101
8017
8032
5970
6102
8018
8033
6103
8019
8034
5972
5974
6974
8029
5973
5975
6975
8030
5976
6976
8031
5975
6107
6980
8032
5976
6108
6981
8033
6109
6982
8034
5978
5982
5983
6989
6990
5984
6991
5980
5982
6983
6989
7054
5981
5983
6984
6990
7055
5984
6985
6991
7056
5983
5993
6116
5984
5994
6117
5995
6118
5986
8059
8062
8068
8224
5987
8060
8063
8069
8225
8061
8064
8070
8226
5989
5990
5991
6995
5992
6996
5991
5993
6005
6128
5992
5994
6006
6129
5995
6007
6130
5994
5995
5997
5999
5998
6000
6001
6000
6002
6035
6134
6001
6003
6036
6135
6004
6037
6136
6003
6005
6004
6006
6007
6006
6140
6995
6007
6141
6995
6142
6996
6009
6014
8074
6010
6015
8075
6016
8076
6012
6014
8074
8077
8236
6013
6015
8075
8078
8237
6016
8076
8079
8238
6015
6152
8080
6016
6153
8081
6154
8082
6018
6020
7000
6019
6021
7001
6022
7002
6021
6080
6158
7003
6022
6081
6159
7004
6082
6160
7005
6024
6941
7000
7006
6025
6942
7001
7007
6943
7002
7008
6027
6032
6028
6033
6034
6030
6032
7006
6031
6033
7007
6034
7008
6033
6035
6164
6034
6036
6165
6037
6166
6036
6037
6039
6041
6040
6042
6043
6042
6047
6176
8080
6043
6048
6177
8081
6049
6178
8082
6045
6050
6046
6051
6052
6048
6050
6049
6051
6052
6051
6056
6182
6052
6057
6183
6058
6184
6054
6059
6055
6060
6061
6057
6059
6058
6060
6061
6060
6065
6191
6061
6066
6192
6067
6193
6063
6068
6064
6069
6070
6066
6068
6067
6069
6070
6069
6074
6200
6070
6075
6201
6076
6202
6072
6077
6073
6078
6079
6075
6077
6076
6078
6079
6078
6080
6209
6079
6081
6210
6082
6211
6081
6082
6084
8134
8140
8143
6085
8135
8141
8144
8136
8142
8145
6087
8146
8158
6088
8147
8159
8148
8160
6090
7021
7990
8155
8161
6091
7022
7991
8156
8162
7023
7992
8157
8163
6093
6098
8173
6094
6099
8174
6100
8175
6096
6098
8173
8176
8326
6097
6099
8174
8177
8327
6100
8175
8178
8328
6099
6239
8188
6100
6240
8189
6241
8190
6102
6104
8200
6103
6105
8201
6106
8202
6105
6245
8188
8203
6106
6246
8189
8204
6247
8190
8205
6108
6110
7039
8200
6109
6111
7040
8201
6112
7041
8202
6111
6254
7045
8203
6112
6255
7046
8204
6256
7047
8205
6114
7033
7036
7102
8218
6115
7034
7037
7103
8219
7035
7038
7104
8220
6117
6122
7054
6118
6123
7055
6124
7056
6120
6122
7048
7054
7123
6121
6123
7049
7055
7124
6124
7050
7056
7125
6123
6260
6124
6261
6262
6126
8224
8227
8233
8377
6127
8225
8228
8234
8378
8226
8229
8235
8379
6129
6140
6130
6141
6142
6132
8230
8233
8239
8386
6133
8231
8234
8240
8387
8232
8235
8241
8388
6135
6137
6136
6138
6139
6138
6143
6173
6278
7132
6139
6144
6174
6279
7133
6145
6175
6280
7134
6141
6146
6142
6147
6148
6144
6146
7132
6145
6147
7133
6148
7134
6147
7129
6148
7130
7131
6150
8077
8230
8236
8239
6151
8078
8231
8237
8240
8079
8232
8238
8241
6153
6155
8236
6154
6156
8237
6157
8238
6156
8242
8245
6157
8243
8246
8244
8247
6159
6161
7060
6160
6162
7061
6163
7062
6162
6218
6296
7066
6163
6219
6297
7067
6220
6298
7068
6165
6170
6166
6171
6172
6168
6170
7069
6169
6171
7070
6172
7071
6171
6173
6305
6172
6174
6306
6175
6307
6174
6175
6177
6179
6178
6180
6181
6180
6185
6317
8245
6181
6186
6318
8246
6187
6319
8247
6183
6188
6184
6189
6190
6186
6188
6187
6189
6190
6189
6194
6326
6190
6195
6327
6196
6328
6192
6197
6193
6198
6199
6195
6197
6196
6198
6199
6198
6203
6335
6199
6204
6336
6205
6337
6201
6206
6202
6207
6208
6204
6206
6205
6207
6208
6207
6212
6344
6208
6213
6345
6214
6346
6210
6215
6211
6216
6217
6213
6215
6214
6216
6217
6216
6218
6353
6217
6219
6354
6220
6355
6219
6220
6222
6224
7075
8116
6223
6225
7076
8117
6226
7077
8118
6225
8275
8419
6226
8276
8420
8277
8421
6228
8302
8317
6229
8303
8318
8304
8319
6231
6233
7087
8161
8314
6232
6234
7088
8162
8315
6235
7089
8163
8316
6234
6236
6371
8317
6235
6237
6372
8318
6238
6373
8319
6237
7087
7156
8329
6238
7088
7157
8330
7089
7158
8331
6240
6242
8326
6241
6243
8327
6244
8328
6243
6248
6377
8332
6244
6249
6378
8333
6250
6379
8334
6246
6251
8353
6247
6252
8354
6253
8355
6249
6251
6250
6252
6253
6252
6386
8356
6253
6387
8357
6388
8358
6255
6257
7111
8353
6256
6258
7112
8354
6259
7113
8355
6258
6392
7117
8356
6259
6393
7118
8357
6394
7119
8358
6261
6266
7123
6262
6267
7124
6268
7125
6264
6266
7120
7123
7195
6265
6267
7121
7124
7196
6268
7122
7125
7197
6267
6272
6401
6268
6273
6402
6274
6403
6270
7129
6271
7130
7131
6273
6274
6276
6293
8386
8389
8536
6277
6294
8387
8390
8537
6295
8388
8391
8538
6279
6281
7132
6280
6282
7133
6283
7134
6282
6287
6314
6419
6283
6288
6315
6420
6289
6316
6421
6285
6287
6425
7129
6286
6288
6426
7130
6289
6427
7131
6288
6428
7132
6289
6429
7133
6430
7134
6291
6293
8239
8386
6292
6294
8240
8387
6295
8241
8388
6294
7201
6295
7202
7203
6297
6299
7135
6298
6300
7136
6301
7137
6300
6362
6440
7138
6301
6363
6441
7139
6364
6442
7140
6303
7069
7135
7141
6304
7070
7136
7142
7071
7137
7143
6306
6311
6307
6312
6313
6309
6311
7141
6310
6312
7142
6313
7143
6312
6314
6446
6313
6315
6447
6316
6448
6315
6316
6318
6323
6319
6324
6325
6321
6323
6322
6324
6325
6324
6329
6458
6325
6330
6459
6331
6460
6327
6332
6328
6333
6334
6330
6332
6331
6333
6334
6333
6338
6467
6334
6339
6468
6340
6469
6336
6341
6337
6342
6343
6339
6341
6340
6342
6343
6342
6347
6476
6343
6348
6477
6349
6478
6345
6350
6346
6351
6352
6348
6350
6349
6351
6352
6351
6356
6485
6352
6357
6486
6358
6487
6354
6359
6355
6360
6361
6357
6359
6358
6360
6361
6360
6362
6494
6361
6363
6495
6364
6496
6363
6364
6366
8443
6367
8444
8445
6369
8299
8440
8446
8449
6370
8300
8441
8447
8450
8301
8442
8448
8451
6372
7156
8464
8470
6373
7157
8465
8471
7158
8466
8472
6375
6380
6518
7159
8473
6376
6381
6519
7160
8474
6382
6520
7161
8475
6378
6383
8482
6379
6384
8483
6385
8484
6381
6383
7222
8482
6382
6384
7223
8483
6385
7224
8484
6384
6524
8494
6385
6525
8495
6526
8496
6387
6389
8506
6388
6390
8507
6391
8508
6390
6395
6530
8494
6391
6396
6531
8495
6397
6532
8496
6393
6398
7180
8506
6394
6399
7181
8507
6400
7182
8508
6396
6398
7225
8506
6397
6399
7226
8507
6400
7227
8508
6399
6536
7186
6400
6537
7187
6538
7188
6402
6407
7195
6403
6408
7196
6409
7197
6405
6407
7189
7195
7240
6406
6408
7190
7196
7241
6409
7191
7197
7242
6408
6416
6542
6409
6417
6543
6418
6544
6411
7198
8383
8530
6412
7199
8384
8531
7200
8385
8532
6414
6425
8533
6415
6426
8534
6427
8535
6417
8533
6418
8534
8535
6420
6422
6428
6421
6423
6429
6424
6430
6423
6434
6455
6563
6424
6435
6456
6564
6436
6457
6565
6426
6428
6431
6427
6429
6432
6430
6433
6429
6434
6430
6435
6436
6432
6434
7246
8533
6433
6435
7247
8534
6436
7248
8535
6435
7255
6436
7256
7257
6438
7201
7252
8542
6439
7202
7253
8543
7203
7254
8544
6441
6443
7204
6442
6444
7205
6445
7206
6444
6503
6575
7210
6445
6504
6576
7211
6505
6577
7212
6447
6452
6448
6453
6454
6450
6452
7213
6451
6453
7214
6454
7215
6453
6455
6581
6454
6456
6582
6457
6583
6456
6457
6459
6464
6460
6465
6466
6462
6464
6463
6465
6466
6465
6470
6593
6466
6471
6594
6472
6595
6468
6473
6469
6474
6475
6471
6473
6472
6474
6475
6474
6479
6599
6475
6480
6600
6481
6601
6477
6482
6478
6483
6484
6480
6482
6481
6483
6484
6483
6488
6608
6484
6489
6609
6490
6610
6486
6491
6487
6492
6493
6489
6491
6490
6492
6493
6492
6497
6617
6493
6498
6618
6499
6619
6495
6500
6496
6501
6502
6498
6500
6499
6501
6502
6501
6503
6626
6502
6504
6627
6505
6628
6504
6505
6507
7216
8425
8548
6508
7217
8426
8549
7218
8427
8550
6510
6512
8470
8572
8578
6511
6513
8471
8573
8579
6514
8472
8574
8580
6513
6515
8575
17319
6514
6516
8576
17320
6517
8577
17321
6516
6521
8578
18313
6517
6522
8579
18314
6523
8580
18315
6519
6521
7222
8578
6520
6522
7223
8579
6523
7224
8580
6522
8581
15509
6523
8582
15510
8583
15511
6525
6527
7222
6526
6528
7223
6529
7224
6528
8581
8584
15512
6529
8582
8585
15513
8583
8586
15514
6531
6533
7225
6532
6534
7226
6535
7227
6534
8584
8587
15518
6535
8585
8588
15519
8586
8589
15520
6537
6539
7225
7228
6538
6540
7226
7229
6541
7227
7230
6540
6638
7234
8587
6541
6639
7235
8588
6640
7236
8589
6543
6548
7240
6544
6549
7241
6550
7242
6546
6548
6647
7237
7240
6547
6549
6648
7238
7241
6550
6649
7239
7242
6549
6557
6650
6550
6558
6651
6559
6652
6552
8590
8593
8596
15524
6553
8591
8594
8597
15525
8592
8595
8598
15526
6555
6560
7246
8533
6556
6561
7247
8534
6562
7248
8535
6558
6560
6559
6561
6562
6561
6569
7285
6562
6570
7286
6571
7287
6564
6566
7255
6565
6567
7256
6568
7257
6567
6572
6590
6665
6568
6573
6591
6666
6574
6592
6667
6570
6572
7246
7288
6571
6573
7247
7289
6574
7248
7290
6573
7255
7291
6574
7256
7292
7257
7293
6576
6578
7258
6577
6579
7259
6580
7260
6579
6635
6677
7264
6580
6636
6678
7265
6637
6679
7266
6582
6587
6583
6588
6589
6585
6587
7267
6586
6588
7268
6589
7269
6588
6590
6683
6589
6591
6684
6592
6685
6591
6592
6594
6596
6595
6597
6598
6597
6602
8605
15533
6598
6603
8606
15534
6604
8607
15535
6600
6605
6601
6606
6607
6603
6605
14842
6604
6606
14843
6607
14844
6606
6611
15542
6607
6612
15543
6613
15544
6609
6614
6610
6615
6616
6612
6614
14845
6613
6615
14846
6616
14847
6615
6620
15551
6616
6621
15552
6622
15553
6618
6623
6619
6624
6625
6621
6623
6622
6624
6625
6624
6629
6695
6625
6630
6696
6631
6697
6627
6632
6628
6633
6634
6630
6632
6631
6633
6634
6633
6635
6704
6634
6636
6705
6637
6706
6636
6637
6639
6644
7270
7273
6640
6645
7271
7274
6646
7272
7275
6642
6644
7270
15521
18499
6643
6645
7271
15522
18500
6646
7272
15523
18501
6645
7279
15584
6646
7280
15585
7281
15586
6648
6650
6653
7276
6649
6651
6654
7277
6652
6655
7278
6651
6656
6652
6657
6658
6654
6656
7282
17400
6655
6657
7283
17401
6658
7284
17402
6657
6659
15590
6658
6660
15591
6661
15592
6660
6662
14872
6661
6663
14873
6664
14874
6663
6671
7285
15599
6664
6672
7286
15600
6673
7287
15601
6666
6668
7291
6667
6669
7292
6670
7293
6669
6674
6692
15611
6670
6675
6693
15612
6676
6694
15613
6672
6674
7288
17406
6673
6675
7289
17407
6676
7290
17408
6675
7291
17412
6676
7292
17413
7293
17414
6678
6680
7294
6679
6681
7295
6682
7296
6681
6713
7300
15629
6682
6714
7301
15630
6715
7302
15631
6684
6689
6685
6690
6691
6687
6689
7303
14881
6688
6690
7304
14882
6691
7305
14883
6690
6692
15638
6691
6693
15639
6694
15640
6693
14884
6694
14885
14886
6696
6701
6697
6702
6703
6699
6701
14896
15557
6700
6702
14897
15558
6703
14898
15559
6702
6707
15674
6703
6708
15675
6709
15676
6705
6710
6706
6711
6712
6708
6710
14899
6709
6711
14900
6712
14901
6711
6713
15683
6712
6714
15684
6715
15685
6714
14902
6715
14903
14904
6717
7321
7324
7330
6718
7322
7325
7331
7323
7326
7332
6720
7330
7336
7339
6721
7331
7337
7340
7332
7338
7341
6723
7336
7345
7348
6724
7337
7346
7349
7338
7347
7350
6726
6728
7381
7396
6727
6729
7382
7397
6730
7383
7398
6729
7393
6730
7394
7395
6732
7399
7408
7411
6733
7400
7409
7412
7401
7410
7413
6735
7408
7417
7420
6736
7409
7418
7421
7410
7419
7422
6738
6740
7423
6739
6741
7424
6742
7425
6741
7417
7426
6742
7418
7427
7419
7428
6744
7306
7426
7429
7432
6745
7307
7427
7430
7433
7308
7428
7431
7434
6747
7312
7429
7438
7441
6748
7313
7430
7439
7442
7314
7431
7440
7443
6750
7444
7453
6751
7445
7454
7446
7455
6753
7339
7468
7474
7477
6754
7340
7469
7475
7478
7341
7470
7476
7479
6756
7348
7474
7483
6757
7349
7475
7484
7350
7476
7485
6759
7498
7504
7507
6760
7499
7505
7508
7500
7506
7509
6762
6764
7396
7516
7528
6763
6765
7397
7517
7529
6766
7398
7518
7530
6765
7393
7531
6766
7394
7532
7395
7533
6768
6770
6769
6771
6772
6771
7534
7537
6772
7535
7538
7536
7539
6774
7411
7543
7555
7558
6775
7412
7544
7556
7559
7413
7545
7557
7560
6777
7420
7555
7567
7570
6778
7421
7556
7568
7571
7422
7557
7569
7572
6780
6785
6800
6781
6786
6801
6787
6802
6783
6785
6840
7573
6784
6786
6841
7574
6787
6842
7575
6786
6843
7579
6787
6844
7580
6845
7581
6789
6791
6794
6790
6792
6795
6793
6796
6792
6797
6803
6793
6798
6804
6799
6805
6795
6797
6846
6796
6798
6847
6799
6848
6798
6849
6799
6850
6851
6801
7432
7576
7579
6802
7433
7577
7580
7434
7578
7581
6804
6805
6807
7441
7576
7585
6808
7442
7577
7586
7443
7578
7587
6811
6813
6816
6812
6814
6817
6815
6818
6814
6815
6817
6869
6818
6870
6871
6820
7462
7600
7603
7609
6821
7463
7601
7604
7610
7464
7602
7605
7611
6823
7477
7609
7615
7618
6824
7478
7610
7616
7619
7479
7611
7617
7620
6826
7483
7615
7624
7627
6827
7484
7616
7625
7628
7485
7617
7626
7629
6829
6831
7528
7657
7681
6830
6832
7529
7658
7682
6833
7530
7659
7683
6832
7531
7678
6833
7532
7679
7533
7680
6835
7558
7693
7705
7708
6836
7559
7694
7706
7709
7560
7695
7707
7710
6838
7570
7705
7717
7720
6839
7571
7706
7718
7721
7572
7707
7719
7722
6841
6843
7717
8611
6842
6844
7718
8612
6845
7719
8613
6844
6858
7726
6845
6859
7727
6860
7728
6847
6849
6852
6848
6850
6853
6851
6854
6850
6855
6861
6851
6856
6862
6857
6863
6853
6855
6917
6854
6856
6918
6857
6919
6856
6920
6857
6921
6922
6859
7579
7729
7732
6860
7580
7730
7733
7581
7731
7734
6862
6863
6865
7585
7729
7738
6866
7586
7730
7739
7587
7731
7740
6868
6870
6872
6875
6871
6873
6876
6874
6877
6873
6878
6874
6879
6880
6876
6878
6935
6877
6879
6936
6880
6937
6879
6880
6882
7603
7753
7756
7762
6883
7604
7754
7757
7763
7605
7755
7758
7764
6885
7618
7762
7768
7771
6886
7619
7763
7769
7772
7620
7764
7770
7773
6888
7627
7768
7777
7780
6889
7628
7769
7778
7781
7629
7770
7779
7782
6891
7801
7807
6892
7802
7808
7803
7809
6894
6896
7681
7813
7834
6895
6897
7682
7814
7835
6898
7683
7815
7836
6897
7678
7831
6898
7679
7832
7680
7833
6900
6902
7675
7828
6901
6903
7676
7829
6904
7677
7830
6903
6905
7687
6904
6906
7688
6907
7689
6906
7690
7837
6907
7691
7838
7692
7839
6909
7708
7840
7849
7852
6910
7709
7841
7850
7853
7710
7842
7851
7854
6912
7720
7849
7864
7867
6913
7721
7850
7865
7868
7722
7851
7866
7869
6915
7864
7873
7876
8611
6916
7865
7874
7877
8612
7866
7875
7878
8613
6918
6920
6923
6919
6921
6924
6922
6925
6921
6926
6922
6927
6928
6924
6926
6974
6925
6927
6975
6928
6976
6927
6977
6928
6978
6979
6930
7732
7873
7882
7885
6931
7733
7874
7883
7886
7734
7875
7884
7887
6933
7738
7882
7891
7894
6934
7739
7883
7892
7895
7740
7884
7893
7896
6936
6938
6937
6939
6940
6939
6941
7000
6940
6942
7001
6943
7002
6942
6943
6945
7756
7912
7915
7921
6946
7757
7913
7916
7922
7758
7914
7917
7923
6948
7771
7921
7927
7930
6949
7772
7922
7928
7931
7773
7923
7929
7932
6951
7780
7927
7936
7939
6952
7781
7928
7937
7940
7782
7929
7938
7941
6954
6956
7834
7975
7999
6955
6957
7835
7976
8000
6958
7836
7977
8001
6957
7831
7996
6958
7832
7997
7833
7998
6960
7987
8002
8005
6961
7988
8003
8006
7989
8004
8007
6963
7852
8008
8020
8023
6964
7853
8009
8021
8024
7854
8010
8022
8025
6966
7867
8020
8035
8038
6967
7868
8021
8036
8039
7869
8022
8037
8040
6969
7033
8044
8047
8053
6970
7034
8045
8048
8054
7035
8046
8049
8055
6972
7876
8035
8044
8047
6973
7877
8036
8045
8048
7878
8037
8046
8049
6975
6977
6980
6976
6978
6981
6979
6982
6978
6983
6989
6979
6984
6990
6985
6991
6981
6983
7039
6982
6984
7040
6985
7041
6984
7042
6985
7043
7044
6987
7885
8047
8050
8053
6988
7886
8048
8051
8054
7887
8049
8052
8055
6990
6991
6993
7894
8050
8059
8062
6994
7895
8051
8060
8063
7896
8052
8061
8064
6996
6998
7909
8065
8074
8077
6999
7910
8066
8075
8078
7911
8067
8076
8079
7001
7003
7002
7004
7005
7004
7006
7060
7005
7007
7061
7008
7062
7007
7063
7008
7064
7065
7010
7930
8095
8101
8104
7011
7931
8096
8102
8105
7932
8097
8103
8106
7013
7939
8101
8110
8113
7014
7940
8102
8111
8114
7941
8103
8112
8115
7016
7018
7999
8149
8167
7017
7019
8000
8150
8168
7020
8001
8151
8169
7019
7996
8170
7020
7997
8171
7998
8172
7022
7024
7993
8164
7023
7025
7994
8165
7026
7995
8166
7025
8005
8173
8176
7026
8006
8174
8177
8007
8175
8178
7028
8023
8179
8191
8194
7029
8024
8180
8192
8195
8025
8181
8193
8196
7031
8038
8191
8206
8209
7032
8039
8192
8207
8210
8040
8193
8208
8211
7034
7051
7035
7052
7053
7037
7099
8212
7038
7100
8213
7101
8214
7040
7042
7045
7041
7043
7046
7044
7047
7043
7048
7054
7044
7049
7055
7050
7056
7046
7048
7111
7047
7049
7112
7050
7113
7049
7114
7050
7115
7116
7052
8053
8215
8218
7053
8054
8216
8219
8055
8217
8220
7055
7056
7058
8062
8215
8224
8227
7059
8063
8216
8225
8228
8064
8217
8226
8229
7061
7063
7066
7062
7064
7067
7065
7068
7064
7069
7065
7070
7071
7067
7069
7135
7068
7070
7136
7071
7137
7070
7071
7073
8104
8257
8266
8269
7074
8105
8258
8267
8270
8106
8259
8268
8271
7076
8113
8266
8275
7077
8114
8267
8276
8115
8268
8277
7079
8143
8290
8296
8299
7080
8144
8291
8297
8300
8145
8292
8298
8301
7082
7084
8167
8305
8323
7083
7085
8168
8306
8324
7086
8169
8307
8325
7085
8170
8320
7086
8171
8321
8172
8322
7088
7090
8164
7089
7091
8165
7092
8166
7091
8176
8326
8329
7092
8177
8327
8330
8178
8328
8331
7094
8194
8335
8344
8347
7095
8195
8336
8345
8348
8196
8337
8346
8349
7097
8209
8344
8359
8362
7098
8210
8345
8360
8363
8211
8346
8361
8364
7100
7102
7105
8359
7101
7103
7106
8360
7104
7107
8361
7103
7108
8608
7104
7109
8609
7110
8610
7106
7108
7168
8365
7107
7109
7169
8366
7110
7170
8367
7109
7171
8371
7110
7172
8372
7173
8373
7112
7114
7117
7113
7115
7118
7116
7119
7115
7120
7123
7116
7121
7124
7122
7125
7118
7120
7180
7119
7121
7181
7122
7182
7121
7183
7122
7184
7185
7124
7125
7127
8227
8368
8377
8380
7128
8228
8369
8378
8381
8229
8370
8379
8382
7130
7132
7131
7133
7134
7133
7134
7136
7138
7137
7139
7140
7139
7141
7204
7140
7142
7205
7143
7206
7142
7207
7143
7208
7209
7145
8269
8404
8410
8413
7146
8270
8405
8411
8414
8271
8406
8412
8415
7148
8275
8410
8419
8422
7149
8276
8411
8420
8423
8277
8412
8421
8424
7151
7153
8323
8458
8476
7152
7154
8324
8459
8477
7155
8325
8460
8478
7154
8320
8479
7155
8321
8480
8322
8481
7157
7159
8473
7158
7160
8474
7161
8475
7160
8329
8482
7161
8330
8483
8331
8484
7163
8347
8485
8497
8500
7164
8348
8486
8498
8501
8349
8487
8499
8502
7166
8362
8497
8509
8512
7167
8363
8498
8510
8513
8364
8499
8511
8514
7169
7171
7174
8509
7170
7172
7175
8510
7173
7176
8511
7172
7177
7192
7173
7178
7193
7179
7194
7175
7177
8515
14806
7176
7178
8516
14807
7179
8517
14808
7178
8521
17295
7179
8522
17296
8523
17297
7181
7183
7186
7182
7184
7187
7185
7188
7184
7189
7195
7185
7190
7196
7191
7197
7187
7189
7228
7188
7190
7229
7191
7230
7190
7231
7191
7232
7233
7193
8371
8518
8521
7194
8372
8519
8522
8373
8520
8523
7196
7197
7199
8380
8518
8527
7200
8381
8519
8528
8382
8520
8529
7202
8536
7203
8537
8538
7205
7207
7210
7206
7208
7211
7209
7212
7208
7213
7209
7214
7215
7211
7213
7258
7212
7214
7259
7215
7260
7214
7261
7215
7262
7263
7217
8422
8545
18178
7218
8423
8546
18179
8424
8547
18180
7220
8449
8554
8560
8563
7221
8450
8555
8561
8564
8451
8556
8562
8565
7223
8581
7224
8582
8583
7226
8587
7227
8588
8589
7229
7231
7234
7230
7232
7235
7233
7236
7232
7237
7240
7233
7238
7241
7239
7242
7235
7237
7273
7236
7238
7274
7239
7275
7238
7276
7239
7277
7278
7241
7242
7244
8527
8590
8593
18238
7245
8528
8591
8594
18239
8529
8592
8595
18240
7247
7255
7248
7256
7257
7250
7252
8542
8599
7251
7253
8543
8600
7254
8544
8601
7253
8602
7254
8603
8604
7256
7257
7259
7261
7264
7260
7262
7265
7263
7266
7262
7267
7263
7268
7269
7265
7267
7294
7266
7268
7295
7269
7296
7268
7297
7269
7298
7299
7271
8587
15518
7272
8588
15519
8589
15520
7274
7276
7279
7275
7277
7280
7278
7281
7277
7282
7278
7283
7284
7280
7282
17388
7281
7283
17389
7284
17390
7283
17391
7284
17392
17393
7286
7288
7287
7289
7290
7289
7291
7290
7292
7293
7292
7293
7295
7297
7300
7296
7298
7301
7299
7302
7298
7303
7299
7304
7305
7301
7303
17415
7302
7304
17416
7305
17417
7304
17418
7305
17419
17420
7307
7309
7308
7310
7311
7310
7312
7429
7311
7313
7430
7314
7431
7313
7314
7316
7318
7317
7319
7320
7319
7444
7320
7445
7446
7322
7327
7323
7328
7329
7325
7327
7333
7456
7326
7328
7334
7457
7329
7335
7458
7328
7363
7459
7329
7364
7460
7365
7461
7331
7333
7332
7334
7335
7334
7339
7468
7335
7340
7469
7341
7470
7337
7342
7338
7343
7344
7340
7342
7341
7343
7344
7343
7348
7474
7344
7349
7475
7350
7476
7346
7351
7347
7352
7353
7349
7351
7350
7352
7353
7352
7353
7355
7372
7356
7373
7374
7358
7360
7359
7361
7362
7361
7363
7366
7486
7362
7364
7367
7487
7365
7368
7488
7364
7365
7367
7384
7368
7385
7386
7370
7372
7371
7373
7374
7373
7498
7374
7499
7500
7376
7378
7504
7377
7379
7505
7380
7506
7379
7387
7380
7388
7389
7382
7384
7383
7385
7386
7385
7396
7516
7386
7397
7517
7398
7518
7388
7390
7522
7389
7391
7523
7392
7524
7391
7392
7394
7396
7405
7395
7397
7406
7398
7407
7397
7398
7400
7402
7401
7403
7404
7403
7405
7411
7543
7404
7406
7412
7544
7407
7413
7545
7406
7407
7409
7414
7410
7415
7416
7412
7414
7413
7415
7416
7415
7420
7555
7416
7421
7556
7422
7557
7418
7423
7419
7424
7425
7421
7423
7422
7424
7425
7424
7567
7425
7568
7569
7427
7428
7430
7435
7431
7436
7437
7433
7435
7434
7436
7437
7436
7441
7576
7437
7442
7577
7443
7578
7439
7440
7442
7443
7445
7450
7446
7451
7452
7448
7450
7449
7451
7452
7451
7453
7591
7452
7454
7592
7455
7593
7454
7455
7457
7459
7462
7468
7458
7460
7463
7469
7461
7464
7470
7460
7465
7461
7466
7467
7463
7465
7471
7464
7466
7472
7467
7473
7466
7492
7600
7467
7493
7601
7494
7602
7469
7471
7470
7472
7473
7472
7477
7609
7473
7478
7610
7479
7611
7475
7480
7476
7481
7482
7478
7480
7479
7481
7482
7481
7483
7615
7482
7484
7616
7485
7617
7484
7485
7487
7489
7488
7490
7491
7490
7492
7495
7630
7491
7493
7496
7631
7494
7497
7632
7493
7494
7496
7519
7497
7520
7521
7499
7501
7500
7502
7503
7502
7507
7642
7503
7508
7643
7509
7644
7505
7510
7506
7511
7512
7508
7510
7509
7511
7512
7511
7513
7648
7512
7514
7649
7515
7650
7514
7525
7515
7526
7527
7517
7519
7518
7520
7521
7520
7528
7657
7521
7529
7658
7530
7659
7523
7525
7524
7526
7527
7526
7663
7527
7664
7665
7529
7531
7530
7532
7533
7532
7546
7533
7547
7548
7535
7540
7536
7541
7542
7538
7540
7539
7541
7542
7541
7684
7542
7685
7686
7544
7549
7545
7550
7551
7547
7549
7548
7550
7551
7550
7558
7693
7551
7559
7694
7560
7695
7553
7554
7556
7561
7557
7562
7563
7559
7561
7560
7562
7563
7562
7570
7705
7563
7571
7706
7572
7707
7565
7566
7568
7573
7569
7574
7575
7571
7573
7572
7574
7575
7574
7717
7575
7718
7719
7577
7582
7578
7583
7584
7580
7582
7581
7583
7584
7583
7585
7729
7584
7586
7730
7587
7731
7586
7588
7587
7589
7590
7589
7594
7590
7595
7596
7592
7593
7595
7596
7598
7599
7601
7606
7602
7607
7608
7604
7606
7612
7605
7607
7613
7608
7614
7607
7636
7753
7608
7637
7754
7638
7755
7610
7612
7611
7613
7614
7613
7618
7762
7614
7619
7763
7620
7764
7616
7621
7617
7622
7623
7619
7621
7620
7622
7623
7622
7627
7768
7623
7628
7769
7629
7770
7625
7626
7628
7629
7631
7633
7632
7634
7635
7634
7636
7639
7789
7635
7637
7640
7790
7638
7641
7791
7637
7638
7640
7660
7641
7661
7662
7643
7645
7644
7646
7647
7646
7801
7647
7802
7803
7649
7651
7650
7652
7653
7652
7654
7807
7653
7655
7808
7656
7809
7655
7666
7656
7667
7668
7658
7660
7659
7661
7662
7661
7681
7813
7662
7682
7814
7683
7815
7664
7666
7665
7667
7668
7667
7672
7819
7668
7673
7820
7674
7821
7670
7675
7671
7676
7677
7673
7675
7674
7676
7677
7676
7687
7677
7688
7689
7679
7681
7699
7680
7682
7700
7683
7701
7682
7683
7685
7690
7686
7691
7692
7688
7690
7689
7691
7692
7691
7692
7694
7696
7695
7697
7698
7697
7699
7708
7840
7698
7700
7709
7841
7701
7710
7842
7700
7701
7703
7704
7706
7711
7707
7712
7713
7709
7711
7710
7712
7713
7712
7720
7849
7713
7721
7850
7722
7851
7715
7716
7718
7723
7719
7724
7725
7721
7723
7722
7724
7725
7724
7864
8611
7725
7865
8612
7866
8613
7727
7732
7873
8611
7728
7733
7874
8612
7734
7875
8613
7730
7735
7731
7736
7737
7733
7735
7734
7736
7737
7736
7738
7882
7737
7739
7883
7740
7884
7739
7740
7742
7747
7743
7748
7749
7745
7747
7746
7748
7749
7748
7897
7749
7898
7899
7751
7752
7754
7759
7755
7760
7761
7757
7759
7765
7758
7760
7766
7761
7767
7760
7792
7912
7761
7793
7913
7794
7914
7763
7765
7764
7766
7767
7766
7771
7921
7767
7772
7922
7773
7923
7769
7774
7770
7775
7776
7772
7774
7773
7775
7776
7775
7780
7927
7776
7781
7928
7782
7929
7778
7783
7779
7784
7785
7781
7783
7782
7784
7785
7784
7936
7785
7937
7938
7787
7804
7788
7805
7806
7790
7795
7791
7796
7797
7793
7795
7794
7796
7797
7796
7798
7948
7797
7799
7949
7800
7950
7799
7816
7800
7817
7818
7802
7804
7803
7805
7806
7805
7960
7806
7961
7962
7808
7810
7809
7811
7812
7811
7966
7812
7967
7968
7814
7816
7815
7817
7818
7817
7834
7975
7818
7835
7976
7836
7977
7820
7822
7821
7823
7824
7823
7825
7981
7824
7826
7982
7827
7983
7826
7828
7827
7829
7830
7829
7987
7830
7988
7989
7832
7834
7846
7833
7835
7847
7836
7848
7835
7836
7838
8002
7839
8003
8004
7841
7843
7842
7844
7845
7844
7846
7852
8008
7845
7847
7853
8009
7848
7854
8010
7847
7848
7850
7855
7851
7856
7857
7853
7855
7854
7856
7857
7856
7867
8020
7857
7868
8021
7869
8022
7859
7861
7860
7862
7863
7862
8029
7863
8030
8031
7865
7870
7866
7871
7872
7868
7870
7869
7871
7872
7871
7876
8035
7872
7877
8036
7878
8037
7874
7879
7875
7880
7881
7877
7879
7878
7880
7881
7880
7885
8047
7881
7886
8048
7887
8049
7883
7888
7884
7889
7890
7886
7888
7887
7889
7890
7889
7894
8050
7890
7895
8051
7896
8052
7892
7893
7895
7896
7898
7903
7899
7904
7905
7901
7903
7902
7904
7905
7904
7909
8065
7905
7910
8066
7911
8067
7907
7908
7910
7911
7913
7918
7914
7919
7920
7916
7918
7924
8083
7917
7919
7925
8084
7920
7926
8085
7919
7954
8086
7920
7955
8087
7956
8088
7922
7924
7923
7925
7926
7925
7930
8095
7926
7931
8096
7932
8097
7928
7933
7929
7934
7935
7931
7933
7932
7934
7935
7934
7939
8101
7935
7940
8102
7941
8103
7937
7942
7938
7943
7944
7940
7942
7941
7943
7944
7943
8110
7944
8111
8112
7946
7963
7947
7964
7965
7949
7951
7950
7952
7953
7952
7954
7957
8122
7953
7955
7958
8123
7956
7959
8124
7955
7956
7958
7978
7959
7979
7980
7961
7963
7962
7964
7965
7964
8134
7965
8135
8136
7967
7969
7968
7970
7971
7970
7972
8140
7971
7973
8141
7974
8142
7973
7984
7974
7985
7986
7976
7978
7977
7979
7980
7979
7999
8149
7980
8000
8150
8001
8151
7982
7984
7983
7985
7986
7985
7990
8155
7986
7991
8156
7992
8157
7988
7993
7989
7994
7995
7991
7993
7992
7994
7995
7994
8005
7995
8006
8007
7997
7999
8014
7998
8000
8015
8001
8016
8000
8001
8003
8004
8006
8007
8009
8011
8010
8012
8013
8012
8014
8023
8179
8013
8015
8024
8180
8016
8025
8181
8015
8016
8018
8019
8021
8026
8022
8027
8028
8024
8026
8025
8027
8028
8027
8038
8191
8028
8039
8192
8040
8193
8030
8032
8031
8033
8034
8033
8200
8034
8201
8202
8036
8041
8037
8042
8043
8039
8041
8040
8042
8043
8042
8044
8206
8043
8045
8207
8046
8208
8045
8046
8048
8049
8051
8056
8052
8057
8058
8054
8056
8055
8057
8058
8057
8062
8215
8058
8063
8216
8064
8217
8060
8061
8063
8064
8066
8071
8067
8072
8073
8069
8071
8070
8072
8073
8072
8077
8230
8073
8078
8231
8079
8232
8075
8076
8078
8079
8081
8082
8084
8086
8089
8095
8085
8087
8090
8096
8088
8091
8097
8087
8092
8088
8093
8094
8090
8092
8098
8248
8091
8093
8099
8249
8094
8100
8250
8093
8128
8251
8094
8129
8252
8130
8253
8096
8098
8097
8099
8100
8099
8104
8257
8100
8105
8258
8106
8259
8102
8107
8103
8108
8109
8105
8107
8106
8108
8109
8108
8113
8266
8109
8114
8267
8115
8268
8111
8116
8112
8117
8118
8114
8116
8115
8117
8118
8117
8118
8120
8137
8121
8138
8139
8123
8125
8124
8126
8127
8126
8128
8131
8281
8127
8129
8132
8282
8130
8133
8283
8129
8130
8132
8152
8133
8153
8154
8135
8137
8136
8138
8139
8138
8143
8290
8139
8144
8291
8145
8292
8141
8146
8142
8147
8148
8144
8146
8145
8147
8148
8147
8296
8148
8297
8298
8150
8152
8151
8153
8154
8153
8167
8305
8154
8168
8306
8169
8307
8156
8158
8157
8159
8160
8159
8161
8314
8160
8162
8315
8163
8316
8162
8164
8163
8165
8166
8165
8176
8166
8177
8178
8168
8170
8169
8171
8172
8171
8182
8172
8183
8184
8174
8175
8177
8178
8180
8185
8181
8186
8187
8183
8185
8184
8186
8187
8186
8194
8335
8187
8195
8336
8196
8337
8189
8190
8192
8197
8193
8198
8199
8195
8197
8196
8198
8199
8198
8209
8344
8199
8210
8345
8211
8346
8201
8203
8202
8204
8205
8204
8353
8205
8354
8355
8207
8212
8208
8213
8214
8210
8212
8211
8213
8214
8213
8359
8214
8360
8361
8216
8221
8217
8222
8223
8219
8221
8608
8220
8222
8609
8223
8610
8222
8227
8368
8223
8228
8369
8229
8370
8225
8226
8228
8229
8231
8232
8234
8235
8237
8242
8238
8243
8244
8240
8242
8241
8243
8244
8243
8244
8246
8247
8249
8251
8257
8260
8250
8252
8258
8261
8253
8259
8262
8252
8254
8253
8255
8256
8255
8260
8287
8395
8256
8261
8288
8396
8262
8289
8397
8258
8263
8259
8264
8265
8261
8263
8392
8262
8264
8393
8265
8394
8264
8269
8404
8265
8270
8405
8271
8406
8267
8272
8268
8273
8274
8270
8272
8271
8273
8274
8273
8275
8410
8274
8276
8411
8277
8412
8276
8277
8279
8293
8280
8294
8295
8282
8284
8283
8285
8286
8285
8287
8308
8428
8286
8288
8309
8429
8289
8310
8430
8288
8289
8291
8293
8292
8294
8295
8294
8299
8440
8295
8300
8441
8301
8442
8297
8302
8298
8303
8304
8300
8302
8301
8303
8304
8303
8446
8304
8447
8448
8306
8311
8307
8312
8313
8309
8311
8310
8312
8313
8312
8323
8458
8313
8324
8459
8325
8460
8315
8317
8316
8318
8319
8318
8464
8319
8465
8466
8321
8323
8341
8322
8324
8342
8325
8343
8324
8325
8327
8332
8328
8333
8334
8330
8332
8331
8333
8334
8333
8482
8334
8483
8484
8336
8338
8337
8339
8340
8339
8341
8347
8485
8340
8342
8348
8486
8343
8349
8487
8342
8343
8345
8350
8346
8351
8352
8348
8350
8349
8351
8352
8351
8362
8497
8352
8363
8498
8364
8499
8354
8356
8355
8357
8358
8357
8506
8358
8507
8508
8360
8365
8361
8366
8367
8363
8365
8364
8366
8367
8366
8509
8367
8510
8511
8369
8374
8608
8370
8375
8609
8376
8610
8372
8374
8608
8373
8375
8609
8376
8610
8375
8380
8518
8376
8381
8519
8382
8520
8378
8383
8379
8384
8385
8381
8383
8382
8384
8385
8384
8389
8385
8390
8391
8387
8388
8390
8391
8393
8395
8398
8404
8394
8396
8399
8405
8397
8400
8406
8396
8401
8397
8402
8403
8399
8401
8407
17280
8400
8402
8408
17281
8403
8409
17282
8402
8434
18160
8403
8435
18161
8436
18162
8405
8407
8406
8408
8409
8408
8413
18172
8409
8414
18173
8415
18174
8411
8416
8412
8417
8418
8414
8416
17283
8415
8417
17284
8418
17285
8417
8422
18178
8418
8423
18179
8424
18180
8420
8425
8421
8426
8427
8423
8425
8424
8426
8427
8426
8427
8429
8431
8430
8432
8433
8432
8434
8437
18187
8433
8435
8438
18188
8436
8439
18189
8435
14797
8436
14798
14799
8438
8461
14800
8439
8462
14801
8463
14802
8441
8443
8442
8444
8445
8444
8449
8554
8445
8450
8555
8451
8556
8447
8452
8448
8453
8454
8450
8452
8451
8453
8454
8453
8455
8560
8454
8456
8561
8457
8562
8456
8467
8457
8468
8469
8459
8461
8460
8462
8463
8462
8476
18193
8463
8477
18194
8478
18195
8465
8467
8466
8468
8469
8468
8470
8572
8469
8471
8573
8472
8574
8471
8473
8472
8474
8475
8474
8578
8475
8579
8580
8477
8479
17286
8478
8480
17287
8481
17288
8480
8488
18202
8481
8489
18203
8490
18204
8483
8484
8486
8491
8487
8492
8493
8489
8491
14803
8490
8492
14804
8493
14805
8492
8500
18211
8493
8501
18212
8502
18213
8495
8496
8498
8503
8499
8504
8505
8501
8503
17289
8502
8504
17290
8505
17291
8504
8512
18220
8505
8513
18221
8514
18222
8507
8508
8510
8515
8511
8516
8517
8513
8515
17292
8514
8516
17293
8517
17294
8516
18229
8517
18230
18231
8519
8524
8520
8525
8526
8522
8524
17304
8523
8525
17305
8526
17306
8525
8527
18238
8526
8528
18239
8529
18240
8528
8530
8529
8531
8532
8531
8539
8590
8532
8540
8591
8541
8592
8534
8535
8537
8542
8538
8543
8544
8540
8542
8541
8543
8544
8543
8544
8546
8548
17313
18184
8547
8549
17314
18185
8550
17315
18186
8549
15494
8550
15495
15496
8552
8557
14815
8553
8558
14816
8559
14817
8555
8557
8556
8558
8559
8558
8563
18286
8559
8564
18287
8565
18288
8561
8566
8562
8567
8568
8564
8566
17316
8565
8567
17317
8568
17318
8567
8569
18292
8568
8570
18293
8571
18294
8570
8575
14821
8571
8576
14822
8577
14823
8573
8575
8574
8576
8577
8576
18307
8577
18308
18309
8579
8580
8582
18325
8583
18326
18327
8585
14827
8586
14828
14829
8588
8589
8591
8592
8594
17346
18244
8595
17347
18245
17348
18246
8597
8599
14833
8598
8600
14834
8601
14835
8600
8602
18376
8601
8603
18377
8604
18378
8603
15530
8604
15531
15532
8606
14839
8607
14840
14841
8609
8610
8612
8613
10313
10314
10316
14797
10303
10313
10320
10321
10323
8620
8638
10307
10308
10309
10310
10320
10322
10324
10326
10329
10330
10332
14800
10314
10329
10336
10337
10339
10321
10336
10343
10344
10346
8645
10343
10345
10347
10349
10330
10350
10356
10357
10359
8623
8626
8652
10337
10338
10341
10342
10356
10358
10360
10362
8653
10344
10345
10348
10349
10351
10365
10366
10368
14803
10357
10365
10372
10373
10375
8663
10372
10374
10376
10378
10366
10379
10383
10384
10386
8630
8674
10373
10374
10377
10378
10383
10385
10387
10389
10384
10390
10394
10395
10397
8633
8687
10394
10396
10398
10400
10401
10402
10404
14806
8633
8634
8697
10395
10396
10399
10400
10401
10403
10405
10407
10412
10415
10416
8635
8698
10408
10412
10413
10415
8709
10412
10414
10416
10418
10316
10433
10434
10436
14809
10323
10419
10433
10440
10441
10443
8639
8645
8741
10423
10424
10425
10426
10440
10442
10444
10446
8640
8646
8742
10427
10428
10429
10430
8641
8647
8743
10447
10449
10450
14812
10447
10449
14815
10332
10456
10457
10459
14818
10339
10434
10456
10463
10464
10466
10346
10441
10463
10470
10471
10473
8646
8654
8748
10470
10472
10474
10476
8647
8655
8749
8648
8656
8750
10478
10480
10482
10447
10477
10478
10480
10452
10477
10484
10485
10487
10484
10491
10493
14821
10359
10457
10498
10504
10505
10507
8653
8663
8755
10464
10465
10468
10469
10504
10506
10508
10510
8654
8664
8756
10471
10472
10475
10476
8655
8665
8757
8656
8666
8758
8657
8667
8759
8658
8668
8760
10478
10479
10482
10483
8659
8669
8761
10485
10486
10489
10490
10512
10514
10516
10491
10511
10512
10514
10496
10511
10518
10519
10521
10368
10499
10529
10530
10532
14824
10375
10505
10529
10536
10537
10539
8664
8675
8766
10536
10538
10540
10542
8665
8676
8767
8666
8677
8768
8667
8678
8769
8668
8679
8770
8669
8680
8771
8670
8681
8772
8671
8682
8773
10512
10513
10516
10517
8672
8683
8774
10519
10520
10523
10524
10544
10546
10548
10525
10543
10544
10546
10386
10530
10550
10554
10555
10557
8675
8687
8777
10537
10538
10541
10542
10554
10556
10558
10560
8676
8688
8778
8677
8689
8779
8678
8690
8780
8679
8691
8781
8680
8692
8782
8681
8693
8783
8682
8694
8784
8683
8695
8785
8684
8786
10562
10564
10566
10544
10561
10562
10564
10561
10568
10569
14827
10397
10555
10571
10575
10576
10578
8688
8698
8790
10575
10577
10579
10581
8689
8699
8791
8690
8700
8792
8691
8701
8793
8692
8702
8794
8693
8703
8795
8694
8704
8796
8695
8705
8797
8706
8798
10404
10582
10583
10585
17334
8698
8708
8803
10576
10577
10580
10581
10582
10584
10586
10588
10594
10597
10598
8699
8709
8804
8700
8710
8805
8701
8711
8806
8702
8712
8807
8703
8713
8808
8704
8714
8809
8705
8715
8810
8706
8716
8811
8717
8812
10583
10589
10591
14830
10415
10589
10594
10595
10597
8710
8719
8818
10594
10596
10598
10600
8711
8720
8819
8712
8721
8820
8713
8722
8821
8714
8723
8822
8715
8724
8823
8716
8725
8824
8717
8726
8825
8826
10595
10601
10605
10606
10608
8720
8728
8831
10605
10607
10609
10611
8721
8729
8832
8722
8730
8833
8723
8731
8834
8724
8835
8725
8836
8726
8837
8838
10606
10612
10613
10615
14833
8729
8732
8844
10612
10614
10616
10618
8730
8733
8845
10621
10624
10625
8731
8734
8846
10628
10631
10632
8735
8847
10635
10638
10639
8733
8855
10619
10620
10622
10624
10626
14836
10621
10622
10624
10621
10628
10629
10631
10628
10635
10636
10638
10622
10642
10643
14839
10629
10642
10645
10646
14842
10636
10645
10648
10649
14845
10436
10665
10666
10668
14848
10443
10651
10665
10672
10673
10675
8742
8748
8873
10655
10656
10657
10658
10672
10674
10676
10678
8743
8749
8874
10659
10660
10661
10662
8744
8750
8875
10679
10681
10682
14851
10449
10679
10681
14854
10459
10688
10689
10691
14857
10466
10666
10688
10695
10696
10698
10473
10673
10695
10702
10703
10705
8749
8757
8880
10702
10704
10706
10708
8750
8758
8881
8751
8759
8882
10710
10712
10714
10480
10679
10709
10710
10712
10487
10684
10709
10716
10717
10719
10493
10716
10723
10725
14860
10507
10689
10730
10736
10737
10739
8756
8766
8887
10696
10697
10700
10701
10736
10738
10740
10742
8757
8767
8888
10703
10704
10707
10708
8758
8768
8889
8759
8769
8890
8760
8770
8891
8761
8771
8892
10710
10711
10714
10715
8762
8772
8893
10717
10718
10721
10722
10744
10746
10748
10514
10723
10743
10744
10746
10521
10728
10743
10750
10751
10753
10532
10731
10761
10762
10764
14863
10539
10737
10761
10768
10769
10771
8767
8778
8898
10768
10770
10772
10774
8768
8779
8899
8769
8780
8900
8770
8781
8901
8771
8782
8902
8772
8783
8903
8773
8784
8904
8774
8785
8905
10744
10745
10748
10749
8775
8786
8906
10751
10752
10755
10756
10776
10778
10780
10546
10757
10775
10776
10778
10557
10762
10782
10786
10787
10789
8778
8790
8909
10769
10770
10773
10774
10786
10788
10790
10792
8779
8791
8910
8780
8792
8911
8781
8793
8912
8782
8794
8913
8783
8795
8914
8784
8796
8915
8785
8797
8916
8786
8798
8917
8787
8799
8918
10794
10796
10798
10564
10776
10793
10794
10796
10569
10793
10800
10801
14866
10578
10787
10803
10807
10808
10810
8791
8804
8922
10807
10809
10811
10813
8792
8805
8923
8793
8806
8924
8794
8807
8925
8795
8808
8926
8796
8809
8927
8797
8810
8928
8798
8811
8929
8799
8812
8930
8800
8813
8931
10815
10817
10819
10794
10814
10815
10817
10800
10814
10821
10822
10824
10585
10828
10829
10831
17379
8804
8817
8935
10808
10809
10812
10813
10828
10830
10832
10834
10846
10849
10850
8805
8818
8936
8806
8819
8937
8807
8820
8938
8808
8821
8939
8809
8822
8940
8810
8823
8941
8811
8824
8942
8812
8825
8943
8813
8826
8944
8814
8827
8945
8815
8828
8946
10815
10816
10819
10820
10836
10838
10840
10853
10856
10857
10822
10835
10836
10838
10591
10829
10842
14869
10597
10842
10846
10847
10849
8819
8831
8949
10846
10848
10850
10852
8820
8832
8950
8821
8833
8951
8822
8834
8952
8823
8835
8953
8824
8836
8954
8825
8837
8955
8826
8838
8956
8827
8839
8957
8828
8840
8958
10854
10856
10858
10853
10854
10856
10836
10853
10860
10861
10862
10608
10847
10865
10869
10870
10872
8832
8844
8962
10869
10871
10873
10875
8833
8845
8963
8834
8846
8964
8835
8847
8965
8836
8848
8966
8837
8849
8967
8838
8850
8968
8839
8851
8969
8840
8852
8970
10893
10896
10897
8841
8853
8971
10877
10879
10881
10900
10903
10904
10854
10876
10877
10879
10861
10876
10883
10884
14872
10615
10870
10886
10887
10889
14875
8845
8855
8975
10886
10888
10890
10892
8846
8856
8976
10914
10917
10918
8847
8857
8977
10921
10924
10925
8848
8858
8978
10928
10931
10932
8849
8859
8979
10935
10938
10939
8850
8860
8980
10942
10945
10946
8851
8861
8981
10949
10952
10953
8852
8862
8982
10894
10896
10898
10956
10959
10960
10893
10894
10896
10893
10900
10901
10903
10877
10900
10907
10908
10909
8856
8986
10912
10913
10915
10917
10919
14878
10624
10914
10915
10917
10631
10914
10921
10922
10924
10638
10921
10928
10929
10931
10928
10935
10936
10938
10935
10942
10943
10945
10942
10949
10950
10952
10949
10956
10957
10959
10894
10956
10963
10964
14881
10901
10963
10966
14884
10643
10915
10967
10968
14887
10646
10922
10967
10970
10971
14890
10649
10929
10970
10973
10974
14893
10936
10973
10976
10977
14896
10943
10976
10979
10980
14899
10950
10979
10982
14902
10668
10997
10998
11000
14905
10675
10983
10997
11004
11005
11007
8874
8880
9004
10987
10988
10989
10990
11004
11006
11008
11010
8875
8881
9005
10991
10992
10993
10994
8876
8882
9006
11011
11013
11014
14908
10681
11011
11013
14911
10691
11020
11021
11023
14914
10698
10998
11020
11027
11028
11030
10705
11005
11027
11034
11035
11037
8881
8889
9011
11034
11036
11038
11040
8882
8890
9012
8883
8891
9013
11042
11044
11046
10712
11011
11041
11042
11044
10719
11016
11041
11048
11049
11051
10725
11048
11055
11057
14917
10739
11021
11062
11068
11069
11071
8888
8898
9018
11028
11029
11032
11033
11068
11070
11072
11074
8889
8899
9019
11035
11036
11039
11040
8890
8900
9020
8891
8901
9021
8892
8902
9022
8893
8903
9023
11042
11043
11046
11047
8894
8904
9024
11049
11050
11053
11054
11076
11078
11080
10746
11055
11075
11076
11078
10753
11060
11075
11082
11083
11085
10764
11063
11093
11094
11096
14920
10771
11069
11093
11100
11101
11103
8899
8910
9029
11100
11102
11104
11106
8900
8911
9030
8901
8912
9031
8902
8913
9032
8903
8914
9033
8904
8915
9034
8905
8916
9035
8906
8917
9036
11076
11077
11080
11081
8907
8918
9037
11083
11084
11087
11088
11108
11110
11112
10778
11089
11107
11108
11110
10789
11094
11114
11118
11119
11121
8910
8922
9040
11101
11102
11105
11106
11118
11120
11122
11124
8911
8923
9041
8912
8924
9042
8913
8925
9043
8914
8926
9044
8915
8927
9045
8916
8928
9046
8917
8929
9047
8918
8930
9048
8919
8931
9049
11126
11128
11130
10796
11108
11125
11126
11128
10801
11125
11132
11133
14923
10810
11119
11135
11139
11140
11142
8923
8936
9053
11139
11141
11143
11145
8924
8937
9054
8925
8938
9055
8926
8939
9056
8927
8940
9057
8928
8941
9058
8929
8942
9059
8930
8943
9060
8931
8944
9061
8932
8945
9062
11147
11149
11151
10817
11126
11146
11147
11149
10824
11132
11146
11153
11154
11156
10831
11160
11161
11163
17451
8936
8948
9066
11140
11141
11144
11145
11160
11162
11164
11166
11178
11181
11182
8937
8949
9067
8938
8950
9068
8939
8951
9069
8940
8952
9070
8941
8953
9071
8942
8954
9072
8943
8955
9073
8944
8956
9074
8945
8957
9075
8946
8958
9076
8947
8959
9077
11147
11148
11151
11152
11168
11170
11172
11185
11188
11189
10838
11154
11167
11168
11170
10849
11174
11178
11179
11181
8950
8962
9080
11178
11180
11182
11184
8951
8963
9081
8952
8964
9082
8953
8965
9083
8954
8966
9084
8955
8967
9085
8956
8968
9086
8957
8969
9087
8958
8970
9088
8959
8971
9089
11186
11188
11190
10856
11185
11186
11188
10862
11168
11185
11192
11193
11194
10872
11179
11197
11201
11202
11204
8963
8975
9093
11201
11203
11205
11207
8964
8976
9094
8965
8977
9095
8966
8978
9096
8967
8979
9097
8968
8980
9098
8969
8981
9099
8970
8982
9100
8971
8983
9101
11225
11228
11229
8972
8984
9102
11209
11211
11213
11232
11235
11236
10879
11186
11208
11209
11211
10884
11193
11208
11215
11216
14926
10889
11202
11218
11219
11221
14929
8976
8986
9106
11218
11220
11222
11224
8977
8987
9107
11246
11249
11250
8978
8988
9108
11253
11256
11257
8979
8989
9109
11260
11263
11264
8980
8990
9110
11267
11270
11271
8981
8991
9111
11274
11277
11278
8982
8992
9112
11281
11284
11285
8983
8993
9113
11226
11228
11230
11288
11291
11292
10896
11225
11226
11228
10903
11225
11232
11233
11235
10909
11209
11232
11239
11240
11241
8987
9117
11244
11245
11247
11249
11251
14932
10917
11246
11247
11249
10924
11246
11253
11254
11256
10931
11253
11260
11261
11263
10938
11260
11267
11268
11270
10945
11267
11274
11275
11277
10952
11274
11281
11282
11284
10959
11281
11288
11289
11291
10964
11226
11288
11295
11296
14935
10966
11233
11295
11298
14938
10968
11247
11299
11300
14941
10971
11254
11299
11302
11303
14944
10974
11261
11302
11305
11306
14947
10977
11268
11305
11308
11309
14950
10980
11275
11308
11311
11312
14953
10982
11282
11311
11314
14956
11000
11329
11330
11332
14959
11007
11315
11329
11336
11337
11339
9005
9011
9135
11319
11320
11321
11322
11336
11338
11340
11342
9006
9012
9136
11323
11324
11325
11326
9007
9013
9137
11343
11345
11346
14962
11013
11343
11345
14965
11023
11352
11353
11355
14968
11030
11330
11352
11359
11360
11362
11037
11337
11359
11366
11367
11369
9012
9020
9142
11366
11368
11370
11372
9013
9021
9143
9014
9022
9144
11374
11376
11378
11044
11343
11373
11374
11376
11051
11348
11373
11380
11381
11383
11057
11380
11387
11389
14971
11071
11353
11394
11400
11401
11403
9019
9029
9149
11360
11361
11364
11365
11400
11402
11404
11406
9020
9030
9150
11367
11368
11371
11372
9021
9031
9151
9022
9032
9152
9023
9033
9153
9024
9034
9154
11374
11375
11378
11379
9025
9035
9155
11381
11382
11385
11386
11408
11410
11412
11078
11387
11407
11408
11410
11085
11392
11407
11414
11415
11417
11096
11395
11425
11426
11428
14974
11103
11401
11425
11432
11433
11435
9030
9041
9160
11432
11434
11436
11438
9031
9042
9161
9032
9043
9162
9033
9044
9163
9034
9045
9164
9035
9046
9165
9036
9047
9166
9037
9048
9167
11408
11409
11412
11413
9038
9049
9168
11415
11416
11419
11420
11440
11442
11444
11110
11421
11439
11440
11442
11121
11426
11446
11450
11451
11453
9041
9053
9171
11433
11434
11437
11438
11450
11452
11454
11456
9042
9054
9172
9043
9055
9173
9044
9056
9174
9045
9057
9175
9046
9058
9176
9047
9059
9177
9048
9060
9178
9049
9061
9179
9050
9062
9180
11458
11460
11462
11128
11440
11457
11458
11460
11133
11457
11464
11465
14977
11142
11451
11467
11471
11472
11474
9054
9067
9184
11471
11473
11475
11477
9055
9068
9185
9056
9069
9186
9057
9070
9187
9058
9071
9188
9059
9072
9189
9060
9073
9190
9061
9074
9191
9062
9075
9192
9063
9076
9193
11479
11481
11483
11149
11458
11478
11479
11481
11156
11464
11478
11485
11486
11488
11163
11492
11493
11495
14980
9067
9079
9197
11472
11473
11476
11477
11492
11494
11496
11498
11510
11513
11514
9068
9080
9198
9069
9081
9199
9070
9082
9200
9071
9083
9201
9072
9084
9202
9073
9085
9203
9074
9086
9204
9075
9087
9205
9076
9088
9206
9077
9089
9207
9078
9090
9208
11479
11480
11483
11484
11500
11502
11504
11517
11520
11521
11170
11486
11499
11500
11502
11181
11506
11510
11511
11513
9081
9093
9211
11510
11512
11514
11516
9082
9094
9212
9083
9095
9213
9084
9096
9214
9085
9097
9215
9086
9098
9216
9087
9099
9217
9088
9100
9218
9089
9101
9219
9090
9102
9220
11518
11520
11522
11188
11517
11518
11520
11194
11500
11517
11524
11525
11526
11204
11511
11529
11533
11534
11536
9094
9106
9224
11533
11535
11537
11539
9095
9107
9225
9096
9108
9226
9097
9109
9227
9098
9110
9228
9099
9111
9229
9100
9112
9230
9101
9113
9231
9102
9114
9232
11557
11560
11561
9103
9115
9233
11541
11543
11545
11564
11567
11568
11211
11518
11540
11541
11543
11216
11525
11540
11547
11548
14983
11221
11534
11550
11551
11553
14986
9107
9117
9237
11550
11552
11554
11556
9108
9118
9238
11577
11580
11581
9109
9119
9239
11584
11587
11588
9110
9120
9240
11591
11594
11595
9111
9121
9241
11598
11601
11602
9112
9122
9242
11605
11608
11609
9113
9123
9243
11612
11615
11616
9114
9124
9244
11558
11560
11562
11619
11622
11623
11228
11557
11558
11560
11235
11557
11564
11565
11567
11241
11541
11564
11571
11572
11573
9118
9248
11575
11576
11578
11580
11582
14989
11249
11577
11578
11580
11256
11577
11584
11585
11587
11263
11584
11591
11592
11594
11270
11591
11598
11599
11601
11277
11598
11605
11606
11608
11284
11605
11612
11613
11615
11291
11612
11619
11620
11622
11296
11558
11619
11626
11627
14992
11298
11565
11626
11629
14995
11300
11578
11630
11631
14998
11303
11585
11630
11633
11634
15001
11306
11592
11633
11636
11637
15004
11309
11599
11636
11639
11640
15007
11312
11606
11639
11642
11643
15010
11314
11613
11642
11645
15013
11332
11660
11661
11663
15016
11339
11646
11660
11667
11668
11670
9136
9142
9266
11650
11651
11652
11653
11667
11669
11671
11673
9137
9143
9267
11654
11655
11656
11657
9138
9144
9268
11674
11676
11677
15019
11345
11674
11676
15022
11355
11683
11684
11686
15025
11362
11661
11683
11690
11691
11693
11369
11668
11690
11697
11698
11700
9143
9151
9273
11697
11699
11701
11703
9144
9152
9274
9145
9153
9275
11705
11707
11709
11376
11674
11704
11705
11707
11383
11679
11704
11711
11712
11714
11389
11711
11718
11720
15028
11403
11684
11725
11731
11732
11734
9150
9160
9280
11691
11692
11695
11696
11731
11733
11735
11737
9151
9161
9281
11698
11699
11702
11703
9152
9162
9282
9153
9163
9283
9154
9164
9284
9155
9165
9285
11705
11706
11709
11710
9156
9166
9286
11712
11713
11716
11717
11739
11741
11743
11410
11718
11738
11739
11741
11417
11723
11738
11745
11746
11748
11428
11726
11756
11757
11759
15031
11435
11732
11756
11763
11764
11766
9161
9172
9291
11763
11765
11767
11769
9162
9173
9292
9163
9174
9293
9164
9175
9294
9165
9176
9295
9166
9177
9296
9167
9178
9297
9168
9179
9298
11739
11740
11743
11744
9169
9180
9299
11746
11747
11750
11751
11771
11773
11775
11442
11752
11770
11771
11773
11453
11757
11777
11781
11782
11784
9172
9184
9302
11764
11765
11768
11769
11781
11783
11785
11787
9173
9185
9303
9174
9186
9304
9175
9187
9305
9176
9188
9306
9177
9189
9307
9178
9190
9308
9179
9191
9309
9180
9192
9310
9181
9193
9311
11789
11791
11793
11460
11771
11788
11789
11791
11465
11788
11795
11796
15034
11474
11782
11798
11802
11803
11805
9185
9198
9315
11802
11804
11806
11808
9186
9199
9316
9187
9200
9317
9188
9201
9318
9189
9202
9319
9190
9203
9320
9191
9204
9321
9192
9205
9322
9193
9206
9323
9194
9207
9324
11810
11812
11814
11481
11789
11809
11810
11812
11488
11795
11809
11816
11817
11819
11495
11823
11824
11826
17589
9198
9210
9328
11803
11804
11807
11808
11823
11825
11827
11829
11841
11844
11845
9199
9211
9329
9200
9212
9330
9201
9213
9331
9202
9214
9332
9203
9215
9333
9204
9216
9334
9205
9217
9335
9206
9218
9336
9207
9219
9337
9208
9220
9338
9209
9221
9339
11810
11811
11814
11815
11831
11833
11835
11848
11851
11852
11502
11817
11830
11831
11833
11513
11837
11841
11842
11844
9212
9224
9342
11841
11843
11845
11847
9213
9225
9343
9214
9226
9344
9215
9227
9345
9216
9228
9346
9217
9229
9347
9218
9230
9348
9219
9231
9349
9220
9232
9350
9221
9233
9351
11849
11851
11853
11520
11848
11849
11851
11526
11831
11848
11855
11856
11857
11536
11842
11860
11864
11865
11867
9225
9237
9355
11864
11866
11868
11870
9226
9238
9356
9227
9239
9357
9228
9240
9358
9229
9241
9359
9230
9242
9360
9231
9243
9361
9232
9244
9362
9233
9245
9363
11888
11891
11892
9234
9246
9364
11872
11874
11876
11895
11898
11899
11543
11849
11871
11872
11874
11548
11856
11871
11878
11879
15037
11553
11865
11881
11882
11884
15040
9238
9248
9368
11881
11883
11885
11887
12214
12215
12216
9239
9249
9369
11907
11910
11911
9240
9250
9370
11914
11917
11918
9241
9251
9371
11921
11924
11925
9242
9252
9372
11928
11931
11932
9243
9253
9373
11935
11938
11939
9244
9254
9374
11942
11945
11946
9245
9255
9375
11889
11891
11893
11949
11952
11953
11560
11888
11889
11891
11567
11888
11895
11896
11898
11573
11872
11895
11902
11903
15043
9249
9379
11905
11906
11908
11910
11912
12240
12241
12242
15046
11580
11907
11908
11910
11587
11907
11914
11915
11917
11594
11914
11921
11922
11924
11601
11921
11928
11929
11931
11608
11928
11935
11936
11938
11615
11935
11942
11943
11945
11622
11942
11949
11950
11952
11627
11889
11949
11956
11957
15049
11629
11896
11956
11959
15052
11631
11908
11960
11961
15055
11634
11915
11960
11963
11964
15058
11637
11922
11963
11966
11967
15061
11640
11929
11966
11969
11970
15064
11643
11936
11969
11972
11973
15067
11645
11943
11972
11975
15070
11663
11990
11991
11993
15073
11670
11976
11990
11997
11998
12000
9267
9273
9397
11980
11981
11982
11983
11997
11999
12001
12003
9268
9274
9398
11984
11985
11986
11987
9269
9275
9399
12004
12006
12007
15076
11676
12004
12006
15079
11686
12013
12014
12016
15082
11693
11991
12013
12020
12021
12023
11700
11998
12020
12027
12028
12030
9274
9282
9404
12027
12029
12031
12033
9275
9283
9405
9276
9284
9406
12035
12037
12039
11707
12004
12034
12035
12037
11714
12009
12034
12041
12042
12044
11720
12041
12048
12050
15085
11734
12014
12055
12061
12062
12064
9281
9291
9411
12021
12022
12025
12026
12061
12063
12065
12067
9282
9292
9412
12028
12029
12032
12033
9283
9293
9413
9284
9294
9414
9285
9295
9415
9286
9296
9416
12035
12036
12039
12040
9287
9297
9417
12042
12043
12046
12047
12069
12071
12073
11741
12048
12068
12069
12071
11748
12053
12068
12075
12076
12078
11759
12056
12086
12087
12089
15088
11766
12062
12086
12093
12094
12096
9292
9303
9422
12093
12095
12097
12099
9293
9304
9423
9294
9305
9424
9295
9306
9425
9296
9307
9426
9297
9308
9427
9298
9309
9428
9299
9310
9429
12069
12070
12073
12074
9300
9311
9430
12076
12077
12080
12081
12101
12103
12105
11773
12082
12100
12101
12103
11784
12087
12107
12111
12112
12114
9303
9315
9433
12094
12095
12098
12099
12111
12113
12115
12117
9304
9316
9434
9305
9317
9435
9306
9318
9436
9307
9319
9437
9308
9320
9438
9309
9321
9439
9310
9322
9440
9311
9323
9441
9312
9324
9442
12119
12121
12123
11791
12101
12118
12119
12121
11796
12118
12125
12126
15091
11805
12112
12128
12132
12133
12135
9316
9329
9446
12132
12134
12136
12138
9317
9330
9447
9318
9331
9448
9319
9332
9449
9320
9333
9450
9321
9334
9451
9322
9335
9452
9323
9336
9453
9324
9337
9454
9325
9338
9455
12140
12142
12144
11812
12119
12139
12140
12142
11819
12125
12139
12146
12147
12149
11826
12153
12154
17667
9329
9341
9458
12133
12134
12137
12138
12153
12155
12156
12157
12169
12172
12173
9330
9342
9459
9331
9343
9460
9332
9344
9461
9333
9345
9462
9334
9346
9463
9335
9347
9464
9336
9348
9465
9337
9349
9466
9338
9350
9467
9339
9351
9468
9340
9352
9469
12140
12141
12144
12145
12159
12161
12163
12176
12179
12180
11833
12147
12158
12159
12161
11844
12165
12169
12170
12172
9343
9355
9472
12169
12171
12173
12175
9344
9356
9473
9345
9357
9474
9346
9358
9475
9347
9359
9476
9348
9360
9477
9349
9361
9478
9350
9362
9479
9351
9363
9480
9352
9364
9481
12177
12179
12181
11851
12176
12177
12179
11857
12159
12176
12183
12184
12185
11867
12170
12188
12192
12193
12195
9356
9368
9485
12192
12194
12196
12198
12214
12217
12218
12538
12539
12540
9357
9369
9486
9358
9370
9487
9359
9371
9488
9360
9372
9489
9361
9373
9490
9362
9374
9491
9363
9375
9492
9364
9376
9493
12221
12224
12225
9365
9377
9494
12200
12202
12204
12228
12231
12232
11874
12177
12199
12200
12202
11879
12184
12199
12206
15094
11884
12193
12207
12208
12210
15097
12207
12214
12215
12217
9370
9380
9499
12214
12216
12218
12220
12247
12250
12251
9371
9381
9500
12254
12257
12258
9372
9382
9501
12261
12264
12265
9373
9383
9502
12268
12271
12272
9374
9384
9503
12275
12278
12279
9375
9385
9504
12282
12285
12286
9376
9386
9505
12222
12224
12226
12289
12292
12293
11891
12221
12222
12224
11898
12221
12228
12229
12231
11903
12200
12228
12235
12236
15100
12215
12238
12240
12241
12243
11910
12240
12247
12248
12250
11917
12247
12254
12255
12257
11924
12254
12261
12262
12264
11931
12261
12268
12269
12271
11938
12268
12275
12276
12278
11945
12275
12282
12283
12285
11952
12282
12289
12290
12292
11957
12222
12289
12296
12297
15103
11959
12229
12296
12299
15106
11961
12248
12300
12301
15109
11964
12255
12300
12303
12304
15112
11967
12262
12303
12306
12307
15115
11970
12269
12306
12309
12310
15118
11973
12276
12309
12312
12313
15121
11975
12283
12312
12315
15124
11993
12330
12331
12333
15127
12000
12316
12330
12337
12338
12340
9398
9404
9527
12320
12321
12322
12323
12337
12339
12341
12343
9399
9405
9528
12324
12325
12326
12327
9400
9406
9529
12344
12346
12347
15130
12006
12344
12346
15133
12016
12353
12354
12356
15136
12023
12331
12353
12360
12361
12363
12030
12338
12360
12367
12368
12370
9405
9413
9534
12367
12369
12371
12373
9406
9414
9535
9407
9415
9536
12375
12377
12379
12037
12344
12374
12375
12377
12044
12349
12374
12381
12382
12384
12050
12381
12388
12390
15139
12064
12354
12395
12401
12402
12404
9412
9422
9541
12361
12362
12365
12366
12401
12403
12405
12407
9413
9423
9542
12368
12369
12372
12373
9414
9424
9543
9415
9425
9544
9416
9426
9545
9417
9427
9546
12375
12376
12379
12380
9418
9428
9547
12382
12383
12386
12387
12409
12411
12413
12071
12388
12408
12409
12411
12078
12393
12408
12415
12416
12418
12089
12396
12426
12427
12429
15142
12096
12402
12426
12433
12434
12436
9423
9434
9552
12433
12435
12437
12439
9424
9435
9553
9425
9436
9554
9426
9437
9555
9427
9438
9556
9428
9439
9557
9429
9440
9558
9430
9441
9559
12409
12410
12413
12414
9431
9442
9560
12416
12417
12420
12421
12441
12443
12445
12103
12422
12440
12441
12443
12114
12427
12447
12451
12452
12454
9434
9446
9563
12434
12435
12438
12439
12451
12453
12455
12457
9435
9447
9564
9436
9448
9565
9437
9449
9566
9438
9450
9567
9439
9451
9568
9440
9452
9569
9441
9453
9570
9442
9454
9571
9443
9455
9572
12459
12461
12463
12121
12441
12458
12459
12461
12126
12458
12465
12466
15145
12135
12452
12468
12472
12473
12475
9447
9459
9576
12472
12474
12476
12478
9448
9460
9577
9449
9461
9578
9450
9462
9579
9451
9463
9580
9452
9464
9581
9453
9465
9582
9454
9466
9583
9455
9467
9584
9456
9468
9585
12480
12482
12484
12142
12459
12479
12480
12482
12149
12465
12479
12486
12487
12489
9459
9471
9588
12473
12474
12477
12478
12493
12494
12495
12496
12508
12511
12512
9460
9472
9589
9461
9473
9590
9462
9474
9591
9463
9475
9592
9464
9476
9593
9465
9477
9594
9466
9478
9595
9467
9479
9596
9468
9480
9597
9469
9481
9598
9470
9482
9599
12480
12481
12484
12485
12498
12500
12502
12515
12518
12519
12161
12487
12497
12498
12500
12172
12504
12508
12509
12511
9473
9485
9602
12508
12510
12512
12514
12538
12541
12542
9474
9486
9603
9475
9487
9604
9476
9488
9605
9477
9489
9606
9478
9490
9607
9479
9491
9608
9480
9492
9609
9481
9493
9610
9482
9494
9611
12516
12518
12520
12179
12515
12516
12518
12185
12498
12515
12522
12523
12524
12195
12509
12527
12531
12532
12534
12531
12538
12539
12541
9487
9499
9616
12538
12540
12542
12544
9488
9500
9617
9489
9501
9618
9490
9502
9619
9491
9503
9620
9492
9504
9621
9493
9505
9622
9494
9506
9623
12567
12570
12571
9495
9507
9624
12546
12548
12550
12574
12577
12578
12202
12516
12545
12546
12548
12206
12523
12545
12552
15148
12210
12532
12553
12554
12556
15151
12217
12539
12553
12560
12561
12563
9500
9510
9629
12560
12562
12564
12566
12593
12596
12597
9501
9511
9630
12600
12603
12604
9502
9512
9631
12607
12610
12611
9503
9513
9632
12614
12617
12618
9504
9514
9633
12621
12624
12625
9505
9515
9634
12628
12631
12632
9506
9516
9635
12568
12570
12572
12635
12638
12639
12224
12567
12568
12570
12231
12567
12574
12575
12577
12236
12546
12574
12581
12582
15154
12243
12561
12584
12586
12587
12589
12250
12586
12593
12594
12596
12257
12593
12600
12601
12603
12264
12600
12607
12608
12610
12271
12607
12614
12615
12617
12278
12614
12621
12622
12624
12285
12621
12628
12629
12631
12292
12628
12635
12636
12638
12297
12568
12635
12642
12643
15157
12299
12575
12642
12645
15160
12301
12594
12646
12647
15163
12304
12601
12646
12649
12650
15166
12307
12608
12649
12652
12653
15169
12310
12615
12652
12655
12656
15172
12313
12622
12655
12658
12659
15175
12315
12629
12658
12661
15178
12333
12676
12677
12679
15181
12340
12662
12676
12683
12684
12686
9528
9534
9657
12666
12667
12668
12669
12683
12685
12687
12689
9529
9535
9658
12670
12671
12672
12673
9530
9536
9659
12690
12692
12693
15184
12346
12690
12692
15187
12356
12699
12700
12702
15190
12363
12677
12699
12706
12707
12709
12370
12684
12706
12713
12714
12716
9535
9543
9664
12713
12715
12717
12719
9536
9544
9665
9537
9545
9666
12721
12723
12725
12377
12690
12720
12721
12723
12384
12695
12720
12727
12728
12730
12390
12727
12734
12736
15193
12404
12700
12741
12747
12748
12750
9542
9552
9671
12707
12708
12711
12712
12747
12749
12751
12753
9543
9553
9672
12714
12715
12718
12719
9544
9554
9673
9545
9555
9674
9546
9556
9675
9547
9557
9676
12721
12722
12725
12726
9548
9558
9677
12728
12729
12732
12733
12755
12757
12759
12411
12734
12754
12755
12757
12418
12739
12754
12761
12762
12764
12429
12742
12772
12773
12775
15196
12436
12748
12772
12779
12780
12782
9553
9564
9682
12779
12781
12783
12785
9554
9565
9683
9555
9566
9684
9556
9567
9685
9557
9568
9686
9558
9569
9687
9559
9570
9688
9560
9571
9689
12755
12756
12759
12760
9561
9572
9690
12762
12763
12766
12767
12787
12789
12791
12443
12768
12786
12787
12789
12454
12773
12793
12797
12798
12800
9564
9576
9693
12780
12781
12784
12785
12797
12799
12801
12803
9565
9577
9694
9566
9578
9695
9567
9579
9696
9568
9580
9697
9569
9581
9698
9570
9582
9699
9571
9583
9700
9572
9584
9701
9573
9585
9702
12805
12807
12809
12461
12787
12804
12805
12807
12466
12804
12811
12812
15199
12475
12798
12814
12818
12819
12821
9577
9589
9706
12818
12820
12822
12824
9578
9590
9707
9579
9591
9708
9580
9592
9709
9581
9593
9710
9582
9594
9711
9583
9595
9712
9584
9596
9713
9585
9597
9714
9586
9598
9715
12826
12828
12830
12482
12805
12825
12826
12828
12489
12811
12825
12832
12833
12835
9589
9601
9719
12819
12820
12823
12824
12839
12840
12841
12842
12854
12857
12858
9590
9602
9720
9591
9603
9721
9592
9604
9722
9593
9605
9723
9594
9606
9724
9595
9607
9725
9596
9608
9726
9597
9609
9727
9598
9610
9728
9599
9611
9729
9600
9612
9730
12826
12827
12830
12831
12844
12846
12848
12861
12864
12865
12500
12833
12843
12844
12846
12511
12850
12854
12855
12857
9603
9615
9733
12854
12856
12858
12860
12884
12887
12888
9604
9616
9734
9605
9617
9735
9606
9618
9736
9607
9619
9737
9608
9620
9738
9609
9621
9739
9610
9622
9740
9611
9623
9741
9612
9624
9742
12862
12864
12866
12518
12861
12862
12864
12524
12844
12861
12868
12869
12870
12534
12855
12873
12877
12878
12880
12541
12877
12884
12885
12887
9617
9629
9747
12884
12886
12888
12890
9618
9630
9748
9619
9631
9749
9620
9632
9750
9621
9633
9751
9622
9634
9752
9623
9635
9753
9624
9636
9754
12914
12917
12918
9625
9637
9755
12892
12894
12896
12921
12924
12925
12548
12862
12891
12892
12894
12552
12869
12891
12898
14789
12556
12878
12900
12901
12903
15202
12563
12885
12900
12907
12908
12910
9630
9640
9760
12907
12909
12911
12913
12940
12943
12944
9631
9641
9761
12947
12950
12951
9632
9642
9762
12954
12957
12958
9633
9643
9763
12961
12964
12965
9634
9644
9764
12968
12971
12972
9635
9645
9765
12975
12978
12979
9636
9646
9766
12915
12917
12919
12982
12985
12986
12570
12914
12915
12917
12577
12914
12921
12922
12924
12582
12892
12921
12928
12929
15205
12589
12908
12931
12933
12934
12936
12596
12933
12940
12941
12943
12603
12940
12947
12948
12950
12610
12947
12954
12955
12957
12617
12954
12961
12962
12964
12624
12961
12968
12969
12971
12631
12968
12975
12976
12978
12638
12975
12982
12983
12985
12643
12915
12982
12989
12990
15207
12645
12922
12989
12992
15210
12647
12941
12993
12994
15213
12650
12948
12993
12996
12997
15216
12653
12955
12996
12999
13000
15219
12656
12962
12999
13002
13003
15222
12659
12969
13002
13005
13006
15225
12661
12976
13005
13008
15228
12679
13023
13024
13026
15231
12686
13009
13023
13030
13031
13033
9658
9664
9788
13013
13014
13015
13016
13030
13032
13034
13036
9659
9665
9789
13017
13018
13019
13020
9660
9666
9790
13037
13039
13040
15234
12692
13037
13039
15237
12702
13046
13047
13049
15240
12709
13024
13046
13053
13054
13056
12716
13031
13053
13060
13061
13063
9665
9673
9795
13060
13062
13064
13066
9666
9674
9796
9667
9675
9797
13068
13070
13072
12723
13037
13067
13068
13070
12730
13042
13067
13074
13075
13077
12736
13074
13081
13083
15243
12750
13047
13088
13094
13095
13097
9672
9682
9802
13054
13055
13058
13059
13094
13096
13098
13100
9673
9683
9803
13061
13062
13065
13066
9674
9684
9804
9675
9685
9805
9676
9686
9806
9677
9687
9807
13068
13069
13072
13073
9678
9688
9808
13075
13076
13079
13080
13102
13104
13106
12757
13081
13101
13102
13104
12764
13086
13101
13108
13109
13111
12775
13089
13119
13120
13122
15246
12782
13095
13119
13126
13127
13129
9683
9694
9813
13126
13128
13130
13132
9684
9695
9814
9685
9696
9815
9686
9697
9816
9687
9698
9817
9688
9699
9818
9689
9700
9819
9690
9701
9820
13102
13103
13106
13107
9691
9702
9821
13109
13110
13113
13114
13134
13136
13138
12789
13115
13133
13134
13136
12800
13120
13140
13144
13145
13147
9694
9706
9824
13127
13128
13131
13132
13144
13146
13148
13150
9695
9707
9825
9696
9708
9826
9697
9709
9827
9698
9710
9828
9699
9711
9829
9700
9712
9830
9701
9713
9831
9702
9714
9832
9703
9715
9833
13152
13154
13156
12807
13134
13151
13152
13154
12812
13151
13158
13159
15249
12821
13145
13161
13165
13166
13168
9707
9720
9837
13165
13167
13169
13171
9708
9721
9838
9709
9722
9839
9710
9723
9840
9711
9724
9841
9712
9725
9842
9713
9726
9843
9714
9727
9844
9715
9728
9845
9716
9729
9846
13173
13175
13177
12828
13152
13172
13173
13175
12835
13158
13172
13179
13180
13182
13186
13187
13189
14790
9720
9732
9850
13166
13167
13170
13171
13186
13188
13190
13192
13204
13207
13208
9721
9733
9851
9722
9734
9852
9723
9735
9853
9724
9736
9854
9725
9737
9855
9726
9738
9856
9727
9739
9857
9728
9740
9858
9729
9741
9859
9730
9742
9860
9731
9743
9861
13173
13174
13177
13178
13194
13196
13198
13211
13214
13215
12846
13180
13193
13194
13196
12857
13200
13204
13205
13207
9734
9746
9864
13204
13206
13208
13210
13234
13237
13238
9735
9747
9865
9736
9748
9866
9737
9749
9867
9738
9750
9868
9739
9751
9869
9740
9752
9870
9741
9753
9871
9742
9754
9872
9743
9755
9873
13212
13214
13216
12864
13211
13212
13214
12870
13194
13211
13218
13219
13220
12880
13205
13223
13227
13228
13230
12887
13227
13234
13235
13237
9748
9760
9878
13234
13236
13238
13240
9749
9761
9879
9750
9762
9880
9751
9763
9881
9752
9764
9882
9753
9765
9883
9754
9766
9884
9755
9767
9885
13265
13268
13269
9756
9768
9886
13242
13244
13246
13272
13275
13276
12894
13212
13241
13242
13244
12898
13219
13241
13248
13249
15252
12903
13228
13251
13252
13254
15253
12910
13235
13251
13258
13259
13261
9761
9771
9891
13258
13260
13262
13264
13291
13294
13295
9762
9772
9892
13298
13301
13302
9763
9773
9893
13305
13308
13309
9764
9774
9894
13312
13315
13316
9765
9775
9895
13319
13322
13323
9766
9776
9896
13326
13329
13330
9767
9777
9897
13266
13268
13270
13333
13336
13337
12917
13265
13266
13268
12924
13265
13272
13273
13275
12929
13242
13272
13279
13280
15256
12936
13259
13282
13284
13285
13287
12943
13284
13291
13292
13294
12950
13291
13298
13299
13301
12957
13298
13305
13306
13308
12964
13305
13312
13313
13315
12971
13312
13319
13320
13322
12978
13319
13326
13327
13329
12985
13326
13333
13334
13336
12990
13266
13333
13340
13341
15258
12992
13273
13340
13343
15261
12994
13292
13344
13345
15264
12997
13299
13344
13347
13348
15267
13000
13306
13347
13350
13351
15270
13003
13313
13350
13353
13354
15273
13006
13320
13353
13356
13357
15276
13008
13327
13356
13359
15279
13026
13374
13375
13377
15282
13033
13360
13374
13381
13382
13384
9789
9795
9919
13364
13365
13366
13367
13381
13383
13385
13387
9790
9796
9920
13368
13369
13370
13371
9791
9797
9921
13388
13390
13391
15285
13039
13388
13390
15288
13049
13397
13398
13400
15291
13056
13375
13397
13404
13405
13407
13063
13382
13404
13411
13412
13414
9796
9804
9926
13411
13413
13415
13417
9797
9805
9927
9798
9806
9928
13419
13421
13423
13070
13388
13418
13419
13421
13077
13393
13418
13425
13426
13428
13083
13425
13432
13434
15294
13097
13398
13439
13445
13446
13448
9803
9813
9933
13405
13406
13409
13410
13445
13447
13449
13451
9804
9814
9934
13412
13413
13416
13417
9805
9815
9935
9806
9816
9936
9807
9817
9937
9808
9818
9938
13419
13420
13423
13424
9809
9819
9939
13426
13427
13430
13431
13453
13455
13457
13104
13432
13452
13453
13455
13111
13437
13452
13459
13460
13462
13122
13440
13470
13471
13473
15297
13129
13446
13470
13477
13478
13480
9814
9825
9944
13477
13479
13481
13483
9815
9826
9945
9816
9827
9946
9817
9828
9947
9818
9829
9948
9819
9830
9949
9820
9831
9950
9821
9832
9951
13453
13454
13457
13458
9822
9833
9952
13460
13461
13464
13465
13485
13487
13489
13832
13833
13834
13136
13466
13484
13485
13487
13147
13471
13491
13495
13496
13498
9825
9837
9955
13478
13479
13482
13483
13495
13497
13499
13501
9826
9838
9956
9827
9839
9957
9828
9840
9958
9829
9841
9959
9830
9842
9960
9831
9843
9961
9832
9844
9962
9833
9845
9963
9834
9846
9964
13503
13505
13507
13154
13485
13502
13503
13505
13159
13502
13509
13510
15300
13168
13496
13512
13516
13517
13519
9838
9851
9968
13516
13518
13520
13522
9839
9852
9969
9840
9853
9970
9841
9854
9971
9842
9855
9972
9843
9856
9973
9844
9857
9974
9845
9858
9975
9846
9859
9976
9847
9860
9977
13524
13526
13528
13175
13503
13523
13524
13526
13182
13509
13523
13530
13531
13533
13189
13537
13538
17927
9851
9863
9980
13517
13518
13521
13522
13537
13539
13540
13541
13553
13556
13557
9852
9864
9981
9853
9865
9982
9854
9866
9983
9855
9867
9984
9856
9868
9985
9857
9869
9986
9858
9870
9987
9859
9871
9988
9860
9872
9989
9861
9873
9990
9862
9874
9991
13524
13525
13528
13529
13543
13545
13547
13560
13563
13564
13196
13531
13542
13543
13545
13207
13549
13553
13554
13556
9865
9877
9994
13553
13555
13557
13559
13583
13586
13587
9866
9878
9995
9867
9879
9996
9868
9880
9997
9869
9881
9998
9870
9882
9999
9871
9883
10000
9872
9884
10001
9873
9885
10002
9874
9886
10003
13561
13563
13565
13214
13560
13561
13563
13220
13543
13560
13567
13568
13569
13230
13554
13572
13576
13577
13579
13237
13576
13583
13584
13586
9879
9891
10008
13583
13585
13587
13589
9880
9892
10009
9881
9893
10010
9882
9894
10011
9883
9895
10012
9884
9896
10013
9885
9897
10014
9886
9898
10015
13613
13616
13617
9887
9899
10016
13591
13593
13595
13620
13623
13624
13244
13561
13590
13591
13593
13249
13568
13590
13597
13598
15303
13254
13577
13599
13600
13602
15306
13261
13584
13599
13606
13607
13609
9892
9902
10021
13606
13608
13610
13612
13639
13642
13643
13964
13965
13966
9893
9903
10022
13646
13649
13650
9894
9904
10023
13653
13656
13657
9895
9905
10024
13660
13663
13664
9896
9906
10025
13667
13670
13671
9897
9907
10026
13674
13677
13678
9898
9908
10027
13614
13616
13618
13681
13684
13685
13268
13613
13614
13616
13275
13613
13620
13621
13623
13280
13591
13620
13627
13628
15309
13287
13607
13630
13632
13633
13635
13294
13632
13639
13640
13642
13301
13639
13646
13647
13649
13308
13646
13653
13654
13656
13315
13653
13660
13661
13663
13322
13660
13667
13668
13670
13329
13667
13674
13675
13677
13336
13674
13681
13682
13684
13341
13614
13681
13688
13689
15312
13343
13621
13688
13691
15315
13345
13640
13692
13693
15318
13348
13647
13692
13695
13696
15321
13351
13654
13695
13698
13699
15324
13354
13661
13698
13701
13702
15327
13357
13668
13701
13704
13705
15330
13359
13675
13704
13707
15333
13377
13722
13723
13725
15336
13384
13708
13722
13729
13730
13732
9920
9926
10049
13712
13713
13714
13715
13729
13731
13733
13735
9921
9927
10050
13716
13717
13718
13719
9922
9928
10051
13736
13738
13739
15339
13390
13736
13738
15342
13400
13745
13746
13748
15345
13407
13723
13745
13752
13753
13755
13414
13730
13752
13759
13760
13762
9927
9935
10056
13759
13761
13763
13765
9928
9936
10057
9929
9937
10058
13767
13769
13771
13421
13736
13766
13767
13769
13428
13741
13766
13773
13774
13776
13434
13773
13780
13782
15348
13448
13746
13787
13793
13794
13796
9934
9944
10063
13753
13754
13757
13758
13793
13795
13797
13799
9935
9945
10064
13760
13761
13764
13765
9936
9946
10065
9937
9947
10066
9938
9948
10067
9939
9949
10068
13767
13768
13771
13772
9940
9950
10069
13774
13775
13778
13779
13801
13803
13805
13455
13780
13800
13801
13803
13462
13785
13800
13807
13808
13810
13473
13788
13818
13819
13821
15351
13480
13794
13818
13825
13826
13828
9945
9956
10074
13825
13827
13829
13831
9946
9957
10075
9947
9958
10076
9948
9959
10077
9949
9960
10078
9950
9961
10079
9951
9962
10080
9952
9963
10081
13801
13802
13805
13806
13833
13835
13837
13808
13832
13833
13835
13487
13814
13832
13839
13840
13842
13498
13819
13846
13850
13851
13853
9956
9968
10085
13826
13827
13830
13831
13850
13852
13854
13856
9957
9969
10086
9958
9970
10087
9959
9971
10088
9960
9972
10089
9961
9973
10090
9962
9974
10091
9963
9975
10092
9964
9976
10093
9965
9977
10094
13833
13834
13837
13838
13858
13860
13862
14213
14214
14215
13505
13840
13857
13858
13860
13510
13857
13864
13865
15354
13519
13851
13867
13871
13872
13874
9969
9981
10098
13871
13873
13875
13877
9970
9982
10099
9971
9983
10100
9972
9984
10101
9973
9985
10102
9974
9986
10103
9975
9987
10104
9976
9988
10105
9977
9989
10106
9978
9990
10107
13879
13881
13883
13526
13858
13878
13879
13881
13533
13864
13878
13885
13887
15357
9981
9993
10110
13872
13873
13876
13877
13890
13891
13892
13893
13905
13908
13909
9982
9994
10111
9983
9995
10112
9984
9996
10113
9985
9997
10114
9986
9998
10115
9987
9999
10116
9988
10000
10117
9989
10001
10118
9990
10002
10119
9991
10003
10120
9992
10004
10121
13879
13880
13883
13884
13895
13897
13899
13912
13915
13916
14257
14258
14259
13545
13885
13894
13895
13897
13556
13901
13905
13906
13908
9995
10007
10124
13905
13907
13909
13911
13935
13938
13939
9996
10008
10125
9997
10009
10126
9998
10010
10127
9999
10011
10128
10000
10012
10129
10001
10013
10130
10002
10014
10131
10003
10015
10132
10004
10016
10133
13913
13915
13917
13563
13912
13913
13915
13569
13895
13912
13919
13920
13921
13579
13906
13924
13928
13929
13931
13586
13928
13935
13936
13938
10009
10021
10138
13935
13937
13939
13941
13964
13967
13968
10010
10022
10139
10011
10023
10140
10012
10024
10141
10013
10025
10142
10014
10026
10143
10015
10027
10144
10016
10028
10145
13971
13974
13975
10017
10029
10146
13943
13945
13947
13978
13981
13982
14305
14306
14307
13593
13913
13942
13943
13945
13598
13920
13942
13949
15360
13602
13929
13950
13951
13953
15362
13609
13936
13950
13957
13958
13960
13957
13964
13965
13967
10023
10033
10152
13964
13966
13968
13970
14004
14007
14008
10024
10034
10153
14011
14014
14015
10025
10035
10154
14018
14021
14022
10026
10036
10155
14025
14028
14029
10027
10037
10156
14032
14035
14036
10028
10038
10157
13972
13974
13976
14039
14042
14043
13616
13971
13972
13974
13623
13971
13978
13979
13981
13628
13943
13978
13985
13986
15365
13635
13958
13988
13990
13991
13993
13642
13965
13990
13997
13998
14000
13649
13997
14004
14005
14007
13656
14004
14011
14012
14014
13663
14011
14018
14019
14021
13670
14018
14025
14026
14028
13677
14025
14032
14033
14035
13684
14032
14039
14040
14042
13689
13972
14039
14046
14047
15366
13691
13979
14046
14049
15368
13693
13998
14050
14051
15369
13696
14005
14050
14053
14054
15372
13699
14012
14053
14056
14057
15375
13702
14019
14056
14059
14060
15378
13705
14026
14059
14062
14063
15381
13707
14033
14062
14065
15384
13725
14078
14079
14081
15387
13732
14066
14078
14085
14086
14088
10050
10056
10177
14069
14070
14071
14072
14085
14087
14089
14091
10051
10057
10178
14073
14074
14075
15390
10052
10058
10179
14092
14094
14095
15393
13738
14092
14094
15396
13748
14101
14102
14104
15399
13755
14079
14101
14108
14109
14111
13762
14086
14108
14115
14116
14118
10057
10065
10184
14115
14117
14119
14121
10058
10066
10185
10059
10067
10186
14123
14125
14127
13769
14092
14122
14123
14125
13776
14097
14122
14129
14130
14132
13782
14129
14136
14138
15402
13796
14102
14143
14149
14150
14152
10064
10074
10191
14109
14110
14113
14114
14149
14151
14153
14155
10065
10075
10192
14116
14117
14120
14121
10066
10076
10193
10067
10077
10194
10068
10078
10195
10069
10079
10196
14123
14124
14127
14128
10070
10080
10197
14130
14131
14134
14135
14157
14159
14161
13803
14136
14156
14157
14159
13810
14141
14156
14163
14164
14166
13821
14144
14174
14175
14177
15405
13828
14150
14174
14181
14182
14184
10075
10086
10202
14181
14183
14185
14187
10076
10087
10203
10077
10088
10204
10078
10089
10205
10079
10090
10206
10080
10091
10207
10081
10092
10208
10082
10093
10209
14157
14158
14161
14162
14189
14191
14193
13835
14164
14188
14189
14191
13842
14170
14188
14195
14196
14198
13853
14175
14202
14206
14207
14209
10086
10098
10213
14182
14183
14186
14187
14206
14208
14210
14212
10087
10099
10214
10088
10100
10215
10089
10101
10216
10090
10102
10217
10091
10103
10218
10092
10104
10219
10093
10105
10220
10094
10106
10221
14214
14216
14218
14189
14213
14214
14216
13860
14196
14213
14220
14221
14223
13865
14220
14227
14228
15408
13874
14207
14230
14234
14235
14237
10099
10111
10226
14234
14236
14238
14240
10100
10112
10227
10101
10113
10228
10102
10114
10229
10103
10115
10230
10104
10116
10231
10105
10117
10232
10106
10118
10233
10107
10119
10234
10108
10120
10235
14214
14215
14218
14219
14242
14244
14246
13881
14221
14241
14242
14244
13887
14227
14241
14248
14250
15411
10111
10123
10238
14235
14236
14239
14240
14253
14254
14255
14256
14275
14278
14279
10112
10124
10239
10113
10125
10240
10114
10126
10241
10115
10127
10242
10116
10128
10243
10117
10129
10244
10118
10130
10245
10119
10131
10246
10120
10132
10247
10121
10133
10248
14258
14260
14262
14242
14257
14258
14260
13897
14248
14257
14264
14265
14267
13908
14271
14275
14276
14278
10125
10137
10252
14275
14277
14279
14281
10126
10138
10253
10127
10139
10254
10128
10140
10255
10129
10141
10256
10130
10142
10257
10131
10143
10258
10132
10144
10259
10133
10145
10260
10134
10146
10261
14283
14285
14287
14305
14308
14309
13915
14258
14282
14283
14285
13921
14265
14282
14289
14290
14291
13931
14276
14294
14298
14299
14301
10138
10150
10265
13938
13939
13940
13941
14298
14300
14302
14304
14327
14330
14331
10139
10151
10266
14334
14337
14338
10140
10152
10267
10141
10153
10268
10142
10154
10269
10143
10155
10270
10144
10156
10271
10145
10157
10272
10146
10158
10273
14306
14308
14310
14341
14344
14345
14305
14306
14308
13945
14283
14305
14312
14313
14315
13949
14290
14312
14319
15414
13953
14299
14320
14321
14323
15416
13960
14320
14327
14328
14330
13967
14327
14334
14335
14337
10153
10163
10280
14334
14336
14338
14340
14372
14375
14376
10154
10164
10281
14379
14382
14383
10155
10165
10282
14386
14389
14390
10156
10166
10283
14393
14396
14397
10157
10167
10284
14400
14403
14404
10158
10168
10285
14342
14344
14346
14407
14410
14411
13974
14341
14342
14344
13981
14306
14341
14348
14349
14351
13986
14313
14348
14355
15419
13993
14328
14356
14358
14359
14361
14000
14335
14358
14365
14366
14368
14007
14365
14372
14373
14375
14014
14372
14379
14380
14382
14021
14379
14386
14387
14389
14028
14386
14393
14394
14396
14035
14393
14400
14401
14403
14042
14400
14407
14408
14410
14047
14342
14407
14414
14415
15420
14051
14366
14417
14418
15422
14054
14373
14417
14420
14421
15425
14057
14380
14420
14423
14424
15428
14060
14387
14423
14426
14427
15431
14063
14394
14426
14429
14430
15434
14065
14401
14429
14432
15437
14088
14443
14449
14450
14452
15440
10178
10184
14435
14436
14437
14438
14449
14451
14453
14455
10179
10185
14439
14440
15443
10180
10186
14456
14458
14459
15446
14094
14456
14458
15449
14104
14465
14466
14468
15452
14111
14444
14465
14472
14473
14475
14118
14450
14472
14479
14480
14482
10185
10193
14479
14481
14483
14485
10186
10194
10187
10195
14487
14489
14491
14125
14456
14486
14487
14489
14132
14461
14486
14493
14494
14496
14138
14493
14500
14502
15455
14152
14466
14507
14513
14514
14516
10192
10202
14473
14474
14477
14478
14513
14515
14517
14519
10193
10203
14480
14481
14484
14485
10194
10204
10195
10205
10196
10206
10197
10207
14487
14488
14491
14492
10198
10208
14494
14495
14498
14499
14521
14523
14525
14159
14500
14520
14521
14523
14166
14505
14520
14527
14528
14530
14177
14508
14538
14539
14541
15458
14184
14514
14538
14545
14546
14548
10203
10214
14545
14547
14549
14551
10204
10215
10205
10216
10206
10217
10207
10218
10208
10219
10209
10220
10210
10221
14521
14522
14525
14526
14553
14555
14557
14191
14528
14552
14553
14555
14198
14534
14552
14559
14560
14562
14209
14539
14566
14570
14571
14573
10214
10226
14546
14547
14550
14551
14570
14572
14574
14576
10215
10227
10216
10228
10217
10229
10218
10230
10219
10231
10220
10232
10221
10233
10222
10234
14578
14580
14582
14216
14553
14577
14578
14580
14223
14560
14577
14584
14585
14587
14228
14584
14591
14592
15461
14237
14571
14594
14598
14599
14601
10227
10239
14598
14600
14602
14604
10228
10240
10229
10241
10230
10242
10231
10243
10232
10244
10233
10245
10234
10246
10235
10247
10236
10248
14578
14579
14582
14583
14606
14608
14610
14244
14585
14605
14606
14608
14250
14591
14605
14612
14614
15464
10239
10251
14599
14600
14603
14604
14617
14618
14619
14620
14639
14642
14643
10240
10252
10241
10253
10242
10254
10243
10255
10244
10256
10245
10257
10246
10258
10247
10259
10248
10260
10249
10261
14622
14624
14626
14260
14606
14621
14622
14624
14267
14612
14621
14628
14629
14631
14278
14635
14639
14640
14642
10253
10265
14639
14641
14643
14645
10254
10266
10255
10267
10256
10268
10257
10269
10258
10270
10259
10271
10260
10272
10261
10273
10262
10274
14647
14649
14651
14285
14622
14646
14647
14649
14291
14629
14646
14653
14654
14655
14301
14640
14658
14662
14663
14665
10266
10278
14662
14664
14666
14668
14684
14687
14688
10267
10279
14691
14694
14695
10268
10280
10269
10281
10270
10282
10271
10283
10272
10284
10273
10285
10274
10286
14698
14701
14702
10275
10287
14308
14309
14310
14311
14670
14672
14674
14705
14708
14709
14315
14647
14669
14670
14672
14319
14654
14669
14676
15467
14323
14663
14677
14678
14680
15470
14330
14677
14684
14685
14687
14337
14684
14691
14692
14694
10281
10291
14691
14693
14695
14697
14729
14732
14733
10282
10292
14736
14739
14740
10283
10293
14743
14746
14747
10284
10294
14750
14753
14754
10285
10295
14757
14760
14761
10286
10296
14699
14701
14703
14764
14767
14768
14344
14698
14699
14701
14351
14698
14705
14706
14708
14355
14670
14705
14712
15473
14361
14685
14713
14715
14716
14718
14368
14692
14715
14722
14723
14725
14375
14722
14729
14730
14732
14382
14729
14736
14737
14739
14389
14736
14743
14744
14746
14396
14743
14750
14751
14753
14403
14750
14757
14758
14760
14410
14757
14764
14765
14767
14415
14699
14764
14771
14772
15476
14418
14723
14774
14775
15479
14421
14730
14774
14777
14778
15482
14424
14737
14777
14780
14781
15485
14427
14744
14780
14783
14784
15488
14430
14751
14783
14786
14787
15491
10304
10305
17280
10306
10307
10320
18172
10306
10323
10419
18166
10309
10324
10420
18175
10308
10309
17283
10310
18178
10310
10423
18181
10424
18184
10312
10314
10329
18187
10318
10333
10431
18190
10315
10317
18160
10315
10318
10319
10321
10336
10317
10318
18163
10319
10323
10433
18169
10319
10339
10434
10325
10340
10435
10322
10324
10322
10325
10326
10343
10324
10325
10326
10440
10326
10346
10441
10347
10442
10328
10330
10350
18193
10334
10353
10454
18196
10331
10333
10331
10334
10335
10337
10356
10333
10334
18199
10335
10339
10456
10335
10359
10457
10341
10360
10458
10338
10340
10338
10341
10342
10344
10340
10341
10342
10346
10463
10342
10464
10348
10465
10345
10347
10345
10348
10349
10347
10348
10349
10470
10349
10471
10472
10352
10353
17286
10352
10354
18202
10355
10357
10365
10355
10359
10498
18208
10355
10368
10499
18205
10361
10369
10500
10358
10360
10358
10361
10362
10372
10360
10361
10362
10504
10362
10375
10505
10376
10506
10364
10366
10379
18211
10370
10381
10527
18214
10367
10369
10367
10370
10371
10373
10383
10369
10370
18217
10371
10375
10529
10371
10386
10530
10377
10387
10531
10374
10376
10374
10377
10378
10376
10377
10378
10536
10378
10537
10538
10380
10381
17289
10382
10384
10390
18220
10382
10386
10550
18223
10388
10392
10551
18226
10385
10387
10385
10388
10389
10394
10387
10388
10389
10554
10389
10397
10555
10398
10556
10391
10392
17292
10393
10395
10401
18229
10393
10397
10571
18232
10399
10405
10572
18235
10396
10398
10396
10399
10400
10398
10399
10400
10575
10400
10576
10577
10403
10405
10403
10406
17295
10407
10408
10405
10406
17298
10407
10582
10407
10583
17301
10410
10584
10409
10410
17304
10411
10413
18238
10411
10415
10589
18241
10417
10590
18244
10414
10416
10414
10417
10418
10416
10417
10418
10594
10418
10595
10596
10420
10421
17307
10422
10423
10440
18256
10422
10443
10651
18250
10425
10444
10652
18259
10424
10425
17310
10426
10427
18262
10426
10655
18265
10429
10656
18268
10428
10429
17313
10430
15494
10430
10659
18271
10660
15497
10432
10434
10456
18274
10438
10460
10663
18277
10435
10437
18247
10435
10438
10439
10441
10463
10437
10438
18280
10439
10443
10665
18253
10439
10466
10666
10445
10467
10667
10442
10444
10442
10445
10446
10470
10444
10445
10446
10672
10446
10473
10673
10474
10674
10448
10450
10451
10452
10477
18286
10450
15500
10451
10480
10679
10453
10481
10680
18289
10453
17316
10487
10684
15503
10455
10457
10498
18301
10461
10501
10686
18304
10458
10460
10458
10461
10462
10464
10504
10460
10461
18283
10462
10466
10688
10462
10507
10689
10468
10508
10690
10465
10467
10465
10468
10469
10471
10467
10468
10469
10473
10695
10469
10696
10475
10697
10472
10474
10472
10475
10476
10474
10475
10476
10702
10476
10703
10704
10479
10481
10479
10482
10483
10485
10481
10482
10483
10487
10709
10483
10710
10489
10711
10486
10488
18292
10486
10489
10490
10491
10488
10489
10490
10493
10716
18295
10490
10717
10494
10718
10492
10494
10495
10496
10511
18307
10494
18298
10495
10514
10723
10497
10515
10724
18310
10497
17319
10521
10728
18316
10500
10501
17322
10500
10502
17325
10503
10505
10529
10503
10507
10730
18322
10503
10532
10731
18319
10509
10533
10732
10506
10508
10506
10509
10510
10536
10508
10509
10510
10736
10510
10539
10737
10540
10738
10513
10515
10513
10516
10517
10519
10515
10516
10517
10521
10743
10517
10744
10523
10745
10520
10522
18313
10520
10523
10524
10525
10522
10523
10524
10750
15506
10524
10751
10526
10752
10526
15509
10546
10757
18328
10528
10530
10550
18334
10534
10552
10759
18337
10531
10533
10531
10534
10535
10537
10554
10533
10534
18340
10535
10539
10761
10535
10557
10762
10541
10558
10763
10538
10540
10538
10541
10542
10540
10541
10542
10768
10542
10769
10770
10545
10547
18325
10545
10548
10549
10561
15512
10547
10548
10549
10775
18331
10549
10564
10776
10565
10777
15515
10551
10552
17328
10553
10555
10571
18346
10553
10557
10782
18349
10559
10573
10783
18352
10556
10558
10556
10559
10560
10575
10558
10559
10560
10786
10560
10578
10787
10579
10788
10563
10565
10563
10566
10567
10568
10565
10566
10567
10569
10793
10567
10794
10570
10795
10570
15518
10570
18343
10800
15521
10572
10573
17331
10574
10576
10582
18355
10574
10578
10803
18358
10580
10586
10804
18361
10577
10579
10577
10580
10581
10579
10580
10581
10807
10581
10808
10809
10584
10586
10584
10587
17337
10588
10589
10586
10587
17340
10588
10828
10588
10591
10829
17343
10592
10830
10590
10592
10593
10595
10601
18367
10592
18364
10593
10597
10842
10599
10603
10843
18370
10596
10598
10596
10599
10600
10605
10598
10599
10600
10846
10600
10608
10847
10609
10848
10602
10603
17346
10604
10606
15524
10604
10608
10865
18373
10610
10866
15527
10607
10609
10607
10610
10611
10612
10609
10610
10611
10869
10611
10615
10870
10616
10871
10614
10616
10614
10617
18376
10618
10619
10616
10617
18379
10618
10886
10618
10887
18382
10620
10888
10620
15530
10912
18385
10623
10625
10623
10626
10627
10629
10642
10625
10626
10627
10631
10914
10627
10643
10915
10633
10644
10916
10630
10632
10630
10633
10634
10636
10645
10632
10633
10634
10638
10921
10634
10646
10922
10640
10647
10923
10637
10639
10637
10640
10641
10648
10639
10640
10641
10928
10641
10649
10929
10650
10930
10644
15533
10644
15536
10646
10967
15539
10647
15542
10647
15545
10649
10970
15548
10650
15551
10650
15554
10973
15557
10652
10653
17349
10654
10655
10672
18394
10654
10675
10983
18397
10657
10676
10984
18400
10656
10657
17352
10658
10659
18403
10658
10987
18406
10661
10988
18409
10660
10661
17355
10662
15560
10662
10991
18412
10992
18415
10664
10666
10688
18421
10670
10692
10995
18424
10667
10669
18388
10667
10670
10671
10673
10695
10669
10670
18427
10671
10675
10997
18391
10671
10698
10998
10677
10699
10999
10674
10676
10674
10677
10678
10702
10676
10677
10678
11004
10678
10705
11005
10706
11006
10680
10682
10683
10684
10709
18430
10682
18418
10683
10712
11011
10685
10713
11012
18433
10685
17358
10719
11016
18439
10687
10689
10730
18448
10693
10733
11018
18451
10690
10692
10690
10693
10694
10696
10736
10692
10693
18454
10694
10698
11020
10694
10739
11021
10700
10740
11022
10697
10699
10697
10700
10701
10703
10699
10700
10701
10705
11027
10701
11028
10707
11029
10704
10706
10704
10707
10708
10706
10707
10708
11034
10708
11035
11036
10711
10713
10711
10714
10715
10717
10713
10714
10715
10719
11041
10715
11042
10721
11043
10718
10720
18436
10718
10721
10722
10723
10720
10721
10722
10725
11048
18442
10722
11049
10726
11050
10724
10726
10727
10728
10743
18457
10726
18445
10727
10746
11055
10729
10747
11056
18460
10729
17361
10753
11060
18466
10732
10733
17364
10732
10734
18469
10735
10737
10761
10735
10739
11062
18475
10735
10764
11063
18472
10741
10765
11064
10738
10740
10738
10741
10742
10768
10740
10741
10742
11068
10742
10771
11069
10772
11070
10745
10747
10745
10748
10749
10751
10747
10748
10749
10753
11075
10749
11076
10755
11077
10752
10754
18463
10752
10755
10756
10757
10754
10755
10756
11082
15563
10756
11083
10758
11084
10758
17367
10778
11089
15566
10760
10762
10782
18478
10766
10784
11091
18481
10763
10765
10763
10766
10767
10769
10786
10765
10766
18484
10767
10771
11093
10767
10789
11094
10773
10790
11095
10770
10772
10770
10773
10774
10772
10773
10774
11100
10774
11101
11102
10777
10779
17370
10777
10780
10781
10793
15569
10779
10780
10781
11107
15572
10781
10796
11108
10797
11109
15575
10783
10784
17373
10785
10787
10803
18490
10785
10789
11114
18493
10791
10805
11115
18496
10788
10790
10788
10791
10792
10807
10790
10791
10792
11118
10792
10810
11119
10811
11120
10795
10797
10795
10798
10799
10800
10814
10797
10798
10799
10801
11125
10799
10817
11126
10802
10818
11127
10802
15578
10802
18487
10824
11132
15581
10804
10805
17376
10806
10808
10828
18505
10806
10810
11135
18508
10812
10832
11136
18511
10809
10811
10809
10812
10813
10811
10812
10813
11139
10813
11140
11141
10816
10818
10816
10819
10820
10822
10818
10819
10820
10824
11146
10820
11147
10826
11148
10823
10825
18499
10823
10826
10827
10835
15584
10825
10826
10827
11153
18502
10827
10838
11154
10839
11155
15587
10830
10832
10830
10833
17382
10834
10842
10832
10833
18514
10834
11160
10834
11161
17385
10844
11162
10837
10839
17388
10837
10840
10841
10860
17391
10839
10840
10841
11167
17394
10841
10862
11168
10863
11169
17397
10843
10844
10845
10847
10865
18517
10845
10849
11174
18520
10851
10867
11175
18523
10848
10850
10848
10851
10852
10869
10850
10851
10852
11178
10852
10872
11179
10873
11180
10855
10857
10855
10858
10859
10861
10876
10857
10858
10859
10862
11185
10859
10879
11186
10864
10880
11187
10863
17400
10864
15590
10863
10864
11192
15593
10884
11193
15596
10866
10867
17403
10868
10870
18526
10868
10872
11197
18529
10874
11198
18532
10871
10873
10871
10874
10875
10886
10873
10874
10875
11201
10875
10889
11202
10890
11203
10878
10880
10878
10881
10882
10883
10907
10880
10881
10882
10884
11208
10882
10909
11209
10885
10910
11210
10885
15599
10885
15602
11215
15605
10888
10890
10888
10891
17409
10892
10912
10890
10891
18535
10892
11218
10892
11219
15608
10913
11220
10895
10897
10895
10898
10899
10901
10963
10897
10898
10899
10903
11225
10899
10964
11226
10905
10965
11227
10902
10904
10902
10905
10906
10908
15611
10904
10905
10906
10909
11232
10906
10966
11233
10911
11234
15614
10910
17406
10911
17412
10910
10911
11239
15617
11240
15620
10913
15623
11244
15626
10916
10918
10916
10919
10920
10922
10967
10918
10919
10920
10924
11246
10920
10968
11247
10926
10969
11248
10923
10925
10923
10926
10927
10929
10970
10925
10926
10927
10931
11253
10927
10971
11254
10933
10972
11255
10930
10932
10930
10933
10934
10936
10973
10932
10933
10934
10938
11260
10934
10974
11261
10940
10975
11262
10937
10939
10937
10940
10941
10943
10976
10939
10940
10941
10945
11267
10941
10977
11268
10947
10978
11269
10944
10946
10944
10947
10948
10950
10979
10946
10947
10948
10952
11274
10948
10980
11275
10954
10981
11276
10951
10953
10951
10954
10955
10957
15629
10953
10954
10955
10959
11281
10955
10982
11282
10961
11283
15632
10958
10960
10958
10961
17415
10962
17418
10960
10961
10962
10964
11288
10962
11289
17421
11290
15635
10965
15638
10965
15641
10966
11295
15644
15647
10969
15650
10969
18538
10971
11299
15653
10972
15656
10972
15659
10974
11302
15662
10975
15665
10975
15668
10977
11305
15671
10978
15674
10978
15677
10980
11308
15680
10981
15683
10981
15686
10982
11311
15689
15692
10984
10985
17424
10986
10987
11004
18550
10986
11007
11315
18544
10989
11008
11316
18553
10988
10989
17427
10990
10991
18556
10990
11319
18559
10993
11320
18562
10992
10993
17430
10994
18565
10994
11323
18568
11324
18571
10996
10998
11020
18577
11002
11024
11327
18580
10999
11001
18541
10999
11002
11003
11005
11027
11001
11002
18583
11003
11007
11329
18547
11003
11030
11330
11009
11031
11331
11006
11008
11006
11009
11010
11034
11008
11009
11010
11336
11010
11037
11337
11038
11338
11012
11014
11015
11016
11041
18589
11014
18574
11015
11044
11343
11017
11045
11344
18592
11017
15695
11051
11348
18598
11019
11021
11062
18604
11025
11065
11350
18607
11022
11024
11022
11025
11026
11028
11068
11024
11025
18586
11026
11030
11352
11026
11071
11353
11032
11072
11354
11029
11031
11029
11032
11033
11035
11031
11032
11033
11037
11359
11033
11360
11039
11361
11036
11038
11036
11039
11040
11038
11039
11040
11366
11040
11367
11368
11043
11045
11043
11046
11047
11049
11045
11046
11047
11051
11373
11047
11374
11053
11375
11050
11052
18595
11050
11053
11054
11055
11052
11053
11054
11057
11380
18601
11054
11381
11058
11382
11056
11058
11059
11060
11075
18610
11058
15698
11059
11078
11387
11061
11079
11388
18613
11061
15701
11085
11392
18619
11064
11065
17433
11064
11066
18625
11067
11069
11093
11067
11071
11394
18628
11067
11096
11395
18631
11073
11097
11396
11070
11072
11070
11073
11074
11100
11072
11073
11074
11400
11074
11103
11401
11104
11402
11077
11079
11077
11080
11081
11083
11079
11080
11081
11085
11407
11081
11408
11087
11409
11084
11086
18616
11084
11087
11088
11089
11086
11087
11088
11414
18622
11088
11415
11090
11416
11090
17436
11110
11421
18634
11092
11094
11114
18637
11098
11116
11423
18643
11095
11097
11095
11098
11099
11101
11118
11097
11098
18640
11099
11103
11425
11099
11121
11426
11105
11122
11427
11102
11104
11102
11105
11106
11104
11105
11106
11432
11106
11433
11434
11109
11111
17439
11109
11112
11113
11125
15704
11111
11112
11113
11439
15707
11113
11128
11440
11129
11441
15710
11115
11116
17442
11117
11119
11135
18649
11117
11121
11446
18652
11123
11137
11447
18655
11120
11122
11120
11123
11124
11139
11122
11123
11124
11450
11124
11142
11451
11143
11452
11127
11129
11127
11130
11131
11132
11146
11129
11130
11131
11133
11457
11131
11149
11458
11134
11150
11459
11134
15713
11134
18646
11156
11464
15716
11136
11137
17445
11138
11140
11160
18661
11138
11142
11467
18664
11144
11164
11468
18667
11141
11143
11141
11144
11145
11143
11144
11145
11471
11145
11472
11473
11148
11150
11148
11151
11152
11154
11150
11151
11152
11156
11478
11152
11479
11158
11480
11155
11157
17448
11155
11158
11159
11167
15719
11157
11158
11159
11485
18658
11159
11170
11486
11171
11487
15722
11162
11164
11162
11165
17469
11166
11174
11164
11165
18670
11166
11492
11166
11493
17454
11176
11494
11169
11171
17457
11169
11172
11173
11192
17460
11171
11172
11173
11499
17463
11173
11194
11500
11195
11501
17466
11175
11176
17472
11177
11179
11197
18673
11177
11181
11506
18676
11183
11199
11507
18679
11180
11182
11180
11183
11184
11201
11182
11183
11184
11510
11184
11204
11511
11205
11512
11187
11189
11187
11190
11191
11193
11208
11189
11190
11191
11194
11517
11191
11211
11518
11196
11212
11519
11195
15725
11196
15728
11195
11196
11524
15731
11216
11525
15734
11198
11199
17475
11200
11202
18682
11200
11204
11529
18685
11206
11530
15737
11203
11205
11203
11206
11207
11218
11205
11206
11207
11533
11207
11221
11534
11222
11535
11210
11212
11210
11213
11214
11215
11239
11212
11213
11214
11216
11540
11214
11241
11541
11217
11242
11542
11217
17478
11217
15740
11547
15743
11220
11222
11220
11223
18688
11224
11244
11222
11223
18691
11224
11550
11224
11551
18694
11245
11552
11227
11229
11227
11230
11231
11233
11295
11229
11230
11231
11235
11557
11231
11296
11558
11237
11297
11559
11234
11236
11234
11237
11238
11240
15746
11236
11237
11238
11241
11564
11238
11298
11565
11243
11566
15749
11242
15752
11243
15755
11242
11243
11571
15758
11572
15761
11245
17481
11575
18697
11248
11250
11248
11251
11252
11254
11299
11250
11251
11252
11256
11577
11252
11300
11578
11258
11301
11579
11255
11257
11255
11258
11259
11261
11302
11257
11258
11259
11263
11584
11259
11303
11585
11265
11304
11586
11262
11264
11262
11265
11266
11268
11305
11264
11265
11266
11270
11591
11266
11306
11592
11272
11307
11593
11269
11271
11269
11272
11273
11275
11308
11271
11272
11273
11277
11598
11273
11309
11599
11279
11310
11600
11276
11278
11276
11279
11280
11282
11311
11278
11279
11280
11284
11605
11280
11312
11606
11286
11313
11607
11283
11285
11283
11286
11287
11289
15764
11285
11286
11287
11291
11612
11287
11314
11613
11293
11614
15767
11290
11292
11290
11293
17484
11294
15770
11292
11293
11294
11296
11619
11294
11620
17487
11621
17490
11297
15773
11297
15776
11298
11626
15779
15782
11301
15785
11301
15788
11303
11630
15791
11304
15794
11304
15797
11306
11633
15800
11307
15803
11307
15806
11309
11636
15809
11310
15812
11310
15815
11312
11639
15818
11313
15821
11313
15824
11314
11642
15827
15830
11316
11317
17493
11318
11319
11336
18709
11318
11339
11646
18703
11321
11340
11647
18712
11320
11321
17496
11322
11323
18715
11322
11650
18718
11325
11651
18721
11324
11325
17499
11326
18724
11326
11654
18727
11655
15833
11328
11330
11352
18730
11334
11356
11658
18733
11331
11333
18700
11331
11334
11335
11337
11359
11333
11334
18736
11335
11339
11660
18706
11335
11362
11661
11341
11363
11662
11338
11340
11338
11341
11342
11366
11340
11341
11342
11667
11342
11369
11668
11370
11669
11344
11346
11347
11348
11373
18742
11346
15836
11347
11376
11674
11349
11377
11675
18745
11349
17502
11383
11679
15839
11351
11353
11394
18757
11357
11397
11681
18760
11354
11356
11354
11357
11358
11360
11400
11356
11357
18739
11358
11362
11683
11358
11403
11684
11364
11404
11685
11361
11363
11361
11364
11365
11367
11363
11364
11365
11369
11690
11365
11691
11371
11692
11368
11370
11368
11371
11372
11370
11371
11372
11697
11372
11698
11699
11375
11377
11375
11378
11379
11381
11377
11378
11379
11383
11704
11379
11705
11385
11706
11382
11384
18748
11382
11385
11386
11387
11384
11385
11386
11389
11711
18751
11386
11712
11390
11713
11388
11390
11391
11392
11407
18763
11390
18754
11391
11410
11718
11393
11411
11719
18766
11393
15842
11417
11723
15845
11396
11397
17505
11396
11398
17508
11399
11401
11425
11399
11403
11725
18775
11399
11428
11726
18772
11405
11429
11727
11402
11404
11402
11405
11406
11432
11404
11405
11406
11731
11406
11435
11732
11436
11733
11409
11411
11409
11412
11413
11415
11411
11412
11413
11417
11738
11413
11739
11419
11740
11416
11418
18769
11416
11419
11420
11421
11418
11419
11420
11745
15848
11420
11746
11422
11747
11422
17511
11442
11752
18781
11424
11426
11446
18787
11430
11448
11754
18790
11427
11429
11427
11430
11431
11433
11450
11429
11430
18793
11431
11435
11756
11431
11453
11757
11437
11454
11758
11434
11436
11434
11437
11438
11436
11437
11438
11763
11438
11764
11765
11441
11443
18778
11441
11444
11445
11457
15851
11443
11444
11445
11770
18784
11445
11460
11771
11461
11772
15854
11447
11448
17514
11449
11451
11467
18799
11449
11453
11777
18802
11455
11469
11778
18805
11452
11454
11452
11455
11456
11471
11454
11455
11456
11781
11456
11474
11782
11475
11783
11459
11461
11459
11462
11463
11464
11478
11461
11462
11463
11465
11788
11463
11481
11789
11466
11482
11790
11466
15857
11466
18796
11488
11795
15860
11468
11469
17517
11470
11472
11492
18811
11470
11474
11798
18814
11476
11496
11799
18817
11473
11475
11473
11476
11477
11475
11476
11477
11802
11477
11803
11804
11480
11482
11480
11483
11484
11486
11482
11483
11484
11488
11809
11484
11810
11490
11811
11487
11489
18808
11487
11490
11491
11499
15863
11489
11490
11491
11816
15866
11491
11502
11817
11503
11818
15869
11494
11496
11494
11497
17520
11498
11506
11496
11497
18820
11498
11823
11498
11824
17523
11508
11825
11501
11503
17526
11501
11504
11505
11524
17529
11503
11504
11505
11830
17532
11505
11526
11831
11527
11832
17535
11507
11508
17538
11509
11511
11529
18823
11509
11513
11837
18826
11515
11531
11838
18829
11512
11514
11512
11515
11516
11533
11514
11515
11516
11841
11516
11536
11842
11537
11843
11519
11521
11519
11522
11523
11525
11540
11521
11522
11523
11526
11848
11523
11543
11849
11528
11544
11850
11527
17541
11528
15872
11527
11528
11855
15875
11548
11856
15878
11530
11531
17544
11532
11534
15881
11532
11536
11860
18832
11538
11861
15884
11535
11537
11535
11538
11539
11550
11537
11538
11539
11864
11539
11553
11865
11554
11866
11542
11544
11542
11545
11546
11547
11571
11544
11545
11546
11548
11871
11546
11573
11872
11549
11574
11873
11549
17547
11549
15887
11878
15890
11552
11554
11552
11555
18835
11556
11575
11554
11555
18838
11556
11881
11556
11882
18841
11576
11883
11559
11561
11559
11562
11563
11565
11626
11561
11562
11563
11567
11888
11563
11627
11889
11569
11628
11890
11566
11568
11566
11569
11570
11572
15893
11568
11569
11570
11573
11895
11570
11629
11896
11897
15896
11574
17550
15899
11574
15902
11902
15905
11576
15908
11905
18844
11579
11581
11579
11582
11583
11585
11630
11581
11582
11583
11587
11907
11583
11631
11908
11589
11632
11909
11586
11588
11586
11589
11590
11592
11633
11588
11589
11590
11594
11914
11590
11634
11915
11596
11635
11916
11593
11595
11593
11596
11597
11599
11636
11595
11596
11597
11601
11921
11597
11637
11922
11603
11638
11923
11600
11602
11600
11603
11604
11606
11639
11602
11603
11604
11608
11928
11604
11640
11929
11610
11641
11930
11607
11609
11607
11610
11611
11613
11642
11609
11610
11611
11615
11935
11611
11643
11936
11617
11644
11937
11614
11616
11614
11617
11618
11620
15911
11616
11617
11618
11622
11942
11618
11645
11943
11624
11944
15914
11621
11623
11621
11624
17553
11625
15917
11623
11624
11625
11627
11949
11625
11950
17556
11951
15920
11628
15923
11628
15926
11629
11956
15929
15932
11632
15935
11632
15938
11634
11960
15941
11635
15944
11635
15947
11637
11963
15950
11638
15953
11638
15956
11640
11966
15959
11641
15962
11641
15965
11643
11969
15968
11644
15971
11644
15974
11645
11972
15977
15980
11647
11648
17559
11649
11650
11667
18856
11649
11670
11976
18850
11652
11671
11977
18859
11651
11652
17562
11653
11654
18862
11653
11980
18865
11656
11981
18868
11655
11656
17565
11657
18871
11657
11984
18874
11985
15983
11659
11661
11683
18877
11665
11687
11988
18883
11662
11664
18847
11662
11665
11666
11668
11690
11664
11665
18880
11666
11670
11990
18853
11666
11693
11991
11672
11694
11992
11669
11671
11669
11672
11673
11697
11671
11672
11673
11997
11673
11700
11998
11701
11999
11675
11677
11678
11679
11704
18889
11677
15986
11678
11707
12004
11680
11708
12005
18892
11680
15989
11714
12009
15992
11682
11684
11725
18901
11688
11728
12011
18904
11685
11687
11685
11688
11689
11691
11731
11687
11688
18886
11689
11693
12013
11689
11734
12014
11695
11735
12015
11692
11694
11692
11695
11696
11698
11694
11695
11696
11700
12020
11696
12021
11702
12022
11699
11701
11699
11702
11703
11701
11702
11703
12027
11703
12028
12029
11706
11708
11706
11709
11710
11712
11708
11709
11710
11714
12034
11710
12035
11716
12036
11713
11715
18895
11713
11716
11717
11718
11715
11716
11717
11720
12041
18898
11717
12042
11721
12043
11719
11721
11722
11723
11738
18907
11721
15995
11722
11741
12048
11724
11742
12049
18910
11724
17568
11748
12053
18913
11727
11728
17571
11727
11729
18916
11730
11732
11756
11730
11734
12055
18922
11730
11759
12056
18919
11736
11760
12057
11733
11735
11733
11736
11737
11763
11735
11736
11737
12061
11737
11766
12062
11767
12063
11740
11742
11740
11743
11744
11746
11742
11743
11744
11748
12068
11744
12069
11750
12070
11747
11749
17574
11747
11750
11751
11752
11749
11750
11751
12075
15998
11751
12076
11753
12077
11753
16001
11773
12082
16004
11755
11757
11777
18928
11761
11779
12084
18931
11758
11760
11758
11761
11762
11764
11781
11760
11761
18934
11762
11766
12086
11762
11784
12087
11768
11785
12088
11765
11767
11765
11768
11769
11767
11768
11769
12093
11769
12094
12095
11772
11774
17577
11772
11775
11776
11788
16007
11774
11775
11776
12100
18925
11776
11791
12101
11792
12102
16010
11778
11779
17580
11780
11782
11798
18940
11780
11784
12107
18943
11786
11800
12108
18946
11783
11785
11783
11786
11787
11802
11785
11786
11787
12111
11787
11805
12112
11806
12113
11790
11792
11790
11793
11794
11795
11809
11792
11793
11794
11796
12118
11794
11812
12119
11797
11813
12120
11797
16013
11797
18937
11819
12125
16016
11799
11800
17583
11801
11803
11823
18949
11801
11805
12128
18952
11807
11827
12129
18955
11804
11806
11804
11807
11808
11806
11807
11808
12132
11808
12133
12134
11811
11813
11811
11814
11815
11817
11813
11814
11815
11819
12139
11815
12140
11821
12141
11818
11820
17586
11818
11821
11822
11830
16019
11820
11821
11822
12146
16022
11822
11833
12147
11834
12148
16025
11825
11827
11825
11828
17610
11829
11837
11827
11828
17592
11829
12153
11829
12154
17595
11839
12155
11832
11834
17598
11832
11835
11836
11855
17601
11834
11835
11836
12158
17604
11836
11857
12159
11858
12160
17607
11838
11839
17613
11840
11842
11860
18958
11840
11844
12165
18961
11846
11862
12166
18964
11843
11845
11843
11846
11847
11864
11845
11846
11847
12169
11847
11867
12170
11868
12171
11850
11852
11850
11853
11854
11856
11871
11852
11853
11854
11857
12176
11854
11874
12177
11859
11875
12178
11858
17616
11859
16028
11858
11859
12183
16031
11879
12184
16034
11861
11862
17619
11863
11865
16037
11863
11867
12188
18967
11869
12189
16040
11866
11868
11866
11869
11870
11881
11868
11869
11870
12192
11870
11884
12193
11885
12194
11873
11875
11873
11876
11877
11878
11902
11875
11876
11877
11879
12199
11877
11903
12200
11880
11904
12201
11880
16043
11880
16046
16049
11883
11885
11883
11886
18970
11887
11905
11885
11886
18973
11887
12207
11887
12208
18976
11906
12209
11890
11892
11890
11893
11894
11896
11956
11892
11893
11894
11898
12221
11894
11957
12222
11900
11958
12223
11897
11899
11897
11900
11901
16052
11899
11900
11901
11903
12228
11901
11959
12229
12230
16055
11904
17622
11904
16058
12235
16061
11906
17625
12238
18979
11909
11911
11909
11912
11913
11915
11960
11911
11912
11913
11917
12247
11913
11961
12248
11919
11962
12249
11916
11918
11916
11919
11920
11922
11963
11918
11919
11920
11924
12254
11920
11964
12255
11926
11965
12256
11923
11925
11923
11926
11927
11929
11966
11925
11926
11927
11931
12261
11927
11967
12262
11933
11968
12263
11930
11932
11930
11933
11934
11936
11969
11932
11933
11934
11938
12268
11934
11970
12269
11940
11971
12270
11937
11939
11937
11940
11941
11943
11972
11939
11940
11941
11945
12275
11941
11973
12276
11947
11974
12277
11944
11946
11944
11947
11948
11950
16064
11946
11947
11948
11952
12282
11948
11975
12283
11954
12284
16067
11951
11953
11951
11954
17628
11955
17631
11953
11954
11955
11957
12289
11955
12290
17634
12291
17637
11958
16070
11958
16073
11959
12296
16076
16079
11962
16082
11962
18982
11964
12300
16085
11965
16088
11965
16091
11967
12303
16094
11968
16097
11968
16100
11970
12306
16103
11971
16106
11971
16109
11973
12309
16112
11974
16115
11974
16118
11975
12312
16121
16124
11977
11978
18985
11979
11980
11997
18994
11979
12000
12316
18997
11982
12001
12317
19000
11981
11982
17640
11983
11984
19003
11983
12320
19006
11986
12321
19009
11985
11986
17643
11987
19012
11987
12324
19015
12325
19018
11989
11991
12013
19021
11995
12017
12328
19024
11992
11994
18988
11992
11995
11996
11998
12020
11994
11995
19027
11996
12000
12330
18991
11996
12023
12331
12002
12024
12332
11999
12001
11999
12002
12003
12027
12001
12002
12003
12337
12003
12030
12338
12031
12339
12005
12007
12008
12009
12034
19030
12007
16127
12008
12037
12344
12010
12038
12345
19033
12010
17646
12044
12349
16130
12012
12014
12055
19042
12018
12058
12351
19045
12015
12017
12015
12018
12019
12021
12061
12017
12018
19048
12019
12023
12353
12019
12064
12354
12025
12065
12355
12022
12024
12022
12025
12026
12028
12024
12025
12026
12030
12360
12026
12361
12032
12362
12029
12031
12029
12032
12033
12031
12032
12033
12367
12033
12368
12369
12036
12038
12036
12039
12040
12042
12038
12039
12040
12044
12374
12040
12375
12046
12376
12043
12045
19036
12043
12046
12047
12048
12045
12046
12047
12050
12381
19039
12047
12382
12051
12383
12049
12051
12052
12053
12068
19051
12051
16133
12052
12071
12388
12054
12072
12389
19054
12054
17649
12078
12393
16136
12057
12058
17652
12057
12059
19057
12060
12062
12086
12060
12064
12395
19063
12060
12089
12396
19060
12066
12090
12397
12063
12065
12063
12066
12067
12093
12065
12066
12067
12401
12067
12096
12402
12097
12403
12070
12072
12070
12073
12074
12076
12072
12073
12074
12078
12408
12074
12409
12080
12410
12077
12079
17655
12077
12080
12081
12082
12079
12080
12081
12415
16139
12081
12416
12083
12417
12083
17658
12103
12422
16142
12085
12087
12107
19069
12091
12109
12424
19072
12088
12090
12088
12091
12092
12094
12111
12090
12091
19075
12092
12096
12426
12092
12114
12427
12098
12115
12428
12095
12097
12095
12098
12099
12097
12098
12099
12433
12099
12434
12435
12102
12104
19066
12102
12105
12106
12118
16145
12104
12105
12106
12440
16148
12106
12121
12441
12122
12442
16151
12108
12109
17661
12110
12112
12128
19081
12110
12114
12447
19084
12116
12130
12448
19087
12113
12115
12113
12116
12117
12132
12115
12116
12117
12451
12117
12135
12452
12136
12453
12120
12122
12120
12123
12124
12125
12139
12122
12123
12124
12126
12458
12124
12142
12459
12127
12143
12460
12127
16154
12127
19078
12149
12465
16157
12129
12130
17664
12131
12133
12153
19093
12131
12135
12468
19096
12137
12156
12469
19099
12134
12136
12134
12137
12138
12136
12137
12138
12472
12138
12473
12474
12141
12143
12141
12144
12145
12147
12143
12144
12145
12149
12479
12145
12480
12151
12481
12148
12150
19090
12148
12151
12152
12158
16160
12150
12151
12152
12486
16163
12152
12161
12487
12162
12488
16166
12155
12156
12155
17682
12157
12165
12157
12493
20200
12167
12494
19102
12160
12162
17670
12160
12163
12164
12183
17673
12162
12163
12164
12497
17676
12164
12185
12498
12186
12499
17679
12166
12167
17685
12168
12170
12188
19105
12168
12172
12504
19108
12174
12190
12505
19111
12171
12173
12171
12174
12175
12192
12173
12174
12175
12508
12175
12195
12509
12196
12510
12178
12180
12178
12181
12182
12184
12199
12180
12181
12182
12185
12515
12182
12202
12516
12187
12203
12517
12186
17688
12187
16169
12186
12187
12522
16172
12206
12523
16175
12189
12190
17691
12191
12193
16178
12191
12195
12527
19114
12197
12528
16181
12194
12196
12194
12197
12198
12207
12196
12197
12198
12531
12198
12210
12532
12211
12533
12201
12203
12201
12204
12205
12235
16184
12203
12204
12205
12206
12545
12205
12236
12546
12237
12547
14793
16187
12209
12211
12209
12212
19117
12213
12215
12238
12211
12212
19120
12213
12217
12553
12213
12554
16190
12219
12239
12555
12216
12218
12216
12219
12220
12240
12218
12219
12220
12560
12220
12243
12561
12244
12562
12223
12225
12223
12226
12227
12229
12296
12225
12226
12227
12231
12567
12227
12297
12568
12233
12298
12569
12230
12232
12230
12233
12234
16193
12232
12233
12234
12236
12574
12234
12299
12575
12576
16196
12237
16199
12237
16202
12581
16205
12239
17694
12243
12584
19126
12242
12244
12242
12245
19123
12246
12248
16208
12244
12245
12246
12250
12586
12246
12587
16211
12252
12588
16214
12249
12251
12249
12252
12253
12255
12300
12251
12252
12253
12257
12593
12253
12301
12594
12259
12302
12595
12256
12258
12256
12259
12260
12262
12303
12258
12259
12260
12264
12600
12260
12304
12601
12266
12305
12602
12263
12265
12263
12266
12267
12269
12306
12265
12266
12267
12271
12607
12267
12307
12608
12273
12308
12609
12270
12272
12270
12273
12274
12276
12309
12272
12273
12274
12278
12614
12274
12310
12615
12280
12311
12616
12277
12279
12277
12280
12281
12283
12312
12279
12280
12281
12285
12621
12281
12313
12622
12287
12314
12623
12284
12286
12284
12287
12288
12290
16217
12286
12287
12288
12292
12628
12288
12315
12629
12294
12630
16220
12291
12293
12291
12294
17697
12295
17700
12293
12294
12295
12297
12635
12295
12636
17703
12637
17706
12298
16223
12298
16226
12299
12642
16229
16232
12302
16235
12302
19129
12304
12646
16238
12305
16241
12305
16244
12307
12649
16247
12308
16250
12308
16253
12310
12652
16256
12311
16259
12311
16262
12313
12655
16265
12314
16268
12314
16271
12315
12658
16274
16277
12317
12318
19132
12319
12320
12337
19141
12319
12340
12662
19144
12322
12341
12663
19147
12321
12322
17709
12323
12324
19150
12323
12666
19153
12326
12667
19156
12325
12326
17712
12327
16280
12327
12670
19159
12671
19162
12329
12331
12353
19168
12335
12357
12674
19171
12332
12334
19135
12332
12335
12336
12338
12360
12334
12335
19174
12336
12340
12676
19138
12336
12363
12677
12342
12364
12678
12339
12341
12339
12342
12343
12367
12341
12342
12343
12683
12343
12370
12684
12371
12685
12345
12347
12348
12349
12374
19177
12347
19165
12348
12377
12690
12350
12378
12691
19180
12350
17715
12384
12695
16283
12352
12354
12395
19189
12358
12398
12697
19192
12355
12357
12355
12358
12359
12361
12401
12357
12358
19195
12359
12363
12699
12359
12404
12700
12365
12405
12701
12362
12364
12362
12365
12366
12368
12364
12365
12366
12370
12706
12366
12707
12372
12708
12369
12371
12369
12372
12373
12371
12372
12373
12713
12373
12714
12715
12376
12378
12376
12379
12380
12382
12378
12379
12380
12384
12720
12380
12721
12386
12722
12383
12385
19183
12383
12386
12387
12388
12385
12386
12387
12390
12727
19186
12387
12728
12391
12729
12389
12391
12392
12393
12408
19198
12391
16286
12392
12411
12734
12394
12412
12735
19201
12394
17718
12418
12739
16289
12397
12398
17721
12397
12399
19204
12400
12402
12426
12400
12404
12741
19210
12400
12429
12742
19207
12406
12430
12743
12403
12405
12403
12406
12407
12433
12405
12406
12407
12747
12407
12436
12748
12437
12749
12410
12412
12410
12413
12414
12416
12412
12413
12414
12418
12754
12414
12755
12420
12756
12417
12419
17724
12417
12420
12421
12422
12419
12420
12421
12761
16292
12421
12762
12423
12763
12423
17727
12443
12768
19216
12425
12427
12447
19219
12431
12449
12770
19222
12428
12430
12428
12431
12432
12434
12451
12430
12431
19225
12432
12436
12772
12432
12454
12773
12438
12455
12774
12435
12437
12435
12438
12439
12437
12438
12439
12779
12439
12780
12781
12442
12444
19213
12442
12445
12446
12458
16295
12444
12445
12446
12786
16298
12446
12461
12787
12462
12788
16301
12448
12449
17730
12450
12452
12468
19228
12450
12454
12793
19231
12456
12470
12794
19234
12453
12455
12453
12456
12457
12472
12455
12456
12457
12797
12457
12475
12798
12476
12799
12460
12462
12460
12463
12464
12465
12479
12462
12463
12464
12466
12804
12464
12482
12805
12467
12483
12806
12467
16304
12467
16307
12489
12811
16310
12469
12470
17733
12471
12473
12493
19243
12471
12475
12814
19246
12477
12495
12815
19249
12474
12476
12474
12477
12478
12476
12477
12478
12818
12478
12819
12820
12481
12483
12481
12484
12485
12487
12483
12484
12485
12489
12825
12485
12826
12491
12827
12488
12490
19237
12488
12491
12492
12497
16313
12490
12491
12492
12832
19240
12492
12500
12833
12501
12834
16316
12494
12495
17736
12496
12504
19252
12496
12839
19255
12506
12840
19258
12499
12501
17739
12499
12502
12503
12522
17742
12501
12502
12503
12843
17745
12503
12524
12844
12525
12845
17748
12505
12506
17751
12507
12509
12527
19261
12507
12511
12850
19264
12513
12529
12851
19267
12510
12512
12510
12513
12514
12531
12512
12513
12514
12854
12514
12534
12855
12535
12856
12517
12519
12517
12520
12521
12523
12545
12519
12520
12521
12524
12861
12521
12548
12862
12526
12549
12863
12525
16319
12526
16322
12525
12526
12868
16325
12552
12869
16328
12528
12529
17754
12530
12532
19270
12530
12534
12873
19273
12536
12874
19276
12533
12535
12533
12536
12537
12539
12553
12535
12536
12537
12541
12877
12537
12556
12878
12543
12557
12879
12540
12542
12540
12543
12544
12560
12542
12543
12544
12884
12544
12563
12885
12564
12886
12547
12549
12547
12550
12551
12581
16330
12549
12550
12551
12552
12891
12551
12582
12892
12583
12893
16333
16335
12555
12557
12555
12558
17757
12559
12561
12584
12557
12558
19279
12559
12563
12900
12559
12901
19282
12565
12585
12902
12562
12564
12562
12565
12566
12586
12564
12565
12566
12907
12566
12589
12908
12590
12909
12569
12571
12569
12572
12573
12575
12642
12571
12572
12573
12577
12914
12573
12643
12915
12579
12644
12916
12576
12578
12576
12579
12580
16337
12578
12579
12580
12582
12921
12580
12645
12922
12923
16340
12583
16343
12583
16346
12928
16348
12585
17760
12589
12931
19288
12588
12590
12588
12591
19285
12592
12594
16350
12590
12591
12592
12596
12933
12592
12934
19291
12598
12935
16353
12595
12597
12595
12598
12599
12601
12646
12597
12598
12599
12603
12940
12599
12647
12941
12605
12648
12942
12602
12604
12602
12605
12606
12608
12649
12604
12605
12606
12610
12947
12606
12650
12948
12612
12651
12949
12609
12611
12609
12612
12613
12615
12652
12611
12612
12613
12617
12954
12613
12653
12955
12619
12654
12956
12616
12618
12616
12619
12620
12622
12655
12618
12619
12620
12624
12961
12620
12656
12962
12626
12657
12963
12623
12625
12623
12626
12627
12629
12658
12625
12626
12627
12631
12968
12627
12659
12969
12633
12660
12970
12630
12632
12630
12633
12634
12636
16356
12632
12633
12634
12638
12975
12634
12661
12976
12640
12977
16359
12637
12639
12637
12640
17763
12641
16362
12639
12640
12641
12643
12982
12641
12983
17766
12984
17769
12644
16365
12644
16368
12645
12989
16371
16374
12648
16377
12648
16380
12650
12993
16383
12651
16386
12651
16389
12653
12996
16392
12654
16395
12654
16398
12656
12999
16401
12657
16404
12657
16407
12659
13002
16410
12660
16413
12660
16416
12661
13005
16419
16422
12663
12664
17772
12665
12666
12683
19303
12665
12686
13009
19297
12668
12687
13010
19306
12667
12668
17775
12669
12670
19309
12669
13013
19312
12672
13014
19315
12671
12672
17778
12673
19318
12673
13017
19321
13018
19324
12675
12677
12699
19330
12681
12703
13021
19336
12678
12680
19294
12678
12681
12682
12684
12706
12680
12681
19333
12682
12686
13023
19300
12682
12709
13024
12688
12710
13025
12685
12687
12685
12688
12689
12713
12687
12688
12689
13030
12689
12716
13031
12717
13032
12691
12693
12694
12695
12720
19342
12693
19327
12694
12723
13037
12696
12724
13038
19345
12696
17781
12730
13042
19351
12698
12700
12741
19357
12704
12744
13044
19360
12701
12703
12701
12704
12705
12707
12747
12703
12704
19339
12705
12709
13046
12705
12750
13047
12711
12751
13048
12708
12710
12708
12711
12712
12714
12710
12711
12712
12716
13053
12712
13054
12718
13055
12715
12717
12715
12718
12719
12717
12718
12719
13060
12719
13061
13062
12722
12724
12722
12725
12726
12728
12724
12725
12726
12730
13067
12726
13068
12732
13069
12729
12731
19348
12729
12732
12733
12734
12731
12732
12733
12736
13074
19354
12733
13075
12737
13076
12735
12737
12738
12739
12754
19363
12737
16425
12738
12757
13081
12740
12758
13082
19366
12740
16428
12764
13086
19369
12743
12744
17784
12743
12745
19375
12746
12748
12772
12746
12750
13088
19381
12746
12775
13089
19378
12752
12776
13090
12749
12751
12749
12752
12753
12779
12751
12752
12753
13094
12753
12782
13095
12783
13096
12756
12758
12756
12759
12760
12762
12758
12759
12760
12764
13101
12760
13102
12766
13103
12763
12765
17787
12763
12766
12767
12768
12765
12766
12767
13108
19372
12767
13109
12769
13110
12769
17790
12789
13115
16431
12771
12773
12793
19387
12777
12795
13117
19390
12774
12776
12774
12777
12778
12780
12797
12776
12777
19393
12778
12782
13119
12778
12800
13120
12784
12801
13121
12781
12783
12781
12784
12785
12783
12784
12785
13126
12785
13127
13128
12788
12790
17793
12788
12791
12792
12804
16434
12790
12791
12792
13133
19384
12792
12807
13134
12808
13135
16437
12794
12795
17796
12796
12798
12814
19396
12796
12800
13140
19399
12802
12816
13141
19402
12799
12801
12799
12802
12803
12818
12801
12802
12803
13144
12803
12821
13145
12822
13146
12806
12808
12806
12809
12810
12811
12825
12808
12809
12810
12812
13151
12810
12828
13152
12813
12829
13153
12813
16440
12813
16443
12835
13158
16446
12815
12816
17799
12817
12819
12839
19411
12817
12821
13161
19414
12823
12841
13162
19417
12820
12822
12820
12823
12824
12822
12823
12824
13165
12824
13166
13167
12827
12829
12827
12830
12831
12833
12829
12830
12831
12835
13172
12831
13173
12837
13174
12834
12836
19405
12834
12837
12838
12843
16449
12836
12837
12838
13179
19408
12838
12846
13180
12847
13181
16452
12840
12841
17802
12842
12850
19420
12842
13186
20203
12852
13188
19423
12845
12847
17805
12845
12848
12849
12868
17808
12847
12848
12849
13193
17811
12849
12870
13194
12871
13195
17814
12851
12852
17817
12853
12855
12873
19429
12853
12857
13200
19432
12859
12875
13201
19435
12856
12858
12856
12859
12860
12877
12858
12859
12860
13204
12860
12880
13205
12881
13206
12863
12865
12863
12866
12867
12869
12891
12865
12866
12867
12870
13211
12867
12894
13212
12872
12895
13213
12871
17820
12872
16455
12871
12872
13218
16457
12898
13219
16460
12874
12875
17823
12876
12878
16462
12876
12880
13223
19438
12882
13224
16465
12879
12881
12879
12882
12883
12885
12900
12881
12882
12883
12887
13227
12883
12903
13228
12889
12904
13229
12886
12888
12886
12889
12890
12907
12888
12889
12890
13234
12890
12910
13235
12911
13236
12893
12895
12893
12896
12897
12928
14796
12895
12896
12897
12898
13241
12897
12929
13242
12899
12930
13243
12899
16468
13248
12902
12904
12902
12905
19441
12906
12908
12931
12904
12905
19444
12906
12910
13251
12906
13252
16469
12912
12932
13253
12909
12911
12909
12912
12913
12933
12911
12912
12913
13258
12913
12936
13259
12937
13260
12916
12918
12916
12919
12920
12922
12989
12918
12919
12920
12924
13265
12920
12990
13266
12926
12991
13267
12923
12925
12923
12926
12927
16472
12925
12926
12927
12929
13272
12927
12992
13273
13274
16475
12930
17826
12930
16478
13279
16480
12932
17827
12936
13282
16481
12935
12937
12935
12938
17830
12939
12941
16484
12937
12938
12939
12943
13284
12939
13285
16487
12945
13286
16490
12942
12944
12942
12945
12946
12948
12993
12944
12945
12946
12950
13291
12946
12994
13292
12952
12995
13293
12949
12951
12949
12952
12953
12955
12996
12951
12952
12953
12957
13298
12953
12997
13299
12959
12998
13300
12956
12958
12956
12959
12960
12962
12999
12958
12959
12960
12964
13305
12960
13000
13306
12966
13001
13307
12963
12965
12963
12966
12967
12969
13002
12965
12966
12967
12971
13312
12967
13003
13313
12973
13004
13314
12970
12972
12970
12973
12974
12976
13005
12972
12973
12974
12978
13319
12974
13006
13320
12980
13007
13321
12977
12979
12977
12980
12981
12983
16493
12979
12980
12981
12985
13326
12981
13008
13327
12987
13328
16496
12984
12986
12984
12987
17833
12988
16499
12986
12987
12988
12990
13333
12988
13334
17836
13335
16502
12991
16505
12991
16508
12992
13340
16511
16514
12995
16517
12995
16520
12997
13344
16523
12998
16526
12998
16529
13000
13347
16532
13001
16535
13001
16538
13003
13350
16541
13004
16544
13004
16547
13006
13353
16550
13007
16553
13007
16556
13008
13356
16559
16562
13010
13011
19447
13012
13013
13030
19459
13012
13033
13360
19453
13015
13034
13361
19462
13014
13015
17839
13016
13017
19465
13016
13364
19468
13019
13365
19471
13018
13019
17842
13020
16565
13020
13368
19474
13369
16568
13022
13024
13046
19477
13028
13050
13372
19480
13025
13027
19450
13025
13028
13029
13031
13053
13027
13028
19483
13029
13033
13374
19456
13029
13056
13375
13035
13057
13376
13032
13034
13032
13035
13036
13060
13034
13035
13036
13381
13036
13063
13382
13064
13383
13038
13040
13041
13042
13067
19489
13040
16571
13041
13070
13388
13043
13071
13389
19492
13043
17845
13077
13393
19498
13045
13047
13088
19507
13051
13091
13395
19510
13048
13050
13048
13051
13052
13054
13094
13050
13051
19486
13052
13056
13397
13052
13097
13398
13058
13098
13399
13055
13057
13055
13058
13059
13061
13057
13058
13059
13063
13404
13059
13405
13065
13406
13062
13064
13062
13065
13066
13064
13065
13066
13411
13066
13412
13413
13069
13071
13069
13072
13073
13075
13071
13072
13073
13077
13418
13073
13419
13079
13420
13076
13078
19495
13076
13079
13080
13081
13078
13079
13080
13083
13425
19501
13080
13426
13084
13427
13082
13084
13085
13086
13101
19513
13084
19504
13085
13104
13432
13087
13105
13433
19516
13087
17848
13111
13437
16574
13090
13091
17851
13090
13092
17854
13093
13095
13119
13093
13097
13439
19522
13093
13122
13440
19525
13099
13123
13441
13096
13098
13096
13099
13100
13126
13098
13099
13100
13445
13100
13129
13446
13130
13447
13103
13105
13103
13106
13107
13109
13105
13106
13107
13111
13452
13107
13453
13113
13454
13110
13112
19519
13110
13113
13114
13115
13112
13113
13114
13459
16577
13114
13460
13116
13461
13116
16580
13136
13466
19531
13118
13120
13140
19537
13124
13142
13468
19543
13121
13123
13121
13124
13125
13127
13144
13123
13124
19540
13125
13129
13470
13125
13147
13471
13131
13148
13472
13128
13130
13128
13131
13132
13130
13131
13132
13477
13132
13478
13479
13135
13137
19528
13135
13138
13139
13151
16583
13137
13138
13139
13484
19534
13139
13154
13485
13155
13486
16586
13141
13142
17857
13143
13145
13161
19546
13143
13147
13491
19549
13149
13163
13492
19552
13146
13148
13146
13149
13150
13165
13148
13149
13150
13495
13150
13168
13496
13169
13497
13153
13155
13153
13156
13157
13158
13172
13155
13156
13157
13159
13502
13157
13175
13503
13160
13176
13504
13160
16589
13160
16592
13182
13509
16595
13162
13163
17860
13164
13166
13186
19555
13164
13168
13512
19558
13170
13190
13513
19561
13167
13169
13167
13170
13171
13169
13170
13171
13516
13171
13517
13518
13174
13176
13174
13177
13178
13180
13176
13177
13178
13182
13523
13178
13524
13184
13525
13181
13183
17863
13181
13184
13185
13193
16598
13183
13184
13185
13530
16601
13185
13196
13531
13197
13532
16604
13188
13190
13188
13191
19426
13192
13200
13190
13191
19564
13192
13537
13192
13538
16607
13202
13539
13195
13197
17866
13195
13198
13199
13218
17869
13197
13198
13199
13542
17872
13199
13220
13543
13221
13544
17875
13201
13202
17878
13203
13205
13223
19567
13203
13207
13549
19570
13209
13225
13550
19573
13206
13208
13206
13209
13210
13227
13208
13209
13210
13553
13210
13230
13554
13231
13555
13213
13215
13213
13216
13217
13219
13241
13215
13216
13217
13220
13560
13217
13244
13561
13222
13245
13562
13221
17881
13222
16610
13221
13222
13567
16612
13249
13568
16615
13224
13225
17884
13226
13228
16617
13226
13230
13572
19576
13232
13573
19579
13229
13231
13229
13232
13233
13235
13251
13231
13232
13233
13237
13576
13233
13254
13577
13239
13255
13578
13236
13238
13236
13239
13240
13258
13238
13239
13240
13583
13240
13261
13584
13262
13585
13243
13245
13243
13246
13247
13248
13279
13245
13246
13247
13249
13590
13247
13280
13591
13250
13281
13592
13250
16620
13250
16621
13597
16623
13253
13255
13253
13256
19582
13257
13259
13282
13255
13256
19585
13257
13261
13599
13257
13600
16625
13263
13283
13601
13260
13262
13260
13263
13264
13284
13262
13263
13264
13606
13264
13287
13607
13288
13608
13267
13269
13267
13270
13271
13273
13340
13269
13270
13271
13275
13613
13271
13341
13614
13277
13342
13615
13274
13276
13274
13277
13278
16628
13276
13277
13278
13280
13620
13278
13343
13621
13622
16631
13281
17887
13281
16634
13627
16636
13283
17888
13287
13630
16638
13286
13288
13286
13289
17891
13290
13292
16641
13288
13289
13290
13294
13632
13290
13633
16644
13296
13634
16647
13293
13295
13293
13296
13297
13299
13344
13295
13296
13297
13301
13639
13297
13345
13640
13303
13346
13641
13300
13302
13300
13303
13304
13306
13347
13302
13303
13304
13308
13646
13304
13348
13647
13310
13349
13648
13307
13309
13307
13310
13311
13313
13350
13309
13310
13311
13315
13653
13311
13351
13654
13317
13352
13655
13314
13316
13314
13317
13318
13320
13353
13316
13317
13318
13322
13660
13318
13354
13661
13324
13355
13662
13321
13323
13321
13324
13325
13327
13356
13323
13324
13325
13329
13667
13325
13357
13668
13331
13358
13669
13328
13330
13328
13331
13332
13334
16650
13330
13331
13332
13336
13674
13332
13359
13675
13338
13676
16653
13335
13337
13335
13338
17894
13339
16656
13337
13338
13339
13341
13681
13339
13682
17897
13683
16659
13342
16662
13342
16665
13343
13688
16668
16671
13346
16674
13346
16677
13348
13692
16680
13349
16683
13349
16686
13351
13695
16689
13352
16692
13352
16695
13354
13698
16698
13355
16701
13355
16704
13357
13701
16707
13358
16710
13358
16713
13359
13704
16716
16719
13361
13362
19588
13363
13364
13381
19600
13363
13384
13708
19594
13366
13385
13709
19603
13365
13366
17900
13367
13368
19606
13367
13712
19609
13370
13713
19612
13369
13370
17903
13371
16722
13371
13716
19615
13717
16725
13373
13375
13397
19618
13379
13401
13720
19621
13376
13378
19591
13376
13379
13380
13382
13404
13378
13379
19624
13380
13384
13722
19597
13380
13407
13723
13386
13408
13724
13383
13385
13383
13386
13387
13411
13385
13386
13387
13729
13387
13414
13730
13415
13731
13389
13391
13392
13393
13418
19630
13391
16728
13392
13421
13736
13394
13422
13737
19633
13394
17906
13428
13741
19639
13396
13398
13439
19648
13402
13442
13743
19651
13399
13401
13399
13402
13403
13405
13445
13401
13402
19627
13403
13407
13745
13403
13448
13746
13409
13449
13747
13406
13408
13406
13409
13410
13412
13408
13409
13410
13414
13752
13410
13753
13416
13754
13413
13415
13413
13416
13417
13415
13416
13417
13759
13417
13760
13761
13420
13422
13420
13423
13424
13426
13422
13423
13424
13428
13766
13424
13767
13430
13768
13427
13429
19636
13427
13430
13431
13432
13429
13430
13431
13434
13773
19642
13431
13774
13435
13775
13433
13435
13436
13437
13452
19654
13435
19645
13436
13455
13780
13438
13456
13781
19657
13438
17909
13462
13785
16731
13441
13442
17912
13441
13443
19663
13444
13446
13470
13444
13448
13787
19666
13444
13473
13788
19669
13450
13474
13789
13447
13449
13447
13450
13451
13477
13449
13450
13451
13793
13451
13480
13794
13481
13795
13454
13456
13454
13457
13458
13460
13456
13457
13458
13462
13800
13458
13801
13464
13802
13461
13463
19660
13461
13464
13465
13466
13463
13464
13465
13807
16734
13465
13808
13467
13809
13467
17915
13487
13814
19675
13469
13471
13491
19681
13475
13493
13816
19687
13472
13474
13472
13475
13476
13478
13495
13474
13475
19684
13476
13480
13818
13476
13498
13819
13482
13499
13820
13479
13481
13479
13482
13483
13481
13482
13483
13825
13483
13826
13827
13486
13488
19672
13486
13489
13490
13502
16737
13488
13489
13490
13839
19678
13490
13505
13840
13506
13841
16740
13492
13493
17918
13494
13496
13512
19690
13494
13498
13846
19693
13500
13514
13847
19696
13497
13499
13497
13500
13501
13516
13499
13500
13501
13850
13501
13519
13851
13520
13852
13504
13506
13504
13507
13508
13509
13523
13506
13507
13508
13510
13857
13508
13526
13858
13511
13527
13859
13511
16743
13511
16746
13533
13864
16749
13513
13514
17921
13515
13517
13537
19699
13515
13519
13867
19702
13521
13540
13868
19705
13518
13520
13518
13521
13522
13520
13521
13522
13871
13522
13872
13873
13525
13527
13525
13528
13529
13531
13527
13528
13529
13533
13878
13529
13879
13535
13880
13532
13534
17924
13532
13535
13536
13542
16752
13534
13535
13536
16755
13536
13545
13885
13546
13886
16758
13539
13540
13539
17942
13541
13549
13541
13890
19708
13551
13891
19711
13544
13546
17930
13544
13547
13548
13567
17933
13546
13547
13548
13894
17936
13548
13569
13895
13570
13896
17939
13550
13551
17945
13552
13554
13572
19714
13552
13556
13901
19717
13558
13574
13902
19720
13555
13557
13555
13558
13559
13576
13557
13558
13559
13905
13559
13579
13906
13580
13907
13562
13564
13562
13565
13566
13568
13590
13564
13565
13566
13569
13912
13566
13593
13913
13571
13594
13914
13570
17948
13571
16761
13570
13571
13919
16764
13598
13920
16767
13573
13574
17951
13575
13577
16770
13575
13579
13924
19723
13581
13925
19726
13578
13580
13578
13581
13582
13584
13599
13580
13581
13582
13586
13928
13582
13602
13929
13588
13603
13930
13585
13587
13585
13588
13589
13606
13587
13588
13589
13935
13589
13609
13936
13610
13937
13592
13594
13592
13595
13596
13597
13627
13594
13595
13596
13598
13942
13596
13628
13943
13629
13944
16773
16775
16778
13601
13603
13601
13604
17957
13605
13607
13630
13603
13604
19729
13605
13609
13950
13605
13951
16780
13611
13631
13952
13608
13610
13608
13611
13612
13632
13610
13611
13612
13957
13612
13635
13958
13636
13959
13615
13617
13615
13618
13619
13621
13688
13617
13618
13619
13623
13971
13619
13689
13972
13625
13690
13973
13622
13624
13622
13625
13626
16783
13624
13625
13626
13628
13978
13626
13691
13979
13980
16786
13629
17954
13629
16788
13985
16790
13631
17960
13635
13988
16792
13634
13636
13634
13637
17963
13638
13640
16795
13636
13637
13638
13642
13990
13638
13991
19732
13644
13992
16798
13641
13643
13641
13644
13645
13647
13692
13643
13644
13645
13649
13997
13645
13693
13998
13651
13694
13999
13648
13650
13648
13651
13652
13654
13695
13650
13651
13652
13656
14004
13652
13696
14005
13658
13697
14006
13655
13657
13655
13658
13659
13661
13698
13657
13658
13659
13663
14011
13659
13699
14012
13665
13700
14013
13662
13664
13662
13665
13666
13668
13701
13664
13665
13666
13670
14018
13666
13702
14019
13672
13703
14020
13669
13671
13669
13672
13673
13675
13704
13671
13672
13673
13677
14025
13673
13705
14026
13679
13706
14027
13676
13678
13676
13679
13680
13682
16801
13678
13679
13680
13684
14032
13680
13707
14033
13686
14034
16804
13683
13685
13683
13686
17966
13687
16807
13685
13686
13687
13689
14039
13687
14040
17969
14041
16810
13690
16813
13690
16816
13691
14046
16818
16820
13694
16822
13694
19735
13696
14050
16825
13697
16828
13697
16831
13699
14053
16834
13700
16837
13700
16840
13702
14056
16843
13703
16846
13703
16849
13705
14059
16852
13706
16855
13706
16858
13707
14062
16861
16864
13709
13710
17972
13711
13712
13729
19747
13711
13732
14066
19741
13714
13733
14067
19750
13713
13714
17975
13715
13716
19753
13715
14069
19756
13718
14070
19759
13717
13718
17978
13719
16867
13719
14073
19762
14074
16870
13721
13723
13745
19765
13727
13749
14076
19768
13724
13726
19738
13724
13727
13728
13730
13752
13726
13727
19771
13728
13732
14078
19744
13728
13755
14079
13734
13756
14080
13731
13733
13731
13734
13735
13759
13733
13734
13735
14085
13735
13762
14086
13763
14087
13737
13739
13740
13741
13766
19777
13739
16873
13740
13769
14092
13742
13770
14093
19780
13742
17981
13776
14097
19786
13744
13746
13787
19792
13750
13790
14099
19795
13747
13749
13747
13750
13751
13753
13793
13749
13750
19774
13751
13755
14101
13751
13796
14102
13757
13797
14103
13754
13756
13754
13757
13758
13760
13756
13757
13758
13762
14108
13758
14109
13764
14110
13761
13763
13761
13764
13765
13763
13764
13765
14115
13765
14116
14117
13768
13770
13768
13771
13772
13774
13770
13771
13772
13776
14122
13772
14123
13778
14124
13775
13777
19783
13775
13778
13779
13780
13777
13778
13779
13782
14129
19789
13779
14130
13783
14131
13781
13783
13784
13785
13800
19798
13783
16876
13784
13803
14136
13786
13804
14137
19801
13786
16879
13810
14141
16882
13789
13790
17984
13789
13791
19807
13792
13794
13818
13792
13796
14143
19810
13792
13821
14144
19813
13798
13822
14145
13795
13797
13795
13798
13799
13825
13797
13798
13799
14149
13799
13828
14150
13829
14151
13802
13804
13802
13805
13806
13808
13804
13805
13806
13810
14156
13806
14157
13812
14158
13809
13811
19804
13809
13812
13813
13814
13832
13811
13812
13813
14163
16885
13813
13835
14164
13815
13836
14165
13815
17987
13842
14170
19816
13817
13819
13846
19822
13823
13848
14172
19828
13820
13822
13820
13823
13824
13826
13850
13822
13823
19825
13824
13828
14174
13824
13853
14175
13830
13854
14176
13827
13829
13827
13830
13831
13829
13830
13831
14181
13831
14182
14183
13834
13836
13834
13837
13838
13840
13836
13837
13838
13842
14188
13838
14189
13844
14190
13841
13843
17990
13841
13844
13845
13857
16888
13843
13844
13845
14195
19819
13845
13860
14196
13861
14197
16891
13847
13848
17993
13849
13851
13867
19834
13849
13853
14202
19837
13855
13869
14203
19840
13852
13854
13852
13855
13856
13871
13854
13855
13856
14206
13856
13874
14207
13875
14208
13859
13861
13859
13862
13863
13864
13878
13861
13862
13863
13865
14220
13863
13881
14221
13866
13882
14222
13866
16894
13866
19831
13887
14227
16897
13868
13869
17996
13870
13872
13890
19843
13870
13874
14230
19846
13876
13892
14231
19849
13873
13875
13873
13876
13877
13875
13876
13877
14234
13877
14235
14236
13880
13882
13880
13883
13884
13885
13882
13883
13884
13887
14241
13884
14242
13888
14243
13886
13888
13889
13894
19852
13888
16900
13889
13897
14248
13898
14249
19855
13891
13892
17999
13893
13901
19858
13893
14253
19861
13903
14254
19864
13896
13898
18002
13896
13899
13900
13919
18005
13898
13899
13900
14264
18008
13900
13921
14265
13922
14266
18011
13902
13903
18014
13904
13906
13924
19867
13904
13908
14271
19870
13910
13926
14272
19873
13907
13909
13907
13910
13911
13928
13909
13910
13911
14275
13911
13931
14276
13932
14277
13914
13916
13914
13917
13918
13920
13942
13916
13917
13918
13921
14282
13918
13945
14283
13923
13946
14284
13922
18017
13923
16903
13922
13923
14289
16906
13949
14290
16909
13925
13926
18020
13927
13929
19876
13927
13931
14294
19879
13933
14295
19882
13930
13932
13930
13933
13934
13936
13950
13932
13933
13934
13938
14298
13934
13953
14299
13940
13954
14300
13937
13939
13937
13940
13941
13957
13939
13940
13941
13941
13960
13961
13944
13946
13944
13947
13948
13985
16912
13946
13947
13948
13949
14312
13948
13986
14313
13987
14314
16913
16914
13952
13954
13952
13955
19885
13956
13958
13988
13954
13955
19888
13956
13960
14320
13956
14321
16916
13962
13989
14322
13959
13961
13959
13962
13963
13965
13990
13961
13962
13963
13967
14327
13963
13993
14328
13969
13994
14329
13966
13968
13966
13969
13970
13997
13968
13969
13970
14334
13970
14000
14335
14001
14336
13973
13975
13973
13976
13977
13979
14046
13975
13976
13977
13981
14341
13977
14047
14342
13983
14048
14343
13980
13982
13980
13983
13984
16919
13982
13983
13984
13986
14348
13984
14049
14349
14350
13987
16920
13987
13989
16921
13993
14356
19894
13992
13994
13992
13995
19891
13996
13998
16924
13994
13995
13996
14000
14358
13996
14359
19897
14002
14360
16927
13999
14001
13999
14002
14003
14005
14050
14001
14002
14003
14007
14365
14003
14051
14366
14009
14052
14367
14006
14008
14006
14009
14010
14012
14053
14008
14009
14010
14014
14372
14010
14054
14373
14016
14055
14374
14013
14015
14013
14016
14017
14019
14056
14015
14016
14017
14021
14379
14017
14057
14380
14023
14058
14381
14020
14022
14020
14023
14024
14026
14059
14022
14023
14024
14028
14386
14024
14060
14387
14030
14061
14388
14027
14029
14027
14030
14031
14033
14062
14029
14030
14031
14035
14393
14031
14063
14394
14037
14064
14395
14034
14036
14034
14037
14038
14040
16930
14036
14037
14038
14042
14400
14038
14065
14401
14044
14402
16933
14041
14043
14041
14044
18023
14045
18026
14043
14044
14045
14047
14407
14045
14408
18029
14409
18032
14048
16936
14048
16937
14049
14414
16939
14052
16940
14052
19900
14054
14417
16943
14055
16946
14055
16949
14057
14420
16952
14058
16955
14058
16958
14060
14423
16961
14061
16964
14061
16967
14063
14426
16970
14064
16973
14064
16976
14065
14429
16979
16982
14067
19903
14068
14069
14085
19912
14071
14089
14433
19915
14070
14071
18035
14072
14073
19921
14072
14435
19924
14075
14436
19927
14074
14075
18038
16985
14439
19930
14077
14079
14101
19936
14083
14105
14441
19939
14080
14082
19906
14080
14083
14084
14086
14108
14082
14083
18091
14084
14088
14443
19909
14084
14111
14444
14090
14112
14445
14087
14089
14087
14090
14091
14115
14089
14090
19918
14091
14449
14091
14118
14450
14119
14451
14093
14095
14096
14097
14122
19942
14095
19933
14096
14125
14456
14098
14126
14457
19945
14098
16988
14132
14461
16991
14100
14102
14143
19954
14106
14146
14463
19960
14103
14105
14103
14106
14107
14109
14149
14105
14106
19957
14107
14111
14465
14107
14152
14466
14113
14153
14467
14110
14112
14110
14113
14114
14116
14112
14113
14114
14118
14472
14114
14473
14120
14474
14117
14119
14117
14120
14121
14119
14120
14121
14479
14121
14480
14481
14124
14126
14124
14127
14128
14130
14126
14127
14128
14132
14486
14128
14487
14134
14488
14131
14133
19948
14131
14134
14135
14136
14133
14134
14135
14138
14493
19951
14135
14494
14139
14495
14137
14139
14140
14141
14156
19963
14139
16994
14140
14159
14500
14142
14160
14501
19966
14142
18041
14166
14505
16997
14145
14146
18044
14145
14147
18047
14148
14150
14174
14148
14152
14507
19972
14148
14177
14508
19969
14154
14178
14509
14151
14153
14151
14154
14155
14181
14153
14154
14155
14513
14155
14184
14514
14185
14515
14158
14160
14158
14161
14162
14164
14160
14161
14162
14166
14520
14162
14521
14168
14522
14165
14167
18050
14165
14168
14169
14170
14188
14167
14168
14169
14527
17000
14169
14191
14528
14171
14192
14529
14171
18053
14198
14534
19978
14173
14175
14202
19981
14179
14204
14536
19984
14176
14178
14176
14179
14180
14182
14206
14178
14179
19987
14180
14184
14538
14180
14209
14539
14186
14210
14540
14183
14185
14183
14186
14187
14185
14186
14187
14545
14187
14546
14547
14190
14192
14190
14193
14194
14196
14213
14192
14193
14194
14198
14552
14194
14216
14553
14200
14217
14554
14197
14199
19975
14197
14200
14201
14220
17003
14199
14200
14201
14559
17006
14201
14223
14560
14224
14561
17009
14203
14204
18056
14205
14207
14230
19993
14205
14209
14566
19996
14211
14232
14567
19999
14208
14210
14208
14211
14212
14234
14210
14211
14212
14570
14212
14237
14571
14238
14572
14215
14217
14215
14218
14219
14221
14217
14218
14219
14223
14577
14219
14578
14225
14579
14222
14224
14222
14225
14226
14227
14241
14224
14225
14226
14228
14584
14226
14244
14585
14229
14245
14586
14229
17012
14229
19990
14250
14591
17015
14231
14232
18059
14233
14235
14253
20002
14233
14237
14594
20005
14239
14255
14595
20008
14236
14238
14236
14239
14240
14238
14239
14240
14598
14240
14599
14600
14243
14245
14243
14246
14247
14248
14257
14245
14246
14247
14250
14605
14247
14260
14606
14251
14261
14607
14249
14251
14252
14264
20011
14251
17018
14252
14267
14612
14268
14613
17021
14254
14255
18062
14256
14271
20014
14256
14617
20017
14273
14618
20020
14259
14261
14259
14262
14263
14265
14282
14261
14262
14263
14267
14621
14263
14285
14622
14269
14286
14623
14266
14268
18065
14266
14269
14270
14289
17024
14268
14269
14270
14628
17027
14270
14291
14629
14292
14630
17030
14272
14273
18068
14274
14276
14294
20023
14274
14278
14635
20026
14280
14296
14636
20029
14277
14279
14277
14280
14281
14298
14279
14280
14281
14639
14281
14301
14640
14302
14641
14284
14286
14284
14287
14288
14290
14312
14286
14287
14288
14291
14646
14288
14315
14647
14293
14316
14648
14292
18071
14293
17033
14292
14293
14653
17036
14319
14654
17039
14295
14296
18074
14297
14299
17042
14297
14301
14658
20032
14303
14659
17045
14300
14302
14300
14303
14304
14320
14302
14303
14304
14662
14304
14323
14663
14324
14664
14307
14309
14307
14310
14311
14313
14348
14309
14310
14311
14315
14311
14351
14317
14352
14314
14316
14314
14317
14318
17048
14316
14317
14318
14319
14669
14318
14355
14670
14671
17049
17051
14322
14324
14322
14325
20035
14326
14328
14356
14324
14325
20038
14326
14330
14677
14326
14678
17053
14332
14357
14679
14329
14331
14329
14332
14333
14335
14358
14331
14332
14333
14337
14684
14333
14361
14685
14339
14362
14686
14336
14338
14336
14339
14340
14365
14338
14339
14340
14691
14340
14368
14692
14369
14693
14343
14345
14343
14346
14347
14349
14414
14345
14346
14347
14351
14698
14347
14415
14699
14353
14416
14700
14350
14352
14350
14353
18077
14354
17056
14352
14353
14354
14355
14705
14354
14706
17057
14707
17059
17061
14357
17063
14361
14713
20044
14360
14362
14360
14363
20041
14364
14366
17066
14362
14363
14364
14368
14715
14364
14716
20047
14370
14717
17069
14367
14369
14367
14370
14371
14373
14417
14369
14370
14371
14375
14722
14371
14418
14723
14377
14419
14724
14374
14376
14374
14377
14378
14380
14420
14376
14377
14378
14382
14729
14378
14421
14730
14384
14422
14731
14381
14383
14381
14384
14385
14387
14423
14383
14384
14385
14389
14736
14385
14424
14737
14391
14425
14738
14388
14390
14388
14391
14392
14394
14426
14390
14391
14392
14396
14743
14392
14427
14744
14398
14428
14745
14395
14397
14395
14398
14399
14401
14429
14397
14398
14399
14403
14750
14399
14430
14751
14405
14431
14752
14402
14404
14402
14405
14406
14408
17072
14404
14405
14406
14410
14757
14406
14432
14758
14412
14759
17075
14409
14411
14409
14412
18079
14413
17078
14411
14412
14413
14415
14764
14413
14765
18082
14766
17081
14416
18078
14416
17084
14771
17086
14419
17088
14419
20050
14421
14774
17091
14422
17094
14422
17097
14424
14777
17100
14425
17103
14425
17106
14427
14780
17109
14428
17112
14428
17115
14430
14783
17118
14431
17121
14431
17124
14432
14786
17127
17130
14434
14435
14449
20053
14437
14453
20056
14436
14437
18085
14438
14439
20062
14438
20065
14440
20068
14440
18088
17133
14442
14444
14465
20071
14447
14469
20074
14445
14446
18094
14445
14447
18097
14448
14450
14472
14448
14452
20077
14448
14475
20080
14454
14476
14451
14453
14451
14454
14455
14479
14453
14454
20059
14455
14455
14482
14483
14457
14459
14460
14461
14486
20083
14459
17136
14460
14489
14462
14490
20086
14462
17139
14496
20092
14464
14466
14507
20101
14470
14510
20107
14467
14469
14467
14470
14471
14473
14513
14469
14470
20104
14471
14475
14471
14516
14477
14517
14474
14476
14474
14477
14478
14480
14476
14477
14478
14482
14478
14484
14481
14483
14481
14484
14485
14483
14484
14485
14485
14488
14490
14488
14491
14492
14494
14490
14491
14492
14496
14492
14498
14495
14497
20089
14495
14498
14499
14500
14497
14498
14499
14502
20095
14499
14503
14501
14503
14504
14505
14520
20110
14503
20098
14504
14523
14506
14524
20113
14506
18100
14530
20116
14509
14510
18103
14509
14511
20122
14512
14514
14538
14512
14516
20128
14512
14541
20125
14518
14542
14515
14517
14515
14518
14519
14545
14517
14518
14519
14519
14548
14549
14522
14524
14522
14525
14526
14528
14524
14525
14526
14530
14526
14532
14529
14531
18106
14529
14532
14533
14534
14552
14531
14532
14533
20119
14533
14555
14535
14556
14535
17142
14562
17145
14537
14539
14566
20131
14543
14568
20134
14540
14542
14540
14543
14544
14546
14570
14542
14543
20137
14544
14548
14544
14573
14550
14574
14547
14549
14547
14550
14551
14549
14550
14551
14551
14554
14556
14554
14557
14558
14560
14577
14556
14557
14558
14562
14558
14580
14564
14581
14561
14563
18109
14561
14564
14565
14584
17148
14563
14564
14565
17151
14565
14587
14588
17154
14567
14568
18112
14569
14571
14594
20143
14569
14573
20146
14575
14596
20149
14572
14574
14572
14575
14576
14598
14574
14575
14576
14576
14601
14602
14579
14581
14579
14582
14583
14585
14581
14582
14583
14587
14583
14589
14586
14588
14586
14589
14590
14591
14605
14588
14589
14590
14592
14590
14608
14593
14609
14593
17157
14593
20140
14614
17160
14595
14596
18115
14597
14599
14617
20152
14597
14601
20155
14603
14619
20158
14600
14602
14600
14603
14604
14602
14603
14604
14604
14607
14609
14607
14610
14611
14612
14621
14609
14610
14611
14614
14611
14624
14615
14625
14613
14615
14616
14628
17163
14615
17166
14616
14631
14632
17169
14618
14619
18118
14620
14635
20161
14620
20164
14637
20167
14623
14625
14623
14626
14627
14629
14646
14625
14626
14627
14631
14627
14649
14633
14650
14630
14632
18121
14630
14633
14634
14653
17172
14632
14633
14634
17175
14634
14655
14656
17178
14636
14637
18124
14638
14640
14658
20170
14638
14642
20173
14644
14660
20176
14641
14643
14641
14644
14645
14662
14643
14644
14645
14645
14665
14666
14648
14650
14648
14651
14652
14654
14669
14650
14651
14652
14655
14652
14672
14657
14673
14656
18127
14657
17181
14656
14657
17184
14676
17187
14659
14660
18130
14661
14663
20179
14661
14665
20182
14667
20185
14664
14666
14664
14667
14668
14677
14666
14667
14668
14668
14680
14681
14671
14673
14671
14674
14675
17190
14673
14674
14675
14676
14675
14712
17193
17196
14679
14681
14679
14682
18133
14683
14685
14713
14681
14682
20188
14683
14687
14683
17199
14689
14714
14686
14688
14686
14689
14690
14692
14715
14688
14689
14690
14694
14690
14718
14696
14719
14693
14695
14693
14696
14697
14722
14695
14696
14697
14697
14725
14726
14700
14702
14700
14703
14704
14706
14771
14702
14703
14704
14708
14704
14772
14710
14773
14707
14709
14707
14710
18139
14711
17202
14709
14710
14711
14712
14711
17205
17208
17211
14714
18136
14718
20194
14717
14719
14717
14720
20191
14721
14723
17214
14719
14720
14721
14725
14721
20197
14727
17217
14724
14726
14724
14727
14728
14730
14774
14726
14727
14728
14732
14728
14775
14734
14776
14731
14733
14731
14734
14735
14737
14777
14733
14734
14735
14739
14735
14778
14741
14779
14738
14740
14738
14741
14742
14744
14780
14740
14741
14742
14746
14742
14781
14748
14782
14745
14747
14745
14748
14749
14751
14783
14747
14748
14749
14753
14749
14784
14755
14785
14752
14754
14752
14755
14756
14758
14786
14754
14755
14756
14760
14756
14787
14762
14788
14759
14761
14759
14762
18145
14763
14765
17220
14761
14762
14763
14767
14763
17223
14769
17226
14766
14768
14766
14769
18151
14770
18154
14768
14769
14770
14772
14770
18157
17229
14773
18142
14773
17232
17235
14776
17238
14776
17241
14778
17244
14779
17247
14779
17250
14781
17253
14782
17256
14782
17259
14784
17262
14785
17265
14785
17268
14787
17271
14788
18148
14788
17274
17277
14796
16335
16336
16455
16456
16468
14791
19426
19555
19564
20203
14792
19427
19556
19565
20204
19428
19557
19566
20205
14794
16184
16187
16205
16330
14795
16185
16188
16206
16331
16186
16189
16207
16332
16333
16334
17826
14798
18160
18163
18187
14799
18161
18164
18188
18162
18165
18189
14801
18187
18193
18199
14802
18188
18194
18200
18189
18195
18201
14804
18202
18211
18217
14805
18203
18212
18218
18204
18213
18219
14807
17295
17298
18229
14808
17296
17299
18230
17297
17300
18231
14810
18163
18247
18274
18280
14811
18164
18248
18275
18281
18165
18249
18276
18282
14813
14815
14851
15494
15497
15500
14814
14816
14852
15495
15498
15501
14817
14853
15496
15499
15502
14816
15500
18286
14817
15501
18287
15502
18288
14819
18199
18274
18283
18301
14820
18200
18275
18284
18302
18201
18276
18285
18303
14822
18292
18298
18307
14823
18293
18299
18308
18294
18300
18309
14825
17325
18217
18334
18340
14826
17326
18218
18335
18341
17327
18219
18336
18342
14828
15512
15518
18343
14829
15513
15519
18344
15514
15520
18345
14831
17301
17337
18241
18364
18367
14832
17302
17338
18242
18365
18368
17303
17339
18243
18366
18369
14834
15524
18376
18379
14835
15525
18377
18380
15526
18378
18381
14837
14839
14878
15530
15536
18385
14838
14840
14879
15531
15537
18386
14841
14880
15532
15538
18387
14840
15533
15536
14841
15534
15537
15535
15538
14843
15533
15542
15545
14844
15534
15543
15546
15535
15544
15547
14846
15542
15551
15554
14847
15543
15552
15555
15544
15553
15556
14849
18280
18388
18421
18427
14850
18281
18389
18422
18428
18282
18390
18423
18429
14852
14854
14908
15560
18415
18418
14853
14855
14909
15561
18416
18419
14856
14910
15562
18417
18420
14855
15500
18418
18430
14856
15501
18419
18431
15502
18420
18432
14858
18283
18421
18448
18454
14859
18284
18422
18449
18455
18285
18423
18450
18456
14861
18298
18436
18445
18457
14862
18299
18437
18446
18458
18300
18438
18447
18459
14864
18340
18469
18478
18484
14865
18341
18470
18479
18485
18342
18471
18480
18486
14867
15569
15578
18343
18487
14868
15570
15579
18344
18488
15571
15580
18345
18489
14870
17382
17385
18364
18517
18520
14871
17383
17386
18365
18518
18521
17384
17387
18366
18519
18522
14873
15590
15599
15602
14874
15591
15600
15603
15592
15601
15604
14876
17409
18379
18526
18535
14877
17410
18380
18527
18536
17411
18381
18528
18537
14879
14887
14932
15623
15626
18538
14880
14888
14933
15624
15627
18539
14889
14934
15625
15628
18540
14882
15638
15641
17418
14883
15639
15642
17419
15640
15643
17420
14885
15611
15638
15647
14886
15612
15639
15648
15613
15640
15649
14888
15536
15650
18538
14889
15537
15651
18539
15538
15652
18540
14891
15545
15650
15656
15659
14892
15546
15651
15657
15660
15547
15652
15658
15661
14894
15554
15656
15665
15668
14895
15555
15657
15666
15669
15556
15658
15667
15670
14897
15665
15674
15677
14898
15666
15675
15678
15667
15676
15679
14900
15674
15683
15686
14901
15675
15684
15687
15676
15685
15688
14903
15629
15683
15692
14904
15630
15684
15693
15631
15685
15694
14906
18427
18541
18577
18583
14907
18428
18542
18578
18584
18429
18543
18579
18585
14909
14911
14962
18565
18571
18574
14910
14912
14963
18566
18572
18575
14913
14964
18567
18573
18576
14912
18418
18574
18589
14913
18419
18575
18590
18420
18576
18591
14915
18454
18577
18586
18604
14916
18455
18578
18587
18605
18456
18579
18588
18606
14918
15698
18445
18595
18610
14919
15699
18446
18596
18611
15700
18447
18597
18612
14921
18484
18625
18637
18640
14922
18485
18626
18638
18641
18486
18627
18639
18642
14924
15704
15713
18487
18646
14925
15705
15714
18488
18647
15706
15715
18489
18648
14927
15602
15728
15740
17478
14928
15603
15729
15741
17479
15604
15730
15742
17480
14930
18535
18682
18688
18691
14931
18536
18683
18689
18692
18537
18684
18690
18693
14933
14941
14989
15788
17481
18697
14934
14942
14990
15789
17482
18698
14943
14991
15790
17483
18699
14936
15641
15770
15773
15776
14937
15642
15771
15774
15777
15643
15772
15775
15778
14939
15647
15746
15773
15782
14940
15648
15747
15774
15783
15649
15748
15775
15784
14942
15785
15788
18538
14943
15786
15789
18539
15787
15790
18540
14945
15659
15785
15794
15797
14946
15660
15786
15795
15798
15661
15787
15796
15799
14948
15668
15794
15803
15806
14949
15669
15795
15804
15807
15670
15796
15805
15808
14951
15677
15803
15812
15815
14952
15678
15804
15813
15816
15679
15805
15814
15817
14954
15686
15812
15821
15824
14955
15687
15813
15822
15825
15688
15814
15823
15826
14957
15692
15764
15821
15830
14958
15693
15765
15822
15831
15694
15766
15823
15832
14960
18583
18700
18730
18736
14961
18584
18701
18731
18737
18585
18702
18732
18738
14963
14965
15019
15833
15836
18724
14964
14966
15020
15834
15837
18725
14967
15021
15835
15838
18726
14966
15836
18574
18742
14967
15837
18575
18743
15838
18576
18744
14969
18586
18730
18739
18757
14970
18587
18731
18740
18758
18588
18732
18741
18759
14972
15698
18748
18754
18763
14973
15699
18749
18755
18764
15700
18750
18756
18765
14975
17508
18640
18787
18793
14976
17509
18641
18788
18794
17510
18642
18789
18795
14978
15851
15857
18646
18796
14979
15852
15858
18647
18797
15853
15859
18648
18798
14981
17520
18670
18811
18820
14982
17521
18671
18812
18821
17522
18672
18813
18822
14984
15740
15872
15887
17547
14985
15741
15873
15888
17548
15742
15874
15889
17549
14987
15881
18691
18835
18838
14988
15882
18692
18836
18839
15883
18693
18837
18840
14990
14998
15046
15908
15938
18844
14991
14999
15047
15909
15939
18845
15000
15048
15910
15940
18846
14993
15776
15917
15923
15926
14994
15777
15918
15924
15927
15778
15919
15925
15928
14996
15782
15893
15923
15932
14997
15783
15894
15924
15933
15784
15895
15925
15934
14999
15788
15935
15938
15000
15789
15936
15939
15790
15937
15940
15002
15797
15935
15944
15947
15003
15798
15936
15945
15948
15799
15937
15946
15949
15005
15806
15944
15953
15956
15006
15807
15945
15954
15957
15808
15946
15955
15958
15008
15815
15953
15962
15965
15009
15816
15954
15963
15966
15817
15955
15964
15967
15011
15824
15962
15971
15974
15012
15825
15963
15972
15975
15826
15964
15973
15976
15014
15830
15911
15971
15980
15015
15831
15912
15972
15981
15832
15913
15973
15982
15017
18736
18847
18877
18880
15018
18737
18848
18878
18881
18738
18849
18879
18882
15020
15022
15076
15983
15986
18871
15021
15023
15077
15984
15987
18872
15024
15078
15985
15988
18873
15023
15836
15986
18889
15024
15837
15987
18890
15838
15988
18891
15026
18739
18877
18886
18901
15027
18740
18878
18887
18902
18741
18879
18888
18903
15029
15995
18754
18895
18907
15030
15996
18755
18896
18908
15997
18756
18897
18909
15032
18793
18916
18928
18934
15033
18794
18917
18929
18935
18795
18918
18930
18936
15035
16007
16013
18796
18937
15036
16008
16014
18797
18938
16009
16015
18798
18939
15038
15887
16028
16043
16046
15039
15888
16029
16044
16047
15889
16030
16045
16048
15041
16037
18838
18970
18973
15042
16038
18839
18971
18974
16039
18840
18972
18975
15044
15902
16052
16058
17622
15045
15903
16053
16059
17623
15904
16054
16060
17624
15047
15055
16208
17625
18979
18982
19123
15048
15056
16209
17626
18980
18983
19124
15057
16210
17627
18981
18984
19125
15050
15926
16070
16073
17631
15051
15927
16071
16074
17632
15928
16072
16075
17633
15053
15932
16052
16070
16079
15054
15933
16053
16071
16080
15934
16054
16072
16081
15056
15938
16082
18982
15057
15939
16083
18983
15940
16084
18984
15059
15947
16082
16088
16091
15060
15948
16083
16089
16092
15949
16084
16090
16093
15062
15956
16088
16097
16100
15063
15957
16089
16098
16101
15958
16090
16099
16102
15065
15965
16097
16106
16109
15066
15966
16098
16107
16110
15967
16099
16108
16111
15068
15974
16106
16115
16118
15069
15975
16107
16116
16119
15976
16108
16117
16120
15071
15980
16064
16115
16124
15072
15981
16065
16116
16125
15982
16066
16117
16126
15074
18880
18988
19021
19027
15075
18881
18989
19022
19028
18882
18990
19023
19029
15077
15079
15130
16127
19012
19018
15078
15080
15131
16128
19013
19019
15081
15132
16129
19014
19020
15080
15986
16127
19030
15081
15987
16128
19031
15988
16129
19032
15083
18886
19021
19042
19048
15084
18887
19022
19043
19049
18888
19023
19044
19050
15086
15995
16133
19036
19051
15087
15996
16134
19037
19052
15997
16135
19038
19053
15089
18934
19057
19069
19075
15090
18935
19058
19070
19076
18936
19059
19071
19077
15092
16145
16154
18937
19078
15093
16146
16155
18938
19079
16147
16156
18939
19080
15095
16046
16049
16169
16184
16187
15096
16047
16050
16170
16185
16188
16048
16051
16171
16186
16189
15098
16178
18973
19117
19120
15099
16179
18974
19118
19121
16180
18975
19119
19122
15101
16058
16193
16199
16202
15102
16059
16194
16200
16203
16060
16195
16201
16204
15104
16073
16223
16226
17700
15105
16074
16224
16227
17701
16075
16225
16228
17702
15107
16079
16193
16223
16232
15108
16080
16194
16224
16233
16081
16195
16225
16234
15110
16208
16235
18982
19129
15111
16209
16236
18983
19130
16210
16237
18984
19131
15113
16091
16235
16241
16244
15114
16092
16236
16242
16245
16093
16237
16243
16246
15116
16100
16241
16250
16253
15117
16101
16242
16251
16254
16102
16243
16252
16255
15119
16109
16250
16259
16262
15120
16110
16251
16260
16263
16111
16252
16261
16264
15122
16118
16259
16268
16271
15123
16119
16260
16269
16272
16120
16261
16270
16273
15125
16124
16217
16268
16277
15126
16125
16218
16269
16278
16126
16219
16270
16279
15128
19027
19135
19168
19174
15129
19028
19136
19169
19175
19029
19137
19170
19176
15131
15133
15184
16280
19162
19165
15132
15134
15185
16281
19163
19166
15135
15186
16282
19164
19167
15134
16127
19165
19177
15135
16128
19166
19178
16129
19167
19179
15137
19048
19168
19189
19195
15138
19049
19169
19190
19196
19050
19170
19191
19197
15140
16133
16286
19183
19198
15141
16134
16287
19184
19199
16135
16288
19185
19200
15143
19075
19204
19219
19225
15144
19076
19205
19220
19226
19077
19206
19221
19227
15146
16295
16304
16307
19078
15147
16296
16305
16308
19079
16297
16306
16309
19080
15149
16187
16322
16330
16335
15150
16188
16323
16331
16335
16189
16324
16332
16336
15152
17757
19120
19270
19279
15153
17758
19121
19271
19280
17759
19122
19272
19281
15155
16202
16337
16343
16346
15156
16203
16338
16344
16346
16204
16339
16345
16347
15158
16226
16362
16365
16368
15159
16227
16363
16366
16369
16228
16364
16367
16370
15161
16232
16337
16365
16374
15162
16233
16338
16366
16375
16234
16339
16367
16376
15164
16350
16377
16380
19129
15165
16351
16378
16381
19130
16352
16379
16382
19131
15167
16244
16377
16386
16389
15168
16245
16378
16387
16390
16246
16379
16388
16391
15170
16253
16386
16395
16398
15171
16254
16387
16396
16399
16255
16388
16397
16400
15173
16262
16395
16404
16407
15174
16263
16396
16405
16408
16264
16397
16406
16409
15176
16271
16404
16413
16416
15177
16272
16405
16414
16417
16273
16406
16415
16418
15179
16277
16356
16413
16422
15180
16278
16357
16414
16423
16279
16358
16415
16424
15182
19174
19294
19330
19333
15183
19175
19295
19331
19334
19176
19296
19332
19335
15185
15187
15234
19318
19324
19327
15186
15188
15235
19319
19325
19328
15189
15236
19320
19326
19329
15188
19165
19327
19342
15189
19166
19328
19343
19167
19329
19344
15191
19195
19330
19339
19357
15192
19196
19331
19340
19358
19197
19332
19341
19359
15194
16286
16425
19348
19363
15195
16287
16426
19349
19364
16288
16427
19350
19365
15197
19225
19375
19387
19393
15198
19226
19376
19388
19394
19227
19377
19389
19395
15200
16307
16434
16440
16443
15201
16308
16435
16441
16444
16309
16436
16442
16445
15203
16462
19279
19441
19444
15204
16463
19280
19442
19445
16464
19281
19443
19446
15206
16346
16472
16473
16478
17826
16347
16474
16479
17826
15208
16368
16499
16505
16508
15209
16369
16500
16506
16509
16370
16501
16507
16510
15211
16374
16472
16505
16514
15212
16375
16473
16506
16515
16376
16474
16507
16516
15214
16380
16484
16517
16520
15215
16381
16485
16518
16521
16382
16486
16519
16522
15217
16389
16517
16526
16529
15218
16390
16518
16527
16530
16391
16519
16528
16531
15220
16398
16526
16535
16538
15221
16399
16527
16536
16539
16400
16528
16537
16540
15223
16407
16535
16544
16547
15224
16408
16536
16545
16548
16409
16537
16546
16549
15226
16416
16544
16553
16556
15227
16417
16545
16554
16557
16418
16546
16555
16558
15229
16422
16493
16553
16562
15230
16423
16494
16554
16563
16424
16495
16555
16564
15232
19333
19450
19477
19483
15233
19334
19451
19478
19484
19335
19452
19479
19485
15235
15237
15285
16565
16568
16571
15236
15238
15286
16566
16569
16572
15239
15287
16567
16570
16573
15238
16571
19327
19489
15239
16572
19328
19490
16573
19329
19491
15241
19339
19477
19486
19507
15242
19340
19478
19487
19508
19341
19479
19488
19509
15244
16425
19495
19504
19513
15245
16426
19496
19505
19514
16427
19497
19506
19515
15247
17854
19393
19537
19540
15248
17855
19394
19538
19541
17856
19395
19539
19542
15250
16443
16583
16589
16592
15251
16444
16584
16590
16593
16445
16585
16591
16594
16468
16610
16611
16620
16621
16622
15254
16617
19444
19582
19585
15255
16618
19445
19583
19586
16619
19446
19584
19587
15257
16478
16628
16629
16634
17887
16479
16630
16635
17887
15259
16508
16656
16662
16665
15260
16509
16657
16663
16666
16510
16658
16664
16667
15262
16514
16628
16662
16671
15263
16515
16629
16663
16672
16516
16630
16664
16673
15265
16520
16641
16674
16677
15266
16521
16642
16675
16678
16522
16643
16676
16679
15268
16529
16674
16683
16686
15269
16530
16675
16684
16687
16531
16676
16685
16688
15271
16538
16683
16692
16695
15272
16539
16684
16693
16696
16540
16685
16694
16697
15274
16547
16692
16701
16704
15275
16548
16693
16702
16705
16549
16694
16703
16706
15277
16556
16701
16710
16713
15278
16557
16702
16711
16714
16558
16703
16712
16715
15280
16562
16650
16710
16719
15281
16563
16651
16711
16720
16564
16652
16712
16721
15283
19483
19591
19618
19624
15284
19484
19592
19619
19625
19485
19593
19620
19626
15286
15288
15339
16722
16725
16728
15287
15289
15340
16723
16726
16729
15290
15341
16724
16727
16730
15289
16571
16728
19630
15290
16572
16729
19631
16573
16730
19632
15292
19486
19618
19627
19648
15293
19487
19619
19628
19649
19488
19620
19629
19650
15295
19504
19636
19645
19654
15296
19505
19637
19646
19655
19506
19638
19647
19656
15298
19540
19663
19681
19684
15299
19541
19664
19682
19685
19542
19665
19683
19686
15301
16592
16737
16743
16746
15302
16593
16738
16744
16747
16594
16739
16745
16748
15304
16621
16761
16775
16778
15305
16621
16762
16776
16778
16622
16763
16777
16779
15307
16770
17957
19585
19729
15308
16771
17958
19586
19730
16772
17959
19587
19731
15310
16634
16783
16788
17954
15311
16634
16784
16788
17955
16635
16785
16789
17956
15313
16665
16807
16813
16816
15314
16666
16808
16814
16816
16667
16809
16815
16817
15316
16671
16783
16813
16820
15317
16672
16784
16814
16820
16673
16785
16815
16821
15319
16677
16795
16822
19735
15320
16678
16796
16823
19736
16679
16797
16824
19737
15322
16686
16822
16828
16831
15323
16687
16823
16829
16832
16688
16824
16830
16833
15325
16695
16828
16837
16840
15326
16696
16829
16838
16841
16697
16830
16839
16842
15328
16704
16837
16846
16849
15329
16705
16838
16847
16850
16706
16839
16848
16851
15331
16713
16846
16855
16858
15332
16714
16847
16856
16859
16715
16848
16857
16860
15334
16719
16801
16855
16864
15335
16720
16802
16856
16865
16721
16803
16857
16866
15337
19624
19738
19765
19771
15338
19625
19739
19766
19772
19626
19740
19767
19773
15340
15342
15393
16867
16870
16873
15341
15343
15394
16868
16871
16874
15344
15395
16869
16872
16875
15343
16728
16873
19777
15344
16729
16874
19778
16730
16875
19779
15346
19627
19765
19774
19792
15347
19628
19766
19775
19793
19629
19767
19776
19794
15349
16876
19645
19783
19798
15350
16877
19646
19784
19799
16878
19647
19785
19800
15352
19684
19807
19822
19825
15353
19685
19808
19823
19826
19686
19809
19824
19827
15355
16746
16888
16894
19831
15356
16747
16889
16895
19832
16748
16890
16896
19833
15358
16755
16894
16900
19852
15359
16756
16895
16901
19853
16757
16896
16902
19854
15361
16778
16903
16904
16912
16914
16779
16905
16912
16915
15363
19729
19876
19885
19888
15364
19730
19877
19886
19889
19731
19878
19887
19890
16788
16789
16919
16920
15367
16816
16936
16937
18026
18027
16817
16936
16938
18028
16820
16821
16919
16936
15370
16924
16940
19735
19900
15371
16925
16941
19736
19901
16926
16942
19737
19902
15373
16831
16940
16946
16949
15374
16832
16941
16947
16950
16833
16942
16948
16951
15376
16840
16946
16955
16958
15377
16841
16947
16956
16959
16842
16948
16957
16960
15379
16849
16955
16964
16967
15380
16850
16956
16965
16968
16851
16957
16966
16969
15382
16858
16964
16973
16976
15383
16859
16965
16974
16977
16860
16966
16975
16978
15385
16864
16930
16973
16982
15386
16865
16931
16974
16983
16866
16932
16975
16984
15388
18091
19771
19906
19936
15389
18092
19772
19907
19937
18093
19773
19908
19938
15391
15393
15443
16985
19930
15392
15394
15444
16986
19931
15395
15445
16987
19932
15394
15396
15446
16985
19933
15395
15397
15447
16986
19934
15398
15448
16987
19935
15397
16873
19933
19942
15398
16874
19934
19943
16875
19935
19944
15400
19774
19936
19954
19957
15401
19775
19937
19955
19958
19776
19938
19956
19959
15403
16876
16994
19948
19963
15404
16877
16995
19949
19964
16878
16996
19950
19965
15406
18047
19825
19981
19987
15407
18048
19826
19982
19988
18049
19827
19983
19989
15409
17003
17012
19831
19990
15410
17004
17013
19832
19991
17005
17014
19833
19992
15412
16900
17012
17018
20011
15413
16901
17013
17019
20012
16902
17014
17020
20013
15415
16914
17033
17034
17048
17051
16915
17035
17048
17052
15417
17042
19888
20035
20038
15418
17043
19889
20036
20039
17044
19890
20037
20040
17048
17056
17061
17062
15421
16937
17078
17079
17084
18078
16938
17080
17085
18078
15423
17066
17088
19900
20050
15424
17067
17089
19901
20051
17068
17090
19902
20052
15426
16949
17088
17094
17097
15427
16950
17089
17095
17098
16951
17090
17096
17099
15429
16958
17094
17103
17106
15430
16959
17095
17104
17107
16960
17096
17105
17108
15432
16967
17103
17112
17115
15433
16968
17104
17113
17116
16969
17105
17114
17117
15435
16976
17112
17121
17124
15436
16977
17113
17122
17125
16978
17114
17123
17126
15438
16982
17072
17121
17130
15439
16983
17073
17122
17131
16984
17074
17123
17132
15441
18094
19918
20053
20059
15442
18095
19919
20054
20060
18096
19920
20055
20061
15444
15446
17133
18088
15445
15447
17134
18089
15448
17135
18090
15447
15449
17136
15448
15450
17137
15451
17138
15450
17136
19933
20083
15451
17137
19934
20084
17138
19935
20085
15453
19957
20071
20101
20104
15454
19958
20072
20102
20105
19959
20073
20103
20106
15456
16994
20089
20098
20110
15457
16995
20090
20099
20111
16996
20091
20100
20112
15459
19987
20122
20131
20137
15460
19988
20123
20132
20138
19989
20124
20133
20139
15462
17148
17157
19990
20140
15463
17149
17158
19991
20141
17150
17159
19992
20142
15465
17018
17157
17163
17166
15466
17019
17158
17164
17167
17020
17159
17165
17168
15468
17051
17181
17190
17196
15469
17051
17182
17191
17197
17052
17183
17192
17198
15471
18133
20038
20179
20188
15472
18134
20039
20180
20189
18135
20040
20181
20190
15474
17061
17190
17202
17211
15475
17061
17191
17203
17212
17062
17192
17204
17213
15477
17084
17232
18142
18154
15478
17084
17233
18143
18155
17085
17234
18144
18156
15480
17214
17238
17241
20050
15481
17215
17239
17242
20051
17216
17240
17243
20052
15483
17097
17238
17247
17250
15484
17098
17239
17248
17251
17099
17240
17249
17252
15486
17106
17247
17256
17259
15487
17107
17248
17257
17260
17108
17249
17258
17261
15489
17115
17256
17265
17268
15490
17116
17257
17266
17269
17117
17258
17267
17270
15492
17124
17265
17274
18148
15493
17125
17266
17275
18149
17126
17267
17276
18150
15495
15497
17313
15496
15498
17314
15499
17315
15498
15560
18271
15499
15561
18272
15562
18273
15501
18289
15502
18290
18291
15504
17316
17358
18289
18295
15505
17317
17359
18290
18296
17318
17360
18291
18297
15507
18313
18316
18328
18463
15508
18314
18317
18329
18464
18315
18318
18330
18465
15510
18313
18325
18328
15511
18314
18326
18329
18315
18327
18330
15513
15515
18325
15514
15516
18326
15517
18327
15516
15569
18331
18343
15517
15570
18332
18344
15571
18333
18345
15519
15521
15520
15522
15523
15522
15578
18343
15523
15579
18344
15580
18345
15525
15527
17346
15526
15528
17347
15529
17348
15528
18373
18379
18526
15529
18374
18380
18527
18375
18381
18528
15531
18376
18385
15532
18377
18386
18378
18387
15534
15539
15535
15540
15541
15537
15539
15538
15540
15541
15540
15545
15650
15541
15546
15651
15547
15652
15543
15548
15544
15549
15550
15546
15548
15547
15549
15550
15549
15554
15656
15550
15555
15657
15556
15658
15552
15557
15553
15558
15559
15555
15557
15556
15558
15559
15558
15665
15559
15666
15667
15561
17355
18415
15562
17356
18416
17357
18417
15564
15566
18463
18466
18616
15565
15567
18464
18467
18617
15568
18465
18468
18618
15567
15572
17367
17436
15568
15573
17368
17437
15574
17369
17438
15570
15575
17370
15571
15576
17371
15577
17372
15573
15575
17370
17439
15574
15576
17371
17440
15577
17372
17441
15576
15704
18487
15577
15705
18488
15706
18489
15579
15581
18499
15580
15582
18500
15583
18501
15582
15713
18487
18502
15583
15714
18488
18503
15715
18489
18504
15585
15587
17388
18499
15586
15588
17389
18500
15589
17390
18501
15588
15719
17394
18502
15589
15720
17395
18503
15721
17396
18504
15591
15596
17400
15592
15597
17401
15598
17402
15594
15596
15725
17397
17400
15595
15597
15726
17398
17401
15598
15727
17399
17402
15597
15602
15728
15598
15603
15729
15604
15730
15600
15605
17406
15601
15606
17407
15607
17408
15603
15605
15604
15606
15607
15606
15617
17478
15607
15618
17479
15619
17480
15609
15626
17409
18535
18688
15610
15627
17410
18536
18689
15628
17411
18537
18690
15612
15614
17412
15613
15615
17413
15616
17414
15615
15620
15647
15746
15616
15621
15648
15747
15622
15649
15748
15618
15620
15752
17406
15619
15621
15753
17407
15622
15754
17408
15621
15755
17412
15622
15756
17413
15757
17414
15624
15626
17409
18385
15625
15627
17410
18386
15628
17411
18387
15627
17481
15628
17482
17483
15630
15632
17415
15631
15633
17416
15634
17417
15633
15692
15764
17421
15634
15693
15765
17422
15694
15766
17423
15636
15641
15770
17418
17421
15637
15642
15771
17419
17422
15643
15772
17420
17423
15639
15644
15640
15645
15646
15642
15644
15643
15645
15646
15645
15647
15773
15646
15648
15774
15649
15775
15648
15649
15651
15653
15652
15654
15655
15654
15659
15785
18538
15655
15660
15786
18539
15661
15787
18540
15657
15662
15658
15663
15664
15660
15662
15661
15663
15664
15663
15668
15794
15664
15669
15795
15670
15796
15666
15671
15667
15672
15673
15669
15671
15670
15672
15673
15672
15677
15803
15673
15678
15804
15679
15805
15675
15680
15676
15681
15682
15678
15680
15679
15681
15682
15681
15686
15812
15682
15687
15813
15688
15814
15684
15689
15685
15690
15691
15687
15689
15688
15690
15691
15690
15692
15821
15691
15693
15822
15694
15823
15693
15694
15696
18439
18589
18595
18598
15697
18440
18590
18596
18599
18441
18591
18597
18600
15699
18601
18613
15700
18602
18614
18603
18615
15702
18466
18610
18616
18619
15703
18467
18611
18617
18620
18468
18612
18618
18621
15705
15710
17439
15706
15711
17440
15712
17441
15708
15710
17439
18634
18778
15709
15711
17440
18635
18779
15712
17441
18636
18780
15711
15851
18646
15712
15852
18647
15853
18648
15714
15716
17448
15715
15717
17449
15718
17450
15717
15857
18646
18658
15718
15858
18647
18659
15859
18648
18660
15720
15722
17448
17457
15721
15723
17449
17458
15724
17450
17459
15723
15863
17463
18658
15724
15864
17464
18659
15865
17465
18660
15726
15728
15731
17460
15727
15729
15732
17461
15730
15733
17462
15729
15734
15730
15735
15736
15732
15734
17466
17541
15733
15735
17467
17542
15736
17468
17543
15735
15740
15872
15736
15741
15873
15742
15874
15738
15881
18682
18685
18691
15739
15882
18683
18686
18692
15883
18684
18687
18693
15741
15743
15742
15744
15745
15744
15758
17478
17547
15745
15759
17479
17548
15760
17480
17549
15747
15749
15755
15748
15750
15756
15751
15757
15750
15761
15782
15893
15751
15762
15783
15894
15763
15784
15895
15753
15755
15758
17478
15754
15756
15759
17479
15757
15760
17480
15756
15761
15757
15762
15763
15759
15761
17550
15760
15762
17551
15763
17552
15762
15899
15763
15900
15901
15765
15767
17484
15766
15768
17485
15769
17486
15768
15830
15911
17487
15769
15831
15912
17488
15832
15913
17489
15771
17484
17490
15772
17485
17491
17486
17492
15774
15779
15775
15780
15781
15777
15779
17490
15778
15780
17491
15781
17492
15780
15782
15923
15781
15783
15924
15784
15925
15783
15784
15786
15791
15787
15792
15793
15789
15791
15790
15792
15793
15792
15797
15935
15793
15798
15936
15799
15937
15795
15800
15796
15801
15802
15798
15800
15799
15801
15802
15801
15806
15944
15802
15807
15945
15808
15946
15804
15809
15805
15810
15811
15807
15809
15808
15810
15811
15810
15815
15953
15811
15816
15954
15817
15955
15813
15818
15814
15819
15820
15816
15818
15817
15819
15820
15819
15824
15962
15820
15825
15963
15826
15964
15822
15827
15823
15828
15829
15825
15827
15826
15828
15829
15828
15830
15971
15829
15831
15972
15832
15973
15831
15832
15834
18724
18727
18871
15835
18725
18728
18872
18726
18729
18873
15837
18745
15838
18746
18747
15840
15989
17502
18745
18751
15841
15990
17503
18746
18752
15991
17504
18747
18753
15843
15845
18619
18763
18769
15844
15846
18620
18764
18770
15847
18621
18765
18771
15846
15848
17568
18766
15847
15849
17569
18767
15850
17570
18768
15849
17574
18769
18781
15850
17575
18770
18782
17576
18771
18783
15852
15854
18778
15853
15855
18779
15856
18780
15855
16007
18784
18796
15856
16008
18785
18797
16009
18786
18798
15858
15860
18808
15859
15861
18809
15862
18810
15861
15866
16013
18796
15862
15867
16014
18797
15868
16015
18798
15864
15869
17526
18808
15865
15870
17527
18809
15871
17528
18810
15867
15869
17586
18808
15868
15870
17587
18809
15871
17588
18810
15870
16019
17532
15871
16020
17533
16021
17534
15873
15878
17541
15874
15879
17542
15880
17543
15876
15878
17535
17541
17616
15877
15879
17536
17542
17617
15880
17537
17543
17618
15879
15887
16028
15880
15888
16029
15889
16030
15882
15884
17544
15883
15885
17545
15886
17546
15885
16037
18832
18838
15886
16038
18833
18839
16039
18834
18840
15888
15890
15889
15891
15892
15891
15905
16043
17547
15892
15906
16044
17548
15907
16045
17549
15894
15896
15899
15895
15897
15900
15898
15901
15897
15899
15902
15932
16052
15898
15900
15903
15933
16053
15901
15904
15934
16054
15900
15902
17550
15901
15903
17551
15904
17552
15903
15905
15904
15906
15907
15906
17550
17622
15907
17551
17623
17552
17624
15909
18697
18835
18844
15910
18698
18836
18845
18699
18837
18846
15912
15914
17553
15913
15915
17554
15916
17555
15915
15980
16064
17556
15916
15981
16065
17557
15982
16066
17558
15918
15920
17490
17553
15919
15921
17491
17554
15922
17492
17555
15921
15926
17556
17631
15922
15927
17557
17632
15928
17558
17633
15924
15929
15925
15930
15931
15927
15929
15928
15930
15931
15930
15932
16070
15931
15933
16071
15934
16072
15933
15934
15936
15941
15937
15942
15943
15939
15941
15940
15942
15943
15942
15947
16082
15943
15948
16083
15949
16084
15945
15950
15946
15951
15952
15948
15950
15949
15951
15952
15951
15956
16088
15952
15957
16089
15958
16090
15954
15959
15955
15960
15961
15957
15959
15958
15960
15961
15960
15965
16097
15961
15966
16098
15967
16099
15963
15968
15964
15969
15970
15966
15968
15967
15969
15970
15969
15974
16106
15970
15975
16107
15976
16108
15972
15977
15973
15978
15979
15975
15977
15976
15978
15979
15978
15980
16115
15979
15981
16116
15982
16117
15981
15982
15984
18871
18874
19012
15985
18872
18875
19013
18873
18876
19014
15987
18892
15988
18893
18894
15990
15992
18889
18895
15991
15993
18890
18896
15994
18891
18897
15993
17646
18892
18898
15994
17647
18893
18899
17648
18894
18900
15996
18898
18910
15997
18899
18911
18900
18912
15999
16004
17574
17655
18913
16000
16005
17575
17656
18914
16006
17576
17657
18915
16002
16004
17574
17577
18781
16003
16005
17575
17578
18782
16006
17576
17579
18783
16005
17658
18925
16006
17659
18926
17660
18927
16008
16010
17577
16009
16011
17578
16012
17579
16011
16145
18925
18937
16012
16146
18926
18938
16147
18927
18939
16014
16016
17586
16015
16017
17587
16018
17588
16017
16022
16154
18937
16018
16023
16155
18938
16024
16156
18939
16020
16025
17586
17598
16021
16026
17587
17599
16027
17588
17600
16023
16025
17586
19090
16024
16026
17587
19091
16027
17588
19092
16026
16160
17604
16027
16161
17605
16162
17606
16029
16034
17616
16030
16035
17617
16036
17618
16032
16034
17607
17616
17688
16033
16035
17608
17617
17689
16036
17609
17618
17690
16035
16046
16169
16036
16047
16170
16048
16171
16038
16040
17619
16039
16041
17620
16042
17621
16041
16178
18967
18973
16042
16179
18968
18974
16180
18969
18975
16044
16049
17622
16045
16050
17623
16051
17624
16047
16049
16048
16050
16051
16050
16061
16184
16051
16062
16185
16063
16186
16053
16055
16054
16056
16057
16056
16058
16079
16193
16057
16059
16080
16194
16060
16081
16195
16059
16061
16060
16062
16063
16062
16199
17622
16063
16200
17623
16201
17624
16065
16067
17628
16066
16068
17629
16069
17630
16068
16124
16217
17634
16069
16125
16218
17635
16126
16219
17636
16071
16076
16072
16077
16078
16074
16076
17637
16075
16077
17638
16078
17639
16077
16079
16223
16078
16080
16224
16081
16225
16080
16081
16083
16085
16084
16086
16087
16086
16091
16235
18982
16087
16092
16236
18983
16093
16237
18984
16089
16094
16090
16095
16096
16092
16094
16093
16095
16096
16095
16100
16241
16096
16101
16242
16102
16243
16098
16103
16099
16104
16105
16101
16103
16102
16104
16105
16104
16109
16250
16105
16110
16251
16111
16252
16107
16112
16108
16113
16114
16110
16112
16111
16113
16114
16113
16118
16259
16114
16119
16260
16120
16261
16116
16121
16117
16122
16123
16119
16121
16120
16122
16123
16122
16124
16268
16123
16125
16269
16126
16270
16125
16126
16128
19033
16129
19034
19035
16131
17646
17715
19033
19039
16132
17647
17716
19034
19040
17648
17717
19035
19041
16134
19039
19054
16135
19040
19055
19041
19056
16137
16139
17649
17718
19054
16138
16140
17650
17719
19055
16141
17651
17720
19056
16140
16142
17655
17724
16141
16143
17656
17725
16144
17657
17726
16143
16148
17658
17727
16144
16149
17659
17728
16150
17660
17729
16146
16151
19066
16147
16152
19067
16153
19068
16149
16151
19066
19213
16150
16152
19067
19214
16153
19068
19215
16152
16295
19078
16153
16296
19079
16297
19080
16155
16157
19090
16156
16158
19091
16159
19092
16158
16163
16304
19078
16159
16164
16305
19079
16165
16306
19080
16161
16166
17670
19090
16162
16167
17671
19091
16168
17672
19092
16164
16166
19090
19237
16165
16167
19091
19238
16168
19092
19239
16167
16313
17676
16168
16314
17677
16315
17678
16170
16175
17688
16171
16176
17689
16177
17690
16173
16175
16319
17679
17688
16174
16176
16320
17680
17689
16177
16321
17681
17690
16176
16187
16322
16177
16188
16323
16189
16324
16179
16181
17691
16180
16182
17692
16183
17693
16182
19114
19120
19270
16183
19115
19121
19271
19116
19122
19272
16185
16199
16186
16200
16201
16188
16189
16191
17757
19117
19120
19126
16192
17758
19118
19121
19127
17759
19119
19122
19128
16194
16196
16195
16197
16198
16197
16202
16232
16337
16198
16203
16233
16338
16204
16234
16339
16200
16205
16201
16206
16207
16203
16205
16204
16206
16207
16206
16343
16207
16344
16345
16209
16214
19123
16210
16215
19124
16216
19125
16212
16214
19123
19126
19285
16213
16215
19124
19127
19286
16216
19125
19128
19287
16215
16350
19129
16216
16351
19130
16352
19131
16218
16220
17697
16219
16221
17698
16222
17699
16221
16277
16356
17703
16222
16278
16357
17704
16279
16358
17705
16224
16229
16225
16230
16231
16227
16229
17706
16228
16230
17707
16231
17708
16230
16232
16365
16231
16233
16366
16234
16367
16233
16234
16236
16238
16237
16239
16240
16239
16244
16377
19129
16240
16245
16378
19130
16246
16379
19131
16242
16247
16243
16248
16249
16245
16247
16246
16248
16249
16248
16253
16386
16249
16254
16387
16255
16388
16251
16256
16252
16257
16258
16254
16256
16255
16257
16258
16257
16262
16395
16258
16263
16396
16264
16397
16260
16265
16261
16266
16267
16263
16265
16264
16266
16267
16266
16271
16404
16267
16272
16405
16273
16406
16269
16274
16270
16275
16276
16272
16274
16273
16275
16276
16275
16277
16413
16276
16278
16414
16279
16415
16278
16279
16281
17712
19018
19162
16282
17713
19019
19163
17714
19020
19164
16284
17715
17781
19180
19186
16285
17716
17782
19181
19187
17717
17783
19182
19188
16287
19186
19201
16288
19187
19202
19188
19203
16290
16292
16428
17718
19201
16291
16293
16429
17719
19202
16294
16430
17720
19203
16293
17724
17787
19216
16294
17725
17788
19217
17726
17789
19218
16296
16301
19213
16297
16302
19214
16303
19215
16299
16301
17793
19213
19216
16300
16302
17794
19214
19217
16303
17795
19215
19218
16302
16307
16434
16303
16308
16435
16309
16436
16305
16310
19237
16306
16311
19238
16312
19239
16308
16310
16309
16311
16312
16311
16440
19240
16312
16441
19241
16442
19242
16314
16316
17739
19237
16315
16317
17740
19238
16318
17741
19239
16317
16449
17745
19240
16318
16450
17746
19241
16451
17747
19242
16320
16322
16325
17742
16321
16323
16326
17743
16324
16327
17744
16323
16328
16324
16328
16329
16326
16328
17748
17820
16327
16328
17749
17821
16329
17750
17822
16329
16335
16455
16336
16456
16331
16333
16343
16332
16333
16344
16334
16345
16334
16335
16348
16336
16349
16336
16338
16340
16339
16341
16342
16341
16346
16374
16472
16342
16346
16375
16473
16347
16376
16474
16344
16348
16345
16348
16349
16347
16348
16349
16349
17826
17826
16351
16353
19285
16352
16354
19286
16355
19287
16354
16380
16484
19291
16355
16381
16485
19292
16382
16486
19293
16357
16359
17763
16358
16360
17764
16361
17765
16360
16422
16493
17766
16361
16423
16494
17767
16424
16495
17768
16363
17706
17763
17769
16364
17707
17764
17770
17708
17765
17771
16366
16371
16367
16372
16373
16369
16371
17769
16370
16372
17770
16373
17771
16372
16374
16505
16373
16375
16506
16376
16507
16375
16376
16378
16383
16379
16384
16385
16381
16383
16382
16384
16385
16384
16389
16517
16385
16390
16518
16391
16519
16387
16392
16388
16393
16394
16390
16392
16391
16393
16394
16393
16398
16526
16394
16399
16527
16400
16528
16396
16401
16397
16402
16403
16399
16401
16400
16402
16403
16402
16407
16535
16403
16408
16536
16409
16537
16405
16410
16406
16411
16412
16408
16410
16409
16411
16412
16411
16416
16544
16412
16417
16545
16418
16546
16414
16419
16415
16420
16421
16417
16419
16418
16420
16421
16420
16422
16553
16421
16423
16554
16424
16555
16423
16424
16426
19354
19366
16427
19355
19367
19356
19368
16429
17787
19363
19369
16430
17788
19364
19370
17789
19365
19371
16432
16580
17790
19372
19384
16433
16581
17791
19373
19385
16582
17792
19374
19386
16435
16437
17793
16436
16438
17794
16439
17795
16438
16443
16583
19384
16439
16444
16584
19385
16445
16585
19386
16441
16446
19405
16442
16447
19406
16448
19407
16444
16446
16445
16447
16448
16447
16589
19408
16448
16590
19409
16591
19410
16450
16452
17805
19405
16451
16453
17806
19406
16454
17807
19407
16453
16598
17811
19408
16454
16599
17812
19409
16600
17813
19410
16456
16460
17820
17821
16461
17822
16458
16460
17814
17820
17881
16459
16460
17815
17821
17882
16461
17816
17822
17883
16461
16468
16610
16468
16611
16463
16465
17823
19276
16464
16466
17824
19277
16467
17825
19278
16466
16617
19438
19444
16467
16618
19439
19445
16619
19440
19446
16470
16481
19441
19444
19582
16471
16482
19442
19445
19583
16483
19443
19446
19584
16473
16475
16474
16476
16477
16476
16478
16514
16628
16477
16478
16515
16629
16479
16516
16630
16479
16480
16480
17826
17887
16482
16487
17827
17888
16483
16488
17828
17889
16489
17829
17890
16485
16490
17830
16486
16491
17831
16492
17832
16488
16490
17830
17891
16489
16491
17831
17892
16492
17832
17893
16491
16520
16641
16492
16521
16642
16522
16643
16494
16496
17833
16495
16497
17834
16498
17835
16497
16562
16650
17836
16498
16563
16651
17837
16564
16652
17838
16500
16502
17769
17833
16501
16503
17770
17834
16504
17771
17835
16503
16508
16656
17836
16504
16509
16657
17837
16510
16658
17838
16506
16511
16507
16512
16513
16509
16511
16510
16512
16513
16512
16514
16662
16513
16515
16663
16516
16664
16515
16516
16518
16523
16519
16524
16525
16521
16523
16522
16524
16525
16524
16529
16674
16525
16530
16675
16531
16676
16527
16532
16528
16533
16534
16530
16532
16531
16533
16534
16533
16538
16683
16534
16539
16684
16540
16685
16536
16541
16537
16542
16543
16539
16541
16540
16542
16543
16542
16547
16692
16543
16548
16693
16549
16694
16545
16550
16546
16551
16552
16548
16550
16549
16551
16552
16551
16556
16701
16552
16557
16702
16558
16703
16554
16559
16555
16560
16561
16557
16559
16558
16560
16561
16560
16562
16710
16561
16563
16711
16564
16712
16563
16564
16566
16568
17842
19324
16567
16569
17843
19325
16570
17844
19326
16569
16722
19474
16570
16723
19475
16724
19476
16572
19492
16573
19493
19494
16575
16577
17848
17909
19516
16576
16578
17849
17910
19517
16579
17850
17911
19518
16578
19519
19531
19660
16579
19520
19532
19661
19521
19533
19662
16581
19519
19528
19531
16582
19520
19529
19532
19521
19530
19533
16584
16586
19528
16585
16587
19529
16588
19530
16587
16592
16737
19534
16588
16593
16738
19535
16594
16739
19536
16590
16595
17863
16591
16596
17864
16597
17865
16593
16595
16594
16596
16597
16596
16601
16743
16597
16602
16744
16603
16745
16599
16604
17863
17866
16600
16605
17864
17867
16606
17865
17868
16602
16604
17863
17924
16603
16605
17864
17925
16606
17865
17926
16605
16752
17872
16606
16753
17873
16754
17874
16608
17942
19426
19564
19570
16609
17943
19427
19565
19571
17944
19428
19566
19572
16611
16615
17881
17882
16616
17883
16613
16615
17875
17881
17948
16614
16615
17876
17882
17949
16616
17877
17883
17950
16616
16621
16761
16762
16622
16763
16618
17884
19579
16619
17885
19580
17886
19581
16623
16624
17887
16622
16623
16624
16624
16636
16775
16776
16637
16777
16626
16638
17957
19582
19585
16627
16639
17958
19583
19586
16640
17959
19584
19587
16629
16631
16630
16632
16633
16632
16634
16671
16783
16633
16634
16672
16784
16635
16673
16785
16635
16636
16637
16637
17887
17954
17955
17887
17956
16639
16644
17888
17960
16640
16645
17889
17961
16646
17890
17962
16642
16647
17891
16643
16648
17892
16649
17893
16645
16647
17891
17963
16646
16648
17892
17964
16649
17893
17965
16648
16677
16795
16649
16678
16796
16679
16797
16651
16653
17894
16652
16654
17895
16655
17896
16654
16719
16801
17897
16655
16720
16802
17898
16721
16803
17899
16657
16659
17894
16658
16660
17895
16661
17896
16660
16665
16807
17897
16661
16666
16808
17898
16667
16809
17899
16663
16668
16664
16669
16670
16666
16668
16667
16669
16670
16669
16671
16813
16670
16672
16814
16673
16815
16672
16673
16675
16680
16676
16681
16682
16678
16680
16679
16681
16682
16681
16686
16822
16682
16687
16823
16688
16824
16684
16689
16685
16690
16691
16687
16689
16688
16690
16691
16690
16695
16828
16691
16696
16829
16697
16830
16693
16698
16694
16699
16700
16696
16698
16697
16699
16700
16699
16704
16837
16700
16705
16838
16706
16839
16702
16707
16703
16708
16709
16705
16707
16706
16708
16709
16708
16713
16846
16709
16714
16847
16715
16848
16711
16716
16712
16717
16718
16714
16716
16715
16717
16718
16717
16719
16855
16718
16720
16856
16721
16857
16720
16721
16723
16725
17903
16724
16726
17904
16727
17905
16726
16867
19615
16727
16868
19616
16869
19617
16729
19633
16730
19634
19635
16732
16734
16879
17909
19657
16733
16735
16880
17910
19658
16736
16881
17911
19659
16735
19660
19675
19804
16736
19661
19676
19805
19662
19677
19806
16738
16740
19672
16739
16741
19673
16742
19674
16741
16746
16888
19678
16742
16747
16889
19679
16748
16890
19680
16744
16749
17924
16745
16750
17925
16751
17926
16747
16749
16748
16750
16751
16750
16755
16894
16751
16756
16895
16757
16896
16753
16758
17924
17930
16754
16759
17925
17931
16760
17926
17932
16756
16758
17924
19852
16757
16759
17925
19853
16760
17926
19854
16759
17936
19852
16760
17937
19853
17938
19854
16762
16767
17948
16763
16768
17949
16769
17950
16765
16767
17939
17948
18017
16766
16768
17940
17949
18018
16769
17941
17950
18019
16768
16778
16903
16769
16778
16904
16779
16905
16771
17951
19579
19726
16772
17952
19580
19727
17953
19581
19728
16774
16775
16776
16778
16790
16912
16777
16779
16791
16912
16776
16778
17954
16777
16778
17955
16779
17956
16779
16781
16792
17957
19729
19885
16782
16793
17958
19730
19886
16794
17959
19731
19887
16784
16786
16785
16786
16787
16787
16788
16820
16919
16789
16821
16919
16789
16790
16791
16791
16920
17954
17955
16920
17956
16793
16921
17960
19732
16794
16922
17961
19733
16923
17962
19734
16796
16798
17963
16797
16799
17964
16800
17965
16799
16924
19732
19735
16800
16925
19733
19736
16926
19734
19737
16802
16804
17966
16803
16805
17967
16806
17968
16805
16864
16930
17969
16806
16865
16931
17970
16866
16932
17971
16808
16810
17966
16809
16811
17967
16812
17968
16811
16816
17969
18026
16812
16816
17970
18027
16817
17971
18028
16814
16818
16815
16818
16819
16817
16818
16819
16819
16820
16936
16821
16936
16821
16823
16825
16824
16826
16827
16826
16831
16940
19735
16827
16832
16941
19736
16833
16942
19737
16829
16834
16830
16835
16836
16832
16834
16833
16835
16836
16835
16840
16946
16836
16841
16947
16842
16948
16838
16843
16839
16844
16845
16841
16843
16842
16844
16845
16844
16849
16955
16845
16850
16956
16851
16957
16847
16852
16848
16853
16854
16850
16852
16851
16853
16854
16853
16858
16964
16854
16859
16965
16860
16966
16856
16861
16857
16862
16863
16859
16861
16860
16862
16863
16862
16864
16973
16863
16865
16974
16866
16975
16865
16866
16868
16870
17978
16869
16871
17979
16872
17980
16871
16985
19762
16872
16986
19763
16987
19764
16874
19780
16875
19781
19782
16877
19789
19801
16878
19790
19802
19791
19803
16880
16882
19798
19804
16881
16883
19799
19805
16884
19800
19806
16883
16885
18041
19801
16884
16886
18042
19802
16887
18043
19803
16886
18050
19804
19816
16887
18051
19805
19817
18052
19806
19818
16889
16891
17990
16890
16892
17991
16893
17992
16892
17003
19819
19831
16893
17004
19820
19832
17005
19821
19833
16895
16897
16896
16898
16899
16898
16900
17012
19831
16899
16901
17013
19832
16902
17014
19833
16901
19855
16902
19856
19857
16904
16909
18017
16905
16910
18018
16911
18019
16907
16909
18011
18017
18071
16908
16910
18012
18018
18072
16911
18013
18019
18073
16910
16914
17033
16911
16914
17034
16915
17035
16913
16920
16914
16915
17048
16915
16917
19885
19888
19894
20035
16918
19886
19889
19895
20036
19887
19890
19896
20037
16922
19885
19891
19894
16923
19886
19892
19895
19887
19893
19896
16925
16927
19891
16926
16928
19892
16929
19893
16928
17066
19897
19900
16929
17067
19898
19901
17068
19899
19902
16931
16933
18023
16932
16934
18024
16935
18025
16934
16982
17072
18029
16935
16983
17073
18030
16984
17074
18031
16939
16938
16939
18032
18033
16939
18034
18078
16941
16943
16942
16944
16945
16944
16949
17088
19900
16945
16950
17089
19901
16951
17090
19902
16947
16952
16948
16953
16954
16950
16952
16951
16953
16954
16953
16958
17094
16954
16959
17095
16960
17096
16956
16961
16957
16962
16963
16959
16961
16960
16962
16963
16962
16967
17103
16963
16968
17104
16969
17105
16965
16970
16966
16971
16972
16968
16970
16969
16971
16972
16971
16976
17112
16972
16977
17113
16978
17114
16974
16979
16975
16980
16981
16977
16979
16978
16980
16981
16980
16982
17121
16981
16983
17122
16984
17123
16983
16984
16986
18038
19930
16987
18039
19931
18040
19932
16989
16991
19786
19942
19948
16990
16992
19787
19943
19949
16993
19788
19944
19950
16992
17139
19945
19951
16993
17140
19946
19952
17141
19947
19953
16995
19951
19966
16996
19952
19967
19953
19968
16998
17000
18041
18100
19966
16999
17001
18042
18101
19967
17002
18043
18102
19968
17001
18050
18106
19978
17002
18051
18107
19979
18052
18108
19980
17004
17009
19975
17005
17010
19976
17011
19977
17007
17009
18109
19975
19978
17008
17010
18110
19976
19979
17011
18111
19977
19980
17010
17148
19990
17011
17149
19991
17150
19992
17013
17015
17014
17016
17017
17016
17018
17157
19990
17017
17019
17158
19991
17020
17159
19992
17019
17021
17020
17022
17023
17022
17027
17163
20011
17023
17028
17164
20012
17029
17165
20013
17025
17030
18011
18065
18071
17026
17031
18012
18066
18072
17032
18013
18067
18073
17028
17030
18065
18121
17029
17031
18066
18122
17032
18067
18123
17031
17036
17172
17032
17037
17173
17038
17174
17034
17039
18071
17035
17040
18072
17041
18073
17037
17039
18071
18127
17038
17040
18072
18128
17041
18073
18129
17040
17051
17181
17041
17051
17182
17052
17183
17043
17045
18074
19882
17044
17046
18075
19883
17047
18076
19884
17046
20032
20038
20179
17047
20033
20039
20180
20034
20040
20181
17049
17050
17050
17051
17061
17190
17191
17052
17062
17192
17052
17054
18133
20035
20038
20044
17055
18134
20036
20039
20045
18135
20037
20040
20046
17059
17060
18077
17058
17059
17086
18077
18139
18140
17060
17087
18077
18141
17060
17061
17202
17203
17062
17204
17062
17064
19894
20035
20041
20044
17065
19895
20036
20042
20045
19896
20037
20043
20046
17067
17069
20041
17068
17070
20042
17071
20043
17070
17214
20047
20050
17071
17215
20048
20051
17216
20049
20052
17073
17075
18079
17074
17076
18080
17077
18081
17076
17130
17220
18082
17077
17131
17221
18083
17132
17222
18084
17079
17081
18032
18079
17080
17082
18033
18080
17083
18034
18081
17082
17084
18082
18154
17083
17084
18083
18155
17085
18084
18156
17085
17086
17087
17087
18078
18142
18143
18078
18144
17089
17091
17090
17092
17093
17092
17097
17238
20050
17093
17098
17239
20051
17099
17240
20052
17095
17100
17096
17101
17102
17098
17100
17099
17101
17102
17101
17106
17247
17102
17107
17248
17108
17249
17104
17109
17105
17110
17111
17107
17109
17108
17110
17111
17110
17115
17256
17111
17116
17257
17117
17258
17113
17118
17114
17119
17120
17116
17118
17117
17119
17120
17119
17124
17265
17120
17125
17266
17126
17267
17122
17127
17123
17128
17129
17125
17127
17126
17128
17129
17128
17130
18148
17129
17131
18149
17132
18150
17131
18145
18148
17132
18146
18149
18147
18150
17134
18088
20068
17135
18089
20069
18090
20070
17137
20086
17138
20087
20088
17140
20083
20089
20092
17141
20084
20090
20093
20085
20091
20094
17143
17145
18106
18109
19978
17144
17146
18107
18110
19979
17147
18108
18111
19980
17146
17151
20119
17147
17152
20120
17153
20121
17149
17154
18109
17150
17155
18110
17156
18111
17152
17154
18109
17153
17155
18110
17156
18111
17155
20140
17156
20141
20142
17158
17160
17159
17161
17162
17161
17166
20140
17162
17167
20141
17168
20142
17164
17169
18121
17165
17170
18122
17171
18123
17167
17169
17168
17170
17171
17170
17175
17171
17176
17177
17173
17178
18121
18127
17174
17179
18122
18128
17180
18123
18129
17176
17178
18121
17177
17179
18122
17180
18123
17179
17184
17180
17185
17186
17182
17187
18127
17183
17188
18128
17189
18129
17185
17187
18127
17186
17188
18128
17189
18129
17188
17196
17189
17197
17198
17191
17193
17192
17194
17195
17194
17196
17211
17195
17197
17212
17198
17213
17197
17198
17200
18133
20188
20194
17201
18134
20189
20195
18135
20190
20196
17203
17208
18139
17204
17209
18140
17210
18141
17206
17208
17235
18139
17207
17209
17236
18140
17210
17237
18141
17209
17211
17210
17212
17213
17212
17213
17215
17217
20191
17216
17218
20192
17219
20193
17218
17241
20197
17219
17242
20198
17243
20199
17221
17226
18145
18151
17222
17227
18146
18152
17228
18147
18153
17224
17226
17277
18145
17225
17227
17278
18146
17228
17279
18147
17227
18157
17228
18158
18159
17230
17232
18154
18157
17231
17233
18155
18158
17234
18156
18159
17233
17235
17234
17236
17237
17236
18142
17237
18143
18144
17239
17244
17240
17245
17246
17242
17244
17243
17245
17246
17245
17250
17246
17251
17252
17248
17253
17249
17254
17255
17251
17253
17252
17254
17255
17254
17259
17255
17260
17261
17257
17262
17258
17263
17264
17260
17262
17261
17263
17264
17263
17268
17264
17269
17270
17266
17271
17267
17272
17273
17269
17271
17270
17272
17273
17272
17274
17273
17275
17276
17275
17277
17276
17278
17279
17278
18148
17279
18149
18150
17281
18160
18166
18172
17282
18161
18167
18173
18162
18168
18174
17284
18172
18178
18181
17285
18173
18179
18182
18174
18180
18183
17287
18193
18202
18208
17288
18194
18203
18209
18195
18204
18210
17290
18211
18220
18223
17291
18212
18221
18224
18213
18222
18225
17293
18220
18229
18232
17294
18221
18230
18233
18222
18231
18234
17296
17301
17304
17297
17302
17305
17303
17306
17299
17301
17334
18235
17300
17302
17335
18236
17303
17336
18237
17302
17337
18241
17303
17338
18242
17339
18243
17305
18238
18241
17306
18239
18242
18240
18243
17308
18166
18247
18250
18256
17309
18167
18248
18251
18257
18168
18249
18252
18258
17311
18181
18256
18262
18265
17312
18182
18257
18263
18266
18183
18258
18264
18267
17314
18262
18271
17315
18263
18272
18264
18273
17317
18286
18292
17318
18287
18293
18288
18294
17320
18307
18313
18316
17321
18308
18314
18317
18309
18315
18318
17323
17325
18208
18301
18322
17324
17326
18209
18302
18323
17327
18210
18303
18324
17326
18205
18319
17327
18206
18320
18207
18321
17329
18223
18334
18346
18349
17330
18224
18335
18347
18350
18225
18336
18348
18351
17332
18232
18346
18355
18358
17333
18233
18347
18356
18359
18234
18348
18357
18360
17335
17337
17340
18355
17336
17338
17341
18356
17339
17342
18357
17338
17343
17339
17344
17345
17341
17343
17379
18361
17342
17344
17380
18362
17345
17381
18363
17344
17382
18364
17345
17383
18365
17384
18366
17347
18367
18373
17348
18368
18374
18369
18375
17350
18250
18388
18394
18397
17351
18251
18389
18395
18398
18252
18390
18396
18399
17353
18265
18394
18403
18406
17354
18266
18395
18404
18407
18267
18396
18405
18408
17356
18271
18403
18412
17357
18272
18404
18413
18273
18405
18414
17359
18430
18436
18439
17360
18431
18437
18440
18432
18438
18441
17362
18316
18457
18463
18466
17363
18317
18458
18464
18467
18318
18459
18465
18468
17365
18322
18448
18469
18475
17366
18323
18449
18470
18476
18324
18450
18471
18477
17368
17370
18328
18463
17369
17371
18329
18464
17372
18330
18465
17371
18331
17372
18332
18333
17374
18349
18478
18490
18493
17375
18350
18479
18491
18494
18351
18480
18492
18495
17377
18358
18490
18505
18508
17378
18359
18491
18506
18509
18360
18492
18507
18510
17380
17382
18505
18514
17381
17383
18506
18515
17384
18507
18516
17383
17385
17384
17386
17387
17386
17469
18514
18520
17387
17470
18515
18521
17471
18516
18522
17389
17391
17394
17390
17392
17395
17393
17396
17392
17397
17400
17393
17398
17401
17399
17402
17395
17397
17457
17396
17398
17458
17399
17459
17398
17460
17399
17461
17462
17401
17402
17404
18373
18517
18526
18529
17405
18374
18518
18527
18530
18375
18519
18528
18531
17407
17412
17408
17413
17414
17410
18382
17411
18383
18384
17413
17414
17416
17418
17421
17417
17419
17422
17420
17423
17419
17420
17422
17484
17423
17485
17486
17425
18397
18541
18544
18550
17426
18398
18542
18545
18551
18399
18543
18546
18552
17428
18406
18550
18556
18559
17429
18407
18551
18557
18560
18408
18552
18558
18561
17431
18412
18556
18565
18568
17432
18413
18557
18566
18569
18414
18558
18567
18570
17434
18475
18604
18625
18628
17435
18476
18605
18626
18629
18477
18606
18627
18630
17437
17439
18616
18634
17438
17440
18617
18635
17441
18618
18636
17440
17441
17443
18493
18637
18649
18652
17444
18494
18638
18650
18653
18495
18639
18651
18654
17446
18508
18649
18661
18664
17447
18509
18650
18662
18665
18510
18651
18663
18666
17449
18502
18658
17450
18503
18659
18504
18660
17452
17469
18514
18661
18670
17453
17470
18515
18662
18671
17471
18516
18663
18672
17455
17469
17520
18670
18676
17456
17470
17521
18671
18677
17471
17522
18672
18678
17458
17460
17463
17459
17461
17464
17462
17465
17461
17466
17462
17467
17468
17464
17466
17526
17465
17467
17527
17468
17528
17467
17529
17468
17530
17531
17470
17472
17471
17473
17474
17473
18520
18673
18676
17474
18521
18674
18677
18522
18675
18678
17476
18529
18673
18682
18685
17477
18530
18674
18683
18686
18531
18675
18684
18687
17479
17480
17482
18688
18697
17483
18689
18698
18690
18699
17485
17487
17486
17488
17489
17488
17490
17553
17489
17491
17554
17492
17555
17491
17492
17494
18544
18700
18703
18709
17495
18545
18701
18704
18710
18546
18702
18705
18711
17497
18559
18709
18715
18718
17498
18560
18710
18716
18719
18561
18711
18717
18720
17500
18568
18715
18724
18727
17501
18569
18716
18725
18728
18570
18717
18726
18729
17503
18598
18742
18748
17504
18599
18743
18749
18600
18744
18750
17506
17508
18628
18757
18775
17507
17509
18629
18758
18776
17510
18630
18759
18777
17509
18631
18772
17510
18632
18773
18633
18774
17512
18634
18769
18778
18781
17513
18635
18770
18779
18782
18636
18771
18780
18783
17515
18652
18787
18799
18802
17516
18653
18788
18800
18803
18654
18789
18801
18804
17518
18664
18799
18811
18814
17519
18665
18800
18812
18815
18666
18801
18813
18816
17521
17523
17538
17522
17524
17539
17525
17540
17524
17610
18820
18826
17525
17611
18821
18827
17612
18822
18828
17527
17529
17532
17528
17530
17533
17531
17534
17530
17535
17541
17531
17536
17542
17537
17543
17533
17535
17598
17534
17536
17599
17537
17600
17536
17601
17537
17602
17603
17539
18676
18823
18826
17540
18677
18824
18827
18678
18825
18828
17542
17543
17545
18685
18823
18832
17546
18686
18824
18833
18687
18825
18834
17548
17550
17549
17551
17552
17551
17552
17554
17556
17555
17557
17558
17557
17628
17558
17629
17630
17560
18703
18847
18850
18856
17561
18704
18848
18851
18857
18705
18849
18852
18858
17563
18718
18856
18862
18865
17564
18719
18857
18863
18866
18720
18858
18864
18867
17566
18727
18862
18871
18874
17567
18728
18863
18872
18875
18729
18864
18873
18876
17569
17574
18907
18913
17570
17575
18908
18914
17576
18909
18915
17572
18775
18901
18916
18922
17573
18776
18902
18917
18923
18777
18903
18918
18924
17575
17576
17578
18784
18925
17579
18785
18926
18786
18927
17581
18802
18928
18940
18943
17582
18803
18929
18941
18944
18804
18930
18942
18945
17584
18814
18940
18949
18952
17585
18815
18941
18950
18953
18816
18942
18951
18954
17587
17588
17590
17592
17610
18820
18949
17591
17593
17611
18821
18950
17594
17612
18822
18951
17593
17595
17667
18955
17594
17596
17668
18956
17597
17669
18957
17596
17610
17682
18961
17597
17611
17683
18962
17612
17684
18963
17599
17601
17604
17600
17602
17605
17603
17606
17602
17607
17616
17603
17608
17617
17609
17618
17605
17607
17670
17606
17608
17671
17609
17672
17608
17673
17609
17674
17675
17611
17613
17612
17614
17615
17614
18826
18958
18961
17615
18827
18959
18962
18828
18960
18963
17617
17618
17620
18832
18958
18967
17621
18833
18959
18968
18834
18960
18969
17623
17624
17626
18844
18970
18979
17627
18845
18971
18980
18846
18972
18981
17629
17631
17634
17630
17632
17635
17633
17636
17632
17637
17633
17638
17639
17635
17637
17697
17636
17638
17698
17639
17699
17638
17700
17639
17701
17702
17641
18865
18994
19003
19006
17642
18866
18995
19004
19007
18867
18996
19005
19008
17644
18874
19003
19012
19015
17645
18875
19004
19013
19016
18876
19005
19014
19017
17647
19030
19036
17648
19031
19037
19032
19038
17650
17655
18913
19051
17651
17656
18914
19052
17657
18915
19053
17653
18922
19042
19057
19063
17654
18923
19043
19058
19064
18924
19044
19059
19065
17656
17658
17657
17659
17660
17659
19066
17660
19067
19068
17662
18943
19069
19081
19084
17663
18944
19070
19082
19085
18945
19071
19083
19086
17665
18952
19081
19093
19096
17666
18953
19082
19094
19097
18954
19083
19095
19098
17668
17682
19093
20200
17669
17683
19094
20201
17684
19095
20202
17671
17673
17676
17672
17674
17677
17675
17678
17674
17679
17688
17675
17680
17689
17681
17690
17677
17679
17739
17678
17680
17740
17681
17741
17680
17742
17681
17743
17744
17683
17685
19102
17684
17686
19103
17687
19104
17686
18961
19105
19108
17687
18962
19106
19109
18963
19107
19110
17689
17690
17692
18967
19105
19114
17693
18968
19106
19115
18969
19107
19116
17695
18979
19117
19123
19126
17696
18980
19118
19124
19127
18981
19119
19125
19128
17698
17700
17703
17699
17701
17704
17702
17705
17701
17706
17702
17707
17708
17704
17706
17763
17705
17707
17764
17708
17765
17707
17708
17710
19006
19141
19150
19153
17711
19007
19142
19151
19154
19008
19143
19152
19155
17713
19015
19150
19159
17714
19016
19151
19160
19017
19152
19161
17716
19177
19183
17717
19178
19184
19179
19185
17719
17724
19198
17720
17725
19199
17726
19200
17722
19063
19189
19204
19210
17723
19064
19190
19205
19211
19065
19191
19206
19212
17725
17727
17726
17728
17729
17728
19213
19216
17729
19214
19217
19215
19218
17731
19084
19219
19228
19231
17732
19085
19220
19229
19232
19086
19221
19230
19233
17734
19096
19228
19243
19246
17735
19097
19229
19244
19247
19098
19230
19245
19248
17737
19243
19252
19255
20200
17738
19244
19253
19256
20201
19245
19254
19257
20202
17740
17742
17745
17741
17743
17746
17744
17747
17743
17748
17744
17749
17750
17746
17748
17805
17747
17749
17806
17750
17807
17749
17808
17750
17809
17810
17752
19108
19252
19261
19264
17753
19109
19253
19262
19265
19110
19254
19263
19266
17755
19114
19261
19270
19273
17756
19115
19262
19271
19274
19116
19263
19272
19275
17758
17760
19282
17759
17761
19283
17762
19284
17761
19126
19285
19288
17762
19127
19286
19289
19128
19287
19290
17764
17766
17765
17767
17768
17767
17769
17833
17768
17770
17834
17771
17835
17770
17771
17773
19144
19294
19297
19303
17774
19145
19295
19298
19304
19146
19296
19299
19305
17776
19153
19303
19309
19312
17777
19154
19304
19310
19313
19155
19305
19311
19314
17779
19159
19309
19318
19321
17780
19160
19310
19319
19322
19161
19311
19320
19323
17782
19342
19348
19351
17783
19343
19349
19352
19344
19350
19353
17785
19210
19357
19375
19381
17786
19211
19358
19376
19382
19212
19359
19377
19383
17788
17790
19372
17789
17791
19373
17792
19374
17791
17793
19216
17792
17794
19217
17795
19218
17794
19384
17795
19385
19386
17797
19231
19387
19396
19399
17798
19232
19388
19397
19400
19233
19389
19398
19401
17800
19246
19396
19411
19414
17801
19247
19397
19412
19415
19248
19398
19413
19416
17803
19255
19411
19420
20203
17804
19256
19412
19421
20204
19257
19413
19422
20205
17806
17808
17811
17807
17809
17812
17810
17813
17809
17814
17820
17810
17815
17821
17816
17822
17812
17814
17866
17813
17815
17867
17816
17868
17815
17869
17816
17870
17871
17818
19264
19420
19429
19432
17819
19265
19421
19430
19433
19266
19422
19431
19434
17821
17822
17824
19273
19429
19438
17825
19274
19430
19439
19275
19431
19440
17828
17830
19288
19441
17829
17831
19289
19442
17832
19290
19443
17831
19291
17832
19292
19293
17834
17836
17835
17837
17838
17837
17894
17838
17895
17896
17840
19312
19459
19465
19468
17841
19313
19460
19466
19469
19314
19461
19467
19470
17843
19321
19465
19474
17844
19322
19466
19475
19323
19467
19476
17846
19351
19489
19495
19498
17847
19352
19490
19496
19499
19353
19491
19497
19500
17849
19369
19513
19519
17850
19370
19514
19520
19371
19515
19521
17852
17854
19381
19507
19522
17853
17855
19382
19508
19523
17856
19383
19509
19524
17855
19378
19525
17856
19379
19526
19380
19527
17858
19399
19537
19546
19549
17859
19400
19538
19547
19550
19401
19539
19548
19551
17861
19414
19546
19555
19558
17862
19415
19547
19556
19559
19416
19548
19557
19560
17864
19408
17865
19409
19410
17867
17869
17872
17868
17870
17873
17871
17874
17870
17875
17881
17871
17876
17882
17877
17883
17873
17875
17930
17874
17876
17931
17877
17932
17876
17933
17877
17934
17935
17879
19426
19432
19567
19570
17880
19427
19433
19568
19571
19428
19434
19569
19572
17882
17883
17885
19438
19567
19576
17886
19439
19568
19577
19440
19569
19578
17889
17891
19582
17890
17892
19583
17893
19584
17892
17893
17895
17897
17896
17898
17899
17898
17966
17899
17967
17968
17901
19468
19600
19606
19609
17902
19469
19601
19607
19610
19470
19602
19608
19611
17904
19474
19606
19615
17905
19475
19607
19616
19476
19608
19617
17907
19498
19630
19636
19639
17908
19499
19631
19637
19640
19500
19632
19638
19641
17910
19654
19660
17911
19655
19661
19656
19662
17913
19522
19648
19663
19666
17914
19523
19649
19664
19667
19524
19650
19665
19668
17916
19531
19660
19672
19675
17917
19532
19661
19673
19676
19533
19662
19674
19677
17919
19549
19681
19690
19693
17920
19550
19682
19691
19694
19551
19683
19692
19695
17922
19558
19690
19699
19702
17923
19559
19691
19700
19703
19560
19692
19701
19704
17925
17926
17928
17942
19564
19699
19708
17929
17943
19565
19700
19709
17944
19566
19701
19710
17931
17933
17936
17932
17934
17937
17935
17938
17934
17939
17948
17935
17940
17949
17941
17950
17937
17939
18002
17938
17940
18003
17941
18004
17940
18005
17941
18006
18007
17943
17945
19711
17944
17946
19712
17947
19713
17946
19570
19714
19717
17947
19571
19715
19718
19572
19716
19719
17949
17950
17952
19576
19714
19723
17953
19577
19715
19724
19578
19716
19725
17955
17956
17958
17960
17959
17961
17962
17961
17963
17962
17964
17965
17964
19732
17965
19733
19734
17967
17969
17968
17970
17971
17970
18023
17971
18024
18025
17973
19594
19738
19741
19747
17974
19595
19739
19742
19748
19596
19740
19743
19749
17976
19609
19747
19753
19756
17977
19610
19748
19754
19757
19611
19749
19755
19758
17979
19615
19753
19762
17980
19616
19754
19763
19617
19755
19764
17982
19639
19777
19783
19786
17983
19640
19778
19784
19787
19641
19779
19785
19788
17985
19666
19792
19807
19810
17986
19667
19793
19808
19811
19668
19794
19809
19812
17988
17990
19675
19804
19816
17989
17991
19676
19805
19817
17992
19677
19806
19818
17991
19678
19819
17992
19679
19820
19680
19821
17994
19693
19822
19834
19837
17995
19694
19823
19835
19838
19695
19824
19836
19839
17997
19702
19834
19843
19846
17998
19703
19835
19844
19847
19704
19836
19845
19848
18000
19708
19843
19858
19861
18001
19709
19844
19859
19862
19710
19845
19860
19863
18003
18005
18008
19852
18004
18006
18009
19853
18007
18010
19854
18006
18011
18017
18007
18012
18018
18013
18019
18009
18011
18065
19855
18010
18012
18066
19856
18013
18067
19857
18012
18013
18015
19717
19858
19867
19870
18016
19718
19859
19868
19871
19719
19860
19869
19872
18018
18019
18021
19723
19867
19876
19879
18022
19724
19868
19877
19880
19725
19869
19878
19881
18024
18026
18029
18025
18027
18030
18028
18031
18027
18032
18028
18033
18034
18030
18032
18079
18031
18033
18080
18034
18081
18033
18034
18036
19756
19912
19921
19924
18037
19757
19913
19922
19925
19758
19914
19923
19926
18039
19762
19921
19930
18040
19763
19922
19931
19764
19923
19932
18042
18050
19963
18043
18051
19964
18052
19965
18045
18047
19810
19954
19972
18046
18048
19811
19955
19973
18049
19812
19956
19974
18048
19813
19969
18049
19814
19970
19815
19971
18051
18053
18052
18054
18055
18054
19816
19975
19978
18055
19817
19976
19979
19818
19977
19980
18057
19837
19981
19993
19996
18058
19838
19982
19994
19997
19839
19983
19995
19998
18060
19846
19993
20002
20005
18061
19847
19994
20003
20006
19848
19995
20004
20007
18063
19861
20002
20014
20017
18064
19862
20003
20015
20018
19863
20004
20016
20019
18066
20011
18067
20012
20013
18069
19870
20014
20023
20026
18070
19871
20015
20024
20027
19872
20016
20025
20028
18072
18073
18075
19879
20023
20032
18076
19880
20024
20033
19881
20025
20034
18078
18080
18082
18081
18083
18084
18083
18151
18084
18152
18153
18086
19924
20053
20062
20065
18087
19925
20054
20063
20066
19926
20055
20064
20067
18089
19930
20062
18090
19931
20063
19932
20064
18092
18094
18097
19909
19939
18093
18095
18098
19910
19940
18096
18099
19911
19941
18095
18097
19909
20077
18096
18098
19910
20078
18099
19911
20079
18098
20071
20080
18099
20072
20081
20073
20082
18101
18106
20110
20116
18102
18107
20111
20117
18108
20112
20118
18104
19972
20101
20122
20128
18105
19973
20102
20123
20129
19974
20103
20124
20130
18107
20119
18108
20120
20121
18110
18111
18113
19996
20131
20143
20146
18114
19997
20132
20144
20147
19998
20133
20145
20148
18116
20005
20143
20152
20155
18117
20006
20144
20153
20156
20007
20145
20154
20157
18119
20017
20152
20161
20164
18120
20018
20153
20162
20165
20019
20154
20163
20166
18122
18123
18125
20026
20161
20170
20173
18126
20027
20162
20171
20174
20028
20163
20172
20175
18128
18129
18131
20032
20170
20179
20182
18132
20033
20171
20180
20183
20034
20172
20181
20184
18134
18136
18135
18137
18138
18137
20044
20191
20194
18138
20045
20192
20195
20046
20193
20196
18140
18142
18141
18143
18144
18143
18144
18146
18148
18147
18149
18150
18149
18150
18152
18154
18157
18153
18155
18158
18156
18159
18155
18156
18158
18159
18161
18169
18162
18170
18171
18164
18169
18190
18165
18170
18191
18171
18192
18167
18169
18175
18168
18170
18176
18171
18177
18170
18247
18171
18248
18249
18173
18175
18174
18176
18177
18176
18181
18256
18177
18182
18257
18183
18258
18179
18184
18180
18185
18186
18182
18184
18183
18185
18186
18185
18262
18186
18263
18264
18188
18190
18189
18191
18192
18191
18199
18274
18192
18200
18275
18201
18276
18194
18196
18195
18197
18198
18197
18199
18208
18301
18198
18200
18209
18302
18201
18210
18303
18200
18201
18203
18205
18204
18206
18207
18206
18208
18217
18207
18209
18218
18210
18219
18209
18210
18212
18214
18213
18215
18216
18215
18217
18223
18334
18216
18218
18224
18335
18219
18225
18336
18218
18219
18221
18226
18222
18227
18228
18224
18226
18225
18227
18228
18227
18232
18346
18228
18233
18347
18234
18348
18230
18235
18231
18236
18237
18233
18235
18234
18236
18237
18236
18355
18237
18356
18357
18239
18244
18240
18245
18246
18242
18244
18243
18245
18246
18245
18367
18246
18368
18369
18248
18253
18249
18254
18255
18251
18253
18259
18252
18254
18260
18255
18261
18254
18280
18388
18255
18281
18389
18282
18390
18257
18259
18258
18260
18261
18260
18265
18394
18261
18266
18395
18267
18396
18263
18268
18264
18269
18270
18266
18268
18267
18269
18270
18269
18271
18403
18270
18272
18404
18273
18405
18272
18273
18275
18277
18276
18278
18279
18278
18280
18283
18421
18279
18281
18284
18422
18282
18285
18423
18281
18282
18284
18304
18285
18305
18306
18287
18289
18288
18290
18291
18290
18430
18291
18431
18432
18293
18295
18294
18296
18297
18296
18298
18436
18297
18299
18437
18300
18438
18299
18310
18300
18311
18312
18302
18304
18303
18305
18306
18305
18322
18448
18306
18323
18449
18324
18450
18308
18310
18309
18311
18312
18311
18316
18457
18312
18317
18458
18318
18459
18314
18315
18317
18318
18320
18322
18340
18469
18321
18323
18341
18470
18324
18342
18471
18323
18324
18326
18331
18327
18332
18333
18329
18331
18330
18332
18333
18332
18333
18335
18337
18336
18338
18339
18338
18340
18349
18478
18339
18341
18350
18479
18342
18351
18480
18341
18342
18344
18345
18347
18352
18348
18353
18354
18350
18352
18351
18353
18354
18353
18358
18490
18354
18359
18491
18360
18492
18356
18361
18357
18362
18363
18359
18361
18360
18362
18363
18362
18505
18363
18506
18507
18365
18370
18366
18371
18372
18368
18370
18369
18371
18372
18371
18373
18517
18372
18374
18518
18375
18519
18374
18375
18377
18382
18378
18383
18384
18380
18382
18381
18383
18384
18383
18385
18384
18386
18387
18386
18387
18389
18391
18390
18392
18393
18392
18397
18427
18541
18393
18398
18428
18542
18399
18429
18543
18395
18400
18396
18401
18402
18398
18400
18399
18401
18402
18401
18406
18550
18402
18407
18551
18408
18552
18404
18409
18405
18410
18411
18407
18409
18408
18410
18411
18410
18412
18556
18411
18413
18557
18414
18558
18413
18415
18414
18416
18417
18416
18565
18417
18566
18567
18419
18433
18420
18434
18435
18422
18424
18423
18425
18426
18425
18427
18454
18577
18426
18428
18455
18578
18429
18456
18579
18428
18429
18431
18433
18432
18434
18435
18434
18439
18589
18435
18440
18590
18441
18591
18437
18442
18438
18443
18444
18440
18442
18441
18443
18444
18443
18445
18595
18444
18446
18596
18447
18597
18446
18460
18447
18461
18462
18449
18451
18450
18452
18453
18452
18454
18475
18604
18453
18455
18476
18605
18456
18477
18606
18455
18456
18458
18460
18459
18461
18462
18461
18466
18610
18462
18467
18611
18468
18612
18464
18465
18467
18468
18470
18472
18471
18473
18474
18473
18475
18484
18625
18474
18476
18485
18626
18477
18486
18627
18476
18477
18479
18481
18480
18482
18483
18482
18484
18493
18637
18483
18485
18494
18638
18486
18495
18639
18485
18486
18488
18489
18491
18496
18492
18497
18498
18494
18496
18495
18497
18498
18497
18508
18649
18498
18509
18650
18510
18651
18500
18502
18501
18503
18504
18503
18504
18506
18511
18507
18512
18513
18509
18511
18510
18512
18513
18512
18514
18661
18513
18515
18662
18516
18663
18515
18516
18518
18523
18519
18524
18525
18521
18523
18522
18524
18525
18524
18529
18673
18525
18530
18674
18531
18675
18527
18532
18528
18533
18534
18530
18532
18531
18533
18534
18533
18535
18682
18534
18536
18683
18537
18684
18536
18537
18539
18540
18542
18547
18543
18548
18549
18545
18547
18553
18546
18548
18554
18549
18555
18548
18583
18700
18549
18584
18701
18585
18702
18551
18553
18552
18554
18555
18554
18559
18709
18555
18560
18710
18561
18711
18557
18562
18558
18563
18564
18560
18562
18561
18563
18564
18563
18568
18715
18564
18569
18716
18570
18717
18566
18571
18567
18572
18573
18569
18571
18570
18572
18573
18572
18724
18573
18725
18726
18575
18592
18576
18593
18594
18578
18580
18579
18581
18582
18581
18583
18586
18730
18582
18584
18587
18731
18585
18588
18732
18584
18585
18587
18607
18588
18608
18609
18590
18592
18591
18593
18594
18593
18598
18742
18594
18599
18743
18600
18744
18596
18601
18597
18602
18603
18599
18601
18600
18602
18603
18602
18748
18603
18749
18750
18605
18607
18606
18608
18609
18608
18628
18757
18609
18629
18758
18630
18759
18611
18613
18612
18614
18615
18614
18619
18763
18615
18620
18764
18621
18765
18617
18622
18618
18623
18624
18620
18622
18621
18623
18624
18623
18634
18769
18624
18635
18770
18636
18771
18626
18631
18627
18632
18633
18629
18631
18630
18632
18633
18632
18640
18633
18641
18642
18635
18636
18638
18643
18639
18644
18645
18641
18643
18642
18644
18645
18644
18652
18787
18645
18653
18788
18654
18789
18647
18648
18650
18655
18651
18656
18657
18653
18655
18654
18656
18657
18656
18664
18799
18657
18665
18800
18666
18801
18659
18808
18660
18809
18810
18662
18667
18663
18668
18669
18665
18667
18666
18668
18669
18668
18670
18811
18669
18671
18812
18672
18813
18671
18672
18674
18679
18675
18680
18681
18677
18679
18678
18680
18681
18680
18685
18823
18681
18686
18824
18687
18825
18683
18684
18686
18687
18689
18694
18690
18695
18696
18692
18694
18693
18695
18696
18695
18697
18835
18696
18698
18836
18699
18837
18698
18699
18701
18706
18702
18707
18708
18704
18706
18712
18705
18707
18713
18708
18714
18707
18736
18847
18708
18737
18848
18738
18849
18710
18712
18711
18713
18714
18713
18718
18856
18714
18719
18857
18720
18858
18716
18721
18717
18722
18723
18719
18721
18720
18722
18723
18722
18727
18862
18723
18728
18863
18729
18864
18725
18726
18728
18729
18731
18733
18732
18734
18735
18734
18736
18739
18877
18735
18737
18740
18878
18738
18741
18879
18737
18738
18740
18760
18741
18761
18762
18743
18745
18744
18746
18747
18746
18889
18747
18890
18891
18749
18751
18750
18752
18753
18752
18754
18895
18753
18755
18896
18756
18897
18755
18766
18756
18767
18768
18758
18760
18759
18761
18762
18761
18775
18901
18762
18776
18902
18777
18903
18764
18766
18765
18767
18768
18767
18907
18768
18908
18909
18770
18771
18773
18775
18793
18916
18774
18776
18794
18917
18777
18795
18918
18776
18777
18779
18784
18780
18785
18786
18782
18784
18783
18785
18786
18785
18786
18788
18790
18789
18791
18792
18791
18793
18802
18928
18792
18794
18803
18929
18795
18804
18930
18794
18795
18797
18798
18800
18805
18801
18806
18807
18803
18805
18804
18806
18807
18806
18814
18940
18807
18815
18941
18816
18942
18809
18810
18812
18817
18813
18818
18819
18815
18817
18816
18818
18819
18818
18820
18949
18819
18821
18950
18822
18951
18821
18822
18824
18829
18825
18830
18831
18827
18829
18828
18830
18831
18830
18832
18958
18831
18833
18959
18834
18960
18833
18834
18836
18841
18837
18842
18843
18839
18841
18840
18842
18843
18842
18844
18970
18843
18845
18971
18846
18972
18845
18846
18848
18853
18849
18854
18855
18851
18853
18859
18985
18852
18854
18860
18986
18855
18861
18987
18854
18880
18988
18855
18881
18989
18882
18990
18857
18859
18858
18860
18861
18860
18865
18994
18861
18866
18995
18867
18996
18863
18868
18864
18869
18870
18866
18868
18867
18869
18870
18869
18874
19003
18870
18875
19004
18876
19005
18872
18873
18875
18876
18878
18883
18879
18884
18885
18881
18883
18882
18884
18885
18884
18886
19021
18885
18887
19022
18888
19023
18887
18904
18888
18905
18906
18890
18892
18891
18893
18894
18893
19030
18894
19031
19032
18896
18898
18897
18899
18900
18899
19036
18900
19037
19038
18902
18904
18903
18905
18906
18905
18922
19042
18906
18923
19043
18924
19044
18908
18910
18909
18911
18912
18911
18913
19051
18912
18914
19052
18915
19053
18914
18915
18917
18919
18918
18920
18921
18920
18922
18934
19057
18921
18923
18935
19058
18924
18936
19059
18923
18924
18926
19066
18927
19067
19068
18929
18931
18930
18932
18933
18932
18934
18943
19069
18933
18935
18944
19070
18936
18945
19071
18935
18936
18938
18939
18941
18946
18942
18947
18948
18944
18946
18945
18947
18948
18947
18952
19081
18948
18953
19082
18954
19083
18950
18955
18951
18956
18957
18953
18955
18954
18956
18957
18956
19093
18957
19094
19095
18959
18964
18960
18965
18966
18962
18964
18963
18965
18966
18965
18967
19105
18966
18968
19106
18969
19107
18968
18969
18971
18976
18972
18977
18978
18974
18976
18975
18977
18978
18977
18979
19117
18978
18980
19118
18981
19119
18980
18981
18983
18984
18986
18988
18994
18997
18987
18989
18995
18998
18990
18996
18999
18989
18991
18990
18992
18993
18992
18997
19027
19135
18993
18998
19028
19136
18999
19029
19137
18995
19000
18996
19001
19002
18998
19000
19132
18999
19001
19133
19002
19134
19001
19006
19141
19002
19007
19142
19008
19143
19004
19009
19005
19010
19011
19007
19009
19008
19010
19011
19010
19015
19150
19011
19016
19151
19017
19152
19013
19018
19014
19019
19020
19016
19018
19017
19019
19020
19019
19020
19022
19024
19023
19025
19026
19025
19027
19048
19168
19026
19028
19049
19169
19029
19050
19170
19028
19029
19031
19033
19032
19034
19035
19034
19177
19035
19178
19179
19037
19039
19038
19040
19041
19040
19183
19041
19184
19185
19043
19045
19044
19046
19047
19046
19048
19063
19189
19047
19049
19064
19190
19050
19065
19191
19049
19050
19052
19054
19053
19055
19056
19055
19198
19056
19199
19200
19058
19060
19059
19061
19062
19061
19063
19075
19204
19062
19064
19076
19205
19065
19077
19206
19064
19065
19067
19068
19070
19072
19071
19073
19074
19073
19075
19084
19219
19074
19076
19085
19220
19077
19086
19221
19076
19077
19079
19080
19082
19087
19083
19088
19089
19085
19087
19086
19088
19089
19088
19096
19228
19089
19097
19229
19098
19230
19091
19092
19094
19099
19095
19100
19101
19097
19099
19098
19100
19101
19100
19243
20200
19101
19244
20201
19245
20202
19103
19108
19252
20200
19104
19109
19253
20201
19110
19254
20202
19106
19111
19107
19112
19113
19109
19111
19110
19112
19113
19112
19114
19261
19113
19115
19262
19116
19263
19115
19116
19118
19119
19121
19122
19124
19125
19127
19128
19130
19131
19133
19135
19141
19144
19134
19136
19142
19145
19137
19143
19146
19136
19138
19137
19139
19140
19139
19144
19174
19294
19140
19145
19175
19295
19146
19176
19296
19142
19147
19143
19148
19149
19145
19147
19146
19148
19149
19148
19153
19303
19149
19154
19304
19155
19305
19151
19156
19152
19157
19158
19154
19156
19155
19157
19158
19157
19159
19309
19158
19160
19310
19161
19311
19160
19162
19161
19163
19164
19163
19318
19164
19319
19320
19166
19180
19167
19181
19182
19169
19171
19170
19172
19173
19172
19174
19195
19330
19173
19175
19196
19331
19176
19197
19332
19175
19176
19178
19180
19179
19181
19182
19181
19342
19182
19343
19344
19184
19186
19185
19187
19188
19187
19348
19188
19349
19350
19190
19192
19191
19193
19194
19193
19195
19210
19357
19194
19196
19211
19358
19197
19212
19359
19196
19197
19199
19201
19200
19202
19203
19202
19363
19203
19364
19365
19205
19207
19206
19208
19209
19208
19210
19225
19375
19209
19211
19226
19376
19212
19227
19377
19211
19212
19214
19215
19217
19218
19220
19222
19221
19223
19224
19223
19225
19231
19387
19224
19226
19232
19388
19227
19233
19389
19226
19227
19229
19234
19230
19235
19236
19232
19234
19233
19235
19236
19235
19246
19396
19236
19247
19397
19248
19398
19238
19240
19239
19241
19242
19241
19405
19242
19406
19407
19244
19249
19245
19250
19251
19247
19249
19248
19250
19251
19250
19255
19411
19251
19256
19412
19257
19413
19253
19258
19254
19259
19260
19256
19258
19257
19259
19260
19259
19264
19420
19260
19265
19421
19266
19422
19262
19267
19263
19268
19269
19265
19267
19266
19268
19269
19268
19273
19429
19269
19274
19430
19275
19431
19271
19276
19272
19277
19278
19274
19276
19275
19277
19278
19277
19279
19278
19280
19281
19280
19282
19281
19283
19284
19283
19288
19441
19284
19289
19442
19290
19443
19286
19291
19287
19292
19293
19289
19291
19290
19292
19293
19292
19293
19295
19300
19296
19301
19302
19298
19300
19306
19447
19299
19301
19307
19448
19302
19308
19449
19301
19333
19450
19302
19334
19451
19335
19452
19304
19306
19305
19307
19308
19307
19312
19459
19308
19313
19460
19314
19461
19310
19315
19311
19316
19317
19313
19315
19314
19316
19317
19316
19321
19465
19317
19322
19466
19323
19467
19319
19324
19320
19325
19326
19322
19324
19323
19325
19326
19325
19326
19328
19345
19329
19346
19347
19331
19336
19332
19337
19338
19334
19336
19335
19337
19338
19337
19339
19477
19338
19340
19478
19341
19479
19340
19360
19341
19361
19362
19343
19345
19344
19346
19347
19346
19351
19489
19347
19352
19490
19353
19491
19349
19354
19350
19355
19356
19352
19354
19353
19355
19356
19355
19495
19356
19496
19497
19358
19360
19359
19361
19362
19361
19381
19507
19362
19382
19508
19383
19509
19364
19366
19365
19367
19368
19367
19369
19513
19368
19370
19514
19371
19515
19370
19372
19371
19373
19374
19373
19519
19374
19520
19521
19376
19378
19377
19379
19380
19379
19381
19393
19380
19382
19394
19383
19395
19382
19383
19385
19528
19386
19529
19530
19388
19390
19389
19391
19392
19391
19393
19399
19537
19392
19394
19400
19538
19395
19401
19539
19394
19395
19397
19402
19398
19403
19404
19400
19402
19401
19403
19404
19403
19414
19546
19404
19415
19547
19416
19548
19406
19408
19407
19409
19410
19409
19410
19412
19417
19413
19418
19419
19415
19417
19416
19418
19419
19418
19555
20203
19419
19556
20204
19557
20205
19421
19423
19422
19424
19425
19424
19426
19432
20203
19425
19427
19433
20204
19428
19434
20205
19427
19428
19430
19435
19431
19436
19437
19433
19435
19434
19436
19437
19436
19438
19567
19437
19439
19568
19440
19569
19439
19440
19442
19443
19445
19446
19448
19450
19453
19459
19449
19451
19454
19460
19452
19455
19461
19451
19456
19452
19457
19458
19454
19456
19462
19588
19455
19457
19463
19589
19458
19464
19590
19457
19483
19591
19458
19484
19592
19485
19593
19460
19462
19461
19463
19464
19463
19468
19600
19464
19469
19601
19470
19602
19466
19471
19467
19472
19473
19469
19471
19470
19472
19473
19472
19474
19606
19473
19475
19607
19476
19608
19475
19476
19478
19480
19479
19481
19482
19481
19483
19486
19618
19482
19484
19487
19619
19485
19488
19620
19484
19485
19487
19510
19488
19511
19512
19490
19492
19491
19493
19494
19493
19498
19630
19494
19499
19631
19500
19632
19496
19501
19497
19502
19503
19499
19501
19500
19502
19503
19502
19504
19636
19503
19505
19637
19506
19638
19505
19516
19506
19517
19518
19508
19510
19509
19511
19512
19511
19522
19648
19512
19523
19649
19524
19650
19514
19516
19515
19517
19518
19517
19654
19518
19655
19656
19520
19521
19523
19525
19524
19526
19527
19526
19540
19663
19527
19541
19664
19542
19665
19529
19534
19530
19535
19536
19532
19534
19533
19535
19536
19535
19672
19536
19673
19674
19538
19543
19539
19544
19545
19541
19543
19542
19544
19545
19544
19549
19681
19545
19550
19682
19551
19683
19547
19552
19548
19553
19554
19550
19552
19551
19553
19554
19553
19558
19690
19554
19559
19691
19560
19692
19556
19561
19557
19562
19563
19559
19561
19560
19562
19563
19562
19564
19699
19563
19565
19700
19566
19701
19565
19566
19568
19573
19569
19574
19575
19571
19573
19572
19574
19575
19574
19576
19714
19575
19577
19715
19578
19716
19577
19579
19578
19580
19581
19580
19585
19581
19586
19587
19583
19584
19586
19587
19589
19591
19594
19600
19590
19592
19595
19601
19593
19596
19602
19592
19597
19593
19598
19599
19595
19597
19603
19596
19598
19604
19599
19605
19598
19624
19738
19599
19625
19739
19626
19740
19601
19603
19602
19604
19605
19604
19609
19747
19605
19610
19748
19611
19749
19607
19612
19608
19613
19614
19610
19612
19611
19613
19614
19613
19615
19753
19614
19616
19754
19617
19755
19616
19617
19619
19621
19620
19622
19623
19622
19624
19627
19765
19623
19625
19628
19766
19626
19629
19767
19625
19626
19628
19651
19629
19652
19653
19631
19633
19632
19634
19635
19634
19639
19777
19635
19640
19778
19641
19779
19637
19642
19638
19643
19644
19640
19642
19641
19643
19644
19643
19645
19783
19644
19646
19784
19647
19785
19646
19657
19647
19658
19659
19649
19651
19650
19652
19653
19652
19666
19792
19653
19667
19793
19668
19794
19655
19657
19656
19658
19659
19658
19798
19659
19799
19800
19661
19662
19664
19669
19665
19670
19671
19667
19669
19668
19670
19671
19670
19684
19807
19671
19685
19808
19686
19809
19673
19678
19674
19679
19680
19676
19678
19677
19679
19680
19679
19680
19682
19687
19683
19688
19689
19685
19687
19686
19688
19689
19688
19693
19822
19689
19694
19823
19695
19824
19691
19696
19692
19697
19698
19694
19696
19695
19697
19698
19697
19702
19834
19698
19703
19835
19704
19836
19700
19705
19701
19706
19707
19703
19705
19704
19706
19707
19706
19708
19843
19707
19709
19844
19710
19845
19709
19711
19710
19712
19713
19712
19717
19858
19713
19718
19859
19719
19860
19715
19720
19716
19721
19722
19718
19720
19719
19721
19722
19721
19723
19867
19722
19724
19868
19725
19869
19724
19726
19725
19727
19728
19727
19729
19876
19728
19730
19877
19731
19878
19730
19731
19733
19891
19734
19892
19893
19736
19737
19739
19744
19740
19745
19746
19742
19744
19750
19903
19743
19745
19751
19904
19746
19752
19905
19745
19771
19906
19746
19772
19907
19773
19908
19748
19750
19749
19751
19752
19751
19756
19912
19752
19757
19913
19758
19914
19754
19759
19755
19760
19761
19757
19759
19758
19760
19761
19760
19762
19921
19761
19763
19922
19764
19923
19763
19764
19766
19768
19767
19769
19770
19769
19771
19774
19936
19770
19772
19775
19937
19773
19776
19938
19772
19773
19775
19795
19776
19796
19797
19778
19780
19779
19781
19782
19781
19786
19942
19782
19787
19943
19788
19944
19784
19789
19785
19790
19791
19787
19789
19788
19790
19791
19790
19948
19791
19949
19950
19793
19795
19794
19796
19797
19796
19810
19954
19797
19811
19955
19812
19956
19799
19801
19800
19802
19803
19802
19963
19803
19964
19965
19805
19806
19808
19813
19809
19814
19815
19811
19813
19812
19814
19815
19814
19825
19815
19826
19827
19817
19819
19818
19820
19821
19820
19975
19821
19976
19977
19823
19828
19824
19829
19830
19826
19828
19827
19829
19830
19829
19837
19981
19830
19838
19982
19839
19983
19832
19833
19835
19840
19836
19841
19842
19838
19840
19839
19841
19842
19841
19846
19993
19842
19847
19994
19848
19995
19844
19849
19845
19850
19851
19847
19849
19848
19850
19851
19850
19861
20002
19851
19862
20003
19863
20004
19853
19855
19854
19856
19857
19856
20011
19857
20012
20013
19859
19864
19860
19865
19866
19862
19864
19863
19865
19866
19865
19870
20014
19866
19871
20015
19872
20016
19868
19873
19869
19874
19875
19871
19873
19872
19874
19875
19874
19879
20023
19875
19880
20024
19881
20025
19877
19882
19878
19883
19884
19880
19882
19881
19883
19884
19883
19888
19884
19889
19890
19886
19887
19889
19890
19892
19897
19893
19898
19899
19895
19897
19896
19898
19899
19898
20041
19899
20042
20043
19901
19902
19904
19906
19912
19915
19918
19905
19907
19913
19916
19919
19908
19914
19917
19920
19907
19909
19908
19910
19911
19910
19918
19911
19919
19920
19913
19915
19914
19916
19917
19916
19918
19924
20053
19917
19919
19925
20054
19920
19926
20055
19919
19920
19922
19927
19923
19928
19929
19925
19927
19926
19928
19929
19928
19930
20062
19929
19931
20063
19932
20064
19931
19932
19934
19945
19935
19946
19947
19937
19939
19938
19940
19941
19940
19957
20071
19941
19958
20072
19959
20073
19943
19945
19944
19946
19947
19946
20083
19947
20084
20085
19949
19951
19950
19952
19953
19952
20089
19953
20090
20091
19955
19960
19956
19961
19962
19958
19960
19959
19961
19962
19961
19972
20101
19962
19973
20102
19974
20103
19964
19966
19965
19967
19968
19967
20110
19968
20111
20112
19970
19972
19987
20122
19971
19973
19988
20123
19974
19989
20124
19973
19974
19976
19977
19979
19980
19982
19984
19983
19985
19986
19985
19987
19996
20131
19986
19988
19997
20132
19989
19998
20133
19988
19989
19991
19992
19994
19999
19995
20000
20001
19997
19999
19998
20000
20001
20000
20005
20143
20001
20006
20144
20007
20145
20003
20008
20004
20009
20010
20006
20008
20007
20009
20010
20009
20017
20152
20010
20018
20153
20019
20154
20012
20013
20015
20020
20016
20021
20022
20018
20020
20019
20021
20022
20021
20026
20161
20022
20027
20162
20028
20163
20024
20029
20025
20030
20031
20027
20029
20028
20030
20031
20030
20032
20170
20031
20033
20171
20034
20172
20033
20034
20036
20037
20039
20040
20042
20047
20043
20048
20049
20045
20047
20046
20048
20049
20048
20191
20049
20192
20193
20051
20052
20054
20056
20055
20057
20058
20057
20059
20065
20058
20060
20066
20061
20067
20060
20077
20061
20078
20079
20063
20068
20064
20069
20070
20066
20068
20067
20069
20070
20069
20070
20072
20074
20073
20075
20076
20075
20080
20104
20076
20081
20105
20082
20106
20078
20080
20079
20081
20082
20081
20082
20084
20086
20085
20087
20088
20087
20092
20088
20093
20094
20090
20095
20091
20096
20097
20093
20095
20094
20096
20097
20096
20098
20097
20099
20100
20099
20113
20100
20114
20115
20102
20107
20103
20108
20109
20105
20107
20106
20108
20109
20108
20128
20109
20129
20130
20111
20113
20112
20114
20115
20114
20116
20115
20117
20118
20117
20119
20118
20120
20121
20120
20121
20123
20125
20124
20126
20127
20126
20128
20137
20127
20129
20138
20130
20139
20129
20130
20132
20134
20133
20135
20136
20135
20137
20146
20136
20138
20147
20139
20148
20138
20139
20141
20142
20144
20149
20145
20150
20151
20147
20149
20148
20150
20151
20150
20155
20151
20156
20157
20153
20158
20154
20159
20160
20156
20158
20157
20159
20160
20159
20164
20160
20165
20166
20162
20167
20163
20168
20169
20165
20167
20166
20168
20169
20168
20173
20169
20174
20175
20171
20176
20172
20177
20178
20174
20176
20175
20177
20178
20177
20182
20178
20183
20184
20180
20185
20181
20186
20187
20183
20185
20184
20186
20187
20186
20188
20187
20189
20190
20189
20190
20192
20197
20193
20198
20199
20195
20197
20196
20198
20199
20198
20199
20201
20202
20204
20205
)


// ************************************************************************* //
