# Probe 0 (5.57815e-05 -0.000132137 -0.00548509)
# Probe 1 (7.829730000000001e-05 -0.000125102 -0.0112403)
# Probe 2 (5.43567e-05 -0.000111584 -0.0167301)
# Probe 3 (4.28038e-05 -0.000110016 -0.0223624)
# Probe 4 (5.45815e-05 -0.00012715 -0.0279318)
# Probe 5 (3.90033e-05 -0.00011044 -0.0353926)
# Probe 6 (3.00991e-05 -0.000119329 -0.0409582)
# Probe 7 (0.000503241 -7.83235e-06 -0.0465644)
# Probe 8 (0.00327551 -0.00159194 -0.0511281)
# Probe 9 (0.00625679 -0.00164535 -0.0556714)
# Probe 10 (0.008886720000000001 0.000638518 -0.0624975)
# Probe 11 (0.009768539999999999 0.00163338 -0.0678893)
# Probe 12 (0.0091226 0.00225801 -0.07347339999999999)
# Probe 13 (0.00911004 0.00348724 -0.07878209999999999)
# Probe 14 (0.0108552 0.00572694 -0.08361349999999999)
# Probe 15 (0.0127782 0.00893439 -0.09008579999999999)
# Probe 16 (0.012786 0.0109647 -0.095287)
# Probe 17 (0.0132108 0.0132366 -0.100482)
# Probe 18 (0.014068 0.0158324 -0.105157)
# Probe 19 (0.0142335 0.0204698 -0.112041)
# Time                  0                       1                       2                       3                       4                       5                       6                       7                       8                       9                       10                      11                      12                      13                      14                      15                      16                      17                      18                      19                     
0                       (0 0 0)                 (0 0 0)                 (0 0 0)                 (0 0 0)                 (0 0 0)                 (0 0 0)                 (0 0 0)                 (0 0 0)                 (0 0 0)                 (0 0 0)                 (0 0 0)                 (0 0 0)                 (0 0 0)                 (0 0 0)                 (0 0 0)                 (0 0 0)                 (0 0 0)                 (0 0 0)                 (0 0 0)                 (0 0 0)                
0.01354264403047396     (0.0003735086391613205 0.0004743146616825696 0.03203099434149884) (7.929038745320959e-05 0.0001153490452546038 0.02897452710524159) (-4.284570087689347e-05 1.973337730995943e-05 0.02831143342517925) (-0.0001538792495579777 2.533957617220904e-05 0.02822745374633071) (-0.0004655671014114876 2.931277621233933e-05 0.02817714117410164) (-0.001790783781091111 0.0001455899876006383 0.02785812236479017) (-0.003761154931602585 0.000543087827946797 0.02674611299960897) (-0.008079374059412813 0.001016779883754923 0.02519519912957455) (-0.01124923795250345 0.001143396607191791 0.02667080061485309) (-0.01144865341923984 -0.00345928403356693 0.03032066961712051) (-0.007753574838454175 -0.006388088403674659 0.03098799922665593) (-0.003779977872405449 -0.006148003612641669 0.02593686395231347) (-0.002699661377806019 -0.006613492142932564 0.02304553878157494) (-0.002799199289546645 -0.006834718059756537 0.02137221460128762) (-0.003327494295583054 -0.007842229095533998 0.0216392300930371) (-0.003102506282559277 -0.009941418759092107 0.02419259242139407) (-0.00290981888966029 -0.01178945306534901 0.02596529468075238) (-0.002690962453682615 -0.01381815135055139 0.02709716590911622) (-0.002499197896849746 -0.01582022003708675 0.02667376520192873) (-0.001744619839638403 -0.01856378075171354 0.02652902715904617)
0.02460281946340217     (0.0003905132359493306 0.0004917238765762455 0.03815241020024743) (9.120122313404456e-05 0.0001209697773350084 0.03483212800195933) (-4.842593692622954e-05 1.907941889827994e-05 0.03413935795218929) (-0.0001826020666474198 2.634251072737326e-05 0.03404648835753507) (-0.0005568925052259302 3.255672542990529e-05 0.03398892761499637) (-0.002145143488045387 0.0001855646239761658 0.03360665024140438) (-0.004532489079860132 0.0006710345776656971 0.03223933935563254) (-0.009975671164177571 0.001381704440713446 0.03036722778442213) (-0.01363511041695701 0.001346500947887473 0.03225011720858951) (-0.013899905149448 -0.004254064126784783 0.03664866647385658) (-0.009324043047930015 -0.007710087396527945 0.03741031484904397) (-0.00455638748272736 -0.007428179082409067 0.0312580097049043) (-0.00325489471286322 -0.007945454503997394 0.02776141604481021) (-0.003368345239465563 -0.008219950474072561 0.02572450770872197) (-0.00402540909757753 -0.009448087626136449 0.02608424850397281) (-0.003714735836781235 -0.01200655450217591 0.02918337681789649) (-0.003547728500567028 -0.0142373171080443 0.0313133375554107) (-0.003242646136435923 -0.01669996225338635 0.03279040491691692) (-0.003064808987436335 -0.01917638023320534 0.03213192542044985) (-0.002258462335857944 -0.02227973728459953 0.03192708663478183)
0.03390284537670292     (0.0003677280638179804 0.0004566985706672356 0.04127395472900695) (9.122659781698893e-05 0.0001151988705091963 0.03798895243694746) (-5.159385389817578e-05 1.718463899119837e-05 0.03732779699491269) (-0.0001967548210719552 2.644327567643655e-05 0.03723458565942273) (-0.0006037950282943623 3.402859624034337e-05 0.03717545322449637) (-0.002336870774396757 0.0002064467332559044 0.03676599440966428) (-0.004962887022878624 0.0007467387461914029 0.03526168557709099) (-0.01107386317603063 0.001621342716591523 0.03322102903075654) (-0.01497486922622101 0.001434966647185053 0.03536617326416015) (-0.01525743113362211 -0.004719434910531371 0.0401689642756092) (-0.01017653798037432 -0.008420049532940234 0.04096488364938099) (-0.004979873187432042 -0.008130843878288111 0.03418671060272239) (-0.003550651466733193 -0.00866944773789575 0.03034543933461411) (-0.003668383632936319 -0.008976310652243379 0.02810851313525769) (-0.004403372158570725 -0.01035230747388321 0.02852873865365193) (-0.004029864407858842 -0.01317278903267367 0.03194156349784106) (-0.003886991658098425 -0.0156004896409372 0.03426726804700486) (-0.003543948104852626 -0.01828796888608755 0.03594562145867693) (-0.003378745498904824 -0.02104956673873746 0.03512128309415687) (-0.002589928473457432 -0.02440772724842086 0.03495884475127183)
0.04042017652986086     (0.0003371838407581804 0.0004076817688204069 0.04280085807741733) (8.88898465646997e-05 0.0001071235833018601 0.0395976306851261) (-5.36358098388375e-05 1.535730665441676e-05 0.03898036166493805) (-0.0002040208730694427 2.616328979199782e-05 0.03888891255619997) (-0.0006282916997187267 3.420089756685866e-05 0.03883158401054949) (-0.002435805855254587 0.0002172595698423185 0.03840672972915535) (-0.005186620667317997 0.0007863808855073826 0.03682822766740632) (-0.01168707841003818 0.001786216172060306 0.0347205224554099) (-0.015690823778628 0.001464999705030025 0.03702208441489857) (-0.01597911400670256 -0.004983244672366323 0.04203999680583008) (-0.01062068417618115 -0.008796597642470214 0.04282138328396903) (-0.005201712958526354 -0.008506810911663037 0.03570952886731146) (-0.003691855500868276 -0.009043426246364781 0.03168611260432914) (-0.003805432921511815 -0.00937190755544846 0.02933562678340377) (-0.00458235486601538 -0.01085153038842831 0.02977264258785998) (-0.004178737244499695 -0.01381794924691382 0.03337418428375658) (-0.004057843771520367 -0.01632932638709956 0.03581346872559171) (-0.003708214489337033 -0.01911670830901362 0.03760194819730375) (-0.00357193537882144 -0.02203211718443655 0.03666774945327373) (-0.002789503114958281 -0.02553240060916206 0.03650157867483476)
0.04412276748710195     (0.0002475123765359955 0.0002788269274080113 0.03862723522585576) (7.382122997839367e-05 7.926311855851025e-05 0.03586352691460894) (-4.732566185041114e-05 9.779303262372204e-06 0.03539661064872965) (-0.0001835987474051204 2.099511007615963e-05 0.03532135091733234) (-0.000569261948788434 2.758882055574681e-05 0.03527845316052116) (-0.002202371678195493 0.000203775930760039 0.03489418906856068) (-0.004702567654465536 0.0007276760743695027 0.03344900712254732) (-0.01082335639386735 0.001814008698864113 0.03156660684374786) (-0.01431308783515303 0.001291203051586729 0.03373756078744822) (-0.01457187437827423 -0.004591664595712281 0.03831643107994345) (-0.009652901690427897 -0.008034032820487235 0.03892773877496426) (-0.004728574917859173 -0.007769500723231222 0.03243033837224433) (-0.003322243827224521 -0.008199103339082704 0.02877591306268294) (-0.003398018246811516 -0.008517312873680563 0.02659909061570379) (-0.004102297672750097 -0.009929932098802788 0.02694507443400521) (-0.003744404187208655 -0.01266618014327997 0.03029641489970349) (-0.00368692101358212 -0.01489555639548874 0.03255124379984078) (-0.003387372750758753 -0.01738564949376947 0.03423096857887133) (-0.003360749518711536 -0.02006506930083288 0.03324458968896613) (-0.002600823158291962 -0.02307948989229897 0.03286217199848247)
0.04584858203550812     (0.0001978638088840862 0.0002094240745266303 0.03680530556266722) (6.337830921561216e-05 6.696568415372427e-05 0.03408983992275887) (-4.378766211300131e-05 7.894005419890557e-06 0.0336940623234693) (-0.0001718251142803971 1.965763021575825e-05 0.03362671555619311) (-0.0005374051016742416 2.611622251674157e-05 0.03358729472222114) (-0.002090116550563588 0.0001960703314306081 0.03322751072085882) (-0.004478871459495902 0.0006981371661040933 0.03185253124137807) (-0.01038426924325602 0.001787645171594761 0.03004461413670388) (-0.01365299069640462 0.001209013016208878 0.03215729496144464) (-0.01388471045767714 -0.00439496157342567 0.03651811111800621) (-0.009170528932587303 -0.007651099821399234 0.03706805960413671) (-0.004461701497084723 -0.007405825296908508 0.03084657234241469) (-0.003076813593763636 -0.007790449894525773 0.02736908628354254) (-0.003072309546860851 -0.008114124843522271 0.02524155001958467) (-0.003723843332871247 -0.009600943150489599 0.02538402986984726) (-0.003473176884280877 -0.012286379954727 0.02867864290454019) (-0.003447162349615062 -0.01431140763471161 0.03091520828833043) (-0.003270674734098566 -0.01652574844283771 0.03251607082648131) (-0.003439768605505668 -0.01895597446213044 0.03142963036654817) (-0.002320857751146271 -0.02142606645362865 0.03022682911307963)
0.04656876705309897     (0.0001733643653123354 0.0001753080672126808 0.03612533589257698) (5.886558760372338e-05 6.245834064668038e-05 0.03334570149053707) (-4.215407916656033e-05 7.173460743045286e-06 0.03297856392729162) (-0.0001666237106196271 1.894985587847852e-05 0.03291444308469617) (-0.000523232260081665 2.575642401290577e-05 0.03287583749620867) (-0.002042705679327028 0.0001925758356018375 0.03252682741041547) (-0.004384907460453486 0.0006842588630480501 0.03118155773401202) (-0.01018887561745397 0.001762234264286978 0.02940213216881509) (-0.01337200173269901 0.001176143210688458 0.03148755841705093) (-0.01358937533271562 -0.004307545826038149 0.03575353213863823) (-0.008928196089890737 -0.007483724052625008 0.03626307340610339) (-0.004236433558984937 -0.007246784748359976 0.03012362938244691) (-0.002773000915642469 -0.007604832453932494 0.02672307653781373) (-0.002575496551144473 -0.007964325417160065 0.02451318639559284) (-0.003156592160427677 -0.009775615747424672 0.02413147248638301) (-0.003162416929261331 -0.01262721873174967 0.02757824519801227) (-0.003143327227462485 -0.01444189693437141 0.02996891618928263) (-0.003216745579020621 -0.01626540335568285 0.03148891650230864) (-0.003753792378868548 -0.01819811773396768 0.03014684309841033) (-0.001691636620095523 -0.01948374053978678 0.02663471864574302)
0.0468518670685249      (0.0001600652682500376 0.0001563279504738677 0.03591543433935912) (5.704982389381608e-05 6.086869491017977e-05 0.03305243576076699) (-4.134638945777668e-05 6.892838104502135e-06 0.03269614662905145) (-0.0001642470783281767 1.859183453533718e-05 0.03263322639539346) (-0.0005170547710777343 2.55270040173826e-05 0.03259468527868668) (-0.002023339697821943 0.0001909003348614776 0.03225015822806434) (-0.004346852241462665 0.0006784804418711214 0.03091681093516023) (-0.01010364903229678 0.001746912004389098 0.02914840141540724) (-0.01325306045320783 0.001167276749186861 0.03122155389122194) (-0.01345034927322659 -0.004264184648107744 0.03544363789075105) (-0.008725604504451659 -0.007415000760754767 0.03588105338723298) (-0.003835298219514863 -0.007181093417338207 0.02969105738100025) (-0.002100293126751509 -0.007495484321056792 0.02633002557548376) (-0.001389066074913609 -0.007953136556434324 0.02380988488540988) (-0.001779860455676101 -0.01065497474605543 0.02202633729661007) (-0.002402353879922136 -0.01415404886951086 0.02593720126027776) (-0.002366977001519264 -0.01557209511242596 0.02878872431847868) (-0.003089674958533118 -0.01652857098306209 0.03000057087984197) (-0.004455347610967135 -0.01719931499679134 0.02794550918389888) (-0.00018682604095978 -0.01542554951603843 0.01845554242592309)
0.04695963078060685     (0.0001518998957688291 0.0001445142344249872 0.03587825364543047) (5.620025344273364e-05 6.027412817400155e-05 0.03293956829153562) (-4.082950508572646e-05 6.77882482038572e-06 0.03258804396329762) (-0.0001629792115227514 1.830363096928982e-05 0.03252568725785229) (-0.0005140343775995542 2.52219344913306e-05 0.03248703929951501) (-0.002014916136585953 0.0001898726726840893 0.03214436467573534) (-0.004330472336456052 0.0006764157158482419 0.0308157223067008) (-0.01006233815077531 0.001739276086166062 0.02905154617391737) (-0.0131913544564189 0.00117074942750544 0.03111884526898316) (-0.01333924983688655 -0.004231635454534915 0.03530250330916217) (-0.008374022904889209 -0.007403229455153865 0.03554158967113132) (-0.002826751085731828 -0.007170673355331425 0.02911882224211299) (-0.0003375983396667042 -0.007374761541275453 0.02583527137312513) (0.00181132635512442 -0.00810970422966663 0.0224407416434645) (0.001798180676402144 -0.01307355919941298 0.01693277510756323) (-0.0005549731801415764 -0.0187201720922153 0.02204967017802871) (-0.0004741997604607098 -0.01897833197506339 0.02627662743231112) (-0.002963277918250099 -0.01736757408451352 0.02646864897727342) (-0.006507651637337283 -0.01430873353530163 0.02229272749337784) (0.005058155437639524 -0.004820838342592719 -0.002024301859204075)
0.04700000061634738     (0.0001460021662876552 0.0001362611281239079 0.03589655003379578) (5.566750073372938e-05 5.984519869887797e-05 0.03289508908973034) (-4.004682030404449e-05 6.755527542643059e-06 0.03254695041017984) (-0.0001616059653193636 1.799544268969904e-05 0.03248498958248651) (-0.0005115756351495388 2.463687526884274e-05 0.0324466315412669) (-0.002009184372846269 0.0001886888424270583 0.03210491820506606) (-0.004319433006409287 0.0006761555576723204 0.03077817032836147) (-0.01003078209144787 0.001738104139894752 0.02901572252107194) (-0.01312552310108394 0.001186100265940017 0.03108088977241045) (-0.01313075977010411 -0.004188360316797936 0.03518819690750234) (-0.007439674872283708 -0.007517926909668644 0.03487747913104636) (0.00012498345496606 -0.007516865107425745 0.02776006854453196) (0.004636406850979826 -0.007355716927720404 0.02469904202854811) (0.0107316883620616 -0.008807658636464925 0.01895227514629229) (0.01223161382172036 -0.02023622559423517 0.003204701060924027) (0.004292707650706289 -0.03189735286305165 0.01158825979797876) (0.004761698356558562 -0.02849532936918169 0.01958003843934894) (-0.00275855271087618 -0.01979802160240356 0.01641529265632372) (-0.01214614450116485 -0.005491157927501801 0.008096135896247934) (0.0195391121040094 0.02335901730683114 -0.0580976630461652)
0.04701502466633693     (0.0001408510278993321 0.0001295445734444021 0.03592759371951432) (5.530880900534957e-05 5.917310121589234e-05 0.03287521110080064) (-3.848445422107675e-05 6.552341368165061e-06 0.03253066679647398) (-0.0001595201259966272 1.690662921176131e-05 0.03246932436033566) (-0.0005090072458836562 2.21878597865004e-05 0.03243221051428111) (-0.002006193856039009 0.0001809194428120589 0.03208963462935185) (-0.004314181446444468 0.0006644263209519567 0.03076057128907364) (-0.01000929210276718 0.001710239202010866 0.02898803265883883) (-0.01302917851627064 0.001147481588760563 0.03101621426644662) (-0.01268363025626502 -0.004285053413325687 0.03484655474631363) (-0.004874647570986523 -0.008934967545891783 0.03296391059162049) (0.008982640677046436 -0.01253038049860608 0.02289402902071838) (0.01952556567701978 -0.0102627477896402 0.02008978278904667) (0.03619902370916069 -0.0135678642852934 0.007556728873762894) (0.0420500438706749 -0.04167550898020486 -0.03649526742929303) (0.01951027117251715 -0.06763008301867235 -0.01697518838449119) (0.01997847449897733 -0.05618531895658992 0.002249659987263196) (-0.001826137042555946 -0.02706705781366917 -0.009519449542239447) (-0.02766429545064102 0.01701858650080695 -0.03023172503443376) (0.05729378708830929 0.1017272644010831 -0.2092259395904502)
0.04702059920599914     (0.000134678774592388 0.0001231970389422185 0.03595635365180216) (5.475116082547249e-05 5.803475632470971e-05 0.03286272233758381) (-3.494292452670489e-05 6.058400802968531e-06 0.03252269682012641) (-0.000155315831941227 1.432591288724294e-05 0.03246243039536981) (-0.0005057603337418778 1.61853974881645e-05 0.03242891522669995) (-0.002008770221866066 0.0001631131038013762 0.03208159581792794) (-0.004320077336636662 0.0006406406642092774 0.03073896088713052) (-0.01000533089237616 0.001672884637457118 0.02890846168497956) (-0.01286065792227329 0.001152093786931849 0.03081642007600478) (-0.0117932305336018 -0.004141450581197836 0.03403078655349975) (-2.549903116799701e-05 -0.01099121370513554 0.03001207406295513) (0.03430047355828425 -0.02368500387798525 0.009923805417279642) (0.05957266705491622 -0.01718249733591564 0.004414218630839392) (0.1068218458638112 -0.02284853444136694 -0.02705436676473462) (0.1239310446738086 -0.09850058310855693 -0.1455111916050442) (0.06042373823790952 -0.1636273864293154 -0.09347135369555082) (0.06101640195374496 -0.1261605522106374 -0.0453515531727619) (0.001840569998263232 -0.04538275160405233 -0.07922453685401457) (-0.07063346558414511 0.07505785846668261 -0.1338071127603192) (0.1601750243897755 0.3140244845674958 -0.6154126830757791)
0.04702266543781577     (0.0001215432057894803 0.0001139608040752488 0.03597514281833724) (4.761113932117358e-05 5.365523022487442e-05 0.03284827398092412) (-4.354902834088511e-05 9.418818514709153e-07 0.03251204594720172) (-0.0001839209289501108 -3.496513643466066e-06 0.03245016947609289) (-0.0006084676335940693 -3.821219039066992e-05 0.0324107408518983) (-0.002382951024111971 -4.848044224811936e-05 0.03192613699179377) (-0.004970417861713912 0.0002192517661032141 0.03023604784580055) (-0.01096093004973617 0.0008249026116074849 0.02691835443107706) (-0.01092099160732903 0.0006847274812127427 0.02669813583405237) (0.002115123572932233 -0.001122567974648313 0.03128317663621639) (0.01226655473329301 0.004510592543010488 0.05207948586561441) (0.1395391906820047 -0.0411581171152674 -0.006753092572218011) (0.1960520000251132 -0.0239427692474115 -0.04924091946163735) (0.3028517738223688 -0.03962530870083375 -0.1235993772759576) (0.3451044589149923 -0.2471078946601901 -0.4377057281155948) (0.169530677517566 -0.421464204977963 -0.2977041558044025) (0.1708274196388938 -0.3164767906183125 -0.1746608679762743) (0.009327695681612336 -0.09734206458652633 -0.2660535771886916) (-0.1834791046916128 0.2324360854592542 -0.4134333925805617) (0.4405277104009069 0.8869234949849021 -1.712156214168814)
0.04702343095991299     (2.958668151376226e-05 7.254639346691253e-05 0.03597815795055709) (-0.0001017399648664509 -1.144722951791703e-05 0.03282024261652953) (-0.0004345508162614133 -0.0001785887643204921 0.03244031521925149) (-0.001057045406551078 -0.0004562649853108751 0.03228866470260883) (-0.003061956368091786 -0.0014934733669139 0.03188476104966536) (-0.01075685058977986 -0.006360585122348952 0.02856372217601266) (-0.01997345069013148 -0.01418450898469884 0.02009150738247626) (-0.0357437723809626 -0.03617617170638202 -0.01033269201214979) (0.02283223864593405 -0.0617511054966362 -0.05770741255317993) (0.2456648283824423 -0.0880304032234793 -0.036229046981887) (0.069942378841922 0.0270304208891792 0.2572079096425523) (0.5594908822041438 -0.08343894239350216 0.02595930903306648) (0.6665759258990106 -0.02918576550035423 -0.2379434556998988) (0.8578928028500832 -0.06052979367700155 -0.3953314630707189) (0.9470918055219592 -0.6389624915208046 -1.224857346736588) (0.4659457277834297 -1.11446818533061 -0.8482710372364614) (0.4682937478926158 -0.8276766266495846 -0.5237724991084948) (0.02912243134528319 -0.2298038194587556 -0.7695461974865352) (-0.4833531819267182 0.6601603412136201 -1.166216049926608) (1.223667695972058 2.444652253734329 -4.667403803316632)
0.04702371451440953     (6.32280410324606e-05 -3.49178088803726e-05 0.03596242534078481) (-0.0001644720385478206 -0.0001580094424331453 0.03273184735175066) (-0.0009257308688991669 -0.0005682117871846995 0.03219635462285302) (-0.002306043818250399 -0.00142693234125661 0.03190901565521981) (-0.006572384644990739 -0.004516416409883485 0.03106146183468618) (-0.02229549849109213 -0.01929414071818537 0.0229126963455516) (-0.03945606881020304 -0.04359968388151741 0.001654603144592842) (-0.05485187775935705 -0.1216996468874805 -0.07905667892216059) (0.1764772374122878 -0.2061910681376364 -0.191541587242165) (0.7749604955902362 -0.3142659416451791 -0.06623517832188758) (0.1274902581990172 0.1959828085967015 0.9081331789169851) (1.810757539087608 -0.1913267123208857 0.1682055581744392) (2.001559524488181 -0.03383859458278548 -0.777591125595851) (2.364391521770446 -0.1041614466281158 -1.142754539098582) (2.57651346316165 -1.693322560878153 -3.341999277683658) (1.272787883346609 -2.981767534742266 -2.33490222269182) (1.286798253876552 -2.203248120988527 -1.460159955200853) (0.1169430395862495 -0.5838803886462711 -2.127328582704216) (-1.205492164230518 1.844146519564245 -3.176387617275553) (3.75341677259788 6.805691138284343 -12.52751194130374)
0.0470238194826209      (0.0008784373460604114 -0.0001256622941577546 0.03612997548032611) (0.000592440497567811 -0.0005946880243179415 0.03286944210517888) (6.117938685424999e-05 -0.00175830202549123 0.03222742143548341) (-0.0005424708260189856 -0.003770789166183067 0.03167576366271292) (-0.002165608065330417 -0.01175755194128041 0.03007526485621447) (-0.00337433267833875 -0.04952111622192253 0.01559310765610003) (0.01550056449382373 -0.1109395016002745 -0.02481042305364821) (0.1759935657870126 -0.3536256021697264 -0.1891464466925519) (1.215408103582691 -0.5334971034284899 -0.2998217630278671) (2.68127119361429 -1.260810469607615 0.2787447358375796) (0.364164343018067 0.6247963275338424 2.863918964507851) (5.187881146056974 -0.4515189277891632 0.6085824293397752) (5.614432609796795 -0.04617503829494777 -2.193331380955391) (6.421503057609183 -0.2397215602516012 -3.124257010059894) (6.968351966065224 -4.547975860925582 -9.005751126032258) (3.467238952294279 -8.012342134515466 -6.319185521078142) (3.535498117605536 -5.932453946503673 -3.959675977512397) (0.4674008106785354 -1.530396559199682 -5.769413828795837) (-2.883186520824254 5.107090104418472 -8.533443479127799) (11.70326674743747 18.96292902384473 -33.29558368186021)
0.04702385855018397     (0.003874171294494293 -0.001817114921769624 0.03640521814544092) (0.002619761925906292 -0.001715233079249517 0.03297829517044816) (0.00118067586014999 -0.002877058775003936 0.03201929806656327) (0.001429252588873934 -0.006878731651056989 0.03101408237477991) (0.00625792430189178 -0.02344688616584172 0.02869436856295784) (0.04128832719798914 -0.1042747369429763 -0.002832321868764913) (0.1547756525206941 -0.2420879552768705 -0.09834130658100243) (0.7476879301574103 -0.8775396690906587 -0.5896608329400647) (3.886637827117523 -1.300285047142733 -0.647589045585808) (7.758973563748432 -3.936595217558054 1.361356479420028) (1.008321976856527 1.73661196861153 8.214944719104951) (14.23243380152343 -1.172654236395342 1.814279400085252) (15.32436714149422 -0.08930851379693278 -5.995928440357357) (17.34450954076271 -0.626363049165324 -8.471400143588903) (18.81500460183784 -12.28155053702056 -24.26191978686358) (9.436582948555229 -21.57582624895236 -17.04988703668279) (9.629952026131411 -15.98216380544537 -10.72194186220834) (1.363287825282928 -4.036268577640906 -15.62800917262623) (-7.473999376509623 14.00196584188906 -22.9991732293112) (33.11367881745667 51.92722677665788 -89.5112772652744)
0.04702387299607023     (0.0120588347314562 -0.003469157567882433 0.03716593307550948) (0.01163733267457573 -0.001063144359594676 0.03366023517599552) (0.01683207493123002 0.004063616976918566 0.03308155203403725) (0.03393641225452158 0.009861269041055342 0.03321552694488143) (0.1033235815030178 0.02828866715093968 0.03685250023010914) (0.4677127867453826 0.1108979170859389 0.008803212185416288) (1.307142638236759 0.2154100707201722 -0.1141547514069104) (3.835772462725946 -0.7170133586318205 -2.227731857720922) (11.72060380057585 -1.806691946502283 -2.456509612369681) (21.50923839248652 -10.47734282904409 4.379261917438937) (2.742299299334638 4.820648474399203 22.67997790693497) (38.75439733992515 -3.116780760883249 5.028684887485271) (41.71924579644278 -0.1555851905537095 -16.32604696161929) (47.08418283253737 -1.603960912669709 -23.01347829592908) (51.0566358888931 -33.15205780113759 -65.84736165236752) (25.52825927412742 -58.37028758076961 -46.33324816490799) (26.02770081580414 -43.22661353547879 -29.12130459446723) (3.652562827307753 -10.841922676586 -42.38933373597618) (-20.2979203961824 38.19471453299496 -62.39887352581492) (90.55707535486005 141.4766372272822 -243.0559159558659)
0.04702387831661134     (0.04346224955986205 -0.003822249227470806 0.0402041571848756) (0.05244067689127827 0.01088470328738913 0.03848447587320541) (0.1040678812247715 0.05590424420670412 0.04335932452136408) (0.2212700117225511 0.1357584593718667 0.05416234859211558) (0.6510353140409976 0.4292640970445996 0.09843418331204316) (2.789633604587817 1.835720004651468 0.1684942382368694) (7.269482553044323 3.970605841893397 0.08707651365282942) (17.53913740253421 4.090994502984366 -8.619592565366707) (35.46291419377511 -1.104784889100942 -10.11483633358396) (58.74879860190476 -27.25179948716779 11.30741719609343) (7.292006743007615 13.51591908740136 61.95642211508991) (105.2952138662352 -8.307579278282034 13.76438747886923) (113.3783376084299 -0.3177046685112823 -44.36946606478045) (127.8390818572334 -4.271400047451375 -62.47993194566494) (138.6327642589421 -89.87452834542212 -178.7868434786869) (69.24305792558083 -158.3391780789333 -125.8571929347024) (70.56299250417314 -117.2691582892687 -79.09813124265317) (9.851388434251033 -29.44088086468834 -115.0544491667377) (-55.10459778029145 103.599270565922 -169.3293072462411) (246.006709154291 384.2481320044885 -660.1166115911209)
0.04702388027644532     (0.1403088278529444 -0.002303317212981776 0.04883674464267412) (0.1860296074854551 0.04705915696711846 0.05401876800888482) (0.4058711701347604 0.2072737307977766 0.07707298641518595) (0.8726899055584292 0.5016075294505365 0.1220676387092866) (2.548872757829153 1.586797186824041 0.2703797053414773) (10.62548573613568 6.729472243900434 0.1392488399880663) (26.34173901130137 13.84323643814415 -1.84242244664689) (55.67692159037558 11.38175263911538 -30.32115562994365) (98.94112043288129 -6.019819487256501 -31.37253711125432) (159.7323124026693 -75.57181266485252 29.76533545721294) (19.44910947746776 36.43759948436539 168.0715450623765) (285.7510842204373 -22.58852804401392 37.31961329223748) (307.8157641939156 -0.8824758131499789 -120.5127932953022) (346.9955800855087 -11.57479790667007 -169.6215698527408) (376.3685283076502 -243.9083925844261 -485.4095203558065) (187.9072177394609 -429.7443797988936 -341.7480580117574) (191.4764049868259 -318.2958358593773 -214.7784673890388) (26.67677273572373 -79.95517448227186 -312.3307027860981) (-149.538193072923 281.2065508260312 -459.7026552831998) (667.9026701463195 1042.985261598367 -1792.445389925035)
0.04702388099843696     (0.4283493879927799 0.001837798120838792 0.07534863991285756) (0.6041234275128379 0.1522902432460703 0.1019907020393034) (1.378075732699112 0.6407331897598358 0.1841002555654453) (2.979403325920569 1.548412965741413 0.3350568581660329) (8.672085766055348 4.888474746627587 0.7611655595866531) (35.57738763789612 20.57268431365139 -0.9990074305881206) (85.29879387987593 39.97224272861155 -12.67196337083711) (162.1901301035753 23.74160720485661 -100.3055785612166) (270.4221188223931 -26.17232330007462 -92.5869979718772) (433.562043449738 -209.1746761908859 79.66491724664562) (52.00215706689683 97.8129118107143 455.4619793775059) (775.3715901233165 -61.5997250556275 101.0584023447264) (835.4913914189335 -2.547454221320427 -327.2238213962537) (941.8347349598446 -31.41204931951918 -460.4851490253709) (1021.685900468753 -661.9982914785634 -1317.813885755532) (509.8651195333662 -1166.462338009246 -927.7837774510385) (519.6608641931366 -863.9279018096737 -583.0858322330323) (72.298665808311 -217.0915693716947 -847.8596090709225) (-406.016047876955 763.4440892058269 -1247.980641322345) (1813.238118862859 2831.020671167656 -4866.062783540266)
0.04702388126442044     (1.240549665778747 0.01695205950512729 0.1469603079960535) (1.780090291332355 0.4290103871967729 0.2345045768468366) (4.13139188057715 1.77926182167122 0.4816177875760251) (8.949159906139975 4.292794568215773 0.9254702206379133) (26.02106171045456 13.52650014104759 2.077968032249301) (106.0340490387281 56.86005020134589 -4.736038326349202) (250.3907629640062 108.03073933414 -45.16628895285683) (454.928884868331 56.98883293795942 -301.3767730523422) (729.1333920533974 -82.49316541828215 -266.7098573862153) (1175.792156060552 -572.4655402212586 213.5957175878576) (139.936442641083 264.4794855722187 1235.319151711194) (2104.295546329855 -167.5043747876068 273.9971446607894) (2267.794688007674 -7.077244578136559 -888.3199369387983) (2556.494771911697 -85.25015025611818 -1250.010590267981) (2773.384949106753 -1796.854452562088 -3577.407435722887) (1383.897715801387 -3166.163417930018 -2518.644487113979) (1410.533584263871 -2345.09042335718 -1582.799407351449) (196.6522373784796 -589.0206773186596 -2301.548365533294) (-1101.530989983614 2072.661642543871 -3388.41058920146) (4922.662347160289 7683.334805441209 -13209.10886283506)
0.04702388136241062     (3.731964082423054 -0.09688771709093308 0.3826201484817078) (5.276688786854367 1.076886103184683 0.6781358766245161) (11.99995592523094 4.756399045614168 1.215758409885286) (25.68615201263808 11.55400044348361 2.540610608132215) (74.2568492690779 35.87870516925836 5.648120555944523) (301.8942046947412 150.6528497777539 -15.9463210383572) (708.6277316779779 284.1177100659435 -137.446765388386) (1258.109348518509 155.1672775860672 -867.1279406565377) (1976.489287134234 -219.5061637125177 -752.1398082901117) (3187.250720618814 -1551.760413453902 572.1545310235797) (377.5415667144038 718.255968226832 3352.328160085394) (5711.265743223952 -454.8466027226596 743.5568684345385) (6155.666523167149 -19.3385028772247 -2411.370579602369) (6939.46917906716 -231.2716569734766 -3393.188070920745) (7528.005474504353 -4877.073931243341 -9710.908537531543) (3756.480267885408 -8594.092020369148 -6836.915891433467) (3828.843751304554 -6365.34528131123 -4296.907606462134) (534.5633988884233 -1599.137804815157 -6248.022122654638) (-2988.949538236312 5625.360129552038 -9198.536836099944) (13362.9089589834 20851.63120954666 -35856.53684289903)
0.04702388139851123     (10.35536483880022 -0.3630432099075148 0.9929532442030269) (14.74163842676785 2.776165322995547 1.838462978631983) (33.68050749173526 12.52112167379805 3.297661785077393) (72.10630439427331 30.47435124517499 6.939029822515689) (208.3886748395179 94.31617080623343 15.1577088533768) (845.3529920584474 396.5287341376209 -49.03548068350106) (1976.232192612156 745.1813994932736 -401.8534465939939) (3461.362454629478 434.289318493692 -2449.064660508403) (5362.480082946055 -566.1391370529036 -2100.494501223415) (8641.226524937068 -4199.620269813706 1533.704095444901) (1020.985668671919 1952.278148185089 9099.978716512074) (15501.7893616699 -1234.038807901398 2019.053799751217) (16708.6754124084 -52.52124588721436 -6544.832937490457) (18836.48613957553 -627.7990352007198 -9209.954466467745) (20433.51305344221 -13238.1850889732 -26359.99209538002) (10191.84872412873 -23328.63747261165 -18558.08945643972) (10388.39444088188 -17278.8297708882 -11661.07868406257) (1443.8103400848 -4342.418032014093 -16955.56556700401) (-8119.239445121038 15266.28966002143 -24958.04025470934) (36270.62084245565 56602.1326231393 -97326.67728665023)
0.04702388141181117     (26.41099249275035 -0.1093266899140775 2.345276706617952) (38.89356121594979 7.710521562510749 4.336549408530193) (92.01690617674069 32.7422336934038 9.672704198606914) (199.7558681989698 78.92066179751515 18.87314757806601) (580.5953666369144 247.1711240915803 40.21038579925715) (2348.730062393227 1041.966920352098 -148.1103218181491) (5476.468147972824 1954.646268409913 -1157.28597050238) (9498.957769683124 1214.560541604705 -6860.48390983418) (14555.8648884278 -1450.657354014299 -5824.885468404142) (23433.4562594597 -11365.51738281729 4131.139458496985) (2764.649165134218 5308.539392524552 24715.75417620353) (42076.6167124316 -3346.384074960675 5489.515264284377) (45354.62194025236 -141.3346459215632 -17756.16224121812) (51130.45546268212 -1702.992366797559 -24991.09777641546) (55465.52516042968 -35933.58179082168 -71545.99943982433) (27666.82542545397 -63324.09910833328 -50367.27599317142) (28197.692352868 -46907.31766200974 -31642.00381286305) (3927.72773327496 -11791.00330046928 -46014.66618295851) (-22028.47651580898 41436.69167499508 -67748.94908401386) (98446.2138667875 153612.4873137497 -264176.1081610048)
0.04702388141671105     (72.76290657297342 -0.6828384389870914 6.397818122757565) (107.4887059162399 20.22242204373052 11.94619167431295) (254.7137412905518 86.85995644965905 26.42027666000021) (552.7685262442159 209.3570410019297 51.47832066808105) (1606.129047524205 654.397911194329 108.2244485792211) (6490.343727604422 2761.158984219172 -434.4531542463242) (15112.33915996783 5170.09123617236 -3293.858282681337) (25997.72261836469 3373.871692192197 -19146.63709481928) (39494.54329631889 -3784.492190377787 -16127.2997398232) (63542.34997248011 -30786.63971720823 11104.12676741409) (7483.186995938859 14424.55703505014 67085.89627343044) (114206.8069240389 -9079.722166257645 14900.91628657301) (123107.7416872438 -382.829301887523 -48195.47636806643) (138787.8105985353 -4622.415826340173 -67834.28009187352) (150553.6319258833 -97535.4139060312 -194204.6343096962) (75100.29708479134 -171884.4654193584 -136719.8191950588) (76535.17081307659 -127323.261840187 -85884.39687562229) (10669.5847896903 -32014.41141737833 -124900.8804678448) (-59783.47659372578 112460.4288781645 -183904.153180507) (267209.9365333586 416896.5922204013 -717091.235116757)
0.04702388141851624     (214.606917705674 -9.65654048941199 19.57192759155026) (309.0617323783689 50.22772649979011 37.45397041718058) (713.0440806254883 233.3336187190077 67.40234538103005) (1528.521259836449 568.0396901863511 140.8229641223415) (4417.586629585067 1747.538060350251 295.2356002083924) (17862.06773984839 7366.921110483998 -1239.51483314879) (41559.75633934749 13760.63136303297 -9241.095708685907) (71050.81843794238 9273.43004282951 -53031.75838639359) (107164.5010902757 -9891.732505476033 -44455.54377241778) (172295.970281727 -83424.13059436131 29897.20991169969) (20236.51251715334 39177.47790493033 182085.1075966677) (309972.2648730566 -24656.09914489206 40444.6741129726) (334149.1648614324 -1047.645072909213 -130821.6038449915) (376713.3840061826 -12546.48613379354 -184131.1633877548) (408631.4432548678 -264736.2062760188 -527139.0241058224) (203785.9550949703 -466551.5269826859 -371084.200529467) (207706.8738396286 -345559.1760765588 -233151.1041036659) (28817.67094663197 -86876.92293823676 -339008.4072291043) (-162388.9791144317 305244.5717817943 -499034.0502086788) (725289.7860992872 1131762.377459091 -1946388.160166258)
0.0470238814191813      (545.0791593616632 -8.106166493508258 46.99617619677736) (808.5236745603679 143.2175549581922 88.6837275721162) (1923.255626767377 622.1232895841756 197.8250895722529) (4175.218952763394 1498.421180602003 382.5259375792689) (12129.98690848505 4675.57412597407 792.4824658968707) (48957.6929774663 19760.62035603898 -3479.996964842014) (113840.4264802613 36865.71248438086 -25654.20254511773) (193847.5885873832 25494.07562382772 -145997.9316933583) (290893.6681947457 -26091.90628626397 -121875.042348648) (467447.1456523676 -226112.0434395215 80721.4317754589) (54897.89139449448 106428.2662257515 494323.4080805511) (841379.0455110762 -66870.36570810481 109848.7473600766) (906993.3110759708 -2814.637478534478 -355026.4651628197) (1022549.047436219 -34054.32519254374 -499715.5072835814) (1109237.094338642 -718594.3964381815 -1430803.44451371) (553294.14371565 -1266361.216596273 -1007231.999549362) (563914.1514801221 -937977.4452886861 -632787.8876477794) (78519.90563105632 -235831.7597728157 -920214.9994976339) (-440553.0963215356 828578.4748195882 -1354827.244720791) (1968514.296467949 3071656.082635013 -5283259.534970379)
0.04702388141942632     (1580.273147086213 -62.70017389421571 142.3009963078609) (2291.568169892161 368.8115635496617 269.1393122182366) (5326.674225184301 1686.852255770721 510.8954177914362) (11448.69873682374 4090.81959047178 1043.360358340739) (33125.00470821602 12604.80779602526 2167.134688790408) (133778.8734073151 53267.97134561434 -9624.066158354672) (310992.6584723354 99143.13224815539 -70631.66352132063) (528094.8071696333 69761.0767944055 -400052.895179644) (789828.4852903815 -69280.59972324746 -332506.8902446115) (1268666.516614849 -612835.6158034124 219775.3894941909) (148686.5298936049 288498.5791218993 1343883.387722064) (2283521.192124648 -181941.3550924833 300125.3813141792) (2461644.206382656 -8074.348444297477 -962044.4797433158) (2775354.174077301 -92900.97701090077 -1354816.220117555) (3010487.970317825 -1950963.729759731 -3882067.199689605) (1501412.189383997 -3438070.343183115 -2732291.750567223) (1530097.428123447 -2546978.40417677 -1715638.849740131) (213109.2626397115 -641144.3816578829 -2495546.378681916) (-1195721.364043724 2247615.344135555 -3675564.607074725) (5343216.775596907 8335076.269630125 -14338315.1937578)
0.04702388141951658     (4322.248256686416 -192.8214004759569 388.654361664803) (6268.069574366986 976.8604026675159 749.5327155001368) (14547.87828178969 4554.141308072135 1377.905605521762) (31234.46414288825 11061.29469257215 2837.692836371441) (90315.79062458876 34003.20300825936 5873.548197985767) (364723.7146707308 143771.4315468706 -26569.72841951012) (847715.1145477984 267274.9792132964 -194091.8801833792) (1436477.273947258 190423.9643005449 -1093994.693137861) (2143172.466308177 -185874.6836437542 -907279.0104991994) (3442893.177378439 -1663413.152635447 595432.6054128652) (403288.7726443573 783316.2808249849 3647634.969413938) (6198135.5796097 -493710.9475787251 814692.5548069908) (6681614.268190935 -21976.17539369738 -2611299.106362468) (7533089.513528369 -252215.3527740809 -3677394.855618149) (8171259.159515777 -5295563.839034083 -10537254.31132569) (4074191.911561346 -9332130.736322308 -7416161.67825462) (4152386.813339244 -6913021.886489391 -4656486.635015571) (576220.985562155 -1740526.401051732 -6773013.779700411) (-3247796.535231466 6100121.83462459 -9973410.597737556) (14503126.32527742 22626957.19027665 -38918058.55849455)
0.04702388141954984     (11809.67735729629 -521.5381316213844 1058.258658807685) (17095.33802605018 2642.214946421798 2043.833786808882) (39647.88637712903 12309.98555455267 3727.261731993) (85088.39003289101 29936.87274118629 7722.081809362055) (245963.1527398197 91919.36162340135 15925.29662355894) (993121.0900744926 388985.7827970325 -73040.51329373922) (2308067.204477375 722377.5582825374 -531497.2133384576) (3905593.82614499 518977.9771488451 -2985223.54414665) (5817548.679869229 -505461.6211993858 -2471945.968277863) (9341953.320157083 -4513919.362281432 1614480.100238655) (1093770.070667106 2126501.532484981 9900775.216048684) (16823432.82777004 -1340097.999436867 2211127.645482431) (18136041.66646456 -59426.91952051907 -7087840.120929194) (20447368.11589503 -684195.0870041945 -9981555.168437412) (22179834.19044235 -14373418.27790425 -28601099.5430314) (11062020.36447847 -25329370.74223445 -20129820.16228243) (11274013.04448319 -18763416.90978987 -12641820.79838706) (1568742.286086354 -4723334.859480659 -18387132.54505331) (-8810636.098889595 16559900.07145706 -27078866.82991979) (39363808.85737136 61413428.53277463 -105637524.8162556)
0.04702388141956209     (32324.14975102872 -1649.867069188562 2915.126161825144) (46682.60072053844 7031.205606706319 5606.583242272972) (108035.192253209 33341.66213062846 10051.5649394808) (231582.1863334401 81224.8528993034 20990.48638858277) (669017.1096692111 248868.7164467769 43199.40618207223) (2701387.414009799 1053475.529887543 -200049.5397291614) (6278024.028625604 1955285.966087226 -1452082.138245072) (10613241.83245141 1412436.5964146 -8134908.13254239) (15790132.30577785 -1369547.850399826 -6729499.291212775) (25354848.92959238 -12248127.76634856 4376361.550256719) (2967432.560811142 5772380.409695521 26872113.58968759) (45663638.93607336 -3637438.698275705 6001047.581375608) (49226149.1030336 -161884.3384149591 -19239682.68790155) (55500141.50711809 -1858176.635509497 -27093521.75530288) (60202316.48974109 -39014500.35590172 -77633706.49422094) (30017646.87162419 -68753632.83060747 -54638529.40065461) (30596830.49466424 -50929424.28158904 -34308150.81815322) (4260243.844259778 -12819533.33750053 -49903828.76093946) (-23912407.84450015 44945220.05183767 -73502453.39723937) (106852623.5983829 166671862.2349194 -286736640.6500126)
0.0470238814195666      (85436.01847886851 -3201.828438134566 7624.225580619213) (124794.4547310951 19836.99048663828 14464.23441303449) (291863.4997827468 90298.83135072247 28291.04421325316) (628505.9696032511 218330.8354484094 56849.47926420381) (1819915.160725896 673615.737223634 116840.5767946106) (7343632.497613937 2851026.183148507 -548065.5771615874) (17065483.01214467 5300296.968304317 -3962370.357809279) (28830422.4508317 3843743.768307623 -22142156.35147343) (42854832.0542594 -3713916.511259923 -18300635.33195519) (68810497.4355641 -33251392.71335511 11884074.36470989) (8053967.193258205 15670788.78860801 72940573.84697033) (123943251.9283221 -9870411.748001577 16287605.01094399) (133614795.5405959 -435618.8684084592 -52221087.05476771) (150644953.8085227 -5039722.862639732 -73540284.6102134) (163407280.0595922 -105892454.5886555 -210722376.9961048) (81486648.21010621 -186612218.4242084 -148310324.2006378) (83034240.97494234 -138238242.8400812 -93130827.13319083) (11521076.93303143 -34811282.01618245 -135447277.5182686) (-64943725.56057048 121987518.335034 -199443049.1192089) (290021132.192764 452474633.3599482 -778254799.0009036)
0.04702388141956827     (231889.8663694867 -9772.328996642151 20883.13926359014) (339121.9482971283 53182.64621488548 39531.40919241194) (793155.1646885613 244708.3772543515 76707.86826022652) (1707625.161001121 592258.1015689925 154389.5730076624) (4943847.288440547 1826543.686209611 317085.6044717524) (19948943.54507891 7731914.902250964 -1492922.948788485) (46361504.41509889 14374791.71772666 -10789241.41139426) (78294569.4344704 10444457.78537951 -60224744.90535411) (116319493.5979456 -10078340.23349463 -49749206.6762355) (186768480.2207143 -90230307.80010614 32219987.53113567) (21859946.75489607 42536271.07958433 197979068.2339156) (336419687.8899961 -26787936.61815358 44212470.28642689) (362668440.6982249 -1185366.249016728 -141744174.5023916) (408892341.5902439 -13683693.63890625 -199609793.4342777) (443533052.5630662 -287428494.3016955 -571965840.3429192) (221131280.4324188 -506527569.5741608 -402536600.3902974) (225371734.080121 -375193339.7392932 -252749499.4585017) (31342601.16262292 -94462638.2528328 -367634540.0622257) (-176214979.6594317 331133546.5371079 -541452169.9512026) (787149345.2791495 1228052187.619394 -2112469763.850321)
0.04702388141956889     (645545.8820298335 -31874.74039052754 58611.96736771151) (934836.3937106591 140312.576575394 112676.1121937242) (2166172.485932042 664705.7559972506 201944.0368064104) (4645028.885976575 1618183.568805609 420550.5570832352) (13421098.06213547 4959457.657796256 862562.7122677786) (54179500.62498397 20988171.14874402 -4061674.638116932) (125909991.288494 39004515.97398874 -29352515.46402297) (212569823.0636659 28348135.42768021 -163680479.5655962) (315671640.5867772 -27391631.87936489 -135175017.9604627) (506861581.2662834 -245005748.2568111 87454552.80009343) (59288353.9131697 115448045.6885464 537370970.2198216) (913132659.9533997 -72733617.72159347 119997257.404746) (984391103.483557 -3222873.375224231 -384740137.8206618) (1109855420.719586 -37129931.88174318 -541808468.4862056) (1203870069.495885 -780154252.9550332 -1552472019.067011) (600282548.1358625 -1374806871.642073 -1092564853.242674) (611767509.8025427 -1018182148.879894 -686097124.9325322) (85159004.82301773 -256345780.7930285 -997944492.7084863) (-478182932.4209431 898774400.1212389 -1469830526.986932) (2136739122.425619 3333001455.812514 -5733891155.465022)
0.04702388141956911     (1762088.500860496 -83390.89492459354 159093.9514493141) (2542535.21315793 381924.9257980234 305812.0306570574) (5884870.105315138 1802671.438509979 545326.4486963198) (12615308.54298094 4394160.324983296 1142634.419839919) (36441856.74635297 13455486.84239279 2339142.290260532) (147119966.2030143 56960044.49985939 -11063229.6943045) (341886432.0823104 105827262.2049233 -79863059.93287641) (577183372.6484444 76975524.95930156 -444707934.9219017) (856941912.4330317 -74270858.42618574 -367220917.3636599) (1375829243.645949 -664824662.4757211 237275341.1772869) (160905557.0323291 313339508.860589 1458548634.662617) (2478506429.108236 -197451403.7733331 325696750.5345058) (2671918182.273446 -8780696.342168581 -1044287281.92651) (3012473499.431105 -100827711.1321898 -1470584521.526212) (3267706117.072605 -2117606674.431657 -4213819815.27985) (1629455722.118466 -3731507374.75679 -2965277648.942426) (1660836017.839495 -2763159781.5712 -1862990869.624512) (230561205.4191403 -695800334.9737654 -2709074723.134986) (-1298626391.846418 2439650612.29084 -3988841617.762062) (5799621791.703701 9048487899.248312 -15563743793.5465)
0.0470238814195692      (4669287.816631936 -189351.6150412381 418649.264658099) (6806883.930437889 1063797.771921272 796242.5540780226) (15897370.10374111 4892980.870399743 1528355.50797174) (34205510.97424034 11845644.2210288 3093339.81071057) (99001014.93150395 36490674.50566845 6339738.633168254) (399469413.191311 154542556.1692566 -30088245.40347942) (928309572.4539638 287170508.9162131 -217071949.2151425) (1567021782.639408 208999606.3863744 -1207925010.055572) (2325961194.968648 -201787465.0073881 -997031519.7364862) (3734054497.702156 -1804889781.562676 644273161.8315673) (436840417.5499704 850593372.5767913 3959018786.783808) (6727364726.171314 -535760558.3531814 884043860.1338336) (7252381756.957409 -23647079.86939128 -2834483165.299815) (8176792273.732847 -273500147.8322318 -3991639601.514745) (8869492838.047354 -5747621060.076192 -11437652804.77354) (4422919361.551104 -10128390069.67729 -8049062821.350181) (4506860724.597946 -7500869980.787464 -5055370398.196568) (627107870.2812777 -1888213406.806842 -7352460191.897881) (-3523554245.353294 6622386044.503647 -10828410363.85033) (15741205900.77384 24558156939.43931 -42244054688.69814)
0.0470238814195692      (13002274.11962843 -610427.2931038578 1166657.472408411) (18746846.82885866 2822983.014839585 2244396.195192046) (43382454.0116961 13275187.55305094 4022835.921320882) (92990845.05900785 32365127.50512207 8420719.734247969) (268625854.1855835 99118378.21359685 17236177.30768874) (1084391348.167674 419674679.0520208 -81743239.53561082) (2520011542.902669 779616399.4943998 -589764106.3400991) (4253477755.637656 567374077.9739568 -3280693054.079169) (6312942413.347931 -548019218.3429587 -2707867963.893127) (10135981337.8998 -4898786732.714046 1747811272.169977) (1185205819.085097 2308585540.175314 10745607751.89722) (18259986816.82652 -1454739354.761386 2399454836.562387) (19684914923.44567 -64614763.95141814 -7693805721.865847) (22193823190.56726 -742774277.4908384 -10834592061.2418) (24073542610.23038 -15601229808.26814 -31045459043.51102) (11999865855.62636 -27492731655.31342 -21846712562.85181) (12230532513.34584 -20360846869.78553 -13719035869.28624) (1702758038.113575 -5128573423.743412 -19953818804.24454) (-9562599887.34811 17970928673.07468 -29389973119.45132) (42727634029.55606 66648077261.03929 -114660141284.6563)
0.0470238814195692      (34235802.4837881 -1235405.274955438 3081407.036493198) (49996348.32492378 7935123.572405018 5817259.74522646) (117001998.0350852 36029825.60873705 11329204.0422552) (251995108.6386142 87134243.19589496 22792957.67086247) (729692154.4050579 268816612.8462248 46673314.42179249) (2943966750.946946 1138808909.95792 -222173062.6091481) (6841454410.983606 2116097408.209338 -1602060239.023431) (11546929850.26817 1540564817.271161 -8907346898.169849) (17133673776.42988 -1489422641.024422 -7349649042.167429) (27509013728.9005 -13297185801.56868 4744396322.439392) (3217892420.144479 6266683212.40292 29167315197.39257) (49562861078.70139 -3947025554.006272 6512724998.758356) (53431100607.64258 -174106204.239883 -20882484263.71278) (60241422333.1786 -2014914821.24333 -29408057814.28162) (65344826223.90839 -42344872091.41437 -84266004302.94341) (32583074758.33533 -74619845819.89143 -59299578756.39509) (33203942192.17651 -55258456554.37254 -37249403470.50304) (4603586884.042509 -13917183593.87206 -54164486174.8976) (-25970620407.6717 48784146785.36577 -79756749530.06882) (115979045205.5074 180938068822.3609 -311223614852.3923)
0.0470238814195692      (88186790.38965422 -1412143.230015849 7557887.989945864) (131493992.0296654 22258108.82667449 14271261.82974598) (314160164.1367328 97196664.39633539 32142915.3892336) (682498423.0578972 233790292.7074506 61805608.2836986) (1982783455.57058 728478147.9979668 125758609.3549151) (7992410843.611864 3089201735.048923 -604152465.0360581) (18572122155.0029 5742811239.185211 -4352671069.12584) (31347138712.17799 4182418475.332542 -24186078359.54057) (46513800335.78409 -4039391816.189138 -19950931247.77166) (74678692085.72192 -36091637145.6832 12876738353.59284) (8741367851.357311 17011545765.70407 79171124707.72212) (134533207715.367 -10708327628.66182 17679339961.69697) (145028276092.6794 -469758305.9839352 -56680896909.41004) (163513866984.2263 -5468872711.739836 -79818820161.21217) (177371501034.1476 -114938711764.3837 -228724914566.9857) (88433511747.51765 -202543771378.1997 -160952573973.5588) (90128192383.30673 -149987314291.0038 -101083081401.3908) (12538251968.28652 -37765627496.60094 -147018238040.6779) (-70464217107.58371 132423852641.4263 -216527947096.835) (314777474650.8617 491084385328.2738 -844763679431.8354)
0.0470238814195692      (257567243.1763553 -11542701.44199293 23089231.85368374) (373317710.9374926 56815893.42052922 44566975.56702843) (866403152.6040847 265704982.2988494 81292588.78240466) (1859211035.870312 646133139.16611 168228286.5062752) (5373867017.357621 1982231441.902096 344613030.9512869) (21689941851.81356 8394198400.524172 -1637703159.861068) (50406195233.95294 15595936917.09381 -11814607219.35213) (85073658717.43849 11347618074.1498 -65664929782.65335) (126239231788.5298 -10979526571.20364 -54176150099.41382) (202671253881.7806 -97972109040.68329 34948497365.23916) (23699695160.43202 46163794580.88463 214884228152.6719) (365147087080.0328 -29088000708.46685 47982813345.70801) (393645116641.6162 -1288295644.930876 -153852496349.5806) (443819548219.3933 -14847471471.80045 -216661322588.1337) (481415459440.2966 -311973973509.541 -620818968776.8888) (240033167517.3337 -549761241443.55 -436882949049.9052) (244637997431.0289 -407134700846.9075 -274378309331.2543) (34061805401.08613 -102542903385.5048 -399061663467.2749) (-191208595062.8859 359397277787.2393 -587752267066.874) (854434699595.2358 1332815015704.188 -2292897748008.222)
0.0470238814195692      (651542703.167971 -7997856.257637378 55708443.8182831) (969989127.8597074 165172445.196293 105992514.4742686) (2315453245.263343 716235006.963892 236028177.8656196) (5028735173.780195 1723537953.0455 455834363.2618755) (14608212488.75957 5368130068.412563 926709194.5212438) (58886928791.32436 22767899326.4641 -4455790039.430762) (136836419571.6239 42324456113.39386 -32092498964.11496) (230951720066.8923 30815533137.4919 -178260559079.4691) (342657343250.2294 -29803230171.14205 -147024679597.3738) (550170012576.2803 -265899419340.2826 94867457757.85776) (64391023778.52411 125326088859.6938 583279162409.6829) (991149725851.2451 -78900961810.38048 130240986627.2664) (1068479180358.24 -3458573669.946666 -417588023334.2771) (1204664785383.402 -40281516656.57088 -588062792376.4756) (1306745626270.273 -846789313475.4062 -1685107874384.577) (651522827968.5641 -1492210906852.982 -1185799666401.593) (663951059235.6215 -1105020260508.32 -744828164897.5802) (92071344363.82976 -278284603383.4239 -1083099566081.783) (-519361280339.5088 975566228963.7439 -1594897626210.838) (2319200550266.301 3618280917187.959 -6223701666581.191)
0.0470238814195692      (1860008879.53785 -68222778.24349959 165550906.2330507) (2716873589.991827 428792589.365487 317088033.4755173) (6354423822.908743 1958001390.221182 615036815.7978199) (13681191691.2468 4732946212.399915 1236017601.223722) (39610172553.51327 14597258216.77081 2534428333.12008) (159807180888.1772 61842236263.78624 -12078620384.4904) (371389032981.4772 114925570478.7488 -87103163043.01675) (626807187457.7014 83632956211.95319 -483902910508.3927) (929944937747.5695 -80996700403.48451 -399164754469.9755) (1493090121068.429 -721824823793.7469 257432929448.2393) (174662100150.8257 340144763654.9547 1583133012592.208) (2690195254317.667 -214223157734.1469 353511458634.37) (2900147598778.677 -9444151738.324137 -1133468240389.726) (3269808584857.286 -109346788219.5864 -1596210939787.422) (3546846457982.443 -2298384158605.326 -4573766663517.147) (1768858432721.478 -4050165491988.376 -3218667908113.907) (1802701016216.444 -2999321848455.694 -2021674187563.909) (251047445181.7639 -755119959257.337 -2940457303399.855) (-1408833461536.745 2648227281900.469 -4330368756145.686) (6295154945349.922 9820194180387.781 -16893069731072.2)
0.0470238814195692      (5139534663.925895 -243412830.0321548 460169546.0192403) (7452628348.295439 1130655811.495507 887412949.0696421) (17315715684.42414 5311886340.496328 1631927245.620162) (37173473172.8727 12913196061.39026 3360969524.009809) (107465217969.495 39645785683.45552 6888342395.444752) (433726113277.1108 167895580375.1189 -32782415683.85243) (1007993616444.599 311973383665.2222 -236485283677.3607) (1701294870571.771 226890084550.4359 -1313756908417.24) (2524415425083.132 -219803406523.3236 -1083761303374.847) (4053041656708.028 -1958954377807.188 698515962491.0117) (474027145916.3079 923154294707.7036 4297002041563.193) (7302022186864.557 -581578832924.1268 959573785737.9863) (7871862547254.248 -25803652353.90012 -3076595204215.815) (8875317003300.123 -297009414176.8945 -4332488717285.8) (9627493839704.42 -6238618647149.441 -12414398696923.83) (4801858452234.482 -10993069901427.57 -8735728523967.587) (4895960042483.97 -8139359496375.466 -5488712458112.32) (682642942643.6896 -2048016665723.905 -7983263043193.854) (-3823188201423.721 7189242491821.797 -11756915069866.21) (17086129941632.55 26655312270312.69 -45855583208291.15)
0.0470238814195692      (14097737912.27762 -662556286.4086801 1263769140.934842) (20345872475.73144 3058719771.798289 2445149016.36518) (47095930623.95863 14421962690.10935 4368987290.213308) (100959769703.4283 35149433184.28405 9139260552.847797) (291638947326.3857 107644037446.1581 18703266722.18644) (1177281795009.528 455847696187.6377 -89000842139.59181) (2736002354847.439 846870786399.4158 -641953801083.2759) (4617736392101.051 615547575804.4944 -3566255013520.335) (6851646972265.368 -597123660024.6825 -2941921619685.882) (11000020906152.35 -5317896972804.383 1896456980515.671) (1286091719399.909 2505513117648.776 11663321708489.5) (19819476570975.71 -1578971991952.859 2604297915864.606) (21366362793142.75 -69968467282.15678 -8350854081030.393) (24089728916201.59 -805747853379.6515 -11759949794921.05) (26130411761716.43 -16933056938669.39 -33696559819837.6) (13029839183630.35 -29839088805005.29 -23711868592877.65) (13282485436470.77 -22094610561245.93 -14895921909615.93) (1844516915885.909 -5561538495901.88 -21664230763172.67) (-10384355556568.46 19510644155454.56 -31898565317814.52) (46377654505923.06 72359245090056.88 -124459065721257.6)
0.0470238814195692      (35428190302.19525 -446349453.9619527 3036229303.390304) (52670673455.70169 8987790429.997192 5701222415.910552) (125683977873.7973 38857679767.19269 12813136481.49196) (272960037061.9708 93562266285.69507 24744182724.29858) (792919972811.3984 291435921923.9268 50285404604.31041) (3196217507570.92 1236239961761.822 -242129394283.4523) (7427252063972.766 2298026322733.49 -1743483469486.97) (12535991285765.99 1671669021762.834 -9680154900489.145) (18598413787204.57 -1620454125434.103 -7982886463342.576) (29862190942628.23 -14432864689507.69 5148270987210.517) (3494764213224.284 6802522718244.07 31658933807642.39) (53797940504545.27 -4282627201723.036 7068780387343.947) (57995482892011 -187402932865.4224 -22666099628693.27) (65387788577488.06 -2186113293662.231 -31918692176613.68) (70929926945783.94 -45961669625693.64 -91463033049692.41) (35377725933523.62 -80990965101336.27 -64363653901426.35) (36055514085737.41 -59974771054835.8 -40433594326078.15) (5021162796127.062 -15099600170387.48 -58804469358001.53) (-28171408223486.55 52960010258565.45 -86599208963111.31) (125885648801491 196376220589459.1 -337820406561695.1)
0.0470238814195692      (104079541066.9945 -4959896466.007296 9324649514.773821) (150050847743.6942 22548751511.95535 17949687621.90759) (347083021757.3881 106264120670.2692 32162164821.07087) (743872561994.1897 259039613265.782 67327590306.1676) (2148603830874.559 793219559979.5835 137829314500.1449) (8673323771267.357 3359191992659.479 -655840629908.6638) (20156947663248.98 6240762370674.443 -4730513689310.034) (34020061058568.88 4535978667957.621 -26275636174016.59) (50472588526078.17 -4403939277751.663 -21674812415192.33) (81041400247244.58 -39178907640693.77 13968798189795.17) (9475098051517.148 18460705927241.75 85926653963246.2) (146018090661312.4 -11632397452473.44 19185523081165.9) (157414322685001.1 -514599602377.4397 -61525218883793.89) (177478249705566.2 -5935759303717.632 -86641506054416.75) (192511908937298 -124751960610710.4 -248256778508748.1) (95991602090684.77 -219836137781262.9 -174696709941250.8) (97854001142849.56 -162793596912128.6 -109733657912282.9) (13634207632528.85 -40972206373352.28 -159606244126008.4) (-76459342752206.64 143744021852817.8 -235069298308167.8) (341678405215553.1 533004784619514.6 -916930888958183.5)
0.0470238814195692      (259894718484.6902 -4141523845.488848 22407683058.40443) (387890248190.4224 65583010560.81221 42419856963.6526) (925921600122.6592 286543055073.7713 94532586041.98454) (2010902630654.221 689396987864.7957 182123409289.6428) (5841435837643.951 2147623734506.415 370640198953.6025) (23546836015464.05 9108186205080.83 -1783132864311.455) (54719005273887.83 16932982194780.62 -12846906492156.2) (92359281948571.06 12315161659892.14 -71323341429448.84) (137025374201885.9 -11937583236013.32 -58816362752380.09) (220010024472415.6 -106338438262785 37922320195853.3) (25752902138637 50120364802987.5 233237580937108.4) (396352215096120.6 -31545508240491.23 52075532055266.56) (427275168228715.2 -1381027384513.959 -166994976373615.6) (481737152393075.8 -16107053094099.89 -235162369484599.1) (522570689216572.9 -338615357896086.8 -673848351691063.4) (260627063625882 -596687741221844.1 -474186515540548) (265633362680021.9 -441820098664375.6 -297902411101636.1) (36894385257912.45 -111240186439045.8 -433236287367962.4) (-207650812107014.3 390165212457991.8 -637883917995566.2) (927428391419862 1446975458976024 -2488876659833039)
0.0470238814195692      (754240629840.271 -34773780314.89253 68177174543.37328) (1096027807400.055 166998440117.9598 130579148065.8885) (2549422947036.75 782700526175.9167 240993141631.1037) (5475905626555.304 1901423102958.89 495380216674.2538) (15833359740247.51 5841980887924.184 1014462000132.388) (63900368003269.34 24742886326900.81 -4830620139763.359) (148504422180049.2 45979938619023.56 -34853855730062.37) (250653830184109.8 33423039459270.66 -193603459104085.3) (371902323888217.2 -32437969680081.59 -159683667692393.5) (597072224093759.4 -288642734886842.6 102926291670122.6) (69848452192641.84 136027328276456.5 633037526493311.9) (1075781076508940 -85664279926617.16 141320410717240) (1159743767826733 -3774229182853.473 -453303725149340.2) (1307563489046392 -43717623790681.5 -638347523199463.5) (1418346337552770 -919074130210038.2 -1829026913948726) (707317173346895.9 -1619586059631464 -1287106399516673) (721105839102829.8 -1199232767592558 -808549037161767.6) (100451546372033.7 -301792873039204.2 -1176042595220434) (-563347906631399.6 1059140500544730 -1731879687648918) (2517340796469834 3927141492100657 -6755546652287750)
0.0470238814195692      (2050809042287.604 -97569582138.50751 184443740640.563) (2978422218475.817 453056770680.0657 353609193045.787) (6923074050745.57 2123693997277.884 652742699901.0261) (14864911622760.2 5163888361594.1 1344476266667.78) (42974613303888.53 15858167529917.12 2753973777686.849) (173439592533421 67163702926373.84 -13114423880964) (403076211502439 124812476504266.7 -94612673511862.19) (680341127966323.5 90735334784075.25 -525520169597720.1) (1009443850879742 -88044904803488.77 -433464191804434.4) (1620837809407738 -783302155819770.5 279290904270444) (189655600640244.5 369276186136170.5 1718167708604456) (2920032733271692 -232486959361032.2 383522561805035.8) (3147900215195653 -10232454463489.99 -1230484998408344) (3549117458139168 -118676819136937.6 -1732736938007321) (3849803936788716 -2494665753207054 -4964601432435039) (1919790175532484 -4395988759527554 -3493664015837928) (1956894592980122 -3255151228608905 -2194710038713581) (272660110592241.8 -819167226504576.2 -3191993007031456) (-1529020097033362 2874603335695544 -4701004812596658) (6832483390974560 1.065877024381492e+16 -1.833656209962841e+16)
0.0470238814195692      (5221306774309.072 -69782345954.2865 446035942322.7394) (7761560988556.516 1323604173312.542 839736371005.4695) (18518269397253.04 5725008991549.461 1887258590622.271) (40215768162677.34 13789885323079.68 3646368864714.64) (116819010436932.3 42950775722186.86 7409568248796.855) (470894271371545.2 182195818709481.2 -35666494367132.96) (1094227312368374 338722433908076.6 -256890625817082.5) (1846933532525574 246408362902550.2 -1426298203930452) (2739913052763231 -238910459435927.2 -1176049205392362) (4399431267849266 -2126341832226213 758556497214769.6) (515115186241785.1 1002579633131194 4663787886870647) (7925994189596198 -630684328752089.6 1040755549619222) (8544441912941940 -27297588292201.57 -3339925260738919) (9633413397815982 -321705930136900 -4703209312754564) (1.044963656000993e+16 -6770981412848846 -1.347576240869334e+16) (5210477019519428 -1.193212743193522e+16 -9483189779867134) (5310725734711978 -8836020084294830 -5957062826258479) (737519764724320.8 -2225094697900674 -8663069063849542) (-4152308642326956 7801936909919960 -1.275534608811242e+16) (1.854622633657592e+16 2.89347993927724e+16 -4.976915794904064e+16)
0.0470238814195692      (14108692223995 -207821767079.1085 1206127514304.309) (21051251704451.92 3567139347748.653 2301552338174.035) (50258173054549.55 15555756972525.11 5132316320992.764) (109148424079020.1 37423833757900.83 9883480886617.24) (317061792433393.8 116585520053347 20122428578303.86) (1278057829480786 494462241057731.1 -96777339793929.81) (2969976465447972 919345290277546 -697346814026285.4) (5013197230560348 668689246888774.5 -3871723962934464) (7437773728265162 -647901332379987.9 -3192535967741799) (1.194261582573027e+16 -5772355539929906 2058463085603922) (1398627880533878 2721340724556062 1.265864965032171e+16) (2.151377313150286e+16 -1711640855575318 2825107577268004) (2.319215110858271e+16 -74339944291252.06 -9065563349751620) (2.614809038617337e+16 -873639100314358.1 -1.276564417662169e+16) (2.836457157219993e+16 -1.837884028076093e+16 -3.657665194357951e+16) (1.41462825454866e+16 -3.238614100499602e+16 -2.573875374898614e+16) (1.442053850853015e+16 -2.397968163883532e+16 -1.617047361242642e+16) (2008044443567552 -6033814599992732 -2.351865971874366e+16) (-1.126559734424424e+16 2.11814689740737e+16 -3.463412951681966e+16) (5.034016284945123e+16 7.853192247765184e+16 -1.350952521402986e+17)
0.0470238814195692      (40979467759801.16 -1724458563308.758 3674910190682.628) (59469828548905.69 9200427164609.535 7001855586441.138) (138338148581647.6 42505389494080.19 13126524373424.33) (297190162773509.7 103165505745053.9 26879060794538.64) (859485989642395 317111336260502.8 55079418894583.83) (3468388151014731 1343298829048790 -262315069657285.5) (8060602404057514 2496231663682049 -1892130092113896) (1.360542902640741e+16 1814303455305125 -1.050909817396803e+16) (2.018697536817822e+16 -1760072685186954 -8667255518917602) (3.241014921926197e+16 -1.566801512088459e+16 5588109793764806) (3792341673763092 7385229952341104 3.435798831388269e+16) (5.839231518576136e+16 -4649022261927970 7667412657981672) (6.294963428530854e+16 -203451986096964.6 -2.46072594144753e+16) (7.097299668664613e+16 -2371780458750232 -3.465106209190698e+16) (7.698608495072781e+16 -4.988446032523882e+16 -9.927901440927656e+16) (3.839352819836479e+16 -8.790635642982702e+16 -6.986341647061976e+16) (3.914525476123557e+16 -6.508958521000734e+16 -4.388981523955083e+16) (5459851541680868 -1.637931613602831e+16 -6.384093287824325e+16) (-3.057098718996133e+16 5.748871562788621e+16 -9.401521179672806e+16) (1.3663289818925e+17 2.131513021817485e+17 -3.666831323820087e+17)
0.0470238814195692      (113148495483485.5 -5241060410679.116 10178273899551.33) (162986063802604.7 24490391280027.19 19577184900761.41) (376817799107680.2 115279487494222.5 34765375394935.34) (807428695613243.8 281377608577330.4 73177977957370.03) (2331877896256948 861154187746715.2 149562688211731.8) (9413718453563244 3647193157443809 -712033307992010.9) (2.187739213219226e+16 6776277514651926 -5135955844682643) (3.692664610519868e+16 4924030198008016 -2.852718005815768e+16) (5.47925342393963e+16 -4777347657226479 -2.352996180059694e+16) (8.797932425833066e+16 -4.251381365646516e+16 1.516007557661481e+16) (1.029167359989327e+16 2.004398633034883e+16 9.325547183854114e+16) (1.584930655279766e+17 -1.262183089293194e+16 2.081112619625066e+16) (1.708621537888559e+17 -555470051874753.7 -6.679192372365987e+16) (1.926373629289099e+17 -6440593291387224 -9.405351851147053e+16) (2.08955862971523e+17 -1.354055353008989e+17 -2.694714468813788e+17) (1.041952654103055e+17 -2.386044072537748e+17 -1.896311356771245e+17) (1.061994595459708e+17 -1.766827026267161e+17 -1.191479147012757e+17) (1.473535760254265e+16 -4.447814872429702e+16 -1.732458952162089e+17) (-8.304418910955613e+16 1.560201929513101e+17 -2.550834411397836e+17) (3.708593006962688e+17 5.786298382063994e+17 -9.952629119115343e+17)
0.0470238814195692      (282379203985843.2 -4500857403581.015 24319165136694.24) (421069058510105.6 71204802272999.34 46190210583213.92) (1005136976722698 311070328869272 102494312924923.3) (2182754586046028 748613474156103 197883290135128.9) (6340384665826322 2331702685088815 402379343691492.6) (2.55583910055907e+16 9889409359338934 -1935118589062590) (5.939193994912816e+16 1.838731170287761e+16 -1.394492980158346e+16) (1.002495236877475e+17 1.337436888006826e+16 -7.742212275945213e+16) (1.487254569336502e+17 -1.296901475411123e+16 -6.38375565332192e+16) (2.387956656111012e+17 -1.154274262604732e+17 4.117297407376939e+16) (2.796547361103673e+16 5.441937314133846e+16 2.531406839014969e+17) (4.30210571134399e+17 -3.422684992188844e+16 5.649117969225717e+16) (4.637776895118473e+17 -1481399157668918 -1.812867377521083e+17) (5.228845478869303e+17 -1.746054703916444e+16 -2.552843944488472e+17) (5.671918141725978e+17 -3.675155051641059e+17 -7.314395841754307e+17) (2.828223799031532e+17 -6.476478229468278e+17 -5.147245202619053e+17) (2.88277341810017e+17 -4.795753130817318e+17 -3.233039465267339e+17) (4.013858495621841e+16 -1.207023314552222e+17 -4.702378543492243e+17) (-2.252911850782531e+17 4.235228502199025e+17 -6.925102255223809e+17) (1.006650527772834e+18 1.570383329794844e+18 -2.701413449455e+18)
0.0470238814195692      (825358786468860.8 -36949907476908.29 74125384080960.59) (1193585675193783 182391079743891.1 141531816537464.7) (2769993947560196 849688416488553.2 259825917825585.8) (5945039566072840 2067117004226764 538264439462725.8) (1.718371356067445e+16 6342961619349454 1101318248519495) (6.935476713682037e+16 2.686752388754685e+16 -5246679909934602) (1.611811210456818e+17 4.992510728902432e+16 -3.784135745059346e+16) (2.720535695678305e+17 3.628856080157254e+16 -2.10165397187176e+17) (4.036356202035985e+17 -3.521737058639697e+16 -1.733467946346774e+17) (6.481643794005796e+17 -3.132425715151297e+17 1.116826655723809e+17) (7.583873124617389e+16 1.476803602476002e+17 6.87049606209408e+17) (1.167688960322132e+18 -9.297327949417963e+16 1.533283755051389e+17) (1.2588153610135e+18 -4086830680719404 -4.920737840631645e+17) (1.419261013875016e+18 -4.745606010689216e+16 -6.929101771597313e+17) (1.539532856318511e+18 -9.975790487617262e+17 -1.985282269610851e+18) (7.678412245354619e+17 -1.757863194191856e+18 -1.397056896036322e+18) (7.828885060416735e+17 -1.301580917220778e+18 -8.77844436905214e+17) (1.091822157678153e+17 -3.275455457432076e+17 -1.276724655366197e+18) (-6.113298646970235e+17 1.149627735335547e+18 -1.88011592000042e+18) (2.732248766819743e+18 4.262458294921883e+18 -7.332776844546757e+18)
0.0470238814195692      (2086160041429697 -28043076856968.53 178520486133517.7) (3102552668974657 529186176441965.6 335940367446748.4) (7404424504372024 2289564310879038 754756469864942) (1.608130206530447e+16 5514733281576064 1458484444813918) (4.671406339564098e+16 1.717707887750524e+16 2962879499842880) (1.88301077225434e+17 7.286591454975579e+16 -1.426439759041776e+16) (4.375619676534308e+17 1.354680404450896e+17 -1.027443142350591e+17) (7.38579636802567e+17 9.851254934310675e+16 -5.704164801554342e+17) (1.095769931747506e+18 -9.551357679069579e+16 -4.703020252834957e+17) (1.759241758183694e+18 -8.502788288837992e+17 3.033461259804044e+17) (2.059988382473112e+17 4.009119091208251e+17 1.864985124539923e+18) (3.169505405272097e+18 -2.522082427878233e+17 4.161667953156115e+17) (3.416821671549881e+18 -1.091475723104459e+16 -1.335604595685984e+18) (3.852302864088962e+18 -1.286471052661171e+17 -1.880753790893442e+18) (4.178732885286433e+18 -2.707614679304062e+18 -5.388779958033354e+18) (2.083770645022282e+18 -4.771367655130547e+18 -3.792129873588503e+18) (2.12402685004241e+18 -3.53310573588314e+18 -2.382300410038462e+18) (2.94929836198842e+17 -8.891983690952905e+17 -3.464517246657019e+18) (-1.660504087448461e+18 3.120316685034053e+18 -5.101144156586311e+18) (7.416396763732681e+18 1.157105687846765e+19 -1.990255176858898e+19)
0.0470238814195692      (6116515175205441 -276967241748516.8 551404790279557) (8826227119384952 1337342383029548 1058969895025357) (2.04349171411641e+16 6259672750815034 1898423576480132) (4.381317848092375e+16 1.525513819754304e+16 3970104104601709) (1.265786762871146e+17 4.67384705511199e+16 8119012810985816) (5.10953990120732e+17 1.979586427336276e+17 -3.865038663930818e+16) (1.187472639215357e+18 3.678124075032543e+17 -2.787928282108833e+17) (2.004344733785631e+18 2.672480324173317e+17 -1.548427528557787e+18) (2.97404759965581e+18 -2.593678466445608e+17 -1.277136849084888e+18) (4.775344660438912e+18 -2.307779008173962e+18 8.230453457197315e+17) (5.586405568295355e+17 1.08795475271437e+18 5.06173422191054e+18) (8.60272592369024e+18 -6.850431116252564e+17 1.129589086364516e+18) (9.274120277333105e+18 -3.012682051871677e+16 -3.625314245606618e+18) (1.045608076173138e+19 -3.495694946263848e+17 -5.105012972150676e+18) (1.134195088947067e+19 -7.349541534222531e+18 -1.462640605485842e+19) (5.655974495477669e+18 -1.295116556936466e+19 -1.029291053950245e+19) (5.765527625974651e+18 -9.589656638364883e+18 -6.466764974264865e+18) (8.026600968401472e+17 -2.413669891752653e+18 -9.404512727136412e+18) (-4.505147072967821e+18 8.46907691376323e+18 -1.384909529602855e+19) (2.012966943127233e+19 3.140369106855194e+19 -5.402154897998833e+19)
0.0470238814195692      (1.657547345025676e+16 -773780530745319.1 1496051498699328) (2.394502512552574e+16 3611377953567431 2878748761770642) (5.546363170496696e+16 1.699920126771184e+16 5157243437386901) (1.189256731759997e+17 4.140955004790444e+16 1.077308964769897e+16) (3.43583822943583e+17 1.268728715123313e+17 2.203904104899686e+16) (1.386915622928432e+18 5.373291028297783e+17 -1.048815005316691e+17) (3.223200879933292e+18 9.984251243673789e+17 -7.566666875321897e+17) (5.440364931123441e+18 7.255062806041964e+17 -4.202654184125068e+18) (8.071847350066135e+18 -7.044939536068517e+17 -3.466239582639948e+18) (1.296023988726575e+19 -6.264572273039e+18 2.234118722102807e+18) (1.516238635664557e+18 2.953087436013651e+18 1.373914716334205e+19) (2.335027730310771e+19 -1.859262530862883e+18 3.066073959928115e+18) (2.517270589807118e+19 -8.155041940400446e+16 -9.840159398720246e+18) (2.838091384032414e+19 -9.484353345370139e+17 -1.385668137232659e+19) (3.078511127121697e+19 -1.994836070641492e+19 -3.970022603455675e+19) (1.535324038914994e+19 -3.515254131317833e+19 -2.793855996664737e+19) (1.564879180057668e+19 -2.603145330174622e+19 -1.755117768388573e+19) (2.181100037495586e+18 -6.551534929462727e+18 -2.552625245687343e+19) (-1.222575337347249e+19 2.298733872549696e+19 -3.759269496385923e+19) (5.463737854878148e+19 8.52346051761288e+19 -1.46628996166023e+20)
0.0470238814195692      (4.51307020330334e+16 -2125056823846786 4067985870372458) (6.508633461404795e+16 9818834783594928 7778187726612206) (1.506058431381601e+17 4.612638317723698e+16 1.397067313268779e+16) (3.228225754534573e+17 1.12449797858306e+17 2.923962394474116e+16) (9.325324731376069e+17 3.443902749662164e+17 5.982602325782958e+16) (3.764303372140094e+18 1.458548629839114e+18 -2.847302963650452e+17) (8.748381255700324e+18 2.710124331617627e+18 -2.053995797514394e+18) (1.476618176879571e+19 1.969596359188638e+18 -1.140780005613792e+19) (2.190833807963416e+19 -1.911929809424016e+18 -9.40969382858341e+18) (3.518149001868348e+19 -1.700285126782255e+19 6.061722329355355e+18) (4.115669483671707e+18 8.015560761542734e+18 3.729152150105165e+19) (6.337957117875438e+19 -5.047093678719729e+18 8.322286893120467e+18) (6.832549049559065e+19 -2.221637063225005e+17 -2.670912106706419e+19) (7.703359300182532e+19 -2.575934066506342e+18 -3.761023070931246e+19) (8.355978176189817e+19 -5.414692640586899e+19 -1.077576364579505e+20) (4.16690996142459e+19 -9.541502911281118e+19 -7.582997476416661e+19) (4.247210475080593e+19 -7.064953967736405e+19 -4.764451886325145e+19) (5.893837878843153e+18 -1.778102200165751e+19 -6.928248774318511e+19) (-3.320825539899302e+19 6.239352674232377e+19 -1.020091083683908e+20) (1.48302004137044e+20 2.313891036194146e+20 -3.979974924048856e+20)
0.0470238814195692      (1.129358490971537e+17 -1287611122986810 9601663600885922) (1.680564918549913e+17 2.878831411419499e+16 1.810361801997282e+16) (4.016091494558284e+17 1.241829454823774e+17 4.100257160294496e+16) (8.727414611294426e+17 2.991623332820441e+17 7.920603500313811e+16) (2.535667918246823e+18 9.322688939999672e+17 1.606774491154891e+17) (1.022071274504899e+19 3.95518989182656e+18 -7.744241160296429e+17) (2.374982349822809e+19 7.353199297794789e+18 -5.577141235259013e+18) (4.008867306621346e+19 5.34709707636461e+18 -3.09616715704574e+19) (5.947683233764746e+19 -5.185238117083531e+18 -2.552711840345654e+19) (9.54884866660605e+19 -4.615312194816025e+19 1.646813067514849e+19) (1.118140527825729e+19 2.176105690627093e+19 1.012281914460928e+20) (1.720349292898504e+20 -1.368898017769087e+19 2.258858348677671e+19) (1.854592581464903e+20 -5.917964518840649e+17 -7.249352923431584e+19) (2.090965870488634e+20 -6.981934086433491e+18 -1.020825808711298e+20) (2.268175394791295e+20 -1.469636957626904e+20 -2.924899903574841e+20) (1.131256044961271e+20 -2.589787795198984e+20 -2.058330450622435e+20) (1.153187713684425e+20 -1.917714660228382e+20 -1.293123192540652e+20) (1.607092686958038e+19 -4.826190924571177e+19 -1.88072814748379e+20) (-9.00765784230088e+19 1.693778681082929e+20 -2.76956073765682e+20) (4.025572301170936e+20 6.279857479927034e+20 -1.080284907240463e+21)
0.0470238814195692      (3.326734961322766e+17 -1.510770217741594e+16 2.985880510866608e+16) (4.796014657221272e+17 7.240956294193642e+16 5.766276005481853e+16) (1.109653178855235e+18 3.397106484636104e+17 1.027096384189901e+17) (2.378374984063086e+18 8.285422262570609e+17 2.1557508967147e+17) (6.870074810727815e+18 2.537068471725579e+18 4.40681948969753e+17) (2.773331270628763e+19 1.074553425814401e+19 -2.097981201409085e+18) (6.445268338178861e+19 1.996507210903513e+19 -1.513281313933361e+19) (1.087909070020966e+20 1.450519996461081e+19 -8.404767142552047e+19) (1.614271598232539e+20 -1.408050928182853e+19 -6.932236026174557e+19) (2.591975514519594e+20 -1.252643844931355e+20 4.467456823392803e+19) (3.032075955338829e+19 5.905152477010887e+19 2.747412060987453e+20) (4.669394130690057e+20 -3.718348751451732e+19 6.131186449841475e+19) (5.033810982368844e+20 -1.63556009338432e+18 -1.967755148590267e+20) (5.675354295677511e+20 -1.897400932213227e+19 -2.770908002897887e+20) (6.156177420142345e+20 -3.989182614000719e+20 -7.938910099306805e+20) (3.070060696374768e+20 -7.029608609291042e+20 -5.586706182860277e+20) (3.129583416491675e+20 -5.204985638941467e+20 -3.510030870826454e+20) (4.359782851131874e+19 -1.309735539103905e+20 -5.104647976660567e+20) (-2.444980098292973e+20 4.596937665692833e+20 -7.517708159463596e+20) (1.092575780052679e+21 1.704463924290613e+21 -2.9322114723919e+21)
0.0470238814195692      (8.781493116211512e+17 -3.313971238493409e+16 7.881001212992638e+16) (1.281087959056453e+18 2.023414519045017e+17 1.489848168194236e+17) (2.994337339067679e+18 9.22497908833705e+17 2.891054797951896e+17) (6.445526441954693e+18 2.231790979245104e+18 5.829783524175958e+17) (1.865956077273049e+19 6.880936865077445e+18 1.19418954356552e+18) (7.528186794596118e+19 2.915474193144023e+19 -5.696152793366606e+18) (1.749569198599643e+20 5.41856745712236e+19 -4.107747113222043e+19) (2.953110034858281e+20 3.938469872875048e+19 -2.281130849525184e+20) (4.381442046356399e+20 -3.823962184562962e+19 -1.88119157084133e+20) (7.0348092969304e+20 -3.400341053228868e+20 1.21284511560393e+20) (8.232920083811775e+19 1.603044808276509e+20 7.457438510487872e+20) (1.267409356513439e+21 -1.008872446173771e+20 1.664223710310849e+20) (1.36632147672363e+21 -4.40559297454196e+18 -5.341001348177806e+20) (1.540460647911372e+21 -5.147398409633235e+19 -7.521133432505215e+20) (1.670945367103669e+21 -1.082745502464009e+21 -2.154887146358706e+21) (8.331300975348871e+20 -1.908041239868138e+21 -1.516432756778195e+21) (8.491789445741237e+20 -1.412952456841767e+21 -9.525687339821666e+20) (1.178929666693223e+20 -3.557781378240917e+20 -1.385299637448301e+21) (-6.640300416347193e+20 1.247573574542957e+21 -2.039675220188421e+21) (2.965666059941777e+21 4.62697988367312e+21 -7.958556962868662e+21)
0.0470238814195692      (2.39303297235381e+18 -9.551119224306466e+16 2.140809323967438e+17) (3.488307740523093e+18 5.441513109074241e+17 4.108064164651226e+17) (8.137626652111858e+18 2.505044335489862e+18 7.787165966850097e+17) (1.750019995916993e+19 6.068839220518853e+18 1.583081885686646e+18) (5.063775501682929e+19 1.868165876009594e+19 3.243010029400614e+18) (2.043263872177392e+20 7.914136210384613e+19 -1.545824895062464e+19) (4.748651191414076e+20 1.470857970988964e+20 -1.114968769958827e+20) (8.015209122808172e+20 1.069209635811657e+20 -6.191826938259626e+20) (1.18915690163842e+21 -1.037637466168905e+20 -5.106869838943046e+20) (1.909600040159806e+21 -9.228768154415548e+20 3.290224924926303e+20) (2.234966978929432e+20 4.351122395827625e+20 2.024130265587967e+21) (3.440153350762414e+21 -2.738440044735345e+20 4.517371827349353e+20) (3.708613652957203e+21 -1.200757679723458e+19 -1.449691645086284e+21) (4.181307869072805e+21 -1.397824387986401e+20 -2.041388013561585e+21) (4.535672567409047e+21 -2.93894669496725e+21 -5.848859080856662e+21) (2.262252205434425e+21 -5.178794209435073e+21 -4.115816929168316e+21) (2.306567292983538e+21 -3.834296317776809e+21 -2.586216701229033e+21) (3.212628372798958e+20 -9.646642681940265e+20 -3.761379435611752e+21) (-1.801402094891595e+21 3.387283589002836e+21 -5.538785112436805e+21) (8.04965504671242e+21 1.255846357563104e+22 -2.16033812849353e+22)
0.0470238814195692      (6.473041540198586e+18 -2.816139961603931e+17 5.807926290248616e+17) (9.453917019921105e+18 1.468708196764321e+18 1.108407542737887e+18) (2.20788821494835e+19 6.792081786109786e+18 2.120933826811861e+18) (4.749884574808101e+19 1.645917180547287e+19 4.293721567465316e+18) (1.374588008401129e+20 5.070361779507005e+19 8.801114204253657e+18) (5.546220560835485e+20 2.147874171060709e+20 -4.194386772208213e+19) (1.288962129291712e+21 3.992105757307624e+20 -3.026201476264814e+20) (2.175679580416416e+21 2.90139327121033e+20 -1.680592552248162e+21) (3.228112749663172e+21 -2.816560637644717e+20 -1.385959829349374e+21) (5.182692065652627e+21 -2.505215461396793e+21 8.934621072695195e+20) (6.066027794760742e+20 1.18097971134794e+21 5.494215104367673e+21) (9.337512200431439e+21 -7.432380741007576e+20 1.22618900868964e+21) (1.006624428099625e+22 -3.250814713028184e+19 -3.934911153328823e+21) (1.134927129044555e+22 -3.792769637043581e+20 -5.54103757939814e+21) (1.231087271653982e+22 -7.977011897128767e+21 -1.587571063506933e+22) (6.139371959808926e+21 -1.405695091955571e+22 -1.117185165735842e+22) (6.258505656804946e+21 -1.040859285707545e+22 -7.018514096109484e+21) (8.722655415567864e+20 -2.619219199260666e+21 -1.020794436217264e+22) (-4.889002928719237e+21 9.192834965415504e+21 -1.503323796512082e+22) (2.184895934205396e+22 3.408448613784409e+22 -5.863586006197609e+22)
0.0470238814195692      (1.666361688967084e+19 -2.177085399956085e+17 1.422808864504269e+18) (2.479219334408416e+19 4.226408594886668e+18 2.701780884625863e+18) (5.919476029939868e+19 1.831162864621027e+19 6.035148905185075e+18) (1.285827223266012e+20 4.409693381305267e+19 1.166349485277586e+19) (3.735297410863034e+20 1.373591897515679e+20 2.368497485667418e+19) (1.505709901112008e+21 5.826834204973952e+20 -1.140872218934478e+20) (3.498905243042711e+21 1.083309313652712e+21 -8.217083503922627e+20) (5.906063102681808e+21 7.877177284668954e+20 -4.561720110609584e+21) (8.762533633365861e+21 -7.638041116615546e+20 -3.761231023408693e+21) (1.406948514466849e+22 -6.798779582717705e+21 2.425627086407965e+21) (1.647559762354682e+21 3.205907933157044e+21 1.491330714597542e+22) (2.534542905454716e+22 -2.01669068950798e+21 3.328035205792794e+21) (2.732294791592294e+22 -8.751234766534069e+19 -1.068025592722127e+22) (3.080519491002596e+22 -1.029067699177607e+21 -1.503952988386464e+22) (3.341590692594926e+22 -2.165231837464923e+22 -4.309161273784838e+22) (1.666580387497896e+22 -3.815488561682044e+22 -3.032540719550174e+22) (1.69830189816815e+22 -2.825432258894977e+22 -1.905232356053235e+22) (2.358064613022893e+21 -7.114555138358654e+21 -2.77035635784015e+22) (-1.32783228832122e+22 2.494898602771528e+22 -4.078951189733335e+22) (5.930515084231641e+22 9.252659536109289e+22 -1.591515861122229e+23)
0.0470238814195692      (4.393506815432968e+19 2.87353365913559e+17 3.533763402288714e+18) (6.598920971043393e+19 1.167572410096762e+19 6.785679974839974e+18) (1.596400006152919e+20 4.92674518945355e+19 1.659763524794621e+19) (3.487242749335469e+20 1.190619452213487e+20 3.177244963634148e+19) (1.014567798366192e+21 3.724796415492796e+20 6.386527414371647e+19) (4.087754787862531e+21 1.581461907140822e+21 -3.099481906041979e+20) (9.497610371644673e+21 2.940600859553834e+21 -2.230610659137195e+21) (1.603163570213242e+22 2.139099402853599e+21 -1.238111862867657e+22) (2.378283561968262e+22 -2.073156256470362e+21 -1.020720072641977e+22) (3.818635828119399e+22 -1.845671847153983e+22 6.585260958480736e+21) (4.472196108415956e+21 8.702363576013819e+21 4.048116244901056e+22) (6.879676496065178e+22 -5.473743505869671e+21 9.032934033816981e+21) (7.416307437829595e+22 -2.352122217036324e+20 -2.898956873750798e+22) (8.361423247912795e+22 -2.790217071031744e+21 -4.082129156331745e+22) (9.070035273478855e+22 -5.876969905527519e+22 -1.169645997973177e+23) (4.52276682370754e+22 -1.035654471206105e+23 -8.230893820410522e+22) (4.609734214235886e+22 -7.669053974508967e+22 -5.170157129310938e+22) (6.418743883541403e+21 -1.930123083685129e+22 -7.519456225421595e+22) (-3.602436939296813e+22 6.772654273714991e+22 -1.107401571980448e+23) (1.609768611556735e+23 2.511158231917986e+23 -4.319782275460848e+23)
0.0470238814195692      (1.229419583466846e+20 -1.563663866803257e+18 1.055169175813025e+19) (1.828509323616579e+20 3.121709570822509e+19 1.980200531426122e+19) (4.362485427164441e+20 1.349868515015554e+20 4.448988477467254e+19) (9.473588434514794e+20 3.24917890376533e+20 8.586560590624006e+19) (2.751972403008257e+21 1.012060643201865e+21 1.746185149646552e+20) (1.109288300944421e+22 4.293086469640668e+21 -8.404529110752901e+20) (2.577758722660359e+22 7.981722000851974e+21 -6.053769554250167e+21) (4.351101611185084e+22 5.805293168665639e+21 -3.360685359712266e+22) (6.454877548141525e+22 -5.629691261010438e+21 -2.771070487396245e+22) (1.036547124522643e+23 -5.008906032962185e+22 1.786287668598552e+22) (1.213831136667508e+22 2.362056761130887e+22 1.098713825981737e+23) (1.867304309826511e+23 -1.485787502131388e+22 2.45191019490088e+22) (2.012991596470262e+23 -6.447186811741442e+20 -7.868506668463236e+22) (2.269567037051699e+23 -7.58292797911719e+21 -1.107996056655241e+23) (2.461966131077541e+23 -1.595205391176263e+23 -3.174684966019404e+23) (1.22812774612045e+23 -2.810934928407258e+23 -2.234094379789018e+23) (1.251846289716297e+23 -2.081372650912125e+23 -1.403711056890137e+23) (1.745799861042351e+22 -5.23736405807218e+22 -2.041547243618656e+23) (-9.775663807996384e+22 1.838453635186309e+23 -3.006466407255291e+23) (4.369173984571118e+23 6.816045840565514e+23 -1.172582628745527e+24)
0.0470238814195692      (3.604515110746296e+20 -1.868414834202441e+19 3.258860963474107e+19) (5.206455956051374e+20 7.749289393826922e+19 6.272852027414551e+19) (1.20471286918175e+21 3.689434091942281e+20 1.117044572356441e+20) (2.581750417163448e+21 8.996001864410954e+20 2.337260625069482e+20) (7.456991309889549e+21 2.754322864097738e+21 4.786566136415917e+20) (3.010205616135493e+22 1.166247138386461e+22 -2.275447589101522e+21) (6.995876506955496e+22 2.167116659422732e+22 -1.64240142811326e+22) (1.180848354881478e+23 1.574441446590898e+22 -9.12215851974824e+22) (1.752098488783059e+23 -1.528969988330805e+22 -7.523657430385514e+22) (2.813024799595156e+23 -1.359841240605915e+23 4.848944764199081e+22) (3.291035427586088e+22 6.409548510952415e+22 2.982116911121071e+23) (5.068195020303525e+23 -4.035542707878152e+22 6.655277253304608e+22) (5.463733812306683e+23 -1.772211229172259e+21 -2.135838875395945e+23) (6.160097439815529e+23 -2.058872866966669e+22 -3.007598011502283e+23) (6.681923005722785e+23 -4.329801155222544e+23 -8.616958012690793e+23) (3.332432465063552e+23 -7.629786273395475e+23 -6.064099641744289e+23) (3.396447749220946e+23 -5.649654712508067e+23 -3.809717199428472e+23) (4.716747802605532e+22 -1.422079113580294e+23 -5.540313853908337e+23) (-2.655333733484792e+23 4.989334365709322e+23 -8.157220698490278e+23) (1.185928710275576e+24 1.850333986256771e+24 -3.182594996032948e+24)
0.0470238814195692      (9.522480385592223e+20 -4.144042391692375e+19 8.549237938966435e+19) (1.391338840604301e+21 2.16505627674024e+20 1.62575537413697e+20) (3.251354091479818e+21 1.000611453719844e+21 3.129563254004767e+20) (6.996943082430247e+21 2.423636417604711e+21 6.323237394829076e+20) (2.02511990971336e+22 7.469290274454875e+21 1.295884463229947e+21) (8.170855181197621e+22 3.164190882321262e+22 -6.18118958104927e+21) (1.898941260400124e+23 5.881204866346885e+22 -4.458898675744017e+22) (3.205331059943947e+23 4.274487552407174e+22 -2.476113043441013e+23) (4.755926932505125e+23 -4.149257268072714e+22 -2.042081227997458e+23) (7.636219666053355e+23 -3.690299075832948e+23 1.315940010761133e+23) (8.938083868309767e+22 1.739927808685638e+23 8.094336753840506e+23) (1.37567239150708e+24 -1.094924872856049e+23 1.806569827036052e+23) (1.483018694025415e+24 -4.797637754428026e+21 -5.797177644057995e+23) (1.67203417162781e+24 -5.589346089667227e+22 -8.163372760101944e+23) (1.813702212053469e+24 -1.17524917638429e+24 -2.338906621847999e+24) (9.045046849065866e+23 -2.070997479962285e+24 -1.645967848221778e+24) (9.218545421292927e+23 -1.533505825844121e+24 -1.033994908256568e+24) (1.28318880660899e+23 -3.859305667137447e+23 -1.50377567059244e+24) (-7.204628845779828e+23 1.354307961992338e+24 -2.214536669529516e+24) (3.218898546223231e+24 5.021737506101347e+24 -8.638535681381638e+24)
0.0470238814195692      (2.638783042122943e+21 -1.291106292059747e+20 2.395225313321254e+20) (3.824307135672603e+21 5.747403204194021e+20 4.600543182824766e+20) (8.865620259670174e+21 2.719153894704487e+21 8.279453502845582e+20) (1.901440727749124e+22 6.618090914670755e+21 1.720722758969808e+21) (5.494292978025169e+22 2.028947728236414e+22 3.525296088112536e+21) (2.217714363176705e+23 8.591907183448983e+22 -1.676539814724272e+22) (5.154120947335243e+23 1.596620175060867e+23 -1.210055899078758e+23) (8.699672873206187e+23 1.160222528035979e+23 -6.720589117903243e+23) (1.290779101135153e+24 -1.126878471463745e+23 -5.543005736975804e+23) (2.072541998885226e+24 -1.001831172995973e+24 3.572252296780519e+23) (2.424966511547917e+23 4.72248500492892e+23 2.197028017276899e+24) (3.733942159759561e+24 -2.972756984273282e+23 4.90317152360811e+23) (4.025352949127375e+24 -1.303656269652201e+22 -1.573540830166859e+24) (4.538381439675671e+24 -1.516672176152981e+23 -2.215824050998913e+24) (4.922835064574069e+24 -3.189918080937662e+24 -6.348497048533191e+24) (2.454740604810372e+24 -5.621322065479286e+24 -4.467568777223584e+24) (2.502467200915811e+24 -4.162481977355641e+24 -2.806311283792522e+24) (3.488999015405372e+23 -1.047848669967558e+24 -4.081832711610374e+24) (-1.954985627432513e+24 3.675724290258219e+24 -6.011264972356248e+24) (8.737069500556409e+24 1.362969705663547e+25 -2.344727895844073e+25)
0.0470238814195692      (6.646889576258951e+21 -8.508763466306558e+19 5.677937275683572e+20) (9.903743192209195e+21 1.689414583977886e+21 1.071269042164022e+21) (2.366404091833334e+22 7.319657328794088e+21 2.417062475729081e+21) (5.141585333466426e+22 1.762665186883277e+22 4.661896005851848e+21) (1.493784257362358e+23 5.492928775739772e+22 9.470538766894385e+21) (6.021103809404232e+23 2.330127539867717e+23 -4.561971720680925e+22) (1.399160366866698e+24 4.332384760435828e+23 -3.285939361015339e+23) (2.361699887175467e+24 3.151132038291114e+23 -1.824134264388996e+24) (3.503605096264133e+24 -3.055708946033708e+23 -1.504100424423134e+24) (5.626117169965009e+24 -2.718785411448058e+24 9.696468707043454e+23) (6.58880807245357e+23 1.282048798071529e+24 5.963627887062606e+24) (1.013536328099772e+25 -8.064222223841244e+23 1.330871234713195e+24) (1.092608431619228e+25 -3.499121694812701e+22 -4.270893347680445e+24) (1.231866360795014e+25 -4.115573716369939e+23 -6.014035612108359e+24) (1.336274715515795e+25 -8.658446440057806e+24 -1.723175757390192e+25) (6.664038567997856e+24 -1.525747314987761e+25 -1.212599005164127e+25) (6.792663393762116e+24 -1.12974115267189e+25 -7.618891071017061e+24) (9.42965497587312e+23 -2.843063172865756e+24 -1.107923869850436e+25) (-5.310006766393582e+24 9.978165255218239e+24 -1.631270688338582e+25) (2.371536107947347e+25 3.700139806021137e+25 -6.364430828105381e+25)
0.0470238814195692      (1.924564794306039e+22 -8.821262508320676e+20 1.721508475619547e+21) (2.798019367781951e+22 4.288945508523088e+21 3.30878031142774e+21) (6.515273844191475e+22 2.001954074950256e+22 6.191414112268046e+21) (1.399967857316624e+23 4.85945917298582e+22 1.265766257915524e+22) (4.048989876760371e+23 1.494158431410535e+23 2.594295660229719e+22) (1.633954076518383e+24 6.328693539689602e+23 -1.235663380144286e+23) (3.797368274501816e+24 1.176174320183553e+24 -8.915383381035866e+23) (6.409688767503736e+24 8.547135942787135e+23 -4.951301623299955e+24) (9.510251512273539e+24 -8.297300863303285e+23 -4.083359986996951e+24) (1.526854955520272e+25 -7.380542545777533e+24 2.632065937864682e+24) (1.786899158848298e+24 3.47924819007062e+24 1.618649561239976e+25) (2.750935471831947e+25 -2.189857072741978e+24 3.612475487407822e+24) (2.965624727934487e+25 -9.58675293272524e+22 -1.159274972757554e+25) (3.343613893117753e+25 -1.117367467903217e+24 -1.632450028024145e+25) (3.626904416301553e+25 -2.350116760343833e+25 -4.677140175285723e+25) (1.808797528801839e+25 -4.141355653397182e+25 -3.291418053693801e+25) (1.843958656776877e+25 -3.066451607797383e+25 -2.067703892349169e+25) (2.569481600194474e+24 -7.716558717681151e+24 -3.007469308393201e+25) (-1.440499806965666e+25 2.708414536340207e+25 -4.428764071754885e+25) (6.437178019795413e+25 1.004213483692544e+26 -1.727477809616188e+26)
0.0470238814195692      (5.314543790061729e+22 -2.486223878961541e+21 4.763875575995097e+21) (7.667343865702284e+22 1.152677587764981e+22 9.244478599400629e+21) (1.774436880750807e+23 5.435300049802082e+22 1.643817110333478e+22) (3.8032453557493e+23 1.325023363054455e+23 3.445758517972072e+22) (1.098585769934205e+24 4.057285092885212e+23 7.048108448649806e+22) (4.434809674941902e+24 1.718302353700993e+24 -3.354479209611399e+23) (1.030663478911712e+25 3.192733264267394e+24 -2.41990805671945e+24) (1.73968300736205e+25 2.319613569279817e+24 -1.344019803364478e+25) (2.581344647624395e+25 -2.25151287658687e+24 -1.108546771268094e+25) (4.144722355740078e+25 -2.00304843549561e+25 7.143326893733593e+24) (4.848972603118435e+24 9.442923112900325e+24 4.393386273083888e+25) (7.466833935090941e+25 -5.945669624016651e+24 9.804757027771319e+24) (8.049552704290117e+25 -2.615587628843984e+23 -3.146631086030942e+25) (9.07545659410242e+25 -3.034061705559709e+24 -4.430948541407065e+25) (9.844365400582809e+25 -6.379085092224877e+25 -1.269508770770185e+26) (4.90930617456424e+25 -1.124091917687528e+26 -8.933629463247063e+25) (5.004823053966242e+25 -8.323277084020214e+25 -5.613000281049638e+25) (6.974401721214348e+24 -2.09475880535877e+25 -8.163057301496219e+25) (-3.909555812198442e+25 7.350893532646835e+25 -1.202162043385256e+26) (1.747132505273085e+26 2.725605796049932e+26 -4.688892614416161e+26)
0.0470238814195692      (1.399906478841004e+23 -5.356061416328782e+21 1.252056442344535e+22) (2.046256854508172e+23 3.226894332186184e+22 2.387752802687864e+22) (4.786795484500317e+23 1.475570077757901e+23 4.62765372572055e+22) (1.030628984457015e+24 3.568152806333044e+23 9.322262572652221e+22) (2.983867299904629e+24 1.100344221886216e+24 1.909137089119078e+23) (1.203842431702706e+25 4.662174110916297e+24 -9.107735916760152e+23) (2.797742819910283e+25 8.665162726684527e+24 -6.568557533524654e+24) (4.722323109815377e+25 6.298628286906987e+24 -3.647715343293623e+25) (7.00618249843509e+25 -6.114383180705115e+24 -3.00819128503367e+25) (1.124901026567741e+26 -5.437926547743947e+25 1.939134839747261e+25) (1.316646029274911e+25 2.563461474560371e+25 1.192513846079523e+26) (2.026706604128938e+26 -1.613149954232203e+25 2.661323771346003e+25) (2.184876273146339e+26 -7.044905189225787e+23 -8.54072892136315e+25) (2.463335339765739e+26 -8.230854152875671e+24 -1.202701176454786e+26) (2.671996764695209e+26 -1.731416852285311e+26 -3.445849107392148e+26) (1.332423524332454e+26 -3.051107928475939e+26 -2.424985839196775e+26) (1.357733022303771e+26 -2.259451894943649e+26 -1.523271011148124e+26) (1.884276416416939e+25 -5.687997978684549e+25 -2.215164108367154e+26) (-1.06191667794679e+26 1.995048392011849e+26 -3.261646389171247e+26) (4.742377414173741e+26 7.399010877441729e+26 -1.272653302609551e+27)
0.0470238814195692      (3.803431521693388e+23 -1.37898277966759e+22 3.406344962590581e+22) (5.553644402158669e+23 8.807153914474567e+22 6.448043060992025e+22) (1.299032768661289e+24 4.001312096817266e+23 1.255808911380566e+23) (2.797238612814922e+24 9.681518298240238e+23 2.530142555026966e+23) (8.098792427389588e+24 2.986377196209987e+24 5.17871220305357e+23) (3.267476182463269e+25 1.265473508792293e+25 -2.473128431046367e+24) (7.593631236073678e+25 2.351953779332593e+25 -1.783089959522757e+25) (1.281732929502292e+26 1.709735918131806e+25 -9.901365433828919e+25) (1.901610734344283e+26 -1.659624737817802e+25 -8.165919563013959e+25) (3.053608555397441e+26 -1.475685203211511e+26 5.262239175022737e+25) (3.574020893473217e+25 6.958018821721162e+25 3.236795617410587e+26) (5.501100235998605e+26 -4.378789462444176e+25 7.223557984400882e+25) (5.930408611256581e+26 -1.91868664022239e+24 -2.318176583005058e+26) (6.686283026110166e+26 -2.235408555157457e+25 -3.264363597521222e+26) (7.25291737264741e+26 -4.699678234988345e+26 -9.352924229197232e+26) (3.617279812203972e+26 -8.281464939225185e+26 -6.581757192849411e+26) (3.687477330343646e+26 -6.132164732635121e+26 -4.135463369306493e+26) (5.135232201887629e+25 -1.543219342641017e+26 -6.014199605658724e+26) (-2.880704430161362e+26 5.416109680074656e+26 -8.856386883147067e+26) (1.287205468128246e+27 2.0081690137115e+27 -3.454506108985538e+27)
0.0470238814195692      (1.044887956619074e+24 -4.431484414182741e+22 9.362810762284379e+22) (1.518121808159351e+24 2.352659604247252e+23 1.786201150998819e+23) (3.535329168509926e+24 1.086873557318859e+24 3.362213316585398e+23) (7.598089565015997e+24 2.636910185613348e+24 6.877598919196781e+23) (2.197801614278845e+25 8.10926675049309e+24 1.407698099490686e+24) (8.868897655248032e+25 3.435378810488013e+25 -6.709546567316392e+24) (2.061135664239811e+26 6.384165457484299e+25 -4.839198090665902e+25) (3.479034289024702e+26 4.639240112621594e+25 -2.687493420789143e+26) (5.162032762936613e+26 -4.503039864268315e+25 -2.216388031108644e+26) (8.28763084705499e+26 -4.005900064057778e+26 1.428943110770326e+26) (9.697734938028717e+25 1.88845729134441e+26 8.785704741034789e+26) (1.493147308768836e+27 -1.188736249915555e+26 1.96063603935237e+26) (1.609686280967614e+27 -5.201278411030444e+24 -6.292290213875228e+26) (1.814852634871334e+27 -6.064924677704316e+25 -8.86060745472175e+26) (1.968615466413257e+27 -1.275599660483231e+27 -2.538656796782517e+27) (9.818605476747053e+26 -2.247822589059856e+27 -1.786542900233973e+27) (1.000863277959817e+27 -1.664476863618444e+27 -1.122342440273196e+27) (1.39551969694168e+26 -4.187765750665044e+26 -1.632422566059012e+27) (-7.817678996777364e+26 1.470071286219457e+27 -2.404051646078392e+27) (3.493848337991792e+27 5.450486219915411e+27 -9.376467301174791e+27)
0.0470238814195692      (2.792645589052667e+24 -1.14903155951615e+23 2.504084884472306e+23) (4.086767136909412e+24 6.419180641351095e+23 4.757851733233936e+23) (9.568103245680782e+24 2.952032340979067e+24 9.293154152513252e+23) (2.060632613559669e+25 7.130486647442003e+24 1.862259151421511e+24) (5.966787060067208e+25 2.200206222760604e+25 3.817490641152658e+24) (2.407221344003077e+26 9.321362977994984e+25 -1.821225307529491e+25) (5.594528812389039e+26 1.73260240743719e+26 -1.313667887695059e+26) (9.443400317848118e+26 1.259302844401831e+26 -7.294877190481599e+26) (1.401160578393172e+27 -1.222291247113348e+26 -6.016009513817387e+26) (2.249702368578966e+27 -1.087280140907197e+27 3.877322100498878e+26) (2.633521876588022e+26 5.126145429771847e+26 2.384681468869521e+27) (4.052873118910454e+27 -3.225530778424263e+26 5.322315512098525e+26) (4.369129549139875e+27 -1.412358824730454e+25 -1.707911257326984e+27) (4.925989678934931e+27 -1.646670044559822e+26 -2.405031063470014e+27) (5.343329900841139e+27 -3.462401413421625e+27 -6.89073486118477e+27) (2.664447809914919e+27 -6.101458387854469e+27 -4.849212527738026e+27) (2.715658628071955e+27 -4.51783386112248e+27 -3.046325745289213e+27) (3.769944983281269e+26 -1.13753400609231e+27 -4.429976476816846e+27) (-2.123480032745122e+27 3.989489468186823e+27 -6.522537380214446e+27) (9.483311756799257e+27 1.479591492957983e+28 -2.544982622857607e+28)
0.0470238814195692      (7.734003057529456e+24 -3.621470438973926e+23 6.960743634716675e+23) (1.122863891443981e+25 1.708886655090214e+24 1.340199433998096e+24) (2.608587089822557e+25 8.012205700237992e+24 2.456380183144964e+24) (5.600055774641533e+25 1.94650960973663e+25 5.068073300557774e+24) (1.61887949491224e+26 5.97628769069492e+25 1.037749566213887e+25) (6.533819094727423e+26 2.531159523911822e+26 -4.940997214999099e+25) (1.518483119923348e+27 4.703798219589275e+26 -3.565069160293726e+26) (2.563055613477961e+27 3.41827083708231e+26 -1.979962483295066e+27) (3.802778901356423e+27 -3.319671481664961e+26 -1.632991748112994e+27) (6.105710140277111e+27 -2.951369478220928e+27 1.052345829808803e+27) (7.144549371353686e+26 1.391290089720044e+27 6.472702122664679e+27) (1.100057154356415e+28 -8.757732201973661e+26 1.444524271288837e+27) (1.185910817528323e+28 -3.837213417122726e+25 -4.635793090026974e+27) (1.337051690517776e+28 -4.468041079160298e+26 -6.528028862343615e+27) (1.450316742159738e+28 -9.397885268905376e+27 -1.87032582933215e+28) (7.232732154490408e+27 -1.656080458866798e+28 -1.316237948131182e+28) (7.371236723329135e+27 -1.226381977293285e+28 -8.268263684649819e+27) (1.026316338541542e+27 -3.086953859055892e+27 -1.202489223149496e+28) (-5.760822283731663e+27 1.082946746728524e+28 -1.770835437884052e+28) (2.57409447263053e+28 4.015616001115577e+28 -6.907765396330057e+28)
0.0470238814195692      (1.962349891716807e+25 -2.685711508143753e+23 1.675823537240558e+24) (2.922451452840942e+25 4.974642673402186e+24 3.180198675658175e+24) (6.975310174620806e+25 2.157832091001324e+25 7.110780270877024e+24) (1.514883227006682e+26 5.195898783676403e+25 1.373484354172462e+25) (4.4005213961718e+26 1.618401714949237e+26 2.791118682817613e+25) (1.773861176779555e+27 6.865022902517348e+26 -1.343950663832374e+26) (4.122056588804632e+27 1.276375326811078e+27 -9.680615419395884e+26) (6.957803621527829e+27 9.283088331587848e+26 -5.374099079399308e+27) (1.032200353021123e+28 -9.003615010798042e+26 -4.431289471592008e+27) (1.657532171038599e+28 -8.009250383513206e+27 2.856095256290105e+27) (1.941111188465156e+27 3.777051933836149e+27 1.756948350896539e+28) (2.985988869311554e+28 -2.375785999978819e+27 3.920850105016799e+27) (3.218964996768787e+28 -1.031121169571702e+26 -1.258241865866588e+28) (3.629244979810113e+28 -1.212491876044963e+27 -1.771790579798493e+28) (3.93691447288485e+28 -2.550870308760011e+28 -5.076595971485856e+28) (1.963976479958009e+28 -4.494912937176536e+28 -3.572498776361998e+28) (2.001946931390474e+28 -3.328200006437901e+28 -2.244759847401131e+28) (2.791635527385791e+27 -8.372414456594486e+27 -3.264695891124576e+28) (-1.563263828651049e+28 2.940031689797693e+28 -4.807799100087374e+28) (6.9867239083191e+28 1.089965497918189e+29 -1.875090905114011e+29)
0.0470238814195692      (5.32522297706046e+25 -6.128490967524439e+23 4.533835096044443e+24) (7.923326880550908e+25 1.355131953251359e+25 8.563449272122676e+24) (1.892522607103325e+26 5.853060959033343e+25 1.932699856085455e+25) (4.111721458986768e+26 1.409630147200018e+26 3.72953545548528e+25) (1.194566540501809e+27 4.392264709123272e+26 7.574375795545552e+25) (4.815002238533966e+27 1.863329212304149e+27 -3.647940235744643e+26) (1.118881728415005e+28 3.46426160996363e+27 -2.627509313504679e+27) (1.888641119926633e+28 2.518948394090431e+27 -1.458660700217149e+28) (2.802022799273953e+28 -2.44265412244537e+27 -1.202631357957104e+28) (4.498723466887661e+28 -2.174362289705928e+28 7.758649741234037e+27) (5.26749930728676e+27 1.025178954423524e+28 4.768966030016527e+28) (8.104731898091755e+28 -6.449139048073349e+27 1.06419003791322e+28) (8.737116749649627e+28 -2.790257301374276e+26 -3.415278313060316e+28) (9.850657815852463e+28 -3.289567500611294e+27 -4.809284141941049e+28) (1.068531763679718e+29 -6.923665798458242e+28 -1.377969299949462e+29) (5.327935609397261e+28 -1.220117588588171e+29 -9.696948293898157e+28) (5.430396450682649e+28 -9.035096107103309e+28 -6.091281143108344e+28) (7.54095606115209e+27 -2.275244769621421e+28 -8.858311620884803e+28) (-4.245991616179651e+28 7.977884777897683e+28 -1.304287509307604e+29) (1.896446250825822e+29 2.958727017697777e+29 -5.089141871224828e+29)
0.0470238814195692      (1.520138586540964e+26 -5.829502539283094e+24 1.357420043653781e+25) (2.220563707913219e+26 3.511071268925225e+25 2.575929536027171e+25) (5.194668378622291e+26 1.600834496467014e+26 5.028319515292853e+25) (1.118576517656151e+27 3.871415824758879e+26 1.011347163133761e+26) (3.238688247530394e+27 1.194190804595732e+27 2.071658953741946e+26) (1.306621096674651e+28 5.059930656849181e+27 -9.888755932723179e+26) (3.036627255560216e+28 9.40441348131173e+27 -7.130344329697619e+27) (5.125693913865325e+28 6.834881747466791e+27 -3.959522237886409e+28) (7.605179140506344e+28 -6.633452573213292e+27 -3.265352876101737e+28) (1.221092756980033e+29 -5.901585418843556e+28 2.104690822402374e+28) (1.429270638364505e+28 2.782351440985107e+28 1.294355050627361e+29) (2.199828932751918e+29 -1.750963317135635e+28 2.888716309012824e+28) (2.371500432746475e+29 -7.659562749183952e+26 -9.270091764712414e+28) (2.673768181279745e+29 -8.937077708213234e+27 -1.305379681111844e+29) (2.900361316670347e+29 -1.87932139916001e+29 -3.740086962467933e+29) (1.446773985537547e+29 -3.311583108229381e+29 -2.632009856936974e+29) (1.474718585650554e+29 -2.452034704212148e+29 -1.65381014158821e+29) (2.053599751840177e+28 -6.168720159853756e+28 -2.405154967043973e+29) (-1.151947945261056e+29 2.16600911344881e+29 -3.54175524001307e+29) (5.147500084705554e+29 8.030458721826676e+29 -1.381436806741769e+30)
0.0470238814195692      (4.142595731836668e+26 -1.556701331430048e+25 3.708281668483348e+25) (6.039413251331793e+26 9.522914209988645e+25 7.054280953536938e+25) (1.410977117190303e+27 4.342781085511659e+26 1.356363503374107e+26) (3.03678237117978e+27 1.052002710172704e+27 2.749510029762006e+26) (8.790067833860154e+27 3.24192568310148e+27 5.623293567994074e+26) (3.546631049491106e+28 1.373676424256208e+28 -2.683873784708885e+27) (8.242311507218776e+28 2.552904173277792e+28 -1.935234309407063e+28) (1.391223441228659e+29 1.855443854123111e+28 -1.074681876032404e+29) (2.064141252730098e+29 -1.801540868387401e+28 -8.862693858292052e+28) (3.314077713991271e+29 -1.601907195887439e+29 5.713936461583677e+28) (3.878515966624367e+28 7.552054146115191e+28 3.51328197027753e+29) (5.970906926133701e+29 -4.752969281266298e+28 7.840051089409789e+28) (6.436953423834781e+29 -2.075764278495399e+27 -2.516174169473892e+29) (7.257367688798748e+29 -2.424879667184896e+28 -3.543239052176062e+29) (7.872279010963546e+29 -5.100916299379078e+29 -1.015174486869746e+30) (3.926603474033272e+29 -8.988651223888119e+29 -7.144199608535238e+29) (4.002578693626016e+29 -6.655954338343705e+29 -4.488370230306721e+29) (5.582371408721926e+28 -1.674823759427096e+29 -6.528101274715916e+29) (-3.12605722199002e+29 5.878600532596473e+29 -9.613631293100282e+29) (1.397144773372043e+30 2.17958266356352e+30 -3.749533127519838e+30)
0.0470238814195692      (1.155417107238342e+27 -6.073334889963727e+25 1.041177310195315e+26) (1.667461284618811e+27 2.471443903669761e+26 2.012652925482698e+26) (3.854460895531856e+27 1.179867265432815e+27 3.564226401396235e+26) (8.256768796722423e+27 2.878231918584573e+27 7.470526080669503e+26) (2.384300748444569e+28 8.8084442002665e+27 1.530980582451635e+27) (9.625344053607459e+28 3.729603796914391e+28 -7.2772662153386e+27) (2.23701043910982e+29 6.93043467651811e+28 -5.252292460963283e+28) (3.775862586190207e+29 5.036447581947308e+28 -2.917120466355255e+29) (5.602172737162678e+29 -4.89068577528391e+28 -2.406214609875511e+29) (8.996163957466763e+29 -4.347785324289956e+29 1.549785912632689e+29) (1.052493467697531e+29 2.049654263532846e+29 9.535813781800685e+29) (1.620683491144039e+30 -1.290458248955405e+29 2.128272330195691e+29) (1.747144751087291e+30 -5.688560128627094e+27 -6.829859922509531e+29) (1.969817990733825e+30 -6.587404953714096e+28 -9.617405098496316e+29) (2.136682892003127e+30 -1.384594037123681e+30 -2.755483390513277e+30) (1.065393301104925e+30 -2.439899679661332e+30 -1.93908448688959e+30) (1.085968316701016e+30 -1.806659241378325e+30 -1.218135522845325e+30) (1.507806080225838e+29 -4.54873805204427e+29 -1.771530768572684e+30) (-8.491483837935188e+29 1.595317403922724e+30 -2.608316888043806e+30) (3.79220967092738e+30 5.916736685116761e+30 -1.017701665179532e+31)
0.0470238814195692      (3.080170215599844e+27 -1.325225837534764e+26 2.762992663751043e+26) (4.477378182762865e+27 6.909443323045726e+26 5.297982363730197e+26) (1.041992223997824e+28 3.203717009940642e+27 9.884213826349157e+26) (2.238700408680671e+28 7.773592702234172e+27 2.025746409376422e+27) (6.474614641816203e+28 2.38932569139728e+28 4.148407059233629e+27) (2.612844130153345e+29 1.012105372344552e+29 -1.976343958212593e+28) (6.072323660351163e+29 1.880862836788366e+29 -1.425660054664234e+29) (1.024960443000792e+30 1.366711489214476e+29 -7.917688388616687e+29) (1.520782531783256e+30 -1.32657058587889e+29 -6.529897973566577e+29) (2.441681854344204e+30 -1.180213851106964e+30 4.209419157484929e+29) (2.857107628119164e+29 5.563557331734062e+29 2.588361553779918e+30) (4.398976335492765e+30 -3.502191201770741e+29 5.776348317205e+29) (4.742296400075834e+30 -1.533343755523944e+28 -1.853786058344639e+30) (5.346712015847886e+30 -1.786736247026197e+29 -2.610448836876049e+30) (5.799684521076628e+30 -3.758074691100109e+30 -7.479206302508544e+30) (2.892048965869823e+30 -6.622439096672196e+30 -5.2631602472518e+30) (2.948064738343384e+30 -4.903591183005785e+30 -3.306549291196827e+30) (4.103420531709618e+29 -1.234010994292266e+30 -4.808791494479585e+30) (-2.303729453726351e+30 4.330840548458557e+30 -7.081595010553348e+30) (1.029324170908487e+31 1.605841814340579e+31 -2.76235701329771e+31)
0.0470238814195692      (8.394276519996717e+27 -4.05095831621553e+26 7.540788285009249e+26) (1.218123641465559e+28 1.850297502235702e+27 1.447577756804155e+27) (2.830883957210536e+28 8.688327141002776e+27 2.668842005227133e+27) (6.078047006440445e+28 2.112126572969333e+28 5.498747448648045e+27) (1.757148665803641e+29 6.485996796048856e+28 1.126093102136902e+28) (7.091730699355085e+29 2.747049735975023e+29 -5.363920500655201e+28) (1.648148484325425e+30 5.105095552969136e+29 -3.869877967980913e+29) (2.781999538643894e+30 3.709677024709945e+29 -2.14918841130219e+30) (4.12787438139277e+30 -3.601121474373943e+29 -1.772563728464229e+30) (6.627804169490099e+30 -3.202910707952833e+30 1.142044340235583e+30) (7.756004901492082e+29 1.51010368482373e+30 7.025472827405417e+30) (1.194019706064305e+31 -9.505333199349433e+29 1.567995432720172e+30) (1.287195671904708e+31 -4.175127293218907e+28 -5.031736992190921e+30) (1.451249836346845e+31 -4.85176440571907e+29 -7.085489387927001e+30) (1.574200559360164e+31 -1.02006986477682e+31 -2.030062661464326e+31) (7.8509715352453e+30 -1.797529251383571e+31 -1.428658965093979e+31) (8.001751707246134e+30 -1.331118075529328e+31 -8.974360617604456e+30) (1.115625991540254e+30 -3.350708275186062e+30 -1.305254237555594e+31) (-6.251812175913862e+30 1.175400918968742e+31 -1.922261454322388e+31) (2.793835246740573e+31 4.358400761525702e+31 -7.497873399273865e+31)
0.0470238814195692      (2.309304546862097e+28 -1.193862913552743e+27 2.098576465053111e+27) (3.333181231962143e+28 4.948685247325971e+27 4.042389334098715e+27) (7.706641432098763e+28 2.359635648175161e+28 7.115220848763444e+27) (1.651088614110075e+29 5.755649566962675e+28 1.495930729352034e+28) (4.768027945466789e+29 1.761425281106196e+29 3.060590619399867e+28) (1.924889746410689e+30 7.458466445596532e+29 -1.455163309251612e+29) (4.47351076447174e+30 1.385878924537398e+30 -1.050250458959417e+30) (7.550838952946926e+30 1.006940144455301e+30 -5.833276172979522e+30) (1.120349257479371e+31 -9.780143296393199e+29 -4.811315613746123e+30) (1.798829553320122e+31 -8.695334410656991e+30 3.100538382369732e+30) (2.104367134275761e+30 4.098641645338962e+30 1.906925518650098e+31) (3.240883433459899e+31 -2.580553955288059e+30 4.255657470351424e+30) (3.493823750450983e+31 -1.133412562660864e+29 -1.365767398635239e+31) (3.939093475452311e+31 -1.316447029664726e+30 -1.92323671876157e+31) (4.272769781420361e+31 -2.768724687882117e+31 -5.510167780394747e+31) (2.130813120011081e+31 -4.878979533461044e+31 -3.87761744616601e+31) (2.171660992987241e+31 -3.61271320242066e+31 -2.43632188496046e+31) (3.013962087706774e+30 -9.093533554252134e+30 -3.542660356501825e+31) (-1.698053692163618e+31 3.19041681745934e+31 -5.21607979346796e+31) (7.583507439684527e+31 1.183201315719264e+32 -2.035123758327673e+32)
0.0470238814195692      (6.263514901274126e+28 -3.115756888308515e+27 5.631755510745153e+27) (9.035375721940642e+28 1.353756195807153e+28 1.084923991384538e+28) (2.090724300625483e+29 6.398925041554129e+28 1.934219834092476e+28) (4.48087572132068e+29 1.561256182961376e+29 4.060737562174887e+28) (1.29423863100027e+30 4.780142849768429e+29 8.301799176580049e+28) (5.224666914779201e+30 2.024415660660074e+30 -3.952130788529647e+29) (1.214215812348519e+31 3.761557222109123e+30 -2.850940679327234e+30) (2.049476100559697e+31 2.733230053837165e+30 -1.583384555415498e+31) (3.040962593785746e+31 -2.654173730595254e+30 -1.306013945369562e+31) (4.882923493985226e+31 -2.35972036360587e+31 8.414908621875679e+30) (5.712545631247877e+30 1.11249043707961e+31 5.175864816477552e+31) (8.796723841138503e+31 -7.004709932450273e+30 1.155104880931987e+31) (9.483222273609202e+31 -3.083578540582638e+29 -3.707070399100775e+31) (1.069188490905418e+32 -3.575082569542674e+30 -5.220064938181371e+31) (1.159776771850226e+32 -7.515278788717131e+31 -1.495603918115224e+32) (5.784481814908167e+31 -1.324284025640046e+32 -1.052523334100261e+32) (5.896244140539139e+31 -9.806062160150536e+31 -6.612621044657818e+31) (8.214271997825868e+30 -2.467485172187633e+31 -9.617207481637464e+31) (-4.606600710074382e+31 8.660556642593217e+31 -1.416215634650734e+32) (2.05834741048204e+32 3.211236828972681e+32 -5.524028093777066e+32)
0.0470238814195692      (1.56219484517704e+29 -2.110453613094966e+27 1.338471212792436e+28) (2.332389889240472e+29 3.96150426680007e+28 2.547228831309279e+28) (5.574774187026085e+29 1.72496291069704e+29 5.703805757874213e+28) (1.211281434619705e+30 4.152620806650903e+29 1.09796274313198e+29) (3.51923255744605e+30 1.294162245750506e+30 2.232450247772913e+29) (1.418530849655614e+31 5.489260014196295e+30 -1.074093812091777e+30) (3.296362741291993e+31 1.020658002560809e+31 -7.740524641206653e+30) (5.564074037812409e+31 7.423343117707887e+30 -4.297167145491795e+31) (8.254015230139558e+31 -7.201458209275993e+30 -3.543082220427218e+31) (1.325362884073515e+32 -6.407322711598773e+31 2.285122841509824e+31) (1.552120188558774e+31 3.020360199002969e+31 1.404991350567655e+32) (2.387763719512932e+32 -1.899714109130011e+31 3.135377405595226e+31) (2.574072008223051e+32 -8.221389234136109e+29 -1.006173849581613e+32) (2.902148036943765e+32 -9.691353545621341e+30 -1.416862816576745e+32) (3.148118924879952e+32 -2.039790638908298e+32 -4.059631115578784e+32) (1.570022946619112e+32 -3.594555268182882e+32 -2.856815885988989e+32) (1.60045173195121e+32 -2.661536766506744e+32 -1.794630277722615e+32) (2.231466270121414e+31 -6.699814610325908e+31 -2.610234763066225e+32) (-1.250044698397969e+32 2.350624096213651e+32 -3.844048542581392e+32) (5.587065026766658e+32 8.715602577289958e+32 -1.499364360355844e+33)
0.0470238814195692      (4.570660273114468e+29 -2.161982196358923e+28 4.14344513152465e+28) (6.622595390972298e+29 1.004355536938816e+29 7.938157042840031e+28) (1.537462706103124e+30 4.718954034515304e+29 1.442813032815735e+29) (3.299476944582918e+30 1.147409193518262e+30 2.98680439681036e+29) (9.536673447616221e+30 3.520909949315009e+30 6.114626133775681e+29) (3.849205916706099e+31 1.49115852977517e+31 -2.911236971073993e+30) (8.945772014148849e+31 2.771065369319753e+31 -2.100458368727809e+31) (1.509984129817003e+32 2.013533688462668e+31 -1.166546766619406e+32) (2.240509769496797e+32 -1.95407660208821e+31 -9.62167419011543e+31) (3.597446423424701e+32 -1.73867038467621e+32 6.199507667931503e+31) (4.209383359430224e+31 8.196318910590344e+31 3.813275723867647e+32) (6.480868168560751e+32 -5.159839596841569e+31 8.510436929046714e+31) (6.986609691603172e+32 -2.268713406578786e+30 -2.731132357124518e+32) (7.877017806372692e+32 -2.633492925648332e+31 -3.845893737092349e+32) (8.544263031687081e+32 -5.536763219113776e+32 -1.101883730493914e+33) (4.260467675750846e+32 -9.756776873792909e+32 -7.754347229472401e+32) (4.34184183888086e+32 -7.224977013566699e+32 -4.871103108195918e+32) (6.025135073612135e+31 -1.818800283193858e+32 -7.083564419122007e+32) (-3.395864308859541e+32 6.379435267933464e+32 -1.042994634691373e+33) (1.516452597771237e+33 2.365999155537689e+33 -4.069623689999441e+33)
0.0470238814195692      (1.256972682158606e+30 -5.862713844203173e+28 1.131516190087809e+29) (1.81052384867394e+30 2.716897769213651e+29 2.17926514953725e+29) (4.183492572296654e+30 1.280181318133728e+30 3.855262284174382e+29) (8.962105205648839e+30 3.124273750451154e+30 8.119861607468935e+29) (2.588036550322707e+31 9.559896265675925e+30 1.660755657107344e+30) (1.044798093648658e+32 4.048645610691413e+31 -7.902166008050214e+30) (2.428126457944539e+32 7.522227779408828e+31 -5.700753216681202e+31) (4.098449275062841e+32 5.46478007365357e+31 -3.166270953213613e+32) (6.081211714796133e+32 -5.305995258471848e+31 -2.611500181130473e+32) (9.763550067512404e+32 -4.719456583158058e+32 1.683073781093488e+32) (1.142086648766424e+32 2.224683074353487e+32 1.035033333936869e+33) (1.759088412082186e+33 -1.400829071517889e+32 2.3097598248666e+32) (1.896385928544062e+33 -6.146295008585314e+30 -7.413067922571451e+32) (2.138078083059974e+33 -7.145011680941188e+31 -1.043882181932522e+33) (2.319224632673499e+33 -1.502807895548524e+33 -2.990787977673837e+33) (1.156788626897544e+33 -2.64816608472387e+33 -2.10469262737118e+33) (1.17908500869626e+33 -1.960903170498982e+33 -1.322458909684494e+33) (1.641985905248726e+32 -4.934645253416738e+32 -1.923186128472627e+33) (-9.211368095402028e+32 1.731896700831693e+33 -2.832037571501118e+33) (4.116283174013466e+33 6.421503931924607e+33 -1.104642812844415e+34)
0.0470238814195692      (3.391681796963662e+30 -1.581963406270855e+29 3.045083371582191e+29) (4.897598574009762e+30 7.409462381365118e+29 5.841919616684543e+29) (1.134107361645984e+31 3.473763013988253e+30 1.054382619836766e+30) (2.43172998348928e+31 8.466890675420311e+30 2.202546616844892e+30) (7.025497754154099e+31 2.594313643940516e+31 4.505513492027566e+30) (2.835860263714257e+32 1.09878583539938e+32 -2.145266819583474e+31) (6.590607041138804e+32 2.041652953577234e+32 -1.547466816237514e+32) (1.112440491078286e+33 1.483484995271448e+32 -8.594391090990648e+32) (1.65064621750679e+33 -1.440115093005234e+32 -7.088711870800177e+32) (2.650409338051929e+33 -1.280846976250814e+33 4.567704836564672e+32) (3.100570002550096e+32 6.038488639022238e+32 2.809357684956989e+33) (4.774695722257915e+33 -3.80208509817415e+32 6.269546507412176e+32) (5.147314431632891e+33 -1.672804576164374e+31 -2.012123501723924e+33) (5.803361422339317e+33 -1.940553014234579e+32 -2.833354102506116e+33) (6.295056595343318e+33 -4.079133158676133e+33 -8.117908787163028e+33) (3.139311925368695e+33 -7.188001431613524e+33 -5.712662543443417e+33) (3.20066281656923e+33 -5.322495453627525e+33 -3.58893997400059e+33) (4.462379052902519e+32 -1.339154614597341e+33 -5.220062410186338e+33) (-2.499948745611474e+33 4.700799909130444e+33 -7.687527997087049e+33) (1.117212275917093e+34 1.74291791073912e+34 -2.998355778413605e+34)
0.0470238814195692      (8.538196715543588e+30 -1.126713404911121e+29 7.301076524077189e+29) (1.269068167368991e+31 2.163507325523093e+30 1.374942840105292e+30) (3.027837634247117e+31 9.365834410061192e+30 3.08618676169734e+30) (6.57554751673951e+31 2.255175481784548e+31 5.961257662780478e+30) (1.91009911098959e+32 7.024308269526176e+31 1.211614540756864e+31) (7.699503929804188e+32 2.979715645629889e+32 -5.833286350389048e+31) (1.789178125768386e+33 5.539692546469776e+32 -4.201650226459267e+32) (3.020091616156391e+33 4.027858199800209e+32 -2.332554470819656e+33) (4.480703342808645e+33 -3.907378335819504e+32 -1.923125918877856e+33) (7.193642849364414e+33 -3.477014892011128e+33 1.240650131191511e+33) (8.422833480887901e+32 1.639319244601604e+33 7.625999543789907e+33) (1.296018265553855e+34 -1.031297757229745e+33 1.701745370637028e+33) (1.397145516816786e+34 -4.464926349236041e+31 -5.461326199864011e+33) (1.575213025142094e+34 -5.260572213995264e+32 -7.690459919655666e+33) (1.708691231158524e+34 -1.107158440631818e+34 -2.203490485153601e+34) (8.520304080205208e+33 -1.951055324056609e+34 -1.550626270657508e+34) (8.683972705684685e+33 -1.444711327472867e+34 -9.741595398246601e+33) (1.205483024005278e+33 -3.637212506993942e+33 -1.416580261892276e+34) (-6.789964344303947e+33 1.27579941542784e+34 -2.085751905003895e+34) (3.032594223385494e+34 4.73133931620681e+34 -8.138088953477802e+34)
0.0470238814195692      (2.426534513224063e+31 -1.00140705028618e+30 2.185289648120487e+30) (3.551257227425051e+31 5.562678811022766e+30 4.14641538911773e+30) (8.308181841640865e+31 2.561672761250945e+31 8.058646409424087e+30) (1.788729397491395e+32 6.191612292133128e+31 1.615372476376268e+31) (5.178798501475943e+32 1.909889849591e+32 3.31538984961498e+31) (2.089331111693034e+33 8.090704283113447e+32 -1.580344179878401e+32) (4.855810362559308e+33 1.503884601768776e+33 -1.140182534423286e+33) (8.196371126274808e+33 1.093186974702874e+33 -6.331521801519101e+33) (1.216084106303646e+34 -1.061303621906254e+33 -5.221719060417905e+33) (1.952694488287162e+34 -9.43657620381299e+33 3.364486376818637e+33) (2.285802946449683e+33 4.449392149647008e+33 2.069791036232365e+34) (3.51773022774568e+34 -2.799622925255482e+33 4.619629796368755e+33) (3.792219455263368e+34 -1.225628930589513e+32 -1.482391564715958e+34) (4.275556219022194e+34 -1.429197519550775e+33 -2.087455631086976e+34) (4.637806343078617e+34 -3.005206129450936e+34 -5.980836058750024e+34) (2.312633580106734e+34 -5.295729715838891e+34 -4.208835059270285e+34) (2.357451743095727e+34 -3.921417547635186e+34 -2.643703640380202e+34) (3.282897618997172e+33 -9.871025783485966e+33 -3.845310687285232e+34) (-1.842184408031566e+34 3.462997404810796e+34 -5.662679455153283e+34) (8.231073487524666e+34 1.284092186007032e+35 -2.208948031049512e+35)
0.0470238814195692      (6.790286630362195e+31 -3.010030438743236e+30 6.106352418777222e+30) (9.797840498705073e+31 1.484653270444404e+31 1.175580075911179e+31) (2.268219061104891e+32 6.949399384282763e+31 2.106115370908344e+31) (4.862941352396132e+32 1.693585814221189e+32 4.406135804805173e+31) (1.404907039161184e+33 5.188294623945993e+32 9.012697182193456e+31) (5.671064986920632e+33 2.197464567260282e+33 -4.289043838623443e+32) (1.317961016256505e+34 4.083045484263398e+33 -3.094190253602598e+33) (2.224538497325571e+34 2.967136130604994e+33 -1.718496522272782e+34) (3.300349722668056e+34 -2.88089510367764e+33 -1.417404408015565e+34) (5.29945737290091e+34 -2.561662913195985e+34 9.134620036359809e+33) (6.199588105361744e+33 1.20758030350184e+34 5.617984885924248e+34) (9.548015037353305e+34 -7.60271377925009e+33 1.253685675226153e+34) (1.029324022328231e+35 -3.332155909473607e+32 -4.023660090232527e+34) (1.160511483964314e+35 -3.877908909049981e+33 -5.665997431463465e+34) (1.258835257124792e+35 -8.156885759855821e+34 -1.623349451160367e+35) (6.278207210681621e+34 -1.437377307469482e+35 -1.142340824704157e+35) (6.400840947234896e+34 -1.064259556616772e+35 -7.177794614876392e+34) (8.921161391269189e+33 -2.677376985129654e+34 -1.043915394095742e+35) (-4.999079724286642e+34 9.400835509911877e+34 -1.53734498311704e+35) (2.234157409830787e+35 3.48540797578594e+35 -5.995895688596378e+35)
0.0470238814195692      (1.707348462319257e+32 -1.649758285368317e+30 1.45806774726839e+31) (2.537994486242041e+32 4.343263831530441e+31 2.764499602590837e+31) (6.054626601397672e+32 1.872760824911508e+32 6.170449291140582e+31) (1.314823641419123e+33 4.509329017007367e+32 1.191941558779417e+32) (3.819446824247662e+33 1.404606033403477e+33 2.423137523294207e+32) (1.53961835291934e+34 5.958532109387451e+33 -1.166653973232945e+33) (3.577761645586368e+34 1.107762658184375e+34 -8.402705529198722e+33) (6.039194051257607e+34 8.054790788395228e+33 -4.664677174843393e+34) (8.960254053617394e+34 -7.80963168732758e+33 -3.84624220626844e+34) (1.438685998520314e+35 -6.953396999425428e+34 2.480525360152868e+34) (1.684536265478885e+34 3.278223925509293e+34 1.524949478903419e+35) (2.591688176023725e+35 -2.06222532176671e+34 3.402973307534641e+34) (2.793895636319817e+35 -8.953734545568797e+32 -1.092107177321084e+35) (3.149979409194961e+35 -1.052391079220407e+34 -1.537851836377334e+35) (3.416944457298896e+35 -2.214037745813771e+35 -4.406327597557139e+35) (1.703944506236838e+35 -3.901507149838913e+35 -3.100735674570533e+35) (1.737032642079769e+35 -2.888904012362041e+35 -1.948004707698614e+35) (2.413333216983815e+34 -7.272873928184857e+34 -2.833059893988803e+35) (-1.357700180018779e+35 2.551325883502044e+35 -4.17120038686235e+35) (6.064245033642933e+35 9.461493926905123e+35 -1.627427410408765e+36)
0.0470238814195692      (4.912622557023635e+32 -2.266114385713495e+31 4.421875629073863e+31) (7.152130180488879e+32 1.098813135779001e+32 8.4396123734992e+31) (1.665731024392656e+33 5.118657621791274e+32 1.585222746889891e+32) (3.579674918938423e+33 1.242259168293726e+33 3.235617539775623e+32) (1.035380502173539e+34 3.820637860424114e+33 6.634111606189407e+32) (4.178114333863631e+34 1.618252904178591e+34 -3.159637986583262e+33) (9.710186479745403e+34 3.007553816841238e+34 -2.279824505173304e+34) (1.639027599282754e+35 2.1855040959284e+34 -1.266113602943028e+35) (2.43188724372671e+35 -2.122312333387553e+34 -1.044168590648221e+35) (3.904351654037618e+35 -1.887233114884403e+35 6.73037764175109e+34) (4.569067229131795e+34 8.896671840342525e+34 4.139049836587178e+35) (7.034391388332542e+35 -5.599739971726304e+34 9.237520299162443e+34) (7.583362365513675e+35 -2.451969353000771e+33 -2.964377038424881e+35) (8.549898153739652e+35 -2.857301600142863e+34 -4.174337031218853e+35) (9.274245907183047e+35 -6.009494642679654e+35 -1.195991039461191e+36) (4.624928753484258e+35 -1.058998771346683e+36 -8.416401836237071e+35) (4.714130109112081e+35 -7.841343827122544e+35 -5.287335806365948e+35) (6.561053606628956e+34 -1.973356061922314e+35 -7.689514496587056e+35) (-3.68385977840623e+35 6.925388510807061e+35 -1.132398898941712e+36) (1.646045135699361e+36 2.567817434172395e+36 -4.417257668926813e+36)
0.0470238814195692      (1.216173662061949e+33 6.919518357582807e+30 9.920162282263634e+31) (1.83015810842973e+33 3.233995494870021e+32 1.890523151403939e+32) (4.429757888362699e+33 1.367187765019422e+33 4.607849702651941e+32) (9.678010119589786e+33 3.303861321886622e+33 8.818007365569831e+32) (2.815785990394617e+34 1.033824896794114e+34 1.772208011386323e+33) (1.134510175106086e+35 4.389052764244802e+34 -8.60179591769286e+33) (2.635994353285761e+35 8.161432066697585e+34 -6.191530799217606e+34) (4.449541342218388e+35 5.93692994493197e+34 -3.436519620363286e+35) (6.601024088183542e+35 -5.753577611721215e+34 -2.833280033429622e+35) (1.059975670401519e+36 -5.122361072636926e+35 1.82704153876483e+35) (1.241469670678102e+35 2.415306558843992e+35 1.123547541603259e+36) (1.909461331667382e+36 -1.519201948255541e+35 2.507191803931521e+35) (2.05839714635008e+36 -6.548098762686785e+33 -8.045995739775724e+35) (2.320715729096042e+36 -7.747520563375555e+34 -1.132980367230113e+36) (2.517426056140244e+36 -1.631176602298004e+36 -3.246336713014251e+36) (1.255386161010998e+36 -2.874438363584272e+36 -2.284474659983786e+36) (1.279661837239787e+36 -2.128491023523438e+36 -1.435007517233123e+36) (1.784458298999912e+35 -5.357452700513355e+35 -2.087170826880899e+36) (-9.996700925706535e+35 1.879662864533248e+36 -3.073885831573614e+36) (4.467702859042435e+36 6.969440367928695e+36 -1.198974569007012e+37)
0.0470238814195692      (3.400882283131009e+33 -3.986707287935201e+31 2.903594838963875e+32) (5.064175730058386e+33 8.657877748593795e+32 5.499796778816036e+32) (1.210025274870109e+34 3.744542543524618e+33 1.235778952347584e+33) (2.629186794120833e+34 9.014749827295194e+33 2.384841780134967e+33) (7.638557592175501e+34 2.808964450641006e+34 4.842670560147927e+33) (3.078991874583414e+35 1.191608865406623e+35 -2.332456175308925e+34) (7.154753218133009e+35 2.21549140740797e+35 -1.680121436180285e+35) (1.207664120211956e+36 1.611446882447619e+35 -9.327196029925136e+35) (1.791504645432363e+36 -1.562960687095974e+35 -7.690473172039371e+35) (2.876572439806597e+36 -1.390395197226592e+36 4.959394684972646e+35) (3.36868231852529e+35 6.555818761203973e+35 3.049518543230945e+36) (5.182661074671737e+36 -4.123503892973779e+35 6.805016716804508e+35) (5.587057181260514e+36 -1.782644996676876e+34 -2.18390248406139e+36) (6.299124895559337e+36 -2.103172662890722e+35 -3.0753157271117e+36) (6.83297511843757e+36 -4.427353291176716e+36 -8.811429835355498e+36) (3.407760550883775e+36 -7.80179624440135e+36 -6.200620989559061e+36) (3.473719381816e+36 -5.776878679639442e+36 -3.896098885404546e+36) (4.824551566619024e+35 -1.454122606543662e+36 -5.665603123250167e+36) (-2.71495916778443e+36 5.102275964597248e+36 -8.341534074592743e+36) (1.212700889499971e+37 1.892067698156474e+37 -3.254410050930284e+37)
0.0470238814195692      (1.001983595534942e+34 -4.575778639540426e+32 8.97885913634571e+32) (1.44533634284209e+34 2.179329974687965e+33 1.738554205269453e+33) (3.343455567727911e+34 1.023533159036835e+34 3.09183670783835e+33) (7.165356398156955e+34 2.496691737743012e+34 6.494607152923244e+33) (2.069622019462593e+35 7.64375626402315e+34 1.327802322066936e+34) (8.354766270988391e+35 3.237343700037948e+35 -6.319644395219194e+34) (1.941666677657619e+36 6.015052040961377e+35 -4.558845555019168e+35) (3.277358312677431e+36 4.370214241617771e+35 -2.531994459279711e+36) (4.862958217094975e+36 -4.240355729146625e+35 -2.088424910361381e+36) (7.808274191923019e+36 -3.773414385027403e+36 1.345659360420265e+36) (9.134155406589242e+35 1.778976990686051e+36 8.276674083686285e+36) (1.406676063448197e+37 -1.120183524795733e+36 1.847029967732638e+36) (1.516454923155137e+37 -4.931431958573642e+34 -5.927950310752474e+36) (1.709725737654643e+37 -5.716875590081497e+35 -8.347401494788841e+36) (1.854584284624532e+37 -1.201765244129232e+37 -2.391621644179554e+37) (9.249001572472292e+36 -2.117677895403412e+37 -1.683042866327815e+37) (9.42810272831631e+36 -1.568056868044384e+37 -1.057351273641058e+37) (1.312780615761322e+36 -3.945134166014227e+36 -1.537819639257993e+37) (-7.366727746936785e+36 1.384931669837228e+37 -2.264636531943584e+37) (3.291459948731825e+37 5.135119529719913e+37 -8.833446533318545e+37)
0.0470238814195692      (2.514823994672316e+34 -2.653592053616515e+32 2.139764208623824e+33) (3.738041649536649e+34 6.386535028220446e+33 4.070633582888283e+33) (8.920197487941279e+34 2.759560842733883e+34 9.090241219079346e+33) (1.937210091378114e+35 6.643399411982084e+34 1.756161074820449e+34) (5.62736901351759e+35 2.069383926022561e+35 3.570027024818001e+34) (2.268376410108209e+36 8.778514463209984e+35 -1.718427638101719e+35) (5.271181599831325e+36 1.632057594369094e+36 -1.237824637645031e+36) (8.89760575521789e+36 1.186667564639291e+36 -6.871922772399805e+36) (1.320046272550643e+37 -1.150868201852946e+36 -5.665787717085762e+36) (2.11937625221275e+37 -1.024461770695527e+37 3.655215470822735e+36) (2.481584981821496e+36 4.829647762405975e+36 2.246699097238256e+37) (3.818238457990504e+37 -3.038201077210473e+36 5.0134890321005e+36) (4.116179518605132e+37 -1.315150530530502e+35 -1.608960740909488e+37) (4.640803771695594e+37 -1.549763060594917e+36 -2.265688437602698e+37) (5.034140050880287e+37 -3.261821779589771e+37 -6.491678999575847e+37) (2.51098930508638e+37 -5.747908130889028e+37 -4.568388193076259e+37) (2.559185179225494e+37 -4.256251599517615e+37 -2.87010730621531e+37) (3.567987423761143e+36 -1.071346453725324e+37 -4.174069118517928e+37) (-1.998939812528115e+37 3.758950607072826e+37 -6.147108162648106e+37) (8.934252408196228e+37 1.393714185206435e+38 -2.397631338486128e+38)
