/*--------------------------------*- C++ -*----------------------------------*\
  =========                 |
  \\      /  F ield         | OpenFOAM: The Open Source CFD Toolbox
   \\    /   O peration     | Website:  https://openfoam.org
    \\  /    A nd           | Version:  8
     \\/     M anipulation  |
\*---------------------------------------------------------------------------*/
FoamFile
{
    version     2.0;
    format      ascii;
    class       labelList;
    note        "nPoints: 25048 nCells: 19927 nFaces: 63439 nInternalFaces: 57929";
    location    "constant/polyMesh";
    object      neighbour;
}
// * * * * * * * * * * * * * * * * * * * * * * * * * * * * * * * * * * * * * //


57929
(
1
416
1689
2
416
1690
3
417
1695
4
1696
1961
5
418
1698
6
1699
1968
2300
419
2298
503
510
511
513
9673
492
510
517
518
520
9680
496
517
524
525
527
9687
524
531
532
534
2302
9693
531
538
2305
9931
504
545
552
553
555
9708
511
552
559
560
562
9715
518
559
566
567
569
9722
525
566
573
574
576
9729
532
573
580
581
583
9736
546
601
606
607
609
9763
553
606
613
614
616
9770
20
52
560
561
564
565
613
615
617
619
7620
7713
21
53
567
568
571
572
7621
7714
22
54
574
575
578
579
7622
7715
55
581
582
585
586
7623
7708
7716
621
622
624
2308
607
621
628
629
631
9811
61
614
615
618
619
628
630
632
634
7629
7713
7723
622
638
639
641
2309
9841
29
70
629
630
633
634
638
640
642
644
7723
9848
9849
9850
9851
639
645
649
650
652
9863
72
649
651
653
655
7652
7734
7746
665
666
668
665
672
673
675
2310
506
689
695
696
698
513
659
695
702
703
705
520
666
702
709
710
712
527
673
709
716
717
719
534
679
716
723
724
726
538
685
723
730
731
733
730
737
739
2312
548
690
746
751
752
754
555
696
751
758
759
761
42
52
93
562
563
564
565
703
704
707
708
758
760
762
764
43
53
94
569
570
571
572
710
711
714
715
44
54
95
576
577
578
579
717
718
721
722
45
55
96
583
584
585
586
724
725
728
729
766
768
770
587
731
765
766
768
591
737
765
772
773
775
595
743
772
779
780
782
779
786
788
2315
794
795
797
609
752
794
801
802
804
52
61
103
616
617
618
619
759
760
763
764
801
803
805
807
53
62
104
54
63
105
55
64
106
56
65
107
57
66
108
766
767
770
771
7708
58
67
109
773
774
777
778
809
811
813
9947
9948
9949
9950
780
808
809
811
9954
624
795
824
828
829
831
61
70
114
631
632
633
634
802
803
806
807
828
830
832
834
62
115
7792
63
116
7713
7793
64
117
7714
7794
65
118
7715
7795
66
119
7716
7796
67
120
7717
7797
68
121
7718
7798
122
809
810
813
814
835
7719
7789
7799
10115
10117
641
829
840
844
845
847
72
128
844
846
848
850
7792
652
845
851
855
856
858
74
142
855
857
859
861
7803
856
862
866
867
869
10023
154
866
868
870
872
7746
7814
7823
867
873
875
876
7756
10156
661
893
900
901
903
668
880
900
907
908
910
675
884
907
914
915
917
681
914
921
922
924
2316
921
928
930
2319
941
942
944
698
894
941
948
949
951
705
901
948
955
956
958
712
908
955
962
963
965
719
915
962
969
970
972
726
922
969
976
977
979
733
928
976
983
984
986
739
934
983
990
991
993
990
997
999
2322
1006
1007
1009
754
942
1006
1013
1014
1016
93
103
207
761
762
763
764
949
950
953
954
1013
1015
1017
1019
94
104
208
956
957
960
961
95
105
209
963
964
967
968
96
106
210
970
971
974
975
97
107
211
977
978
981
982
98
108
212
768
769
770
771
984
985
988
989
1021
1023
1025
775
991
1020
1021
1023
782
997
1020
1027
1028
1030
788
1003
1027
1034
1035
1037
797
1007
1045
1050
1051
1053
103
114
219
804
805
806
807
1014
1015
1018
1019
1050
1052
1054
1056
104
115
220
105
116
221
106
117
222
107
118
223
108
119
224
109
120
225
110
121
226
1021
1022
1025
1026
111
122
227
811
812
813
814
1028
1029
1032
1033
1058
1060
1062
815
1035
1057
1058
1060
819
1041
1057
1064
1065
1067
831
1051
1074
1081
1082
1084
115
128
233
1081
1083
1085
1087
116
129
234
117
130
235
118
131
236
119
132
237
120
133
238
121
134
239
122
135
240
123
136
241
124
137
242
835
836
1058
1059
1062
1063
1089
1091
1093
10117
10118
837
1065
1088
1089
1091
839
1071
1088
1095
1096
1098
1075
1102
1103
1105
847
1082
1102
1109
1110
1112
129
142
247
1109
1111
1113
1115
130
143
248
7792
131
144
249
7793
132
145
250
7794
133
146
251
7795
134
147
252
7796
135
148
253
7797
136
149
254
7798
137
150
255
7799
138
151
256
1117
1119
1121
7800
1089
1116
1117
1119
10131
1096
1116
1123
1124
10138
10266
1103
1128
1130
858
1110
1128
1133
1134
1136
143
154
261
1133
1135
1137
1139
144
155
262
7803
145
156
263
7804
146
157
264
7805
147
158
265
7806
148
159
266
7807
149
160
267
7808
150
161
268
7809
151
162
269
7810
152
163
270
1141
1143
1145
7811
1117
1140
1141
1143
10145
869
1134
1152
1156
1157
1159
155
166
274
1156
1158
1160
1162
1177
1180
1181
156
167
275
7814
157
168
276
7815
158
169
277
7816
159
170
278
7817
160
171
279
7818
161
172
280
7819
162
173
281
7820
163
174
282
7821
164
283
1164
1166
1168
2167
7822
1141
1163
1164
1166
17082
876
1157
1170
1171
1173
2325
1170
1177
1178
1180
7823
168
176
287
1177
1179
1181
1183
1194
1197
1198
1556
1557
1558
7824
169
177
288
7825
170
178
289
7826
171
179
290
7827
172
291
1201
1202
7828
7854
10270
173
180
292
1205
1208
1209
7829
174
181
293
1212
1215
1216
1563
1564
1565
7830
294
1570
1571
1572
2167
2170
2207
2210
2211
7831
1178
1184
1187
1188
1190
10168
1187
1194
1195
1197
10175
178
184
298
1194
1196
1198
1200
1229
1232
1233
1600
1601
1602
7835
179
185
299
1236
1239
1240
1607
1608
1609
7836
186
300
1201
1203
1243
1246
1247
7837
7854
10271
1205
1206
1208
10182
10270
1205
1212
1213
1215
7840
1188
1219
10189
1195
1219
1222
1223
1225
10195
1222
1229
1230
1232
10202
1229
1236
1237
1239
10209
1236
1243
1244
1246
10216
896
1291
1298
1299
1301
903
1262
1298
1305
1306
1308
910
1268
1305
1312
1313
1315
917
1274
1312
1319
1320
1322
924
1280
1319
1326
1327
1329
930
1285
1326
1333
1334
1336
1333
1340
1342
2326
1350
1351
1353
944
1292
1350
1357
1358
1360
951
1299
1357
1364
1365
1367
198
208
322
958
959
960
961
1306
1307
1310
1311
1364
1366
1368
1370
199
209
323
965
966
967
968
1313
1314
1317
1318
200
210
324
972
973
974
975
1320
1321
1324
1325
201
211
325
979
980
981
982
1327
1328
1331
1332
1372
1374
1376
986
1334
1371
1372
1374
993
1340
1371
1378
1379
1381
999
1346
1378
1385
1386
1388
1385
1392
1394
2329
1009
1351
1397
1403
1404
1406
207
219
1016
1017
1018
1019
1358
1359
1362
1363
1403
1405
1407
1409
208
220
330
1365
1366
1369
1370
209
221
331
210
222
332
211
223
333
212
224
334
213
225
335
1372
1373
1376
1377
214
226
336
1023
1024
1025
1026
1379
1380
1383
1384
1411
1413
1415
1030
1386
1410
1411
1413
1037
1392
1410
1417
1418
1420
1042
1417
1424
1426
1430
1431
1433
1053
1404
1430
1437
1438
1440
220
233
1437
1439
1441
1443
221
234
340
222
235
341
223
236
342
224
237
343
225
238
344
226
239
345
227
240
346
228
241
347
1411
1412
1415
1416
1445
1447
1449
1060
1418
1444
1445
1447
1067
1424
1444
1451
1452
1454
1072
1451
1458
1459
1077
1431
1462
1463
1465
233
246
1084
1085
1086
1087
1438
1439
1442
1443
1462
1464
1466
1468
234
247
235
248
351
236
249
352
237
250
353
238
251
354
239
252
355
240
253
356
241
254
357
242
255
358
243
256
359
1445
1446
1449
1450
1470
1472
1474
1091
1452
1469
1470
1472
1098
1458
1469
1476
1477
1479
246
259
1105
1106
1107
1108
1463
1464
1467
1468
1497
1500
1501
247
260
1112
1113
1114
1115
1504
1507
1508
248
261
249
262
362
250
263
363
251
264
364
252
265
365
253
266
366
254
267
367
255
268
368
256
269
369
257
270
370
1484
1486
1488
1119
1470
1483
1484
1486
1124
1477
1483
1490
1491
1493
1130
1497
1498
1500
1136
1497
1504
1505
1507
262
274
1504
1506
1508
1510
263
275
373
264
276
374
265
277
375
266
278
376
267
279
377
268
280
378
269
281
379
270
282
380
271
283
381
1512
1514
1516
1143
1484
1511
1512
1514
1148
1491
1511
1518
1519
1521
1159
1505
1525
1529
1530
1532
275
286
1529
1531
1533
1535
1549
1552
1553
276
287
384
1556
1559
1560
277
288
385
278
289
386
279
290
387
280
291
388
281
292
389
282
293
390
1563
1566
1567
283
294
391
1570
1573
1574
284
295
392
1537
1539
1541
1577
1580
1581
1839
1840
1841
1166
1512
1536
1537
1539
1173
1530
1543
1544
1546
2331
1180
1543
1549
1550
1552
1549
1556
1557
1559
289
298
395
1556
1558
1560
1562
1600
1603
1604
290
299
396
1607
1610
1611
291
300
397
292
301
398
293
302
399
1564
1566
1568
1614
1617
1618
1860
1861
1862
1563
1564
1566
1563
1570
1571
1573
1570
1577
1578
1580
2167
1190
1550
1584
1586
1587
1589
1197
1557
1586
1593
1594
1596
1593
1600
1601
1603
1600
1607
1608
1610
301
307
406
1607
1609
1611
1613
1646
1649
1650
1910
1911
1912
302
308
407
1201
1202
1203
1204
1615
1617
1619
1653
1656
1657
1917
1918
1919
1208
1614
1615
1617
1215
1564
1614
1621
1622
1624
1225
1594
1628
1629
1631
2333
1232
1601
1629
1633
1634
1636
1239
1608
1633
1639
1640
1642
1246
1639
1646
1647
1649
1250
1646
1653
1654
1656
1254
1615
1653
1660
1661
1663
1264
1667
1668
19827
1270
1667
1670
1671
1673
2725
1276
1670
1677
1678
1680
2728
1282
1677
1684
1685
1687
2737
1684
1691
1693
2334
1308
1668
1700
1701
19831
1315
1671
1700
1703
1704
1706
1322
1678
1703
1710
1711
1713
1329
1685
1710
1717
1718
1720
1336
1691
1717
1724
1725
1727
1342
1697
1724
1731
1732
1734
1731
1738
1740
2337
323
331
1701
1702
19833
19834
324
332
1704
1705
1708
1709
325
333
1711
1712
1715
1716
326
334
420
1718
1719
1722
1723
327
335
421
1374
1375
1376
1377
1725
1726
1729
1730
1746
1748
1750
1381
1732
1745
1746
1748
1388
1738
1745
1752
1753
1755
1394
1752
1759
1760
1762
2340
331
340
332
341
333
342
334
343
335
344
426
336
345
427
337
346
428
1746
1747
1750
1751
338
347
429
1413
1414
1415
1416
1753
1754
1757
1758
1769
1771
1773
1420
1760
1768
1769
1771
1426
1766
1768
1775
1776
1778
341
351
342
352
343
353
344
354
345
355
433
346
356
434
347
357
435
348
358
436
349
359
437
1447
1448
1449
1450
1769
1770
1773
1774
1785
1787
1789
1454
1776
1784
1785
1787
1459
1782
1784
1791
1793
352
362
353
363
354
364
355
365
356
366
440
357
367
441
358
368
442
359
369
443
360
370
444
1798
1800
1802
1472
1785
1797
1798
1800
1479
1791
1797
1804
1805
1807
363
373
364
374
365
375
366
376
367
377
447
368
378
448
369
379
449
370
380
450
371
381
451
1812
1814
1816
1486
1798
1811
1812
1814
1493
1805
1811
1818
1819
1821
374
384
375
385
376
386
377
387
378
388
454
379
389
455
380
390
456
381
391
457
382
392
458
1826
1828
1830
1839
1842
1843
1514
1812
1825
1826
1828
1521
1819
1825
1832
1833
1835
385
394
1853
1856
1857
386
395
387
396
388
397
389
398
461
390
399
462
1860
1863
1864
391
400
463
1867
1870
1871
392
401
464
1840
1842
1844
1874
1877
1878
2058
2059
2060
1839
1840
1842
1539
1826
1839
1846
1847
1849
1559
1853
1854
1856
19840
396
404
1853
1855
1857
1859
1896
1899
1900
397
405
1903
1906
1907
398
406
1910
1913
1914
399
407
467
1861
1863
1865
1917
1920
1921
1860
1861
1863
1566
1860
1867
1868
1870
1573
1867
1874
1875
1877
1580
1840
1874
1881
1882
1884
1596
1854
1889
1890
1892
19847
1603
1889
1896
1897
1899
1610
1896
1903
1904
1906
1903
1910
1911
1913
1910
1917
1918
1920
1617
1861
1917
1924
1925
1927
1624
1868
1924
1931
1932
1934
1875
1931
1938
1939
1941
2251
1636
1897
1945
1946
1947
2343
1642
1904
1946
1949
1950
2346
1649
1911
1949
1952
1953
2349
1656
1918
1952
1955
1956
2352
1663
1925
1955
1958
1959
2355
417
420
1720
1721
1722
1723
1962
1964
1966
1727
1961
1962
1964
1734
1961
1968
1969
1971
1740
1968
1975
1976
1978
421
426
422
427
1962
1963
1966
1967
423
428
1748
1749
1750
1751
1969
1970
1973
1974
1988
1990
1992
1755
1976
1987
1988
1990
1762
1982
1987
1994
1995
1997
1994
2001
2003
2358
427
433
428
434
429
435
430
436
1988
1989
1992
1993
2007
2009
2011
1771
1995
2006
2007
2009
1778
2001
2006
2013
2014
2016
2013
2020
2021
434
440
435
441
436
442
19806
437
443
19807
438
444
482
2007
2008
2011
2012
2024
2026
2028
1787
2014
2023
2024
2026
1793
2020
2023
2030
2031
2033
441
447
442
448
443
449
19808
444
450
19809
445
451
485
446
452
486
1800
1801
1802
1803
2024
2025
2028
2029
2038
2040
2042
1807
2031
2037
2038
2040
448
454
449
455
450
456
19810
451
457
19811
452
458
19812
453
459
1814
1815
1816
1817
2044
2047
2048
19813
460
1821
1822
1823
1824
2038
2039
2042
2043
2051
2054
2055
2359
19814
455
461
456
462
457
463
19815
458
464
2058
2061
2062
19816
459
465
2045
2047
2049
2065
2068
2069
19817
19861
19862
19863
1828
2044
2045
2047
1835
2044
2051
2052
2054
462
467
463
468
2079
2082
2083
464
469
2059
2061
2063
2086
2089
2090
19820
2058
2059
2061
1842
2058
2065
2066
2068
1849
2045
2065
2072
2073
2075
468
472
2080
2082
2084
2107
2110
2111
1863
2079
2080
2082
1870
2079
2086
2087
2089
1877
2059
2086
2093
2094
2096
1884
2066
2093
2100
2101
2103
1920
2107
2108
2110
19858
1927
2080
2107
2114
2115
2117
1934
2087
2114
2121
2122
2124
1941
2094
2121
2128
2129
2131
1953
2134
2135
2360
19859
1956
2108
2135
2136
2363
1959
2115
2136
2366
480
482
2009
2010
2011
2012
2138
2140
2142
2016
2137
2138
2140
2021
2137
2144
2146
483
485
2150
2152
2154
19807
2026
2138
2149
2150
2152
2033
2144
2149
2156
2157
2159
486
19809
19812
487
2150
2151
2154
2155
19813
2040
2041
2042
2043
2157
2158
2161
2162
19814
2124
2163
2164
19904
2131
2163
2165
2369
19907
491
513
659
494
514
660
493
494
495
496
517
2814
495
520
666
498
521
667
2818
497
498
2747
499
524
2820
499
527
673
2823
500
528
674
2825
501
534
679
2828
535
680
2834
508
549
691
505
507
505
508
9669
509
511
552
9670
507
508
509
513
695
509
555
696
515
556
697
512
514
9674
512
515
9675
516
518
559
9676
514
515
516
520
702
516
562
703
522
563
704
519
521
9681
519
522
9682
523
525
566
9683
521
522
523
527
709
523
569
710
529
570
711
526
528
9688
526
529
9689
530
532
573
9690
528
529
530
534
716
530
576
717
536
577
718
533
535
2831
9694
533
536
9695
537
580
9696
9931
535
536
537
538
723
537
583
724
540
584
725
539
540
2837
541
730
2840
541
587
731
9931
542
588
732
9932
543
591
737
2843
9933
592
738
2372
9934
550
603
747
547
549
9702
547
550
9703
551
553
606
9704
549
550
551
555
751
551
609
752
557
610
753
554
556
9709
554
557
9710
558
560
613
9711
556
557
558
562
758
558
616
759
564
617
760
561
563
9716
561
564
9717
565
567
9718
563
564
565
569
565
571
568
570
9723
568
571
9724
572
574
9725
570
571
572
576
572
578
575
577
9730
575
578
9731
579
581
9732
577
578
579
583
579
585
582
584
7705
9737
582
585
9738
586
9739
9936
584
585
586
587
586
589
588
589
7705
590
591
765
9935
590
766
7708
9936
593
767
7708
9937
592
593
7706
594
595
772
9938
594
773
9939
9947
597
774
9940
9948
596
597
2846
7707
598
779
2849
598
780
9941
9954
599
781
9942
9955
600
786
2851
9943
9961
787
9962
602
603
605
607
621
2852
9759
605
609
794
605
624
795
611
625
796
608
610
9764
608
611
9765
612
614
628
9766
610
611
612
616
801
612
631
802
618
632
803
615
617
9771
615
618
9772
619
9773
617
618
619
619
626
636
825
623
625
9805
623
626
2853
9806
627
629
638
9807
625
626
627
631
828
627
641
829
633
642
830
630
632
9812
630
633
9813
634
9814
632
633
634
634
637
639
645
2815
637
641
840
2854
643
647
841
2855
640
642
9842
640
643
9843
644
649
9844
642
643
644
844
644
652
845
653
846
646
647
2817
648
650
2857
9859
10016
648
652
851
2858
654
852
2860
10018
651
653
9864
651
654
7745
9865
655
9866
10020
653
654
655
855
655
856
10023
857
10024
658
659
695
658
698
894
663
699
895
660
663
664
666
702
662
663
664
668
900
664
705
901
670
706
902
667
669
2819
667
670
671
673
709
669
670
671
675
907
2861
671
712
908
677
713
909
674
676
2863
674
677
678
679
716
676
677
2866
678
681
914
2868
678
719
915
683
720
916
680
683
2749
684
685
723
2877
682
683
2871
684
921
2874
684
726
922
686
727
923
686
2375
687
733
928
2886
734
929
2880
693
748
937
691
692
691
693
694
696
751
694
698
941
694
754
942
700
755
943
697
699
697
700
701
703
758
699
700
701
705
948
701
761
949
707
762
950
704
706
704
707
708
710
706
707
708
712
955
708
956
714
957
711
713
711
714
715
717
713
714
715
719
962
715
963
721
964
718
720
718
721
722
724
720
721
722
726
969
722
970
728
971
725
727
725
728
729
731
727
728
729
733
976
729
977
735
978
732
734
2883
732
735
736
737
765
734
735
736
739
983
736
768
984
741
769
985
738
741
742
743
772
2892
740
741
2889
742
990
2378
742
775
991
744
776
992
744
2752
745
782
997
2899
783
998
2895
747
748
750
752
794
750
754
1006
750
797
1007
756
798
1008
753
755
753
756
757
759
801
755
756
757
761
1013
757
804
1014
763
805
1015
760
762
760
763
764
762
763
764
764
767
769
767
770
771
773
769
770
771
775
771
777
774
776
774
777
778
780
776
777
778
782
1020
778
1021
784
1022
781
783
2897
781
784
785
786
808
783
784
785
788
1027
785
811
1028
790
812
1029
787
790
7787
791
10109
789
790
2902
791
1034
791
815
1035
792
816
1036
819
1041
799
826
1046
796
798
796
799
800
802
828
798
799
800
804
1050
800
831
1051
806
832
1052
803
805
803
806
807
805
806
807
807
810
812
7787
9955
810
813
9956
814
9957
10110
812
813
814
815
814
817
816
817
7787
818
819
1057
10109
818
835
1058
10110
821
836
1059
10111
820
821
7788
822
1064
822
837
1065
10112
823
838
1066
10113
839
1071
825
826
827
829
840
827
831
1074
833
842
1076
830
832
830
833
834
844
832
833
834
1081
834
847
1082
848
1083
836
7789
10117
837
10114
10118
838
7790
10122
839
1088
10119
10123
7791
10126
841
842
2755
843
845
851
2904
843
847
1102
2906
849
853
1104
2907
846
848
846
849
850
855
848
849
850
1109
850
858
1110
859
1111
852
853
2756
854
856
862
2908
854
858
1128
2910
860
864
1129
2911
857
859
857
860
861
866
859
860
861
1133
861
869
1134
870
1135
863
864
2758
10018
865
867
873
10019
865
869
1152
2912
871
874
1153
2913
868
870
10024
868
871
10025
872
875
10026
870
871
872
1156
872
876
1157
877
1158
874
876
877
7756
7823
10157
877
10158
1170
7823
10159
879
903
1262
882
904
1263
881
882
883
884
907
2862
883
910
1268
886
911
1269
2914
885
886
2759
887
914
2381
887
917
1274
2915
888
918
1275
2917
889
924
1280
2920
925
1281
2926
892
894
941
892
944
1292
898
945
1293
895
897
895
898
899
901
948
897
898
899
903
1298
899
951
1299
905
952
1300
902
904
902
905
906
908
955
904
905
906
910
1305
906
958
1306
912
959
1307
909
911
909
912
913
915
962
911
912
913
917
1312
913
965
1313
919
966
1314
916
918
916
919
920
922
969
918
919
920
924
1319
920
972
1320
926
973
1321
923
925
2923
923
926
927
928
976
925
926
927
930
1326
927
979
1327
932
980
1328
929
932
933
934
983
2935
931
932
2929
933
1333
2384
933
986
1334
935
987
1335
935
2387
936
993
1340
2944
994
1341
2938
940
942
1006
940
944
1350
940
1009
1351
946
1010
1352
943
945
943
946
947
949
1013
945
946
947
951
1357
947
1016
1358
953
1017
1359
950
952
950
953
954
956
952
953
954
958
1364
954
1365
960
1366
957
959
957
960
961
963
959
960
961
965
961
967
964
966
964
967
968
970
966
967
968
972
968
974
971
973
971
974
975
977
973
974
975
979
975
981
978
980
978
981
982
984
980
981
982
986
982
988
985
987
985
988
989
991
987
988
989
993
1371
989
1372
995
1373
992
994
2941
992
995
996
997
1020
994
995
996
999
1378
996
1023
1379
1001
1024
1380
998
1001
1002
1003
1027
2950
1000
1001
2947
1002
1385
2390
1002
1030
1386
1004
1031
1387
1004
2903
1037
1392
2952
1011
1047
1398
1008
1010
1008
1011
1012
1014
1050
1010
1011
1012
1016
1403
1012
1053
1404
1018
1054
1405
1015
1017
1015
1018
1019
1017
1018
1019
1019
1022
1024
1022
1025
1026
1028
1024
1025
1026
1030
1026
1032
1029
1031
1029
1032
1033
1035
1031
1032
1033
1037
1410
1033
1411
1039
1412
1036
1038
1036
1039
1040
1041
1057
1038
1039
1040
1042
1417
1040
1060
1418
1043
1061
1419
1043
1043
1044
1067
1424
1068
1425
1046
1047
1049
1051
1074
1049
1053
1430
1049
1077
1431
1055
1078
1432
1052
1054
1052
1055
1056
1081
1054
1055
1056
1437
1056
1084
1438
1085
1439
1059
1061
1059
1062
1063
1065
1061
1062
1063
1067
1444
1063
1445
1069
1446
1066
1068
1066
1069
1070
1071
1088
1068
1069
1070
1072
1451
1070
1091
1452
1073
1092
1453
1073
1073
1098
1458
1076
1078
1076
1079
1080
1082
1102
1078
1079
1080
1084
1462
1080
1105
1463
1086
1106
1464
1083
1085
1083
1086
1087
1109
1085
1086
1087
1087
1112
1113
1090
1092
1090
1093
10122
1094
1096
1116
10123
1092
1093
1094
1098
1469
1094
1119
1470
1100
1120
1471
1097
1099
1097
1100
10126
1101
1123
2392
10127
1099
1100
1101
1476
1101
1124
1477
1125
1478
1104
1106
1104
1107
1108
1110
1128
1106
1107
1108
1112
1108
1130
1114
1131
1111
1113
1111
1114
1115
1133
1113
1114
1115
1115
1136
1137
1118
1120
10132
1118
1121
10133
1122
1140
10134
10266
1120
1121
1122
1124
1483
1122
1143
1484
1126
1144
1485
1125
2393
10139
10267
1125
1126
1127
1490
1127
1148
1491
10266
1149
1492
10267
10355
1129
1131
1132
1134
1152
2954
1131
1132
1136
1497
1138
1154
1499
2955
1135
1137
1135
1138
1139
1156
1137
1138
1139
1504
1139
1159
1505
1160
1506
1142
1144
7853
10146
1142
1145
10147
1146
1147
1163
10148
1144
1145
1146
1148
1511
1146
1166
1512
1150
1167
1513
1150
2166
7853
10154
10269
1149
1150
7853
1151
1518
10268
10357
1151
1519
2193
1520
2194
2394
10269
1153
1154
2761
1155
1157
2956
1155
1159
1525
2957
1161
1526
2958
1158
1160
1158
1161
1162
1170
1160
1161
1162
1529
1162
1173
1530
1174
1531
1165
1167
2166
17083
1165
1168
2168
17084
1169
2192
2197
17085
1167
1168
1169
1536
2193
1169
1537
2200
1538
2195
2201
1172
1174
1172
1175
2763
10158
1176
1178
1184
10159
1174
1175
2960
1176
1180
1543
1176
1544
2395
1182
1186
1545
1179
1181
7823
1179
1182
7823
1183
1187
7823
1181
1182
1183
1549
1183
1190
1550
1191
1551
1185
1186
10163
1188
10164
1190
1584
1189
1191
10169
1189
1192
10170
1193
1195
1219
10171
1191
1192
1193
1197
1586
1193
1587
1199
1221
1588
1196
1198
10176
1196
1199
10177
1200
1222
10178
1198
1199
1200
1593
1200
1225
1594
1226
1595
1202
1203
7854
1204
1208
10270
1204
1250
10271
1210
1251
10272
1207
1209
10183
1207
1210
7856
10184
10272
1211
1213
10185
10276
1209
1210
1211
1215
1614
1211
1254
1615
1217
1255
1616
1214
1216
2170
7840
1214
1217
7840
11792
1218
2208
7840
17165
1216
1217
1218
1621
2210
1218
1622
2226
1623
2212
2227
1220
1221
10190
1223
10191
1225
1628
1224
1226
10196
1224
1227
10197
1228
1230
10198
10279
1226
1227
1228
1232
1629
1228
1234
1630
2396
1231
1233
10203
1231
1234
7857
10204
1235
1237
10205
10280
1233
1234
1235
1239
1633
1235
1634
2397
1241
1635
10281
1238
1240
10210
1238
1241
7858
10211
1242
1244
10212
10282
1240
1241
1242
1246
1639
1242
1640
10283
1248
1641
10284
1245
1247
7855
10217
1245
1248
7859
10218
1249
10219
10274
10285
1247
1248
1249
1250
1646
1249
1647
10286
1252
1648
10287
1251
1252
7855
1253
1254
1653
10273
1253
1654
10274
10289
1256
1655
10275
10290
1255
1256
7856
1257
1660
2226
10276
1257
1661
10277
17173
1662
2228
2398
10278
1260
1295
1261
1262
1298
1261
1301
1266
1302
1263
1266
1267
1268
1305
1265
1266
1267
1270
1667
2972
1267
1308
1668
1272
1309
1669
1269
1272
2764
1273
1274
1312
3049
1271
1272
2765
1273
1276
1670
2962
1273
1315
1671
1278
1316
1672
1275
1278
2766
1279
1280
1319
2973
1277
1278
2964
1279
1282
1677
2966
1279
1322
1678
1283
1323
1679
1281
1283
2768
1284
1285
1326
2976
1283
2969
1284
1329
1685
1286
1330
1686
2979
1286
2932
1287
1336
1691
2991
1337
1692
2985
1290
1292
1350
1290
1353
1296
1354
1293
1295
1293
1296
1297
1299
1357
1295
1296
1297
1301
1297
1360
1303
1361
1300
1302
1300
1303
1304
1306
1364
1302
1303
1304
1308
1304
1367
1310
1368
1307
1309
1307
1310
1311
1313
1309
1310
1311
1315
1700
1311
1701
1317
1702
1314
1316
1314
1317
1318
1320
1316
1317
1318
1322
1703
1318
1704
1324
1705
1321
1323
1321
1324
1325
1327
1323
1324
1325
1329
1710
1325
1711
1331
1712
1328
1330
1328
1331
1332
1334
1330
1331
1332
1336
1717
1332
1718
1338
1719
1335
1337
2988
1335
1338
1339
1340
1371
1337
1338
1339
1342
1724
1339
1374
1725
1344
1375
1726
1341
1344
1345
1346
1378
2997
1343
1344
2994
1345
1731
3000
1345
1381
1732
1347
1382
1733
1347
2401
1348
1388
1738
3009
1389
1739
3003
1355
1400
1352
1354
1352
1355
1356
1358
1403
1354
1355
1356
1360
1356
1406
1362
1407
1359
1361
1359
1362
1363
1365
1361
1362
1363
1367
1363
1369
1366
1368
1366
1369
1370
1368
1369
1370
1370
1373
1375
1373
1376
1377
1379
1375
1376
1377
1381
1377
1383
1380
1382
1380
1383
1384
1386
1382
1383
1384
1388
1745
1384
1746
1390
1747
1387
1389
3006
1387
1390
1391
1392
1410
1389
1390
1391
1394
1752
1391
1413
1753
1395
1414
1754
1393
1395
1396
1417
2953
1395
2404
1396
1420
1760
1421
1761
3012
1398
1400
1402
1404
1430
1400
1401
1402
1406
1402
1433
1408
1434
1405
1407
1405
1408
1409
1437
1407
1408
1409
1409
1440
1441
1412
1414
1412
1415
1416
1418
1414
1415
1416
1420
1416
1422
1419
1421
1419
1422
1423
1424
1444
1421
1422
1423
1426
1768
1423
1447
1769
1428
1448
1770
1425
1428
1429
1451
1427
1428
1429
1775
1429
1454
1776
1455
1777
1432
1434
1432
1435
1436
1438
1462
1434
1435
1436
1440
1436
1465
1442
1466
1439
1441
1439
1442
1443
1441
1442
1443
1443
1446
1448
1446
1449
1450
1452
1448
1449
1450
1454
1450
1456
1453
1455
1453
1456
1457
1458
1469
1455
1456
1457
1459
1784
1457
1472
1785
1460
1473
1786
1460
1460
1461
1479
1791
1480
1792
1464
1466
1464
1467
1468
1466
1467
1468
1468
1471
1473
1471
1474
1475
1477
1483
1473
1474
1475
1479
1797
1475
1486
1798
1481
1487
1799
1478
1480
1478
1481
1482
1490
1480
1481
1482
1804
1482
1493
1805
1494
1806
1485
1487
1485
1488
1489
1491
1511
1487
1488
1489
1493
1811
1489
1514
1812
1495
1515
1813
1492
1494
2406
1492
1495
1496
1518
2407
1494
1495
1496
1818
2408
1496
1521
1819
1522
1820
2409
1499
1501
1499
1502
1503
1505
1525
1501
1502
1503
1507
1503
1509
1527
1506
1508
1506
1509
1510
1529
1508
1509
1510
1510
1532
1533
1513
1515
1513
1516
1517
1519
1536
1515
1516
1517
1521
1825
1517
1539
1826
1523
1540
1827
1520
1522
2411
1520
1523
2173
1524
2234
2412
1522
1523
1524
1832
2413
1524
1833
2237
1834
2238
2415
1526
1527
2771
1528
1530
2417
1528
1532
3013
1534
2419
1531
1533
1531
1534
1535
1543
1533
1534
1535
1535
1546
1547
1538
1540
2173
1538
1541
2174
1542
2235
2240
1540
1541
1542
1846
2237
1542
1847
2243
1848
2239
2244
1545
1547
1545
2772
1548
1550
1584
1547
2420
19800
1548
1552
19835
1554
1585
19836
1551
1553
1551
1554
1555
1557
1586
1553
1554
19801
1555
1559
19840
1555
1589
19841
1561
1590
19842
1558
1560
1558
1561
1562
1593
1560
1561
1562
1853
1562
1596
1854
1597
1855
1565
1567
1565
1568
1569
1571
1621
1567
1568
1569
1573
1867
1569
1624
1868
1575
1625
1869
1572
1574
1572
1575
2176
1576
1578
2248
1574
1575
1576
1580
1874
1576
1875
2251
1582
1876
2252
1579
1581
2167
2174
1579
1582
2167
2177
1583
2167
2241
2255
1581
1582
1583
1881
2243
1583
1882
2258
1883
2245
2259
1585
1589
1588
1590
1588
1591
1592
1594
1628
1590
1591
19802
1592
1596
19847
1592
1598
1888
1595
1597
1595
1598
1599
1601
1629
1597
1598
1599
1603
1889
1599
1631
1890
1605
1632
1891
1602
1604
1602
1605
1606
1608
1633
1604
1605
1606
1610
1896
1606
1636
1897
1612
1637
1898
1609
1611
1609
1612
1613
1639
1611
1612
1613
1903
1613
1642
1904
1643
1905
1616
1618
1616
1619
1620
1622
1660
1618
1619
1620
1624
1924
1620
1663
1925
1626
1664
1926
1623
1625
2176
1623
1626
2179
1627
2249
2263
1625
1626
1627
1931
2251
1627
1932
2266
1933
2253
2267
1630
1632
1634
3014
1632
2421
1636
1945
2422
1635
1637
1635
2773
1638
1640
2424
1637
2426
1638
1642
1946
1644
2428
1641
1643
1641
1644
2775
1645
1647
2431
1643
1644
1645
1649
1949
1645
2434
1651
2437
1648
1650
1648
1651
2778
1652
1654
2440
1650
1651
1652
1656
1952
1652
2443
1658
2446
1655
1657
1655
1658
2781
1659
1661
2449
1657
1658
1659
1663
1955
1659
2452
1665
2455
1662
1664
2179
1662
1665
2458
1666
2264
2461
1664
1665
1666
1958
2266
1666
2464
2467
1669
2727
19828
1669
19829
1671
1700
19830
1672
1674
2723
1672
1675
1676
1678
1703
1674
1675
19828
1676
1680
1676
1706
19830
1682
1707
1679
1681
2740
1679
1682
1683
1685
1710
1681
1682
1683
1687
1683
1713
1689
1714
1686
1688
2982
1686
1689
1690
1691
1717
1688
1689
1690
1693
2734
1690
1720
1695
1721
1692
1695
1696
1697
1724
3015
1694
1695
2731
1696
3018
1696
1727
1698
1728
1698
2784
1699
1734
3024
1735
3027
1702
19832
1702
19833
1704
19834
1705
1707
1705
1708
1709
1711
1707
1708
19832
1709
1713
1709
19834
1715
1712
1714
1712
1715
1716
1718
1714
1715
1716
1720
1716
1722
1719
1721
1719
1722
1723
1725
1721
1722
1723
1727
1723
1729
1726
1728
1726
1729
1730
1732
1728
1729
1730
1734
1961
1730
1962
1736
1963
1733
1735
3021
1733
1736
1737
1738
1745
1735
1736
1737
1740
1968
1737
1748
1969
1742
1749
1970
1739
1742
1743
1752
2470
1741
1742
3030
1743
1975
2473
1743
1755
1976
1744
1756
1977
1762
1982
2476
1747
1749
1747
1750
1751
1753
1749
1750
1751
1755
1751
1757
1754
1756
1754
1757
1758
1760
1756
1757
1758
1762
1987
1758
1988
1764
1989
1761
1763
2787
1761
1764
1765
1766
1768
1763
1764
1765
1994
2479
1765
1771
1995
1767
1772
1996
1767
2789
1778
2001
2481
1770
1772
1770
1773
1774
1776
1772
1773
1774
1778
2006
1774
2007
1780
2008
1777
1779
1777
1780
1781
1782
1784
1779
1780
1781
2013
1781
1787
2014
1783
1788
2015
1783
1793
2020
1786
1788
1786
1789
1790
1791
1797
1788
1789
1790
1793
2023
1790
1800
2024
1795
1801
2025
1792
1795
1796
1804
1794
1795
1796
2030
1796
1807
2031
1808
2032
1799
1801
1799
1802
1803
1805
1811
1801
1802
1803
1807
1803
1814
1809
1815
1806
1808
1806
1809
1810
1818
1808
1809
1810
2037
1810
1821
2038
1822
2039
1813
1815
1813
1816
1817
1819
1825
1815
1816
1817
1821
1817
1828
1823
1829
1820
1822
2790
1820
1823
1824
1832
2482
1822
1823
1824
2484
1824
1835
1836
2485
1827
1829
1827
1830
1831
1833
1846
1829
1830
1831
1835
2044
1831
1849
2045
1837
1850
2046
1834
1836
2791
1834
1837
2181
1838
2271
2487
1836
1837
1838
2051
2488
1838
2052
2273
2053
2274
2490
1841
1843
1841
1844
1845
1847
1881
1843
1844
1845
1849
2065
1845
1884
2066
1851
1885
2067
1848
1850
2181
1848
1851
2182
1852
2272
2276
1850
1851
1852
2072
2273
1852
2073
2279
2074
2275
2280
1855
1857
1855
1858
19842
1859
1889
1857
1858
19844
1859
1859
1892
19846
1893
1862
1864
1862
1865
1866
1868
1924
1864
1865
1866
1870
2079
1866
1927
2080
1872
1928
2081
1869
1871
1869
1872
1873
1875
1931
1871
1872
1873
1877
2086
1873
1934
2087
1879
1935
2088
1876
1878
1876
1879
1880
1882
1938
1878
1879
1880
1884
2093
1880
1941
2094
1886
1942
2095
1883
1885
2182
1883
1886
2184
1887
2277
2282
1885
1886
1887
2100
2279
1887
2101
2284
2102
2281
2285
1890
19847
1891
1893
1891
1894
2793
1895
1897
1945
1893
1894
19849
1895
1899
19850
1895
3035
1901
2491
19851
1898
1900
1898
1901
1902
1904
1946
1900
1901
19803
1902
1906
19852
1902
1947
19853
1908
1948
19854
1905
1907
1905
1908
1909
1911
1949
1907
1908
19804
1909
1913
19855
1909
1950
19856
1915
1951
19857
1912
1914
1912
1915
1916
1918
1952
1914
1915
19805
1916
1920
19858
1916
1953
19859
1922
1954
19860
1919
1921
1919
1922
1923
1925
1955
1921
1922
1923
1927
2107
1923
1956
2108
1929
1957
2109
1926
1928
1926
1929
1930
1932
1958
1928
1929
1930
1934
2114
1930
1959
2115
1936
1960
2116
1933
1935
1933
1936
2186
1937
1939
2286
1935
1936
1937
1941
2121
1937
2122
2287
1943
2123
2493
1940
1942
2184
2252
1940
1943
2187
2253
1944
2254
2283
2496
1942
1943
1944
2128
2284
1944
2129
2499
2130
2502
2794
1948
2505
1948
2802
1950
2508
1951
2511
1951
2805
1953
2134
2514
1954
2517
1954
2520
1956
2135
2523
1957
2526
1957
2529
1959
2136
2532
1960
2186
2535
1960
2538
2287
2541
1963
1965
1963
1966
1967
1969
1965
1966
1967
1971
1967
1973
1970
1972
1970
1973
1974
1976
1972
1973
1974
1978
1974
1980
1977
1979
2743
1977
1980
1981
1982
1987
1979
1980
1981
1984
2746
1981
1990
1985
1991
1983
1985
2796
1986
1994
3033
1985
2745
1986
1997
1998
2544
1989
1991
1989
1992
1993
1995
1991
1992
1993
1997
1993
1999
1996
1998
1996
1999
2000
2001
2006
1998
1999
2000
2003
2000
2009
2004
2010
2002
2004
2005
2013
2004
2545
2005
2016
2017
2008
2010
2008
2011
2012
2014
2010
2011
2012
2016
2012
2018
2015
2017
2015
2018
2019
2020
2023
2017
2018
2019
2021
2137
2019
2026
2138
2022
2027
2139
2022
2022
2033
2144
2025
2027
2025
2028
2029
2031
2027
2028
2029
2033
2149
2029
2150
2035
2151
2032
2034
2032
2035
2036
2037
2034
2035
2036
2156
2036
2040
2157
2041
2158
2039
2041
2039
2042
2043
2041
2042
2043
2043
2046
2048
2046
2049
2050
2052
2072
2048
2049
19818
2050
2054
19868
2050
2075
19869
2056
2076
19870
2053
2055
2798
2053
2056
2188
2057
2546
2055
2056
19819
2057
2800
19875
2057
2289
19876
2801
19877
2060
2062
2060
2063
2064
2066
2093
2062
2063
19821
2064
2068
19882
2064
2096
19883
2070
2097
19884
2067
2069
2067
2070
2071
2073
2100
2069
2070
19822
2071
2075
19889
2071
2103
19890
2077
2104
19891
2074
2076
2188
2074
2077
2189
2078
2288
2291
2076
2077
19823
2078
2289
19896
2078
2293
19897
2290
2294
19898
2081
2083
2081
2084
2085
2087
2114
2083
2084
2085
2089
2085
2117
2091
2118
2088
2090
2088
2091
2092
2094
2121
2090
2091
19824
2092
2096
19903
2092
2124
19904
2098
2125
19905
2095
2097
2095
2098
2099
2101
2128
2097
2098
19825
2099
2103
19906
2099
2131
19907
2105
2132
19908
2102
2104
2189
2102
2105
2190
2106
2292
2296
2104
2105
19826
2106
2293
19909
2106
2297
19910
2295
2547
19911
2109
2111
2109
2112
19860
2113
2115
2136
2111
2112
2113
2117
2113
2549
2119
2552
2116
2118
2116
2119
2120
2122
2555
2118
2119
2120
2124
2120
2558
2126
2561
2123
2125
2123
2126
2564
2127
2129
2567
2125
2126
2127
2131
2163
2127
2164
2570
2133
2573
2130
2132
2190
2130
2133
2576
2579
2132
2133
2165
2297
2582
2585
2808
19857
2588
19860
2591
2139
2141
2139
2142
2143
2144
2149
2141
2142
2143
2146
2143
2152
2147
2153
2145
2147
2148
2156
2147
2148
2159
2160
2151
2153
2151
2154
2155
2157
2153
2154
2155
2159
2155
2161
2158
2160
2158
2161
2162
2160
2161
2162
2162
2596
19905
2811
2191
2599
19908
2192
2193
17089
17162
2168
2171
2198
2200
2202
2214
2217
2218
11775
2197
2198
2200
17098
2192
2197
2204
2205
17105
17164
2207
2208
2210
11778
2207
2214
2215
2217
17111
2198
2214
2221
2222
2223
17118
2193
2234
2235
2237
2200
2240
2241
2243
2205
2235
2240
2247
2602
2210
2248
2249
2251
2217
2248
2255
2256
2258
2223
2241
2255
2262
2604
2226
2263
2264
2266
2230
2249
2263
2268
2269
2606
2237
2271
2272
2273
2243
2276
2277
2279
2247
2272
2276
2609
2258
2282
2283
2284
2262
2277
2282
2610
2266
2286
2287
2613
2269
2286
2616
2273
2288
2289
2279
2291
2292
2293
2284
2296
2297
2619
2297
2623
19910
2195
17091
17163
2194
2195
2196
2234
2626
17162
2196
2205
2235
2236
2628
17163
2199
2201
17099
2199
2202
17100
2203
2204
2221
17101
2201
2202
2203
2205
2240
2203
2223
2241
2206
2224
2242
2206
3036
17107
2206
2630
2632
2209
2211
11778
2209
2212
11778
11793
2213
2215
11778
17168
2211
2212
2213
2217
2248
2213
2230
2249
2219
2231
2250
2216
2218
17112
2216
2219
11794
17113
2220
2222
17114
17171
2218
2219
2220
2223
2255
2220
2233
2256
2225
2257
2633
2224
17119
2225
3037
17120
2224
2225
2635
2636
2227
2228
11792
2229
2230
2263
17165
2229
2264
2637
17166
2232
2265
2640
17167
2231
2232
11793
2233
2268
2643
17168
2646
17169
2649
11794
2236
2238
3038
2236
2239
2652
2238
2239
2271
2655
2247
2272
2657
2242
2244
2242
2245
2246
2659
2244
2245
2246
2247
2276
2246
2262
2277
2278
2661
2663
2250
2252
2250
2253
2254
2256
2268
2252
2253
2254
2258
2254
2269
2260
2270
2257
2259
2257
2260
3040
2261
2665
2259
2260
2261
2262
2282
2261
2283
2667
2670
2673
2265
2267
2265
2676
2679
2267
2682
2269
2286
2685
2270
2688
2270
2691
2694
2274
3043
2275
2697
2274
2275
2288
2278
2280
2278
2281
2698
2280
2281
2291
2700
2292
2701
2285
2703
2706
2285
2709
2296
2712
2714
3046
2290
2290
19912
2294
3044
2295
3045
2294
2295
19913
19915
2717
2718
2720
2299
2300
2743
3027
3028
3030
3031
2301
2744
3029
3032
2301
3027
3028
3029
2303
2820
2828
2831
18397
2304
2821
2829
2832
18398
2822
2830
2833
18399
2306
2831
2837
2840
19010
19016
19052
2307
2832
2838
2841
19011
19017
19053
2833
2839
2842
19012
19018
19054
2852
2853
19040
19041
19044
19045
2815
2816
2853
2854
19047
19048
2311
2819
2823
2863
2864
2866
2819
2824
2865
2867
2313
2378
2840
2843
2883
2889
2892
2314
2379
2841
2844
2884
2890
2893
2380
2842
2845
2885
2891
2894
2849
2850
2851
2897
2898
2902
2317
2381
2871
2920
2923
2318
2382
2872
2921
2924
2383
2873
2922
2925
2320
2384
2874
2886
2923
2929
2935
2321
2385
2875
2887
2924
2930
2936
2386
2876
2888
2925
2931
2937
2323
2378
2390
2899
2941
2947
2950
2324
2379
2390
2900
2942
2948
2950
2380
2391
2901
2943
2949
2951
2763
2956
2960
2961
2327
2384
2944
2988
2994
2997
3000
2328
2385
2945
2989
2995
2998
3001
2386
2946
2990
2996
2999
3002
2330
2390
2404
2952
2953
3006
3007
2391
2405
2952
2953
3008
2332
2417
2420
2772
2960
2418
2420
2772
2961
2421
3014
2335
2731
2982
2991
3015
3018
2336
2732
2983
2992
3016
3019
2733
2984
2993
3017
3020
2338
2470
2473
3000
3009
3021
3030
2339
2471
2474
3001
3010
3022
3031
2472
2475
3002
3011
3023
3032
2341
2404
2470
2476
2787
2342
2404
2471
2477
2787
2405
2472
2478
2788
2344
2426
2505
2794
2802
2345
2426
2506
2794
2803
2427
2507
2795
2804
2347
2434
2505
2511
2805
2348
2435
2506
2512
2806
2436
2507
2513
2807
2350
2443
2511
2517
2520
2351
2444
2512
2518
2521
2445
2513
2519
2522
2353
2452
2517
2526
2529
2354
2453
2518
2527
2530
2454
2519
2528
2531
2356
2464
2526
2535
2538
2357
2465
2527
2536
2539
2466
2528
2537
2540
2479
2480
2481
2545
3033
3034
2484
2485
2486
2798
2799
2800
2361
2520
2588
2808
2362
2521
2589
2809
2522
2590
2810
2364
2529
2549
2588
2591
2365
2530
2550
2589
2592
2531
2551
2590
2593
2367
2538
2541
2555
2558
2591
2368
2539
2542
2556
2559
2592
2540
2543
2557
2560
2593
2370
2585
2596
2599
2371
2586
2597
2600
2587
2598
2601
2373
2752
2843
2846
2892
19025
2374
2753
2844
2847
2893
19026
2754
2845
2848
2894
19027
2376
2834
2837
2877
2880
2883
2886
2377
2835
2838
2878
2881
2884
2887
2836
2839
2879
2882
2885
2888
2379
2889
2892
2899
2941
2380
2890
2893
2900
2942
2891
2894
2901
2943
2382
2759
2868
2917
2920
2383
2759
2869
2918
2921
2760
2870
2919
2922
2385
2929
2935
2944
2988
2386
2930
2936
2945
2989
2931
2937
2946
2990
2388
2880
2889
2935
2938
2941
2944
2389
2881
2890
2936
2939
2942
2945
2882
2891
2937
2940
2943
2946
2391
2947
2948
2950
2952
3006
3007
2949
2951
2952
3008
2393
19059
17410
17411
17470
2412
2626
2627
17471
2763
2772
2960
2961
2397
3014
2773
2774
17333
17435
17436
2399
2461
2637
18263
18266
2400
2462
2638
18264
18267
2463
2639
18265
18268
2402
2938
2947
2997
3003
3006
3009
2403
2939
2948
2998
3004
3007
3010
2940
2949
2999
3005
3008
3011
2405
2787
3003
3004
3012
2788
3005
3012
2407
2408
2409
2410
2411
2409
2410
2790
2410
2413
2482
2414
2483
2412
2413
2414
2415
2416
3038
3039
2414
2415
2791
2416
2792
2416
2487
2655
2487
2656
2418
2419
2771
2958
2419
2771
2959
2420
3013
2772
2422
2423
2793
2794
2795
2423
2426
2794
3014
2427
2795
3014
2425
2428
2429
2773
2775
2776
17435
2430
2774
2777
17436
2427
2428
2429
2773
2430
2774
2429
2434
2505
2773
2430
2435
2506
2773
2436
2507
2774
2432
2437
2775
2778
17440
2433
2438
2776
2779
17441
2439
2777
2780
17442
2435
2437
2775
2436
2438
2776
2439
2777
2438
2443
2511
2439
2444
2512
2445
2513
2441
2446
2778
2781
17449
2442
2447
2779
2782
17450
2448
2780
2783
17451
2444
2446
2778
2445
2447
2779
2448
2780
2447
2452
2517
2448
2453
2518
2454
2519
2450
2455
2458
2781
17455
2451
2456
2459
2782
17456
2457
2460
2783
17457
2453
2455
2781
2454
2456
2782
2457
2783
2456
2464
2526
2457
2465
2527
2466
2528
2459
2461
2464
18266
2460
2462
2465
18267
2463
2466
18268
2462
2467
2676
2463
2468
2677
2469
2678
2465
2467
2466
2468
2469
2468
2535
2676
2682
2469
2536
2677
2683
2537
2678
2684
2471
2473
2476
3003
2472
2474
2477
3004
2475
2478
3005
2474
2476
2743
3030
2475
2477
2743
3031
2478
2744
3032
2477
2479
2796
3033
2478
2479
2796
3033
2480
2797
3034
2480
2481
2787
3033
2481
2788
3034
2789
2483
2485
2790
2791
2486
2790
2792
2485
2486
2790
2486
2488
2489
2490
2791
2792
3043
2489
2490
2791
2798
2490
2792
2799
2546
2492
2794
2802
2803
3035
19925
2795
2804
3035
19926
2494
2499
2567
2714
3046
2495
2500
2568
2715
3047
2501
2569
2716
3048
2497
2502
2616
2694
2706
2498
2503
2617
2695
2707
2504
2618
2696
2708
2500
2502
2576
2616
2501
2503
2577
2617
2504
2578
2618
2503
2579
2706
2709
2504
2580
2707
2710
2581
2708
2711
2506
2508
2507
2509
2510
2509
2802
2805
19916
2510
2803
2806
19917
2804
2807
19918
2512
2514
2513
2515
2516
2515
2520
2805
2808
2516
2521
2806
2809
2522
2807
2810
2518
2523
2519
2524
2525
2521
2523
2522
2524
2525
2524
2529
2588
2525
2530
2589
2531
2590
2527
2532
2528
2533
2534
2530
2532
2531
2533
2534
2533
2538
2591
2534
2539
2592
2540
2593
2536
2541
2613
2537
2542
2614
2543
2615
2539
2541
2540
2542
2543
2542
2555
3046
2543
2556
3047
2557
3048
2545
2745
3033
3034
2798
2799
2801
2548
2594
2717
2718
2720
2721
2595
2717
2719
2722
2550
2552
2551
2553
2554
2553
2558
2591
2554
2559
2592
2560
2593
2556
2561
2564
2557
2562
2565
2563
2566
2559
2561
2560
2562
2563
2562
2570
2563
2571
2572
2565
2567
2570
3046
2566
2568
2571
3047
2569
2572
3048
2568
2573
2576
2569
2574
2577
2575
2578
2571
2573
2811
2572
2574
2812
2575
2813
2574
2585
2596
2811
2575
2586
2597
2812
2587
2598
2813
2577
2579
2585
2578
2580
2586
2581
2587
2580
2582
2585
2619
2581
2583
2586
2620
2584
2587
2621
2583
2585
2599
2720
2584
2586
2600
2721
2587
2601
2722
2586
2587
2589
2590
2592
2593
2595
2622
2623
2624
2717
19911
2622
2625
2717
2597
2811
2598
2812
2813
2600
2623
2601
2624
2625
2603
2630
2632
2652
2653
2659
2663
2631
2632
2654
2660
2664
2605
2635
2636
2659
2665
2673
2674
2635
2636
2660
2666
2675
2607
2646
2679
2688
2691
2608
2647
2680
2689
2692
2648
2681
2690
2693
2663
2664
2697
2698
2699
2700
2611
2673
2698
2701
2703
2712
2612
2674
2698
2701
2704
2712
2675
2699
2702
2705
2713
2614
2682
2714
3046
2615
2683
2715
3047
2684
2716
3048
2617
2691
2694
2714
2618
2692
2695
2715
2693
2696
2716
2620
2709
2718
2720
2621
2710
2718
2721
2711
2719
2722
2717
19913
2624
2720
2625
2721
2722
2627
2628
3038
19299
2629
3039
19300
2629
2630
2652
2653
18255
18257
2631
2654
18256
18257
2631
2632
18257
2632
18257
2635
2659
2660
3036
2634
2636
2649
2650
2665
18261
2636
2651
2666
18262
2636
2659
2660
2665
2666
3037
2638
2640
2676
17671
2639
2641
2677
17672
2642
2678
17673
2641
2646
2679
19304
2642
2647
2680
19305
2648
2681
19306
2644
2646
2649
2688
18258
2645
2647
2650
2689
18259
2648
2651
2690
18260
2647
2679
18258
19301
2648
2680
18259
19302
2681
18260
19303
2650
2688
3040
17665
18261
2651
2689
3041
17666
18261
2690
3042
17667
18262
2653
2655
2657
3038
2654
2655
2657
3038
2656
2658
3039
2656
2657
3038
3043
2658
3039
3043
2658
2663
2697
2664
2697
2660
2661
2662
2662
2663
2673
2674
2698
2664
2675
2699
2664
2666
2670
2671
3040
3041
2672
3042
2668
2670
2694
2706
3040
2669
2671
2695
2707
3041
2672
2696
2708
3042
2671
2673
2703
2706
2672
2674
2704
2707
2675
2705
2708
2674
2675
2677
2679
2682
2678
2680
2683
2681
2684
2680
2685
2681
2686
2687
2683
2685
2684
2686
2687
2686
2691
2714
2687
2692
2715
2693
2716
2689
2694
3040
2690
2695
3041
2696
3042
2692
2694
2693
2695
2696
2695
2696
3043
2699
2700
2701
2700
2702
2701
2702
3044
2702
2712
3045
2713
3045
2704
2706
2712
2705
2707
2712
2708
2713
2707
2709
2708
2710
2711
2710
2712
2711
2712
2713
2713
2718
2719
2715
3046
2716
3047
3048
3045
2719
2720
2721
3045
2722
3045
2721
2722
2724
2725
2728
2729
2962
2726
2730
2963
2726
2727
2765
2727
2765
2972
2729
2740
2964
2730
2741
2964
2742
2965
2732
2734
3018
2733
2735
3019
2736
3020
2735
2982
2736
2983
2984
2738
2740
2969
2982
2739
2741
2970
2983
2742
2971
2984
2741
2966
2742
2967
2968
2744
2745
2746
2796
2745
2746
2797
2746
2796
2797
2748
2814
2820
2821
2823
19002
2814
2822
2824
19003
2750
2828
2863
2871
2877
2751
2829
2864
2872
2878
2830
2865
2873
2879
2753
2846
2892
2895
2897
2899
2754
2847
2893
2895
2897
2900
2848
2894
2896
2898
2901
2854
2904
2905
2906
2757
2858
2904
2908
2910
2859
2905
2909
2910
2908
2909
2912
19057
2760
2862
2866
2915
2862
2867
2916
2762
2912
2954
2956
2957
2912
2954
2956
2957
2765
3049
2962
2963
2972
2767
2915
2964
2973
2974
3049
2916
2965
2975
3049
2769
2920
2969
2973
2976
2770
2921
2970
2974
2977
2922
2971
2975
2978
2957
3013
2774
3014
3014
2776
18414
2777
18415
18416
2779
17446
2780
17447
17448
2782
18417
2783
18418
18419
2785
2985
2994
3015
3021
3024
3027
2786
2986
2995
3016
3022
3025
3028
2987
2996
3017
3023
3026
3029
2788
2789
3012
2789
3012
3012
2792
2794
2795
3035
2795
2802
2803
2804
2797
3033
3034
2799
2800
2800
2801
2803
19919
2804
19920
19921
2806
2808
19922
2807
2809
19923
2810
19924
2809
19922
2810
19923
19924
2812
2813
2818
19001
2816
2817
2854
2855
19049
2817
2854
2856
19050
2857
2858
2859
19051
2819
2823
2824
2861
2821
2825
2828
19004
2822
2826
2829
19005
2827
2830
19006
2824
2825
2826
2827
2826
2828
2863
2827
2829
2864
2830
2865
2829
2834
2830
2835
2836
2832
2834
19010
2833
2835
19011
2836
19012
2835
2837
2877
2836
2838
2878
2839
2879
2838
2840
2839
2841
2842
2841
2843
2883
19052
2842
2844
2884
19053
2845
2885
19054
2844
18408
2845
18409
18410
2847
2849
17330
2848
2849
17331
2850
17332
2850
2851
2897
17330
17331
19055
2851
2898
17332
19056
17401
19034
19040
19041
2855
2856
2856
2858
2904
2859
2905
2860
2859
2860
2860
2908
2909
19057
2862
2866
2867
2914
2864
2868
2871
2865
2869
2872
2870
2873
2867
2868
2869
2870
2869
2871
2870
2872
2873
2872
2874
2873
2875
2876
2875
2877
2886
2923
2876
2878
2887
2924
2879
2888
2925
2878
2879
2881
2883
2886
2889
2935
2882
2884
2887
2890
2936
2885
2888
2891
2937
2884
2885
2887
2888
2890
2891
2893
2894
2896
2897
2899
2900
2902
2903
2950
2898
2901
2902
2903
2951
2898
2900
2901
2903
2950
2951
2952
2905
2907
2907
2907
2910
2909
2911
2911
2911
2912
2954
2913
2956
2915
2916
3049
2916
2917
2918
2919
2918
2920
2973
2919
2921
2974
2922
2975
2921
2926
2922
2927
2928
2924
2926
2925
2927
2928
2927
2929
2932
2976
2928
2930
2933
2977
2931
2934
2978
2930
2932
2931
2933
2934
2933
2976
2985
2988
2991
2934
2977
2986
2989
2992
2978
2987
2990
2993
2936
2937
2939
2941
2944
2947
2997
2940
2942
2945
2948
2998
2943
2946
2949
2999
2942
2943
2945
2946
2948
2949
2951
2953
3012
2955
2957
2958
2959
2958
2959
2959
2960
2961
2961
2963
2964
3049
2965
3049
2965
2966
2967
2968
2967
2969
2973
2968
2970
2974
2971
2975
2970
2979
2982
2971
2980
2983
2981
2984
2974
2975
2977
2979
2978
2980
2981
2980
2982
2991
2981
2983
2992
2984
2993
2983
2984
2986
2988
2991
2994
3015
2987
2989
2992
2995
3016
2990
2993
2996
3017
2989
2990
2992
2993
2995
3000
2996
3001
3002
2998
3000
2999
3001
3002
3001
3009
3021
3002
3010
3022
3011
3023
3004
3006
3009
3005
3007
3010
3008
3011
3007
3008
3010
3011
3016
3018
3017
3019
3020
3019
3024
3020
3025
3026
3022
3027
3023
3028
3029
3025
3027
3026
3028
3029
3028
3030
3029
3031
3032
3031
3032
3034
19925
19926
18257
18226
18261
18262
3039
3041
3042
3045
3047
3048
3054
3055
3084
3055
3056
3091
3053
3076
3054
3077
3080
3085
3092
3064
3066
3067
14042
3067
3071
3072
14384
14448
3069
3072
3073
14390
14450
3074
3078
3079
15120
15139
15142
3078
3083
3084
3086
11015
3083
3090
3091
3093
15127
3090
3096
15134
3065
10771
14037
3067
3071
14041
14088
3068
14043
3068
14046
3069
3072
14047
3070
14048
3073
10838
14378
14447
14385
14449
14451
3075
3076
14823
14828
3077
3078
14824
3077
3079
14829
3080
3080
3081
15121
3080
15143
3082
3084
3082
3086
15125
15142
15434
3088
15143
15435
3085
3087
11015
3085
3088
3089
3091
3087
3088
11015
11116
3089
3093
11015
15438
3089
15439
3095
3092
3094
15128
3092
3095
3096
3094
3095
11117
15131
15132
3099
3100
3707
3099
3101
3105
3102
3106
3711
3102
3129
3102
3138
3103
3725
3804
3727
3806
3106
3107
3135
3106
3108
3138
3109
3782
3804
3109
3784
3925
3109
3807
3926
3786
3808
3927
3111
3112
3138
3113
3805
3113
3807
3114
3119
3809
3120
3835
3116
3875
3895
3121
3879
3899
3118
3896
3925
3124
3900
3928
3120
3962
3161
3123
4064
4090
3123
3126
4066
3127
4068
4094
4091
4124
4211
4232
4414
3127
3202
3128
4262
4293
4266
4296
3707
3722
3723
3725
3713
3722
3729
3730
3732
3729
3736
3737
3730
3741
3745
3747
3736
3745
3751
3752
3766
3767
3769
3709
3761
3781
3782
3784
3715
3767
3781
3788
3789
3791
3719
3773
3788
3795
3796
3798
3804
3805
3807
3725
3782
3804
3811
3812
3814
3732
3789
3811
3818
3819
3821
3737
3796
3818
3825
3826
3828
3742
3812
3834
3838
3839
3841
3747
3819
3838
3845
3846
3848
3752
3826
3845
3852
3853
3855
3846
3860
3862
3757
3853
3860
3866
3867
3868
3874
3881
3882
3884
3895
3896
3898
3769
3875
3895
3902
3903
3905
3775
3882
3902
3909
3910
3912
3779
3888
3909
3916
3917
3919
3784
3896
3925
3931
3932
3934
3791
3903
3931
3938
3939
3941
3798
3910
3938
3945
3946
3948
3802
3917
3945
3952
3953
3955
3807
3926
3961
3962
3964
3814
3932
3961
3968
3969
3971
3821
3939
3968
7169
7170
7172
3828
3946
3975
3976
3978
7169
3832
3953
3975
3982
3983
3984
3835
3962
3988
3989
3991
3841
3969
3988
3995
3996
3998
3848
3995
4002
4003
4005
7170
3855
3976
4002
4009
4010
4012
3859
3983
4009
4016
3996
4017
4019
4020
4022
7118
3862
4003
4019
4026
4027
4029
3868
4010
4026
4033
4034
4035
4044
4045
4047
4044
4051
4052
4054
3877
4063
4064
4066
3884
4045
4063
4070
4071
4073
3890
4052
4070
4077
4078
4080
4058
4077
4084
4086
3898
4090
4091
4093
3905
4064
4090
4097
4098
4100
3912
4071
4097
4104
4105
4107
3919
4078
4104
4111
4112
4114
3923
4084
4111
4118
4119
4120
3934
4091
4124
4128
4129
4131
3941
4098
4128
7120
7121
7123
3948
4105
7120
7127
7128
7130
3955
4112
4135
4136
4138
7127
3959
4119
4135
4142
4143
3971
4129
4146
4150
4151
4153
4150
4157
4158
4160
7121
7172
3978
4157
4164
4165
4167
7128
3984
4136
4164
4171
4172
4174
3998
4151
4178
4180
4181
4183
4005
4158
4180
4186
4187
4189
4012
4165
4186
4193
4194
4196
4016
4172
4193
4200
4022
4181
4201
4029
4187
4201
4202
4035
4194
4202
4207
4213
4214
4216
4213
4220
4221
4223
4047
4208
4229
4235
4236
4238
4054
4214
4235
4242
4243
4245
4059
4221
4242
4249
4250
4252
4249
4256
4257
4066
4230
4261
4262
4264
4073
4236
4261
4268
4269
4271
4080
4243
4268
4275
4276
4278
4086
4250
4275
4282
4283
4285
4256
4282
4289
4290
4093
4293
4294
4100
4262
4293
4298
4299
4301
4107
4269
4298
4305
4306
4308
4114
4276
4305
4312
4313
4315
4120
4283
4312
4319
4320
4322
4289
4319
4326
4131
4294
4328
4329
4299
4328
4333
4334
4336
7123
4306
4333
4340
4341
4343
7130
4138
4313
4340
4347
4348
4350
4143
4320
4347
4354
4355
4356
4153
4329
4359
4360
4160
4334
4359
4363
4364
4366
4167
4341
4363
4370
4371
4373
4174
4348
4370
4377
4378
4379
4189
4364
4382
4383
4196
4371
4383
4384
4392
4399
4400
4402
4399
4406
4408
4416
4417
4419
4216
4393
4416
4423
4424
4426
4223
4400
4423
4430
4431
4433
4227
4406
4430
4437
4438
4440
4238
4417
4446
4452
4453
4455
4245
4424
4452
7134
7135
7137
4252
4431
4459
4460
4462
7134
4257
4438
4459
4466
4467
4469
4264
4447
4475
4476
4478
4271
4453
4475
4482
4483
4485
4278
4482
7135
7141
7142
7144
4285
4460
4489
4490
4492
7141
4290
4467
4489
4496
4497
4499
4301
4476
4503
4505
4506
4508
4308
4483
4505
4512
4513
4515
4315
4512
4519
4520
4522
7142
4322
4490
4519
4526
4527
4529
4326
4497
4526
4533
4534
4336
4506
4536
4537
4538
4343
4513
4537
4542
4543
4545
4350
4520
4542
4549
4550
4552
4356
4527
4549
4556
4557
4558
4373
4543
4559
4560
4379
4550
4560
4561
4574
4575
4577
4574
4581
4582
4584
4581
4588
4589
4395
4596
4597
4599
4402
4575
4596
4603
4604
4606
4408
4582
4603
4610
4611
4613
4412
4588
4610
4617
4618
4620
4419
4625
4626
4628
4426
4597
4625
4632
4633
4635
4433
4604
4632
7148
7149
7151
4440
4611
4639
4640
4642
7148
4444
4618
4639
4646
4647
4649
4455
4626
4653
4656
4657
4659
4633
4656
4663
4664
4666
7137
4462
4663
7149
7155
7156
7158
4469
4640
4670
4671
4673
7155
4473
4647
4670
4677
4678
4485
4657
4681
4684
4685
4687
4664
4684
4691
4692
4694
7144
4492
4691
4698
4699
4701
7156
4499
4671
4698
4705
4706
4708
4677
4705
4712
4515
4685
4713
4715
4716
4718
4522
4692
4715
4721
4722
4724
4529
4699
4721
4728
4729
4731
4534
4706
4728
4734
4545
4716
4735
4552
4722
4735
4736
4558
4729
4736
4564
4742
4759
4766
4767
4769
4748
4766
4773
4774
4776
4773
4780
4781
4577
4760
4785
4791
4792
4794
4584
4767
4791
4798
4799
4801
4589
4774
4798
4805
4806
4808
4780
4805
4812
4813
4599
4786
4817
4820
4821
4823
4606
4792
4820
7176
7177
7179
4613
4799
4827
4828
4830
7176
4620
4806
4827
4834
4835
4837
4812
4834
4841
4842
4635
4821
4846
4851
4852
4854
4851
4858
4859
4861
7151
7177
4642
4828
4858
4865
4866
4868
4649
4835
4865
4872
4873
4875
4841
4872
4879
4659
4847
4881
4882
4666
4852
4881
4886
4887
4889
4859
4886
4893
4894
4896
7158
4673
4866
4893
4900
4901
4903
4678
4873
4900
4907
4908
4909
4687
4882
4912
4694
4887
4912
4914
4915
4917
4701
4894
4914
4921
4922
4924
4708
4901
4921
4928
4929
4931
4712
4908
4928
4724
4915
4934
4731
4922
4934
4935
4951
4958
4959
4961
4942
4958
4965
4966
4968
4965
4972
4973
4744
4952
4977
4982
4983
4985
4750
4959
4982
4989
4990
4992
4754
4966
4989
4996
4997
4999
4972
4996
5003
5004
4762
5010
5011
5013
4769
4983
5010
5017
5018
5020
4776
4990
5017
5024
5025
5027
4781
4997
5024
5031
5032
5034
5003
5031
5038
5039
4794
5011
5043
5048
5049
5051
3322
3327
3364
4801
4802
4803
4804
5018
5019
5022
5023
5048
5050
5052
5054
5056
5058
5060
7162
7165
7166
4808
5025
5055
5056
5058
4813
5032
5055
5062
5063
5065
5038
5062
5069
5070
4823
5044
5072
5073
5049
5072
5078
5079
5081
7179
4830
5078
7162
7163
7165
4837
5056
5085
5086
5088
7162
4842
5063
5085
5092
5093
5095
4854
5073
5100
5101
5103
4861
5079
5100
5106
5107
5109
4868
5106
5113
5114
5116
7163
4875
5086
5113
5120
5121
5123
4879
5093
5120
5127
5128
4889
5101
5130
5131
4896
5107
5130
5134
5135
5137
4903
5114
5134
5141
5142
5144
4909
5121
5141
5148
5149
5150
4924
5135
5152
5153
4931
5142
5153
5154
5162
5169
5170
5172
5169
5176
5177
5179
4938
5163
5188
5194
5195
5197
4944
5170
5194
5201
5202
5204
4948
5177
5201
5208
5209
5211
5183
5208
5215
5216
4954
5189
5223
5224
5226
4961
5195
5223
5230
5231
5233
4968
5202
5230
5237
5238
5240
4973
5209
5237
5244
5245
5247
5215
5244
5251
5252
4985
5224
5256
5262
5263
5265
3354
3359
3401
4992
4993
4994
4995
5231
5232
5235
5236
5262
5264
5266
5268
5270
5272
5274
4999
5238
5269
5270
5272
5004
5245
5269
5276
5277
5279
5251
5276
5283
5284
5013
5257
5287
5288
5290
5020
5263
5287
5294
5295
5297
3360
3365
3407
5027
5028
5029
5030
5294
5296
5298
5300
5302
5304
5306
5034
5270
5301
5302
5304
5039
5277
5301
5308
5309
5311
5283
5308
5315
5051
5288
5317
5319
5320
5322
3365
3369
3412
5295
5296
5299
5300
5319
5321
5323
5325
5347
5350
5351
5589
5590
5591
3366
3370
3413
5058
5059
5060
5061
5327
5329
5331
5354
5357
5358
5065
5302
5326
5327
5329
5070
5309
5326
5333
5334
5335
5081
5320
5338
5340
5341
5343
5340
5347
5348
5350
7165
5088
5347
5354
5355
5357
5095
5327
5354
5361
5362
5364
5099
5334
5361
5368
5109
5341
5369
5370
5371
5373
5116
5348
5370
5376
5377
5379
5123
5355
5376
5383
5384
5386
5128
5362
5383
5390
5144
5377
5391
5392
5150
5384
5392
5412
5418
5419
5421
5397
5418
5425
5426
5428
5403
5425
5432
5433
5435
5432
5439
5440
5165
5413
5444
5449
5450
5452
5172
5419
5449
5456
5457
5459
5179
5426
5456
5463
5464
5466
5184
5433
5463
5470
5471
5473
5439
5470
5477
5478
5482
5483
5485
5197
5450
5482
5489
5490
5492
3391
3396
3442
5204
5205
5206
5207
5457
5458
5461
5462
5489
5491
5493
5495
5497
5499
5501
5211
5464
5496
5497
5499
5216
5471
5496
5503
5504
5506
5477
5503
5510
5511
5226
5483
5515
5519
5520
5522
3396
3401
3447
5233
5234
5235
5236
5490
5491
5494
5495
5519
5521
5523
5525
3397
3402
3448
5240
5241
5242
5243
3398
3403
3449
5247
5248
5249
5250
5497
5498
5501
5502
5527
5529
5531
5547
5550
5551
5252
5504
5526
5527
5529
5510
5526
5533
5265
5520
5535
5540
5541
5543
3402
3407
3453
5540
5542
5544
5546
5821
5822
5823
3403
3408
3454
5272
5273
5274
5275
5548
5550
5552
5279
5547
5548
5550
5284
5527
5547
5554
5555
5557
5290
5536
5562
5563
5297
5541
5562
5567
5568
5570
3408
3413
3459
5567
5569
5571
5573
5852
5853
5854
3409
3414
3460
5304
5305
5306
5307
5575
5577
5579
5596
5599
5600
5859
5860
5861
5311
5548
5574
5575
5577
5315
5555
5574
5581
5582
5322
5563
5584
5585
5568
5584
5589
5590
5592
3414
3417
3464
5589
5591
5593
5595
5597
5599
5601
5617
5620
5621
5879
5880
5881
5329
5596
5597
5599
5335
5575
5596
5603
5604
5605
5350
5590
5608
5610
5611
5613
5357
5610
5617
5618
5620
5364
5597
5617
5624
5625
5627
5368
5604
5624
5379
5611
5630
5386
5618
5630
5631
5642
5643
5645
5661
5662
5664
5399
5636
5661
5668
5669
5671
5405
5643
5668
5675
5676
5678
5409
5649
5675
5682
5683
5685
5682
5689
5690
5696
5697
5699
5421
5662
5696
5703
5704
5706
5428
5669
5703
5710
5711
5713
5435
5676
5710
5717
5718
5720
5440
5683
5717
5724
5725
5727
5689
5724
5731
5732
5452
5697
5736
5742
5743
5745
3436
3442
3488
5459
5460
5461
5462
5704
5705
5708
5709
5742
5744
5746
5748
3437
3443
3489
5466
5467
5468
5469
5711
5712
5715
5716
3438
3444
3490
5473
5474
5475
5476
5718
5719
5722
5723
5750
5752
5754
5774
5777
5778
5478
5725
5749
5750
5752
5731
5749
5756
5757
5485
5737
5760
5761
5763
5492
5743
5760
5767
5768
5770
3443
3448
3495
5767
5769
5771
5773
3444
3449
3496
5499
5500
5501
5502
5775
5777
5779
5506
5774
5775
5777
5511
5750
5774
5781
5782
5784
5522
5761
5790
5792
5793
5795
3448
3453
3501
5768
5769
5772
5773
5792
5794
5796
5798
5821
5824
5825
6092
6093
6094
3449
3454
3502
3450
3455
3503
5800
5802
5804
5828
5831
5832
5529
5775
5799
5800
5802
5533
5782
5799
5806
5807
5808
5543
5793
5812
5814
5815
5817
5814
5821
5822
5824
3455
3460
3508
5821
5823
5825
5827
5829
5831
5833
5859
5862
5863
6124
6125
6126
5550
5828
5829
5831
5557
5800
5828
5835
5836
5838
5561
5807
5835
5842
5570
5815
5843
5845
5846
5848
5822
5845
5852
5853
5855
5852
5859
5860
5862
5577
5829
5859
5866
5867
5869
5582
5836
5866
5873
5874
5592
5846
5875
5876
5853
5875
5879
5880
5882
5599
5860
5879
5886
5887
5889
5605
5867
5886
5893
5894
5895
5620
5880
5896
5897
5627
5887
5897
5905
5912
5913
5915
5638
5926
5932
5933
5935
5645
5906
5932
5939
5940
5942
5651
5913
5939
5946
5947
5949
5655
5919
5946
5953
5954
5956
5664
5927
5963
5969
5970
5972
5671
5933
5969
5976
5977
5979
5678
5940
5976
5983
5984
5986
5685
5947
5983
5990
5991
5993
5690
5954
5990
5997
5998
6000
5960
5997
6004
6005
5699
5964
6007
6011
6012
6014
5706
5970
6011
6018
6019
6021
3483
3489
3539
5713
5714
5715
5716
5977
5978
5981
5982
6018
6020
6022
6024
3484
3490
3540
5720
5721
5722
5723
5984
5985
5988
5989
3485
3491
3541
5727
5728
5729
5730
5991
5992
5995
5996
6026
6028
6030
6047
6050
6051
5732
5998
6025
6026
6028
6004
6025
6032
5745
6012
6034
6040
6041
6043
3489
3495
3545
6019
6020
6023
6024
6040
6042
6044
6046
3490
3496
3546
3491
3497
3547
6048
6050
6052
5752
6047
6048
6050
5757
6026
6047
6054
6055
6057
5763
6035
6061
6062
6064
17218
5770
6041
6061
6068
6069
6071
3496
3502
3552
6068
6070
6072
6074
6366
6367
6368
3497
3503
3553
3498
3504
3554
5777
5778
5779
5780
6076
6078
6080
6099
6102
6103
5784
6048
6075
6076
6078
5788
6055
6075
6082
6083
5795
6062
6085
6086
6088
17220
6069
6085
6092
6093
6095
3503
3508
3558
6092
6094
6096
6098
6124
6127
6128
6392
6393
6394
3504
3509
3559
6100
6102
6104
6131
6134
6135
6399
6400
6401
5802
6099
6100
6102
5808
6076
6099
6106
6107
6109
5817
6086
6112
6113
5824
6093
6112
6117
6118
6120
6117
6124
6125
6127
5831
6124
6131
6132
6134
5838
6100
6131
6138
6139
6141
5842
6107
6138
5855
6118
6144
6146
6147
6149
5862
6125
6146
6152
6153
6155
5869
6132
6152
6159
6160
6162
5874
6139
6159
5882
6147
6164
5889
6153
6164
6165
6175
6176
6178
6175
6182
6183
6185
6196
6197
6199
5908
6170
6196
6203
6204
6206
5915
6176
6203
6210
6211
6213
5921
6183
6210
6217
6218
6220
6189
6217
6224
6225
6227
6235
6236
6238
5935
6197
6235
6242
6243
6245
5942
6204
6242
6249
6250
6252
5949
6211
6249
6256
6257
6259
5956
6218
6256
6263
6264
6266
5961
6225
6263
6270
6271
6273
5972
6236
6279
6285
6286
6288
3533
3539
3589
5979
5980
5981
5982
6243
6244
6247
6248
6285
6287
6289
6291
3534
3540
3590
5986
5987
5988
5989
6250
6251
6254
6255
3535
3541
3591
5993
5994
5995
5996
6257
6258
6261
6262
6293
6295
6297
6000
6264
6292
6293
6295
6005
6271
6292
6299
6300
6302
6014
6280
6307
6310
6311
6313
6021
6286
6310
6317
6318
6320
3540
3546
3597
6317
6319
6321
6323
3541
3547
3598
3542
3548
3599
6325
6327
6329
6028
6293
6324
6325
6327
6032
6300
6324
6331
6332
6333
6043
6311
6336
6340
6341
6343
3546
3552
3603
6318
6319
6322
6323
6340
6342
6344
6346
6366
6369
6370
6624
6625
6626
3547
3553
3604
3548
3554
3605
3549
3555
3606
6050
6051
6052
6053
6348
6350
6352
6373
6376
6377
6631
6632
6633
6057
6325
6347
6348
6350
6332
6347
6354
6071
6341
6355
6359
6360
6362
6359
6366
6367
6369
3554
3559
3611
6366
6368
6370
6372
6399
6402
6403
6659
6660
6661
3555
3560
3612
6374
6376
6378
6406
6409
6410
6666
6667
6668
6078
6373
6374
6376
6083
6348
6373
6380
6381
6095
6360
6382
6385
6386
6388
6367
6385
6392
6393
6395
6392
6399
6400
6402
6102
6399
6406
6407
6409
6109
6374
6406
6413
6414
6415
6120
6386
6418
6419
6420
6127
6393
6419
6423
6424
6426
6134
6400
6423
6430
6431
6433
6141
6407
6430
6436
6437
6438
6155
6424
6439
6162
6431
6439
6448
6449
6451
6448
6455
6457
6465
6466
6468
6178
6442
6465
6472
6473
6475
6185
6449
6472
6479
6480
6482
6190
6455
6479
6486
6487
6489
6486
6493
6494
6199
6500
6501
6503
6206
6466
6500
6507
6508
6510
6213
6473
6507
6514
6515
6517
6220
6480
6514
6521
6522
6524
6227
6487
6521
6528
6529
6531
6231
6493
6528
6535
6536
6238
6542
6543
6545
6245
6501
6542
6549
6550
6552
3584
3590
3638
6252
6253
6254
6255
6508
6509
6512
6513
6549
6551
6553
6555
3585
3591
3639
6259
6260
6261
6262
6515
6516
6519
6520
3586
3592
3640
6266
6267
6268
6269
6522
6523
6526
6527
6557
6559
6561
6273
6529
6556
6557
6559
6277
6535
6556
6563
6564
6288
6543
6567
6573
6574
6576
3590
3597
3644
6550
6551
6554
6555
6573
6575
6577
6579
6817
6818
6819
3591
3598
3645
3592
3599
3646
3593
3600
3647
6295
6296
6297
6298
6581
6583
6585
6603
6606
6607
6302
6557
6580
6581
6583
6306
6563
6580
6587
6313
6568
6589
6590
6592
6320
6574
6589
6596
6597
6599
3598
3604
3651
6596
6598
6600
6602
6844
6845
6846
3599
3605
3652
6851
6852
6853
3600
3606
3653
6604
6606
6608
6631
6634
6635
6858
6859
6860
6327
6603
6604
6606
6333
6581
6603
6610
6611
6612
6343
6590
6615
6617
6618
6620
6597
6617
6624
6625
6627
3605
3611
3657
6624
6626
6628
6630
6659
6662
6663
6885
6886
6887
3606
3612
3658
6632
6634
6636
6666
6669
6670
6892
6893
6894
6631
6632
6634
6350
6604
6631
6638
6639
6641
6354
6611
6638
6362
6618
6645
6646
6647
6649
6369
6625
6646
6652
6653
6655
6652
6659
6660
6662
6659
6666
6667
6669
6376
6632
6666
6673
6674
6676
6381
6639
6673
6680
6388
6647
6681
6395
6653
6681
6684
6685
6687
6402
6660
6684
6690
6691
6693
6409
6667
6690
6697
6698
6700
6415
6674
6697
6433
6691
6702
6703
6444
6704
6710
6711
6713
6451
6710
6717
6718
11803
11819
6457
6717
6720
6721
11809
11823
6461
6720
6723
6724
11815
11827
6468
6705
6726
6732
6733
6735
6475
6711
6732
6739
6740
6742
6482
6718
6739
6746
6747
11833
6489
6721
6746
6749
6750
11837
6494
6724
6749
6752
6753
11841
6503
6727
6757
6758
6760
6510
6733
6757
6764
6765
6767
3633
3639
3668
6517
6518
6519
6520
6740
6741
6744
6745
6764
6766
6768
6770
3634
3640
3669
6524
6525
6526
6527
6747
6748
6772
6774
6776
11835
11836
6531
6750
6771
6772
6774
6536
6753
6771
6778
6779
11847
6545
6781
6782
6552
6758
6781
6787
6788
6790
3639
3645
3672
6765
6766
6769
6770
6787
6789
6791
6793
6951
6952
6953
3640
3646
3673
3641
3647
3674
6795
6797
6799
6559
6772
6794
6795
6797
6564
6779
6794
6801
6802
6804
6576
6782
6808
6810
6811
6813
6788
6810
6817
6818
6820
3646
3652
3678
6817
6819
6821
6823
6851
6854
6855
6980
6981
6982
3647
3653
3679
6858
6861
6862
6987
6988
6989
3648
3654
3680
6825
6827
6829
6865
6868
6869
6994
6995
6996
6583
6795
6824
6825
6827
6587
6802
6824
6831
6832
6599
6811
6833
6837
6838
6840
6818
6837
6844
6845
6847
6844
6851
6852
6854
6851
6858
6859
6861
6606
6858
6865
6866
6868
6612
6825
6865
6872
6873
6874
6627
6838
6876
6878
6879
6881
6845
6878
6885
6886
6888
6852
6885
6892
6893
6895
6634
6859
6892
6899
6900
6902
6641
6866
6899
6906
6907
6908
6655
6879
6910
6911
6912
6662
6886
6911
6915
6916
6918
6669
6893
6915
6920
6921
6923
6676
6900
6920
6925
6926
6927
6693
6916
6928
6760
6929
6930
6767
6929
6935
6936
6938
11950
3669
3673
3693
6935
6937
6939
6941
7056
7057
7058
11957
11958
11961
11962
3670
3674
3694
10370
3675
6774
6775
6776
6777
6958
6961
6962
10371
10374
10396
11976
11978
11980
6790
6930
6942
6944
6945
6947
6936
6944
6951
6952
6954
3674
3679
3696
6951
6953
6955
6957
6987
6990
6991
7072
7073
7074
3675
3680
3697
6959
6961
6963
6994
6997
6998
7079
7080
7081
6797
6958
6959
6961
6804
6958
6965
6966
6968
11976
6820
6945
6971
6973
6974
6976
6952
6973
6980
6981
6983
6980
6987
6988
6990
6987
6994
6995
6997
6827
6959
6994
7001
7002
7004
6832
6966
7001
6847
6974
7007
7009
7010
7012
6854
6981
7009
7016
7017
7019
6861
6988
7016
7023
7024
7026
6868
6995
7023
7030
7031
7033
6874
7002
7030
6888
7010
7036
7037
7038
6895
7017
7037
7040
7041
7043
6902
7024
7040
7045
7046
6908
7031
7045
6938
7047
7049
7050
7052
12096
7049
7056
7057
7059
17183
3697
7056
7058
7060
7062
7079
7082
7083
10392
10396
10428
12272
12273
12274
6954
7050
7063
7065
7066
7068
7057
7065
7072
7073
7075
7072
7079
7080
7082
6961
7079
7086
7087
7089
10396
6968
7086
7093
7094
7095
12117
6983
7066
7097
7099
7100
6990
7073
7099
7103
7104
7106
6997
7080
7103
7108
7109
7111
7004
7087
7108
7113
7114
7115
7019
7100
7116
7026
7104
7116
7117
7033
7109
7117
3708
3711
3712
3713
3722
3710
3711
3712
3715
3781
3712
3725
3782
3717
3726
3783
3714
3717
3718
3729
3716
3717
3718
3719
3788
3718
3732
3789
3720
3733
3790
3720
3721
3737
3796
3738
3797
3724
3726
3724
3727
3728
3730
3741
3726
3727
3728
3732
3811
3728
3742
3812
3734
3743
3813
3731
3733
3731
3734
3735
3736
3745
3733
3734
3735
3737
3818
3735
3747
3819
3739
3748
3820
3739
3738
3739
3740
3825
3740
3752
3826
3753
3827
3743
3743
3744
3747
3838
3749
3840
3746
3748
3750
3751
3748
3749
3750
3752
3845
3750
3846
3754
3756
3847
3754
3753
3754
3755
3852
3755
3757
3853
3854
3757
3860
3759
3770
3876
3760
3775
3882
3776
3883
3762
3764
3765
3767
3781
3765
3769
3895
3765
3784
3896
3771
3785
3897
3768
3770
3768
3771
3772
3773
3788
3770
3771
3772
3775
3902
3772
3791
3903
3777
3792
3904
3774
3777
3778
3795
3776
3777
3778
3779
3909
3778
3798
3910
3780
3799
3911
3780
3802
3917
3783
3785
3783
3786
3787
3789
3811
3785
3786
3787
3791
3931
3787
3814
3932
3793
3815
3933
3790
3792
3790
3793
3794
3796
3818
3792
3793
3794
3798
3938
3794
3821
3939
3800
3822
3940
3797
3799
3797
3800
3801
3825
3799
3800
3801
3802
3945
3801
3828
3946
3803
3829
3947
3803
3832
3953
3806
3808
3806
3809
3810
3812
3834
3808
3809
3810
3814
3961
3810
3835
3962
3816
3836
3963
3813
3815
3813
3816
3817
3819
3838
3815
3816
3817
3821
3968
3817
3841
3969
3823
3842
3970
3820
3822
3820
3823
3824
3826
3845
3822
3823
3824
3828
7169
3824
3848
7170
3830
3849
7171
3827
3829
3827
3830
3831
3852
3829
3830
3831
3832
3975
3831
3855
3976
3833
3856
3977
3833
3859
3983
3836
3836
3837
3841
3988
3843
3990
3840
3842
3840
3843
3844
3846
3842
3843
3844
3848
3995
3844
3996
7118
3850
3997
7119
3847
3849
3847
3850
3851
3853
3860
3849
3850
3851
3855
4002
3851
3862
4003
3857
3863
4004
3854
3856
3854
3857
3858
3866
3856
3857
3858
3859
4009
3858
3868
4010
3869
4011
3861
3863
3865
3867
3863
3864
7119
3865
3868
4026
3865
4027
3870
4028
3869
3870
3869
3870
4033
4034
3872
3884
4045
3873
3885
4046
3890
4052
3876
3878
3876
3879
3880
3882
3902
3878
3879
3880
3884
4063
3880
3905
4064
3886
3906
4065
3883
3885
3883
3886
3887
3888
3909
3885
3886
3887
3890
4070
3887
3912
4071
3892
3913
4072
3889
3892
3893
3916
3891
3892
3893
4077
3893
3919
4078
3894
3920
4079
3923
4084
3897
3899
3897
3900
3901
3903
3931
3899
3900
3901
3905
4090
3901
3934
4091
3907
3935
4092
3904
3906
3904
3907
3908
3910
3938
3906
3907
3908
3912
4097
3908
3941
4098
3914
3942
4099
3911
3913
3911
3914
3915
3917
3945
3913
3914
3915
3919
4104
3915
3948
4105
3921
3949
4106
3918
3920
3918
3921
3922
3952
3920
3921
3922
3923
4111
3922
3955
4112
3924
3956
4113
3924
3959
4119
3927
3928
3927
3929
3930
3932
3961
3930
3934
4124
3930
3964
3936
3965
4125
3933
3935
3933
3936
3937
3939
3968
3935
3936
3937
3941
4128
3937
3971
4129
3943
3972
4130
3940
3942
3940
3943
3944
3946
7169
3942
3943
3944
3948
7120
3944
7121
7172
3950
7122
7173
3947
3949
3947
3950
3951
3953
3975
3949
3950
3951
3955
7127
3951
3978
7128
3957
3979
7129
3954
3956
3954
3957
3958
3982
3956
3957
3958
3959
4135
3958
3984
4136
3960
3985
4137
3960
4142
3963
3965
3963
3966
3967
3969
3988
3965
3966
3967
3971
4146
3967
3991
3973
3992
4147
3970
3972
3970
3973
3974
3995
7170
3972
3973
3974
4150
7172
3974
3998
4151
3999
4152
7174
3977
3979
3977
3980
7171
3981
3983
4009
3979
3980
7173
3981
3984
4164
3981
4012
4165
7175
3986
4013
4166
3985
3986
3985
3986
3987
4171
3987
4016
4172
4173
3990
3992
3990
3993
3994
3996
4017
3992
3993
3994
3998
4178
3994
4000
4018
4179
3997
3999
3997
4000
4001
4003
4019
3999
4000
4001
4005
4180
4001
4022
4181
4007
4023
4182
4004
4006
7171
4004
4007
4008
4010
4026
4006
4007
7174
4008
4012
4186
7175
4008
4029
4187
4014
4030
4188
4011
4013
4011
4014
4015
4033
4013
4014
4015
4016
4193
4015
4035
4194
4195
4018
4022
4021
4023
7119
4021
4024
4025
4027
4023
4024
4025
4029
4201
4025
4031
4028
4030
4028
4031
4032
4034
4030
4031
4032
4035
4202
4032
4037
4048
4209
4038
4054
4214
4039
4055
4215
4059
4221
4043
4045
4063
4043
4047
4229
4043
4066
4230
4049
4067
4231
4046
4048
4046
4049
4050
4052
4070
4048
4049
4050
4054
4235
4050
4073
4236
4056
4074
4237
4053
4055
4053
4056
4057
4058
4077
4055
4056
4057
4059
4242
4057
4080
4243
4061
4081
4244
4061
4060
4061
4062
4249
4062
4086
4250
4087
4251
4065
4067
4065
4068
4069
4071
4097
4067
4068
4069
4073
4261
4069
4100
4262
4075
4101
4263
4072
4074
4072
4075
4076
4078
4104
4074
4075
4076
4080
4268
4076
4107
4269
4082
4108
4270
4079
4081
4079
4082
4083
4084
4111
4081
4082
4083
4086
4275
4083
4114
4276
4088
4115
4277
4085
4088
4089
4118
4087
4088
4089
4282
4089
4120
4283
4121
4284
4092
4094
4092
4095
4096
4098
4128
4094
4095
4096
4100
4293
4096
4131
4294
4102
4132
4295
4099
4101
4099
4102
4103
4105
7120
4101
4102
4103
4107
4298
4103
4299
7123
4109
4300
7124
4106
4108
4106
4109
4110
4112
7127
4108
4109
4110
4114
4305
4110
4306
7130
4116
4307
7131
4113
4115
4113
4116
4117
4119
4135
4115
4116
4117
4120
4312
4117
4138
4313
4122
4139
4314
4121
4122
4121
4122
4123
4319
4123
4143
4320
4144
4321
4125
4126
4127
4129
4146
4127
4131
4133
4148
4130
4132
4130
4133
4134
4150
7121
4132
4133
4134
4328
7123
4134
4153
4329
4154
4330
7125
4137
4139
4137
4140
7129
4141
4142
4171
4139
4140
7131
4141
4143
4347
4141
4174
4348
7133
4145
4175
4349
4145
4144
4145
4354
4355
4147
4148
4149
4151
4178
4149
4153
4155
4152
4154
4152
4155
4156
4158
4180
4154
4155
4156
4160
4359
4156
4183
4360
4162
4184
4361
4159
4161
7122
7173
4159
4162
7174
4163
4165
4186
7175
4161
4162
7125
4163
4167
4363
7126
4163
4189
4364
4169
4190
4365
4166
4168
7129
4166
4169
4170
4172
4193
4168
4169
7132
4170
4174
4370
7133
4170
4196
4371
4176
4197
4372
4173
4175
4173
4176
4177
4175
4176
4177
4377
4177
4200
4378
4179
4181
4182
4184
4182
4185
4187
4201
4184
4185
4189
4382
4191
4188
4190
4188
4191
4192
4194
4202
4190
4191
4192
4196
4383
4192
4198
4195
4197
4195
4198
4199
4197
4198
4199
4200
4384
4199
4204
4216
4393
4205
4217
4394
4206
4223
4400
4224
4401
4209
4210
4209
4211
4212
4214
4235
4212
4216
4416
4212
4238
4417
4218
4239
4418
4215
4217
4215
4218
4219
4221
4242
4217
4218
4219
4223
4423
4219
4245
4424
4225
4246
4425
4222
4224
4222
4225
4226
4249
4224
4225
4226
4227
4430
4226
4252
4431
4228
4253
4432
4228
4257
4438
4231
4232
4231
4233
4234
4236
4261
4234
4238
4446
4234
4264
4447
4240
4265
4448
4237
4239
4237
4240
4241
4243
4268
4239
4240
4241
4245
4452
4241
4271
4453
4247
4272
4454
4244
4246
4244
4247
4248
4250
4275
4246
4247
4248
4252
7134
4248
4278
7135
4254
4279
7136
4251
4253
4251
4254
4255
4256
4282
4253
4254
4255
4257
4459
4255
4285
4460
4259
4286
4461
4259
4258
4259
4260
4466
4260
4290
4467
4291
4468
4263
4265
4263
4266
4267
4269
4298
4265
4266
4267
4271
4475
4267
4301
4476
4273
4302
4477
4270
4272
4270
4273
4274
4276
4305
4272
4273
4274
4278
4482
4274
4308
4483
4280
4309
4484
4277
4279
4277
4280
4281
4283
4312
4279
4280
4281
4285
7141
4281
4315
7142
4287
4316
7143
4284
4286
4284
4287
4288
4289
4319
4286
4287
4288
4290
4489
4288
4322
4490
4292
4323
4491
4292
4291
4292
4496
4326
4497
4295
4296
4295
4297
4299
4328
4297
4301
4503
4303
4331
4504
4300
4302
4300
4303
4304
4306
4333
4302
4303
4304
4308
4505
4304
4336
4506
4310
4337
4507
4307
4309
4307
4310
4311
4313
4340
4309
4310
4311
4315
4512
4311
4343
4513
4317
4344
4514
4314
4316
4314
4317
4318
4320
4347
4316
4317
4318
4322
4519
4318
4350
4520
4324
4351
4521
4321
4323
4321
4324
4325
4354
4323
4324
4325
4326
4526
4325
4356
4527
4327
4357
4528
4327
4533
4330
4331
4330
4332
4334
4359
4332
4336
4536
4338
4362
4335
4337
7124
4335
4338
7125
4339
4341
4363
7126
4337
4338
4339
4343
4537
4339
4366
4538
4345
4367
4539
4342
4344
7131
4342
4345
7132
4346
4348
4370
7133
4344
4345
4346
4350
4542
4346
4373
4543
4352
4374
4544
4349
4351
4349
4352
4353
4355
4377
4351
4352
4353
4356
4549
4353
4379
4550
4358
4380
4551
4357
4358
4357
4358
4556
4557
4361
4362
4361
4364
4382
4366
4365
4367
4365
4368
4369
4371
4383
4367
4368
4369
4373
4559
4369
4375
4372
4374
4372
4375
4376
4378
4384
4374
4375
4376
4379
4560
4376
4381
4380
4381
4380
4381
4561
4386
4396
4570
4387
4402
4575
4388
4403
4576
4389
4408
4582
4409
4583
4391
4393
4416
4397
4420
4593
4394
4396
4394
4397
4398
4400
4423
4396
4397
4398
4402
4596
4398
4426
4597
4404
4427
4598
4401
4403
4401
4404
4405
4406
4430
4403
4404
4405
4408
4603
4405
4433
4604
4410
4434
4605
4407
4410
4411
4437
4409
4410
4411
4412
4610
4411
4440
4611
4413
4441
4612
4413
4444
4618
4415
4417
4446
4421
4449
4624
4418
4420
4418
4421
4422
4424
4452
4420
4421
4422
4426
4625
4422
4455
4626
4428
4456
4627
4425
4427
4425
4428
4429
4431
7134
4427
4428
4429
4433
4632
4429
4633
7137
4435
4634
7138
4432
4434
4432
4435
4436
4438
4459
4434
4435
4436
4440
7148
4436
4462
7149
4442
4463
7150
4439
4441
4439
4442
4443
4466
4441
4442
4443
4444
4639
4443
4469
4640
4445
4470
4641
4445
4473
4647
4448
4449
4448
4450
4451
4453
4475
4451
4455
4653
4451
4478
4457
4479
4654
4454
4456
4454
4457
4458
4482
7135
4456
4457
4458
4656
7137
4458
4485
4657
4486
4658
7139
4461
4463
4461
4464
7136
4465
4467
4489
4463
4464
7138
4465
4469
7155
4465
4492
7140
7156
4471
4493
7157
4468
4470
4468
4471
4472
4496
4470
4471
4472
4473
4670
4472
4499
4671
4474
4500
4672
4474
4677
4477
4479
4477
4480
4481
4483
4505
4479
4480
4481
4485
4681
4481
4508
4487
4509
4682
4484
4486
4484
4487
4488
4512
7142
4486
4487
4488
4684
7144
4488
4515
4685
4516
4686
7146
4491
4493
4491
4494
7143
4495
4497
4526
4493
4494
7145
4495
4499
4698
4495
4529
4699
7147
4501
4530
4700
4498
4500
4498
4501
4502
4500
4501
4502
4705
4502
4534
4706
4707
4504
4506
4536
4507
4509
4507
4510
4511
4513
4537
4509
4510
4511
4515
4713
4511
4517
4540
4714
4514
4516
4514
4517
4518
4520
4542
4516
4517
4518
4522
4715
4518
4545
4716
4524
4546
4717
4521
4523
7143
4521
4524
4525
4527
4549
4523
4524
7146
4525
4529
4721
7147
4525
4552
4722
4531
4553
4723
4528
4530
4528
4531
4532
4533
4556
4530
4531
4532
4534
4728
4532
4558
4729
4535
4730
4535
4535
4539
4540
4539
4541
4543
4559
4541
4545
4547
4544
4546
4544
4547
4548
4550
4560
4546
4547
4548
4552
4735
4548
4554
4551
4553
4551
4554
4555
4557
4561
4553
4554
4555
4558
4736
4555
4563
4577
4760
4566
4578
4761
4565
4566
4567
4766
4567
4584
4767
4568
4585
4768
4569
4589
4774
4590
4775
4573
4575
4596
4573
4577
4785
4573
4599
4786
4579
4600
4787
4576
4578
4576
4579
4580
4582
4603
4578
4579
4580
4584
4791
4580
4606
4792
4586
4607
4793
4583
4585
4583
4586
4587
4588
4610
4585
4586
4587
4589
4798
4587
4613
4799
4591
4614
4800
4591
4590
4591
4592
4805
4592
4620
4806
4621
4807
4595
4597
4625
4595
4599
4817
4601
4629
4818
4598
4600
4598
4601
4602
4604
4632
4600
4601
4602
4606
4820
4602
4635
4821
4608
4636
4822
4605
4607
4605
4608
4609
4611
7148
4607
4608
4609
4613
7176
4609
7151
7177
4615
7152
7178
4612
4614
4612
4615
4616
4618
4639
4614
4615
4616
4620
4827
4616
4642
4828
4622
4643
4829
4619
4621
4619
4622
4623
4646
4621
4622
4623
4834
4623
4649
4835
4650
4836
4626
4653
4627
4629
4627
4630
4631
4633
4656
4629
4630
4631
4635
4846
4631
4659
4847
4637
4660
4848
4634
4636
4634
4637
4638
4663
7149
4636
4637
4638
4851
7151
4638
4666
4852
4667
4853
7153
4641
4643
4641
4644
7150
4645
4647
4670
4643
4644
7152
4645
4649
4865
4645
4673
4866
7154
4651
4674
4867
4648
4650
4648
4651
4652
4650
4651
4652
4872
4652
4678
4873
4679
4874
4654
4655
4657
4681
4661
4683
4658
4660
4658
4661
4662
4664
4684
4660
4661
4662
4666
4881
4662
4687
4882
4668
4688
4883
4665
4667
7138
4665
4668
7139
4669
4691
7140
7156
4667
4668
4669
4886
7158
4669
4694
4887
4695
4888
7160
4672
4674
4672
4675
7157
4676
4677
4705
4674
4675
7159
4676
4678
4900
4676
4708
4901
7161
4680
4709
4902
4680
4679
4680
4907
4712
4908
4682
4683
4685
4713
4687
4686
4688
4686
4689
4690
4692
4715
4688
4689
4690
4694
4912
4690
4718
4696
4719
4913
4693
4695
7145
4693
4696
7146
4697
4699
4721
7147
4695
4696
4697
4701
4914
4697
4724
4915
4703
4725
4916
4700
4702
7157
4700
4703
4704
4706
4728
4702
4703
7160
4704
4708
4921
7161
4704
4731
4922
4710
4732
4923
4707
4709
4707
4710
4711
4709
4710
4711
4712
4928
4711
4734
4929
4930
4714
4716
4717
4719
4717
4720
4722
4735
4719
4720
4724
4726
4723
4725
4723
4726
4727
4729
4736
4725
4726
4727
4731
4934
4727
4733
4730
4732
4730
4733
4732
4733
4734
4935
4738
4745
4953
4739
4750
4959
4740
4751
4960
4754
4966
4746
4763
4978
4743
4746
4747
4748
4766
4745
4746
4747
4750
4982
4747
4769
4983
4752
4770
4984
4749
4752
4753
4773
4751
4752
4753
4754
4989
4753
4776
4990
4756
4777
4991
4755
4756
4757
4996
4757
4781
4997
4782
4998
4764
4788
5008
4761
4763
4761
4764
4765
4767
4791
4763
4764
4765
4769
5010
4765
4794
5011
4771
4795
5012
4768
4770
4768
4771
4772
4774
4798
4770
4771
4772
4776
5017
4772
4801
5018
4778
4802
5019
4775
4777
4775
4778
4779
4780
4805
4777
4778
4779
4781
5024
4779
4808
5025
4783
4809
5026
4783
4782
4783
4784
5031
4784
4813
5032
4814
5033
4787
4788
4787
4789
4790
4792
4820
4790
4794
5043
4790
4823
5044
4796
4824
5045
4793
4795
4793
4796
4797
4799
7176
4795
4796
4797
4801
5048
4797
5049
7179
4803
5050
7180
4800
4802
4800
4803
4804
4806
4827
4802
4803
4804
4808
4804
4830
4810
4831
4807
4809
4807
4810
4811
4812
4834
4809
4810
4811
4813
5055
4811
4837
5056
4815
4838
5057
4815
4814
4815
4816
5062
4816
4842
5063
4843
5064
4818
4819
4821
4846
4825
4849
4822
4824
4822
4825
4826
4851
7177
4824
4825
4826
5072
7179
4826
4854
5073
4855
5074
7181
4829
4831
4829
4832
7178
4833
4835
4865
4831
4832
7180
4833
4837
7162
4833
4868
7163
7182
4839
4869
7164
4836
4838
4836
4839
4840
4841
4872
4838
4839
4840
4842
5085
4840
4875
5086
4844
4876
5087
4844
4843
4844
4845
5092
4845
4879
5093
5094
4848
4849
4848
4850
4852
4881
4850
4854
4856
4884
4853
4855
4853
4856
4857
4859
4886
4855
4856
4857
4861
5100
4857
4889
5101
4863
4890
5102
4860
4862
7152
7178
4860
4863
7153
4864
4866
4893
7154
4862
4863
7181
4864
4868
5106
7182
4864
4896
5107
4870
4897
5108
4867
4869
4867
4870
4871
4873
4900
4869
4870
4871
4875
5113
4871
4903
5114
4877
4904
5115
4874
4876
4874
4877
4878
4907
4876
4877
4878
4879
5120
4878
4909
5121
4880
4910
5122
4880
5127
4883
4884
4883
4885
4887
4912
4885
4889
4891
4888
4890
4888
4891
4892
4894
4914
4890
4891
4892
4896
5130
4892
4917
5131
4898
4918
5132
4895
4897
7159
4895
4898
7160
4899
4901
4921
7161
4897
4898
4899
4903
5134
4899
4924
5135
4905
4925
5136
4902
4904
4902
4905
4906
4908
4928
4904
4905
4906
4909
5141
4906
4931
5142
4911
4932
5143
4910
4911
4910
4911
5148
5149
4913
4915
4916
4918
4916
4919
4920
4922
4934
4918
4919
4920
4924
5152
4920
4926
4923
4925
4923
4926
4927
4929
4935
4925
4926
4927
4931
5153
4927
4933
4930
4932
4930
4933
4932
4933
5154
4940
4955
5190
4941
4942
4958
4939
4940
4941
4944
5194
4941
4961
5195
4946
4962
5196
4943
4946
4947
4965
4945
4946
4947
4948
5201
4947
4968
5202
4949
4969
5203
4949
4950
4973
5209
4974
5210
4953
4955
4953
4956
4957
4959
4982
4955
4956
4957
4961
5223
4957
4985
5224
4963
4986
5225
4960
4962
4960
4963
4964
4966
4989
4962
4963
4964
4968
5230
4964
4992
5231
4970
4993
5232
4967
4969
4967
4970
4971
4972
4996
4969
4970
4971
4973
5237
4971
4999
5238
4975
5000
5239
4975
4974
4975
4976
5244
4976
5004
5245
5005
5246
4978
4979
4981
4983
5010
4981
4985
5256
4981
5013
5257
4987
5014
5258
4984
4986
4984
4987
4988
4990
5017
4986
4987
4988
4992
5262
4988
5020
5263
4994
5021
5264
4991
4993
4991
4994
4995
4997
5024
4993
4994
4995
4999
4995
5027
5001
5028
4998
5000
4998
5001
5002
5003
5031
5000
5001
5002
5004
5269
5002
5034
5270
5006
5035
5271
5006
5005
5006
5007
5276
5007
5039
5277
5040
5278
5009
5011
5043
5015
5046
5012
5014
5012
5015
5016
5018
5048
5014
5015
5016
5020
5287
5016
5051
5288
5022
5052
5289
5019
5021
5019
5022
5023
5025
5021
5022
5023
5027
5294
5023
5295
5029
5296
5026
5028
5026
5029
5030
5032
5055
5028
5029
5030
5034
5030
5058
5036
5059
5033
5035
5033
5036
5037
5038
5062
5035
5036
5037
5039
5301
5037
5065
5302
5041
5066
5303
5041
5040
5041
5042
5308
5042
5070
5309
5310
5045
5046
5045
5047
5049
5072
5047
5051
5317
5053
5075
5318
5050
5052
5050
5053
5054
5078
5052
5053
5054
5319
5054
5081
5320
5082
5321
5057
5059
5057
5060
5061
5063
5085
5059
5060
5061
5065
5061
5088
5067
5089
5064
5066
5064
5067
5068
5069
5092
5066
5067
5068
5070
5326
5068
5095
5327
5071
5096
5328
5071
5071
5099
5334
5074
5075
5074
5076
5077
5079
5100
5077
5081
5338
5077
5103
5083
5104
5339
5080
5082
7180
5080
5083
7181
5084
5106
7163
7182
5082
5083
5084
5340
7165
5084
5109
5341
5110
5342
7167
5087
5089
5087
5090
7164
5091
5093
5120
5089
5090
7166
5091
5095
5354
5091
5123
5355
7168
5097
5124
5356
5094
5096
5094
5097
5098
5096
5097
5098
5099
5361
5098
5128
5362
5363
5102
5104
5102
5105
5107
5130
5104
5105
5109
5369
5111
5133
5108
5110
5108
5111
5112
5114
5134
5110
5111
5112
5116
5370
5112
5137
5371
5118
5138
5372
5115
5117
7164
5115
5118
5119
5121
5141
5117
5118
7167
5119
5123
5376
7168
5119
5144
5377
5125
5145
5378
5122
5124
5122
5125
5126
5127
5148
5124
5125
5126
5128
5383
5126
5150
5384
5129
5151
5385
5129
5129
5132
5133
5132
5135
5152
5137
5136
5138
5136
5139
5140
5142
5153
5138
5139
5140
5144
5391
5140
5146
5143
5145
5143
5146
5147
5149
5154
5145
5146
5147
5150
5392
5147
5151
5151
5156
5166
5414
5157
5172
5419
5158
5173
5420
5159
5179
5426
5160
5180
5427
5184
5433
5167
5191
5445
5164
5166
5164
5167
5168
5170
5194
5166
5167
5168
5172
5449
5168
5197
5450
5174
5198
5451
5171
5173
5171
5174
5175
5177
5201
5173
5174
5175
5179
5456
5175
5204
5457
5181
5205
5458
5178
5180
5178
5181
5182
5183
5208
5180
5181
5182
5184
5463
5182
5211
5464
5186
5212
5465
5186
5185
5186
5187
5470
5187
5216
5471
5217
5472
5190
5191
5190
5192
5193
5195
5223
5193
5197
5482
5193
5226
5483
5199
5227
5484
5196
5198
5196
5199
5200
5202
5230
5198
5199
5200
5204
5489
5200
5233
5490
5206
5234
5491
5203
5205
5203
5206
5207
5209
5237
5205
5206
5207
5211
5207
5240
5213
5241
5210
5212
5210
5213
5214
5215
5244
5212
5213
5214
5216
5496
5214
5247
5497
5218
5248
5498
5218
5217
5218
5219
5503
5219
5252
5504
5253
5505
5222
5224
5256
5222
5226
5515
5228
5259
5516
5225
5227
5225
5228
5229
5231
5262
5227
5228
5229
5233
5519
5229
5265
5520
5235
5266
5521
5232
5234
5232
5235
5236
5238
5234
5235
5236
5240
5236
5242
5239
5241
5239
5242
5243
5245
5269
5241
5242
5243
5247
5243
5272
5249
5273
5246
5248
5246
5249
5250
5251
5276
5248
5249
5250
5252
5250
5279
5254
5280
5254
5253
5254
5255
5526
5255
5284
5527
5285
5528
5258
5259
5258
5260
5261
5263
5287
5261
5265
5535
5261
5290
5536
5267
5291
5537
5264
5266
5264
5267
5268
5294
5266
5267
5268
5540
5268
5297
5541
5298
5542
5271
5273
5271
5274
5275
5277
5301
5273
5274
5275
5279
5275
5304
5281
5305
5278
5280
5278
5281
5282
5283
5308
5280
5281
5282
5284
5547
5282
5311
5548
5286
5312
5549
5286
5285
5286
5554
5315
5555
5289
5291
5289
5292
5293
5295
5319
5291
5292
5293
5297
5562
5293
5322
5563
5299
5323
5564
5296
5298
5296
5299
5300
5298
5299
5300
5567
5300
5568
5569
5303
5305
5303
5306
5307
5309
5326
5305
5306
5307
5311
5307
5329
5313
5330
5310
5312
5310
5313
5314
5333
5312
5313
5314
5315
5574
5314
5335
5575
5316
5336
5576
5316
5581
5318
5320
5338
5321
5323
5321
5324
5325
5340
5323
5324
5325
5584
5325
5343
5585
5344
5586
5328
5330
5328
5331
5332
5334
5361
5330
5331
5332
5335
5596
5332
5364
5597
5337
5365
5598
5336
5337
5336
5337
5603
5368
5604
5339
5341
5369
5342
5344
5342
5345
5346
5348
5370
5344
5345
5346
5350
5608
5346
5373
5352
5374
5609
5349
5351
7166
5349
5352
7167
5353
5355
5376
7168
5351
5352
5353
5357
5610
5353
5379
5611
5359
5380
5612
5356
5358
5356
5359
5360
5362
5383
5358
5359
5360
5364
5617
5360
5386
5618
5366
5387
5619
5363
5365
5363
5366
5367
5365
5366
5367
5368
5624
5367
5390
5625
5626
5372
5374
5372
5375
5377
5391
5374
5375
5379
5381
5378
5380
5378
5381
5382
5384
5392
5380
5381
5382
5386
5630
5382
5388
5385
5387
5385
5388
5389
5387
5388
5389
5390
5631
5389
5396
5397
5418
5396
5399
5661
5396
5421
5662
5401
5422
5663
5398
5401
5402
5403
5425
5400
5401
5402
5405
5668
5402
5428
5669
5407
5429
5670
5404
5407
5408
5432
5406
5407
5408
5409
5675
5408
5435
5676
5410
5436
5677
5410
5411
5440
5683
5441
5684
5414
5415
5414
5416
5417
5419
5449
5417
5421
5696
5417
5452
5697
5423
5453
5698
5420
5422
5420
5423
5424
5426
5456
5422
5423
5424
5428
5703
5424
5459
5704
5430
5460
5705
5427
5429
5427
5430
5431
5433
5463
5429
5430
5431
5435
5710
5431
5466
5711
5437
5467
5712
5434
5436
5434
5437
5438
5439
5470
5436
5437
5438
5440
5717
5438
5473
5718
5442
5474
5719
5442
5441
5442
5443
5724
5443
5478
5725
5479
5726
5445
5446
5448
5450
5482
5448
5452
5736
5448
5485
5737
5454
5486
5738
5451
5453
5451
5454
5455
5457
5489
5453
5454
5455
5459
5742
5455
5492
5743
5461
5493
5744
5458
5460
5458
5461
5462
5464
5460
5461
5462
5466
5462
5468
5465
5467
5465
5468
5469
5471
5496
5467
5468
5469
5473
5469
5499
5475
5500
5472
5474
5472
5475
5476
5477
5503
5474
5475
5476
5478
5476
5506
5480
5507
5480
5479
5480
5481
5749
5481
5511
5750
5512
5751
5484
5486
5484
5487
5488
5490
5519
5486
5487
5488
5492
5760
5488
5522
5761
5494
5523
5762
5491
5493
5491
5494
5495
5493
5494
5495
5767
5495
5768
5769
5498
5500
5498
5501
5502
5504
5500
5501
5502
5506
5502
5508
5505
5507
5505
5508
5509
5510
5526
5507
5508
5509
5511
5774
5509
5529
5775
5513
5530
5776
5513
5512
5513
5514
5781
5514
5533
5782
5783
5516
5517
5518
5520
5535
5518
5522
5790
5524
5538
5791
5521
5523
5521
5524
5525
5540
5523
5524
5525
5792
5525
5543
5793
5544
5794
5528
5530
5528
5531
5532
5554
5530
5531
5532
5533
5799
5532
5557
5800
5534
5558
5801
5534
5561
5807
5537
5538
5537
5539
5541
5562
5539
5543
5812
5545
5565
5813
5542
5544
5542
5545
5546
5567
5544
5545
5546
5814
5546
5570
5815
5571
5816
5549
5551
5549
5552
5553
5555
5574
5551
5552
5553
5557
5828
5553
5577
5829
5559
5578
5830
5556
5558
5556
5559
5560
5558
5559
5560
5561
5835
5560
5582
5836
5837
5564
5565
5564
5566
5568
5584
5566
5570
5843
5572
5587
5844
5569
5571
5569
5572
5573
5589
5571
5572
5573
5845
5573
5592
5846
5593
5847
5576
5578
5576
5579
5580
5581
5603
5578
5579
5580
5582
5866
5580
5605
5867
5583
5606
5868
5583
5583
5873
5586
5587
5586
5588
5590
5608
5588
5592
5594
5591
5593
5591
5594
5595
5610
5593
5594
5595
5875
5595
5613
5876
5614
5877
5598
5600
5598
5601
5602
5604
5624
5600
5601
5602
5605
5886
5602
5627
5887
5607
5628
5888
5606
5607
5606
5607
5893
5894
5609
5611
5612
5614
5612
5615
5616
5618
5630
5614
5615
5616
5620
5896
5616
5622
5619
5621
5619
5622
5623
5625
5631
5621
5622
5623
5627
5897
5623
5629
5626
5628
5626
5629
5628
5629
5633
5645
5906
5634
5646
5907
5651
5913
5640
5665
5928
5637
5640
5641
5643
5668
5639
5640
5641
5645
5932
5641
5671
5933
5647
5672
5934
5644
5646
5644
5647
5648
5649
5675
5646
5647
5648
5651
5939
5648
5678
5940
5653
5679
5941
5650
5653
5654
5682
5652
5653
5654
5655
5946
5654
5685
5947
5656
5686
5948
5656
5657
5690
5954
5691
5955
5660
5662
5696
5660
5664
5963
5666
5700
5965
5663
5665
5663
5666
5667
5669
5703
5665
5666
5667
5671
5969
5667
5706
5970
5673
5707
5971
5670
5672
5670
5673
5674
5676
5710
5672
5673
5674
5678
5976
5674
5713
5977
5680
5714
5978
5677
5679
5677
5680
5681
5683
5717
5679
5680
5681
5685
5983
5681
5720
5984
5687
5721
5985
5684
5686
5684
5687
5688
5689
5724
5686
5687
5688
5690
5990
5688
5727
5991
5692
5728
5992
5692
5691
5692
5693
5997
5693
5732
5998
5733
5999
5695
5697
5736
5701
5739
6008
5698
5700
5698
5701
5702
5704
5742
5700
5701
5702
5706
6011
5702
5745
6012
5708
5746
6013
5705
5707
5705
5708
5709
5711
5707
5708
5709
5713
6018
5709
6019
5715
6020
5712
5714
5712
5715
5716
5718
5714
5715
5716
5720
5716
5722
5719
5721
5719
5722
5723
5725
5721
5722
5723
5727
5723
5729
5726
5728
5726
5729
5730
5731
5749
5728
5729
5730
5732
5730
5752
5734
5753
5734
5733
5734
5735
6025
5735
5757
6026
5758
6027
5738
5739
5738
5740
5741
5743
5760
5741
5745
6034
5741
5763
6035
17228
5747
5764
6036
5744
5746
5744
5747
5748
5767
5746
5747
5748
6040
5748
5770
6041
5771
6042
5751
5753
5751
5754
5755
5756
5781
5753
5754
5755
5757
6047
5755
5784
6048
5759
5785
6049
5759
5758
5759
6054
5788
6055
5762
5764
5762
5765
5766
5768
5792
5764
5765
17229
5766
5770
6061
5766
5795
6062
17230
5772
5796
6063
5769
5771
5769
5772
5773
5771
5772
5773
6068
5773
6069
6070
5776
5778
5776
5779
5780
5782
5799
5778
5779
5780
5784
5780
5802
5786
5803
5783
5785
5783
5786
5787
5806
5785
5786
5787
5788
6075
5787
5808
6076
5789
5809
6077
5789
6082
5791
5793
5812
5794
5796
5794
5797
5798
5814
5796
5797
17231
5798
6085
5798
5817
6086
5818
6087
5801
5803
5801
5804
5805
5807
5835
5803
5804
5805
5808
6099
5805
5838
6100
5810
5839
6101
5809
5810
5809
5810
5811
6106
5811
5842
6107
6108
5813
5815
5843
5816
5818
5816
5819
5820
5822
5845
5818
5819
5820
5824
6112
5820
5848
6113
5826
5849
6114
5823
5825
5823
5826
5827
5852
5825
5826
5827
6117
5827
5855
6118
5856
6119
5830
5832
5830
5833
5834
5836
5866
5832
5833
5834
5838
6131
5834
5869
6132
5840
5870
6133
5837
5839
5837
5840
5841
5839
5840
5841
5842
6138
5841
5874
6139
6140
5844
5846
5847
5849
5847
5850
5851
5853
5875
5849
5850
5851
5855
6144
5851
5857
5878
6145
5854
5856
5854
5857
5858
5860
5879
5856
5857
5858
5862
6146
5858
5882
6147
5864
5883
6148
5861
5863
5861
5864
5865
5867
5886
5863
5864
5865
5869
6152
5865
5889
6153
5871
5890
6154
5868
5870
5868
5871
5872
5873
5893
5870
5871
5872
5874
6159
5872
5895
6160
6161
5877
5878
5877
5880
5896
5882
5881
5883
5881
5884
5885
5887
5897
5883
5884
5885
5889
6164
5885
5891
5888
5890
5888
5891
5892
5894
5890
5891
5892
5895
6165
5892
5899
5915
6176
5900
5916
6177
5921
6183
5904
5906
5932
5904
5908
6196
5904
5935
6197
5910
5936
6198
5907
5909
5907
5910
5911
5913
5939
5909
5910
5911
5915
6203
5911
5942
6204
5917
5943
6205
5914
5916
5914
5917
5918
5919
5946
5916
5917
5918
5921
6210
5918
5949
6211
5923
5950
6212
5920
5923
5924
5953
5922
5923
5924
6217
5924
5956
6218
5925
5957
6219
5961
6225
5928
5929
5928
5930
5931
5933
5969
5931
5935
6235
5931
5972
6236
5937
5973
6237
5934
5936
5934
5937
5938
5940
5976
5936
5937
5938
5942
6242
5938
5979
6243
5944
5980
6244
5941
5943
5941
5944
5945
5947
5983
5943
5944
5945
5949
6249
5945
5986
6250
5951
5987
6251
5948
5950
5948
5951
5952
5954
5990
5950
5951
5952
5956
6256
5952
5993
6257
5958
5994
6258
5955
5957
5955
5958
5959
5960
5997
5957
5958
5959
5961
6263
5959
6000
6264
5962
6001
6265
5962
5962
6005
6271
5965
5966
5965
5967
5968
5970
6011
5968
5972
6279
5968
6014
6280
5974
6015
6281
5971
5973
5971
5974
5975
5977
6018
5973
5974
5975
5979
6285
5975
6021
6286
5981
6022
6287
5978
5980
5978
5981
5982
5984
5980
5981
5982
5986
5982
5988
5985
5987
5985
5988
5989
5991
5987
5988
5989
5993
5989
5995
5992
5994
5992
5995
5996
5998
5994
5995
5996
6000
5996
6002
5999
6001
5999
6002
6003
6004
6025
6001
6002
6003
6005
6292
6003
6028
6293
6006
6029
6294
6006
6006
6032
6300
6008
6009
6010
6012
6034
6010
6014
6307
6016
6037
6308
6013
6015
6013
6016
6017
6019
6040
6015
6016
6017
6021
6310
6017
6043
6311
6023
6044
6312
6020
6022
6020
6023
6024
6022
6023
6024
6317
6024
6318
6319
6027
6029
6027
6030
6031
6054
6029
6030
6031
6032
6324
6031
6057
6325
6033
6058
6326
6033
6332
6036
6037
17240
6036
6038
17241
6039
6041
6061
6039
6043
6336
17232
6039
6064
17233
6045
6065
6337
6042
6044
6042
6045
6046
6068
6044
6045
6046
6340
6046
6071
6341
6072
6342
6049
6051
6049
6052
6053
6055
6075
6051
6052
6053
6057
6053
6078
6059
6079
6056
6058
6056
6059
6060
6058
6059
6060
6347
6060
6083
6348
6349
6063
6065
6063
6066
17235
6067
6069
6085
6065
6066
17223
6067
6071
6355
6067
6088
17237
6073
6089
6356
6070
6072
6070
6073
6074
6092
6072
6073
6074
6359
6074
6095
6360
6096
6361
6077
6079
6077
6080
6081
6082
6106
6079
6080
6081
6083
6373
6081
6109
6374
6084
6110
6375
6084
6084
6380
6087
6089
6087
6090
6091
6093
6112
6089
6090
17226
6091
6095
6382
6091
6097
6115
6383
6094
6096
6094
6097
6098
6117
6096
6097
6098
6385
6098
6120
6386
6121
6387
6101
6103
6101
6104
6105
6107
6138
6103
6104
6105
6109
6406
6105
6141
6407
6111
6142
6408
6108
6110
6108
6111
6110
6111
6413
6414
6114
6115
6114
6116
6118
6144
6116
6120
6418
6122
6119
6121
6119
6122
6123
6125
6146
6121
6122
6123
6127
6419
6123
6149
6420
6129
6150
6421
6126
6128
6126
6129
6130
6132
6152
6128
6129
6130
6134
6423
6130
6155
6424
6136
6156
6425
6133
6135
6133
6136
6137
6139
6159
6135
6136
6137
6141
6430
6137
6162
6431
6143
6163
6432
6140
6142
6140
6143
6142
6143
6436
6437
6145
6147
6148
6150
6148
6151
6153
6164
6150
6151
6155
6157
6154
6156
6154
6157
6158
6160
6165
6156
6157
6158
6162
6439
6158
6161
6163
6161
6163
6167
6179
6443
6168
6185
6449
6186
6450
6173
6200
6463
6171
6173
6174
6176
6203
6174
6178
6465
6174
6206
6466
6180
6207
6467
6177
6179
6177
6180
6181
6183
6210
6179
6180
6181
6185
6472
6181
6213
6473
6187
6214
6474
6184
6186
6184
6187
6188
6189
6217
6186
6187
6188
6190
6479
6188
6220
6480
6192
6221
6481
6192
6191
6192
6193
6486
6193
6227
6487
6228
6488
6195
6197
6235
6201
6239
6498
6198
6200
6198
6201
6202
6204
6242
6200
6201
6202
6206
6500
6202
6245
6501
6208
6246
6502
6205
6207
6205
6208
6209
6211
6249
6207
6208
6209
6213
6507
6209
6252
6508
6215
6253
6509
6212
6214
6212
6215
6216
6218
6256
6214
6215
6216
6220
6514
6216
6259
6515
6222
6260
6516
6219
6221
6219
6222
6223
6225
6263
6221
6222
6223
6227
6521
6223
6266
6522
6229
6267
6523
6226
6228
6226
6229
6230
6270
6228
6229
6230
6231
6528
6230
6273
6529
6232
6274
6530
6232
6277
6535
6234
6236
6279
6240
6282
6540
6237
6239
6237
6240
6241
6243
6285
6239
6240
6241
6245
6542
6241
6288
6543
6247
6289
6544
6244
6246
6244
6247
6248
6250
6246
6247
6248
6252
6549
6248
6550
6254
6551
6251
6253
6251
6254
6255
6257
6253
6254
6255
6259
6255
6261
6258
6260
6258
6261
6262
6264
6260
6261
6262
6266
6262
6268
6265
6267
6265
6268
6269
6271
6292
6267
6268
6269
6273
6269
6295
6275
6296
6272
6274
6272
6275
6276
6299
6274
6275
6276
6277
6556
6276
6302
6557
6278
6303
6558
6278
6306
6563
6281
6282
6281
6283
6284
6286
6310
6284
6288
6567
6284
6313
6568
6290
6314
6569
6287
6289
6287
6290
6291
6317
6289
6290
6291
6573
6291
6320
6574
6321
6575
6294
6296
6294
6297
6298
6300
6324
6296
6297
6298
6302
6298
6327
6304
6328
6301
6303
6301
6304
6305
6331
6303
6304
6305
6306
6580
6305
6333
6581
6334
6582
6308
6309
6311
6336
6315
6338
6312
6314
6312
6315
6316
6318
6340
6314
6315
6316
6320
6589
6316
6343
6590
6322
6344
6591
6319
6321
6319
6322
6323
6321
6322
6323
6596
6323
6597
6598
6326
6328
6326
6329
6330
6332
6347
6328
6329
6330
6333
6603
6330
6350
6604
6335
6351
6605
6334
6335
6334
6335
6610
6354
6611
6337
6338
17222
6339
6341
6355
17238
6339
6343
6615
6345
6357
6616
6342
6344
6342
6345
6346
6359
6344
6345
6346
6617
6346
6362
6618
6363
6619
6349
6351
6349
6352
6353
6351
6352
6353
6354
6638
6353
6381
6639
6640
6356
6357
17225
6358
6360
6382
17239
6358
6362
6645
6364
6384
6361
6363
6361
6364
6365
6367
6385
6363
6364
6365
6369
6646
6365
6388
6647
6371
6389
6648
6368
6370
6368
6371
6372
6392
6370
6371
6372
6652
6372
6395
6653
6396
6654
6375
6377
6375
6378
6379
6380
6413
6377
6378
6379
6381
6673
6379
6415
6674
6416
6675
6383
6384
6386
6418
6388
6387
6389
6387
6390
6391
6393
6419
6389
6390
6391
6395
6681
6391
6397
6422
6682
6394
6396
6394
6397
6398
6400
6423
6396
6397
6398
6402
6684
6398
6426
6685
6404
6427
6686
6401
6403
6401
6404
6405
6407
6430
6403
6404
6405
6409
6690
6405
6433
6691
6411
6434
6692
6408
6410
6408
6411
6412
6414
6436
6410
6411
6412
6415
6697
6412
6438
6698
6417
6699
6416
6417
6416
6417
6421
6422
6421
6424
6426
6425
6427
6425
6428
6429
6431
6439
6427
6428
6429
6433
6702
6429
6435
6432
6434
6432
6435
6437
6434
6435
6438
6703
6441
6442
6465
6446
6469
6706
6443
6446
6447
6449
6472
6445
6446
6447
6451
6710
6447
6475
6711
6453
6476
6712
6450
6452
6450
6453
6454
6455
6479
6452
6453
6454
6457
6717
11797
6454
6482
6718
6459
6483
6719
6456
6459
6460
6486
6458
6459
11798
6460
6461
6720
6460
6489
6721
6462
6490
6722
6462
6494
6724
6464
6466
6500
6470
6504
6728
6467
6469
6467
6470
6471
6473
6507
6469
6470
6471
6475
6732
6471
6510
6733
6477
6511
6734
6474
6476
6474
6477
6478
6480
6514
6476
6477
6478
6482
6739
6478
6517
6740
6484
6518
6741
6481
6483
6481
6484
6485
6487
6521
6483
6484
6485
6489
6746
6485
6524
6747
6491
6525
6748
6488
6490
6488
6491
6492
6493
6528
6490
6491
6492
6494
6749
6492
6531
6750
6496
6532
6751
6496
6495
6496
6497
6752
6497
6536
6753
6537
6754
6499
6501
6542
6505
6546
6755
6502
6504
6502
6505
6506
6508
6549
6504
6505
6506
6510
6757
6506
6552
6758
6512
6553
6759
6509
6511
6509
6512
6513
6515
6511
6512
6513
6517
6764
6513
6765
6519
6766
6516
6518
6516
6519
6520
6522
6518
6519
6520
6524
6520
6526
6523
6525
6523
6526
6527
6529
6525
6526
6527
6531
6527
6533
6530
6532
6530
6533
6534
6535
6556
6532
6533
6534
6536
6771
6534
6559
6772
6538
6560
6773
6538
6537
6538
6539
6778
6539
6564
6779
6565
6780
6541
6543
6567
6547
6570
6544
6546
6544
6547
6548
6550
6573
6546
6547
6548
6552
6781
6548
6576
6782
6554
6577
6783
6551
6553
6551
6554
6555
6553
6554
6555
6787
6555
6788
6789
6558
6560
6558
6561
6562
6563
6580
6560
6561
6562
6564
6794
6562
6583
6795
6566
6584
6796
6566
6565
6566
6801
6587
6802
6569
6570
6569
6571
6572
6574
6589
6572
6576
6808
6572
6592
6578
6593
6809
6575
6577
6575
6578
6579
6596
6577
6578
6579
6810
6579
6599
6811
6600
6812
6582
6584
6582
6585
6586
6610
6584
6585
6586
6587
6824
6586
6612
6825
6588
6613
6826
6588
6831
6591
6593
6591
6594
6595
6597
6617
6593
6594
6595
6599
6833
6595
6620
6601
6621
6834
6598
6600
6598
6601
6602
6624
6600
6601
6602
6837
6602
6627
6838
6628
6839
6605
6607
6605
6608
6609
6611
6638
6607
6608
6609
6612
6865
6609
6641
6866
6614
6642
6867
6613
6614
6613
6614
6872
6873
6616
6618
6645
6619
6621
6619
6622
6623
6625
6646
6621
6622
6623
6627
6876
6623
6649
6629
6650
6877
6626
6628
6626
6629
6630
6652
6628
6629
6630
6878
6630
6655
6879
6656
6880
6633
6635
6633
6636
6637
6639
6673
6635
6636
6637
6641
6899
6637
6676
6900
6643
6677
6901
6640
6642
6640
6643
6644
6642
6643
6644
6906
6644
6680
6907
6648
6650
6648
6651
6653
6681
6650
6651
6655
6910
6657
6683
6654
6656
6654
6657
6658
6660
6684
6656
6657
6658
6662
6911
6658
6687
6912
6664
6688
6913
6661
6663
6661
6664
6665
6667
6690
6663
6664
6665
6669
6915
6665
6693
6916
6671
6694
6917
6668
6670
6668
6671
6672
6674
6697
6670
6671
6672
6676
6920
6672
6700
6921
6678
6701
6922
6675
6677
6675
6678
6679
6677
6678
6679
6680
6925
6679
6926
6682
6683
6685
6687
6686
6688
6686
6689
6691
6702
6688
6689
6693
6695
6692
6694
6692
6695
6696
6698
6703
6694
6695
6696
6700
6928
6696
6699
6701
6699
6701
6706
6707
6706
6708
6709
6711
6732
6709
6713
11905
6709
6735
11906
6715
6736
11907
6712
6714
11799
6712
6715
6716
6718
6739
6714
6715
10363
11801
6716
11802
11819
11912
6716
6742
11913
6743
11821
11914
6719
11804
11820
6719
11821
6721
6746
11822
6722
11810
11824
6722
11825
6724
6749
11826
6725
11828
6725
11829
6752
11830
6728
6729
6728
6730
6731
6733
6757
6731
6735
11945
6731
6760
6737
6761
11946
6734
6736
6734
6737
6738
6740
6764
6736
6737
10368
6738
6742
11949
6738
6767
11950
6744
6768
11951
6741
6743
6741
6744
6745
6747
6743
6744
10369
6745
11833
11956
6745
11957
11835
11958
6748
11834
6748
11835
6750
11836
6751
11838
6751
11839
6753
6771
11840
6754
11842
6754
11843
6778
11844
17217
6756
6758
6781
6762
6784
6759
6761
6759
6762
6763
6765
6787
6761
6762
6763
6767
6929
6763
6790
6930
6769
6791
6931
6766
6768
6766
6769
6770
6768
6769
6770
6935
6770
6936
6937
6773
6775
6773
6776
6777
6779
6794
6775
6776
11839
6777
11840
11847
6777
6797
6798
11849
6780
11848
17227
6780
11849
6801
11850
17221
6783
6784
6783
6785
6786
6788
6810
6786
6790
6942
6786
6813
6792
6814
6943
6789
6791
6789
6792
6793
6817
6791
6792
6793
6944
6793
6820
6945
6821
6946
6796
6798
6796
6799
6800
6802
6824
6798
6799
6800
6804
6958
6800
6827
6959
6806
6828
6960
6803
6805
6803
6806
6807
6805
6806
11849
6807
6965
11850
6807
6832
6966
6967
6809
6811
6833
6812
6814
6812
6815
6816
6818
6837
6814
6815
6816
6820
6971
6816
6840
6822
6841
6972
6819
6821
6819
6822
6823
6844
6821
6822
6823
6973
6823
6847
6974
6848
6975
6826
6828
6826
6829
6830
6831
6872
6828
6829
6830
6832
7001
6830
6874
7002
7003
6834
6835
6836
6838
6876
6836
6840
6842
6839
6841
6839
6842
6843
6845
6878
6841
6842
6843
6847
7007
6843
6881
6849
6882
7008
6846
6848
6846
6849
6850
6852
6885
6848
6849
6850
6854
7009
6850
6888
7010
6856
6889
7011
6853
6855
6853
6856
6857
6859
6892
6855
6856
6857
6861
7016
6857
6895
7017
6863
6896
7018
6860
6862
6860
6863
6864
6866
6899
6862
6863
6864
6868
7023
6864
6902
7024
6870
6903
7025
6867
6869
6867
6870
6871
6873
6906
6869
6870
6871
6874
7030
6871
6908
7031
6875
6909
7032
6875
6875
6877
6879
6910
6880
6882
6880
6883
6884
6886
6911
6882
6883
6884
6888
7036
6884
6890
6914
6887
6889
6887
6890
6891
6893
6915
6889
6890
6891
6895
7037
6891
6918
7038
6897
6919
7039
6894
6896
6894
6897
6898
6900
6920
6896
6897
6898
6902
7040
6898
6923
7041
6904
6924
7042
6901
6903
6901
6904
6905
6907
6925
6903
6904
6905
6908
7045
6905
6927
7046
6909
6909
6913
6914
6913
6916
6918
6917
6919
6917
6921
6928
6919
6923
6922
6924
6922
6926
6924
6927
6931
6932
11946
6931
6933
6934
6936
6944
6934
6938
7047
11948
6934
6947
6940
6948
7048
6937
6939
11951
6937
6940
6941
6951
6939
6940
11954
6941
7049
11955
6941
6954
7050
6955
7051
6943
6945
6971
6946
6948
6946
6949
6950
6952
6973
6948
6949
6950
6954
7063
6950
6976
6956
6977
7064
6953
6955
6953
6956
6957
6980
6955
6956
6957
7065
6957
6983
7066
6984
7067
6960
6962
6960
6963
6964
6966
7001
6962
6963
6964
6968
7086
6964
7004
7087
6970
7005
7088
6967
6969
11977
6967
6970
6969
6970
11980
7093
11981
7094
6972
6974
7007
6975
6977
6975
6978
6979
6981
7009
6977
6978
6979
6983
7097
6979
7012
6985
7013
7098
6982
6984
6982
6985
6986
6988
7016
6984
6985
6986
6990
7099
6986
7019
7100
6992
7020
7101
6989
6991
6989
6992
6993
6995
7023
6991
6992
6993
6997
7103
6993
7026
7104
6999
7027
7105
6996
6998
6996
6999
7000
7002
7030
6998
6999
7000
7004
7108
7000
7033
7109
7006
7034
7110
7003
7005
7003
7006
7005
7006
7113
7114
7008
7010
7036
7011
7013
7011
7014
7015
7017
7037
7013
7014
7015
7019
7015
7021
7018
7020
7018
7021
7022
7024
7040
7020
7021
7022
7026
7116
7022
7043
7028
7044
7025
7027
7025
7028
7029
7031
7045
7027
7028
7029
7033
7117
7029
7035
7032
7034
7032
7035
7034
7035
7039
7039
7041
7042
7044
7042
7046
7044
7048
12094
7050
7063
7051
7053
12097
7051
7054
7055
7057
7065
7053
7054
10426
12100
7055
7059
12101
12260
7055
7068
12261
7061
7069
12262
7058
7060
17184
7058
7061
7062
7072
7060
7061
10427
17187
7062
12265
17188
7062
7075
12266
7076
12267
7064
7066
7097
7067
7069
7067
7070
7071
7073
7099
7069
7070
7071
7075
12294
7071
7077
7102
7074
7076
7074
7077
7078
7080
7103
7076
7077
10432
7078
7082
12295
7078
7106
12296
7084
7107
12297
7081
7083
7081
7084
7085
7087
7108
7083
7084
10433
7085
7089
12300
7085
7111
12301
7091
7112
12302
7088
7090
10396
7088
7091
7092
7094
7113
7090
7091
10396
10434
7092
7095
10396
12305
7092
7115
12306
12307
7096
12118
7096
10435
12121
12122
7098
7100
7101
7102
7101
7104
7116
7106
7105
7107
7105
7109
7117
7107
7111
7110
7112
7110
7114
7112
7115
7119
7122
7124
7122
7125
7126
7128
7124
7125
7126
7130
7126
7132
7129
7131
7129
7132
7133
7131
7132
7133
7133
7136
7138
7136
7139
7140
7141
7138
7139
7140
7140
7144
7145
7143
7145
7143
7146
7147
7145
7146
7147
7147
7150
7152
7150
7153
7154
7155
7152
7153
7154
7154
7158
7159
7157
7159
7157
7160
7161
7159
7160
7161
7161
7164
7166
7164
7167
7168
7166
7167
7168
7168
7171
7173
7171
7174
7175
7173
7174
7175
7175
7178
7180
7178
7181
7182
7180
7181
7182
7182
7864
7877
7884
7885
7887
7878
7891
7896
7897
7899
14147
7866
7905
7932
7939
7940
7942
7872
7910
7939
7946
7947
7949
7916
7946
7953
7954
7956
14487
7880
7933
7960
7965
7966
7968
7887
7940
7965
7972
7973
7975
7947
7972
7979
7980
7982
14502
7986
7987
7989
7899
7966
7986
7993
7994
7996
7973
7993
8000
8001
8003
14536
7987
8007
8011
8012
8014
14579
8042
8043
8045
17244
7912
8024
8042
8049
8050
8052
7918
8028
8049
8056
8057
8059
7924
8032
8056
8063
8064
8066
8063
8070
8071
8073
17245
8070
8077
8079
17247
7935
8037
8086
8087
8089
7942
8043
8086
8093
8094
8096
7949
8050
8093
8100
8101
8103
7956
8057
8100
8107
8108
8110
8064
8107
8114
8115
8117
14834
8121
8122
8124
7968
8087
8121
8128
8129
8131
7209
7213
7235
7975
7976
7977
7978
8094
8095
8098
8099
8128
8130
8132
8134
7210
7236
7982
7983
7984
7985
8101
8102
8105
8106
11027
7237
8108
8109
8112
8113
10928
11022
11028
7989
8122
8138
8139
8141
7996
8129
8138
8145
8146
8148
7240
8003
8004
8005
8006
8145
8147
8149
8151
11027
11035
8014
8139
8152
8156
8157
8159
7243
8146
8147
8150
8151
8156
8158
8160
8162
11035
11046
14912
14913
14914
14915
15236
15239
15240
8174
8181
8182
8184
17249
8181
8188
8189
8191
17251
8188
8195
8196
8198
17254
8195
8202
8204
17257
8216
8217
8219
8045
8175
8216
8223
8224
8226
8052
8182
8223
8230
8231
8233
7224
7230
7254
8059
8060
8061
8062
8189
8190
8193
8194
8230
8232
8234
8236
8238
8240
8242
8066
8196
8237
8238
8240
8073
8202
8237
8244
8245
8247
8079
8208
8244
8251
8252
8254
8089
8217
8258
8265
8266
8268
7229
7235
7261
8096
8097
8098
8099
8224
8225
8228
8229
8265
8267
8269
8271
7230
7236
7262
8103
8104
8105
8106
8231
8232
8235
8236
7231
7237
7263
8110
8111
8112
8113
7232
7264
8117
8118
8119
8120
8238
8239
8242
8243
11122
7265
8245
8246
8249
8250
11119
11123
15149
15150
15151
15152
15455
15457
15459
8124
8259
8272
8273
8275
8131
8266
8272
8279
8280
8282
7236
7240
7268
8279
8281
8283
8285
7237
7241
7269
7270
11122
11128
8141
8273
8286
8290
8291
8293
7240
7243
7273
8148
8149
8150
8151
8280
8281
8284
8285
8290
8292
8294
8296
7241
7274
11136
7275
11027
11128
11137
8159
8291
8297
8301
8302
8304
7277
8301
8303
8305
8307
11136
11147
15509
15512
15513
8302
8308
8312
8313
8315
15232
8177
8324
8349
8356
8357
8359
8184
8328
8356
8363
8364
8366
8191
8334
8363
8370
8371
8373
8198
8340
8370
8377
8378
8380
8204
8345
8377
8384
8385
8387
8210
8384
8391
8392
8394
17260
8219
8350
8405
8410
8411
8413
8226
8357
8410
8417
8418
8420
7254
7262
7298
8233
8234
8235
8236
8364
8365
8368
8369
8417
8419
8421
8423
7255
7263
7299
8371
8372
8375
8376
7256
7264
7300
8240
8241
8242
8243
8378
8379
8382
8383
8425
8427
8429
8247
8385
8424
8425
8427
8254
8392
8424
8431
8432
8434
8398
8431
8438
8439
8441
15446
8261
8445
8446
8448
8268
8411
8445
8452
8453
8455
7262
7268
7306
8418
8419
8422
8423
8452
8454
8456
8458
7263
7269
7307
7264
7270
7308
7265
7271
7309
7310
8425
8426
8429
8430
11220
11224
8275
8446
8461
8462
8464
7268
7273
7313
8282
8283
8284
8285
8453
8454
8457
8458
8461
8463
8465
8467
7269
7274
7314
7270
7275
7315
7271
7316
11230
7317
11122
11224
11231
7273
7276
7318
8293
8294
8295
8296
8462
8463
8466
8467
8468
8469
8470
8471
7274
7277
7319
7275
7278
7320
7321
11230
11239
7277
7279
7323
8304
8305
8306
8307
8472
8473
8474
8475
8480
8483
8484
7278
7280
7324
7325
11136
11239
11249
8315
8476
8480
8481
8483
7328
8480
8482
8484
8486
11249
11260
15512
15513
15514
15515
15786
15789
15790
8481
8487
8489
8490
8492
15531
8506
8507
8509
8330
8506
8513
8514
8516
17263
8336
8513
8520
8521
8523
17264
8342
8520
8527
8528
8530
17267
8527
8534
8536
17270
8352
8551
8552
8554
8359
8507
8551
8558
8559
8561
8366
8514
8558
8565
8566
8568
8373
8521
8565
8572
8573
8575
8380
8528
8572
8579
8580
8582
8387
8534
8579
8586
8587
8589
8394
8540
8586
8593
8594
8596
8400
8545
8593
8600
8601
8603
8600
8607
8609
17273
8413
8552
8614
8621
8622
8624
7298
7306
7348
8420
8421
8422
8423
8559
8560
8563
8564
8621
8623
8625
8627
7299
7307
7349
8566
8567
8570
8571
7300
7308
7350
8573
8574
8577
8578
7301
7309
7351
8580
8581
8584
8585
7302
7310
7352
8427
8428
8429
8430
8587
8588
8591
8592
7303
7311
7353
8434
8435
8436
8437
8594
8595
8598
8599
8629
8631
8633
8441
8601
8628
8629
8631
8448
8615
8635
8636
8638
8455
8622
8635
8642
8643
8645
7307
7314
7357
8642
8644
8646
8648
7308
7315
7358
7309
7316
7359
7310
7317
7360
7311
7361
11322
7362
11220
11318
11323
7313
7318
7363
8464
8465
8466
8467
8636
8637
8640
8641
8649
8650
8651
8837
8838
8839
7314
7319
7364
8643
8644
8647
8648
7315
7320
7365
7316
7321
7366
7317
7322
7367
7368
11322
11328
7319
7323
7370
8652
8653
8654
8655
8848
8849
8850
7320
7324
7371
7321
7325
7372
7322
7326
7373
7374
11230
11328
11336
7324
7327
7375
8656
8657
8658
8659
8859
8860
8861
7325
7328
7376
7326
7377
11345
7378
11239
11336
11346
7328
7329
7379
8483
8484
8485
8486
8660
8661
8662
8663
8665
8668
8669
7380
11345
11356
8492
8664
8665
8666
8668
8509
8673
8701
8708
8709
8711
8516
8678
8708
8715
8716
8718
8523
8684
8715
8722
8723
8725
8530
8690
8722
8729
8730
8732
8536
8696
8729
8736
8737
8739
8542
8736
8743
8744
8746
17276
8743
8750
8752
17279
8554
8702
8759
8764
8765
8767
8561
8709
8764
8771
8772
8774
7340
7349
7401
8568
8569
8570
8571
8716
8717
8720
8721
8771
8773
8775
8777
7341
7350
7402
8575
8576
8577
8578
8723
8724
8727
8728
7342
7351
7403
8582
8583
8584
8585
8730
8731
8734
8735
8779
8781
8783
8589
8737
8778
8779
8781
8596
8744
8778
8785
8786
8788
8603
8750
8785
8792
8793
8795
8609
8756
8792
8799
8800
8802
8617
8810
8811
8813
8624
8765
8810
8817
8818
8820
7349
7357
7411
8772
8773
8776
8777
8817
8819
8821
8823
7350
7358
7412
7351
7359
7413
7352
7360
7414
7353
7361
7415
8779
8780
8783
8784
7354
7362
7416
8786
8787
8790
8791
7417
8631
8632
8633
8634
8793
8794
8797
8798
11411
11413
16147
16149
16151
8638
8811
8826
8827
8829
7357
7364
7419
8645
8646
8647
8648
8818
8819
8822
8823
8826
8828
8830
8832
7358
7365
7420
7359
7366
7421
7360
7367
7422
7361
7368
7423
7362
7369
7424
7425
11413
11417
8827
8833
8837
8838
8840
7365
7371
7427
8837
8839
8841
8843
7366
7372
7428
7367
7373
7429
7368
7374
7430
7369
7431
11423
7432
11322
11417
11424
8838
8844
8848
8849
8851
7372
7376
7434
8848
8850
8852
8854
7373
7377
7435
7374
7378
7436
7437
11423
11431
8849
8855
8859
8860
8862
7377
7380
7440
8859
8861
8863
8865
7378
7381
7441
7442
11431
11440
7380
7382
7444
8860
8861
8864
8865
8866
8867
8868
8869
9090
9091
9092
7381
7383
7445
7446
11345
11440
11450
7383
7384
7447
8668
8669
8670
8671
8870
8872
8873
9097
9098
9099
7448
9104
9105
9106
11356
11450
11461
16227
16230
16231
8870
8872
16017
8889
8890
8892
8680
8889
8896
8897
8899
8686
8879
8896
8903
8904
8906
8692
8903
8910
8911
8913
17282
8910
8917
8918
8920
17284
8704
8884
8933
8934
8936
8711
8890
8933
8940
8941
8943
8718
8897
8940
8947
8948
8950
8725
8904
8947
8954
8955
8957
8732
8911
8954
8961
8962
8964
8739
8918
8961
8968
8969
8971
8746
8924
8968
8975
8976
8978
8752
8975
8982
8983
8985
17287
8982
8989
8991
17290
8767
8934
8995
9002
9003
9005
7401
7411
7470
8774
8775
8776
8777
8941
8942
8945
8946
9002
9004
9006
9008
7402
7412
7471
8948
8949
8952
8953
7403
7413
7472
8955
8956
8959
8960
7404
7414
7473
8962
8963
8966
8967
7405
7415
7474
8781
8782
8783
8784
8969
8970
8973
8974
7406
7416
7475
8788
8789
8790
8791
8976
8977
8980
8981
9010
9012
9014
8795
8983
9009
9010
9012
8802
8989
9009
9016
9017
9019
8807
9016
9023
9025
17293
8813
8996
9030
9031
9033
17295
8820
9003
9030
9037
9038
9040
7412
7420
7481
9037
9039
9041
9043
7413
7421
7482
7414
7422
7483
7415
7423
7484
7416
7424
7485
7417
7425
7486
7487
9010
9011
9014
9015
11499
11502
16355
16357
16359
8829
9031
9044
9048
9049
9051
7420
7427
7491
9038
9039
9042
9043
9048
9050
9052
9054
7421
7428
7492
7422
7429
7493
7423
7430
7494
7424
7431
7495
7425
7432
7496
7497
11502
11506
8840
9049
9055
9059
9060
9062
7428
7434
7500
9059
9061
9063
9065
7429
7435
7501
7430
7436
7502
7431
7437
7503
7432
7438
7504
7505
11506
11512
8851
9060
9066
9070
9071
9073
7435
7440
7507
9070
9072
9074
9076
7436
7441
7508
7437
7442
7509
7438
7443
7510
7511
11423
11512
11519
8862
9071
9077
9081
9082
9084
7441
7445
7513
9081
9083
9085
9087
7442
7446
7514
7443
7515
11527
7516
11431
11519
11528
9082
9088
9090
9091
9093
7446
7448
7518
9090
9092
9094
9096
9104
9107
9108
7519
11527
11537
9091
9097
9098
9100
9097
9104
9105
9107
8872
9098
9111
9122
9123
9125
9122
9129
9130
9132
17296
9148
9149
9151
8892
9116
9148
9155
9156
9158
8899
9123
9155
9162
9163
9165
8906
9130
9162
9169
9170
9172
8913
9136
9169
9176
9177
9179
8920
9142
9176
9183
9184
9186
8926
9183
9190
9191
9193
17297
8936
9149
9203
9210
9211
9213
7461
7470
7540
8943
8944
8945
8946
9156
9157
9160
9161
9210
9212
9214
9216
7462
7471
7541
8950
8951
8952
8953
9163
9164
9167
9168
7463
7472
7542
8957
8958
8959
8960
9170
9171
9174
9175
7464
7473
7543
8964
8965
8966
8967
9177
9178
9181
9182
9218
9220
9222
8971
9184
9217
9218
9220
8978
9191
9217
9224
9225
9227
8985
9197
9224
9231
9232
9234
8991
9231
9238
9239
9241
17300
8998
9204
9250
9251
9253
17303
9005
9211
9250
9257
9258
9260
7471
7481
7551
9257
9259
9261
9263
7472
7482
7552
7473
7483
7553
7474
7484
7554
7475
7485
7555
9218
9219
9222
9223
7476
7486
7556
9225
9226
9229
9230
7477
7487
7557
9012
9013
9014
9015
9232
9233
9236
9237
9265
9267
9269
9019
9239
9264
9265
9267
9025
9245
9264
9271
9272
9274
9033
9251
9278
9282
9283
9285
7481
7491
7561
9040
9041
9042
9043
9258
9259
9262
9263
9282
9284
9286
9288
7482
7492
7562
7483
7493
7563
7484
7494
7564
7485
7495
7565
7486
7496
7566
7487
7497
7567
7488
7498
7568
9290
9292
9294
9265
9289
9290
9292
16357
9272
9289
9296
9297
9299
16364
9051
9283
9303
9307
9308
9310
7492
7500
7573
9307
9309
9311
9313
7493
7501
7574
7494
7502
7575
7495
7503
7576
7496
7504
7577
7497
7505
7578
7498
7579
11583
7580
11502
11579
11584
9062
9308
9314
9318
9319
9321
7501
7507
7583
9318
9320
9322
9324
7502
7508
7584
7503
7509
7585
7504
7510
7586
7505
7511
7587
7588
11583
11589
9073
9319
9325
9329
9330
9332
7508
7513
7591
9329
9331
9333
9335
7509
7514
7592
7510
7515
7593
7511
7516
7594
7595
11589
11596
9084
9330
9336
9340
9341
9343
7514
7518
7598
9340
9342
9344
9346
7515
7519
7599
7516
7520
7600
7601
11596
11604
9093
9341
9347
9348
9349
9351
7519
7522
7603
9348
9350
9352
9354
9361
9364
9365
9641
9642
9643
7520
7523
7604
9368
9371
9372
7605
11527
11604
11613
9100
9349
9355
9356
9358
9107
9355
9361
9362
9364
9361
9368
9369
9371
11537
9362
9375
9377
9378
9380
16438
9118
9396
9402
9403
9405
9125
9386
9402
9409
9410
9412
9132
9390
9409
9416
9417
9419
9138
9416
9423
9424
9426
17306
9423
9430
9431
9433
17309
9151
9397
9443
9448
9449
9451
9158
9403
9448
9455
9456
9458
9165
9410
9455
9462
9463
9465
9172
9417
9462
9469
9470
9472
9179
9424
9469
9476
9477
9479
9186
9431
9476
9483
9484
9486
9193
9437
9483
9490
9491
9493
9199
9490
9497
9498
9500
17312
9206
9510
9511
9513
17315
9213
9449
9510
9517
9518
9520
7541
7551
7630
9456
9457
9460
9461
9517
9519
9521
9523
7542
7552
7631
9463
9464
9467
9468
7543
7553
7632
9470
9471
9474
9475
7544
7554
7633
9477
9478
9481
9482
7545
7555
7634
9220
9221
9222
9223
9484
9485
9488
9489
7546
7556
7635
9227
9228
9229
9230
9491
9492
9495
9496
9525
9527
9529
9234
9498
9524
9525
9527
9241
9504
9524
9531
9532
9534
9246
9531
9538
9540
17317
9253
9511
9543
9548
9549
9551
7551
7561
7641
9260
9261
9262
9263
9518
9519
9522
9523
9548
9550
9552
9554
7552
7562
7642
7553
7563
7643
7554
7564
7644
7555
7565
7645
7556
7566
7646
7557
7567
7647
7558
7568
7648
9525
9526
9529
9530
9556
9558
9560
9267
9532
9555
9556
9558
9274
9538
9555
9562
9563
9565
9285
9549
9569
9576
9577
9579
7562
7573
7653
9576
9578
9580
9582
7563
7574
7654
7564
7575
7655
7565
7576
7656
7566
7577
7657
7567
7578
7658
7568
7579
7659
7569
7580
7660
7570
7661
9292
9293
9294
9295
9556
9557
9560
9561
9584
9586
9588
11647
9299
9563
9583
9584
9586
9570
9590
9591
9593
9310
9577
9590
9597
9598
9600
7574
7583
7665
9597
9599
9601
9603
7575
7584
7666
7576
7585
7667
7577
7586
7668
7578
7587
7669
7579
7588
7670
7580
7589
7671
7672
11647
11651
9591
9604
9605
9607
7583
7590
7674
9321
9322
9323
9324
9598
9599
9602
9603
9604
9606
9608
9610
9616
9619
9620
7584
7591
7675
7585
7592
7676
7586
7593
7677
7587
7594
7678
7588
7595
7679
7589
7596
7680
7681
11583
11651
11656
9332
9611
9616
9617
9619
7592
7598
7684
9616
9618
9620
9622
7593
7599
7685
7594
7600
7686
7595
7601
7687
7596
7688
11662
7689
11589
11656
11663
9343
9617
9623
9627
9628
9630
7599
7603
7691
9627
9629
9631
9633
9641
9644
9645
7600
7604
7692
7601
7605
7693
7694
11662
11670
9351
9628
9634
9635
9637
9634
9641
9642
9644
7605
7607
7698
9641
9643
9645
9647
9658
9661
9662
9902
9903
9904
7699
11670
11678
16768
16771
16772
9364
9642
9648
9651
9652
9654
9371
9651
9658
9659
9661
9380
9652
9665
9677
9678
9680
9677
9684
9685
9687
17319
9705
9706
9708
9405
9671
9705
9712
9713
9715
9412
9678
9712
9719
9720
9722
9419
9685
9719
9726
9727
9729
9426
9691
9726
9733
9734
9736
9433
9697
9733
9740
9741
9743
9439
9740
9747
9748
9750
17321
9760
9761
9763
17324
9451
9706
9760
9767
9768
9770
7621
7630
9458
9459
9460
9461
9713
9714
9717
9718
9767
9769
9771
9773
7622
7631
9465
9466
9467
9468
9720
9721
9724
9725
7623
7632
9472
9473
9474
9475
9727
9728
9731
9732
7624
7633
9479
9480
9481
9482
9734
9735
9738
9739
9775
9777
9779
9486
9741
9774
9775
9777
9493
9748
9774
9781
9782
9784
9500
9754
9781
9788
9789
9791
9506
9788
9795
9797
17326
9513
9761
9803
9808
9809
9811
7630
7641
9520
9521
9522
9523
9768
9769
9772
9773
9808
9810
9812
9814
7631
7642
7713
7632
7643
7714
7633
7644
7715
7634
7645
7716
7635
7646
7717
9775
9776
9779
9780
7636
7647
7718
9782
9783
9786
9787
9816
9818
9820
9527
9789
9815
9816
9818
9534
9795
9815
9822
9823
9825
9540
9801
9822
9829
9830
9832
9838
9839
9841
17328
9551
9809
9838
9845
9846
9848
7642
7653
7723
9845
9847
9849
9851
7643
7654
7724
7644
7655
7725
7645
7656
7726
7646
7657
7727
7647
7658
7728
7648
7659
7729
7649
7660
7730
9816
9817
9820
9821
7650
7661
7731
9558
9559
9560
9561
9823
9824
9827
9828
9853
9855
9857
9565
9830
9852
9853
9855
9572
9839
9860
9861
9863
17329
7653
7664
9579
9580
9581
9582
9846
9847
9850
9851
9860
9862
9864
9866
7654
7665
7734
7655
7666
7735
7656
7667
7736
7657
7668
7737
7658
7669
7738
7659
7670
7739
7660
7671
7740
7661
7672
7741
7662
7742
11703
7743
9586
9587
9588
9589
9853
9854
9857
9858
10002
10003
10004
10295
10335
10337
10339
11704
7664
7673
7745
9593
9594
9595
9596
9861
9862
9865
9866
9867
10020
10021
10022
7665
7674
7746
9600
9601
9602
9603
7666
7675
7747
7667
7676
7748
7668
7677
7749
7669
7678
7750
7670
7679
7751
7671
7680
7752
7672
7681
7753
7754
11703
11707
7674
7682
7756
9607
9608
9609
9610
9868
9870
9871
7675
7683
7757
9873
9876
9877
7676
7684
7758
7677
7685
7759
7678
7686
7760
7679
7687
7761
7680
7688
7762
7681
7689
7763
7764
11707
11712
9613
9868
9870
9619
9868
9873
9874
9876
7685
7691
7768
9873
9875
9877
9879
7686
7692
7769
7687
7693
7770
7688
7694
7771
7689
7695
7772
7773
11712
11718
9630
9874
9880
9883
9884
9886
7692
7697
7776
9883
9885
9887
9889
9895
9898
9899
10048
10049
10050
7693
7698
7777
9902
9905
9906
7694
7699
7778
7695
7700
7779
10055
10056
10057
7780
10062
10063
10064
11662
11718
11724
9637
9884
9890
9892
9644
9890
9895
9896
9898
9895
9902
9903
9905
7700
7703
7783
9902
9904
9906
9908
9923
9926
9927
10085
10086
10087
7784
10092
10093
10094
11670
11724
11731
9654
9896
9909
9910
9911
9913
9661
9903
9910
9916
9917
9919
9916
9923
9924
9926
16771
9917
9930
16805
9743
9931
9935
9936
9750
9933
9935
9938
9939
9756
9938
9941
17330
7709
7717
9777
9778
9779
9780
9936
9937
9945
9947
9949
9784
9939
9944
9945
9947
9791
9941
9944
9951
9952
9954
9797
9943
9951
9958
9959
9961
9958
9965
9967
7714
7724
7715
7725
7716
7726
7717
7727
7718
7728
7719
7729
9945
9946
9949
9950
7720
7730
9818
9819
9820
9821
9952
9953
9956
9957
9971
9973
9975
9825
9959
9970
9971
9973
9832
9965
9970
9977
9978
9980
9977
9984
9985
7724
7734
7792
7725
7735
7793
7726
7736
7794
7727
7737
7795
7728
7738
7796
7729
7739
7797
7730
7740
7798
7731
7741
7799
7732
7742
7800
9971
9972
9975
9976
9989
9991
9993
9855
9978
9988
9989
9991
9984
9988
9995
9996
9998
10330
7735
7747
7803
7736
7748
7804
7737
7749
7805
7738
7750
7806
7739
7751
7807
7740
7752
7808
7741
7753
7809
7742
7754
7810
7743
7755
7811
10003
10005
10007
9989
10002
10003
10005
9996
10002
10009
10010
10012
10337
10016
10020
10021
10023
7747
7757
10020
10022
10024
10026
7748
7758
7814
7749
7759
7815
7750
7760
7816
7751
7761
7817
7752
7762
7818
7753
7763
7819
7754
7764
7820
7755
7765
7821
7822
11703
11744
11747
7757
7766
10021
10022
10025
10026
10027
10029
10030
10156
10157
7758
7767
7823
10032
10035
10036
7759
7768
7824
7760
7769
7825
7761
7770
7826
7762
7771
7827
7763
7772
7828
7764
7773
7829
7765
7774
7830
7831
11707
11747
11751
9870
10027
10029
9876
10027
10032
10033
10035
7769
7776
7834
10032
10034
10036
10038
10048
10051
10052
10172
10173
10174
7770
7777
7835
7771
7778
7836
7772
7779
7837
10055
10058
10059
7773
7780
7838
10062
10065
10066
7774
7839
10179
10180
10181
11755
7840
11712
11751
11756
9886
10033
10039
10041
10042
10044
10041
10048
10049
10051
7778
7782
7843
10048
10050
10052
10054
10078
10081
10082
10199
10200
10201
7779
7783
7844
10056
10058
10060
10085
10088
10089
10206
10207
10208
10055
10056
10058
10055
10062
10063
10065
9898
10049
10069
10071
10072
10074
9905
10071
10078
10079
10081
10078
10085
10086
10088
10056
10085
10092
10093
10095
9919
10079
10099
10100
10102
9926
10086
10100
10104
10105
10107
9961
10109
10110
9967
10109
10112
9973
10110
10114
10115
9980
10112
10114
10119
10120
9985
10119
10124
7793
7803
7794
7804
7795
7805
7796
7806
7797
7807
7798
7808
7799
7809
7800
7810
7801
7811
10115
10116
10117
10118
10129
10131
10133
9991
10120
10128
10129
10131
9998
10124
10128
10135
10136
10138
7804
7814
7805
7815
7806
7816
7807
7817
7808
7818
7809
7819
7810
7820
7811
7821
7812
7822
10143
10145
10147
10005
10129
10142
10143
10145
10012
10136
10142
10149
10150
10152
7815
7824
7816
7825
7817
7826
7818
7827
7819
7828
7820
7829
7821
7830
7822
7831
11772
11775
17080
17082
17084
7824
7833
10157
10159
10165
10168
10169
7825
7834
10172
10175
10176
7826
7835
7827
7836
7828
7837
7829
7838
7830
7839
10179
10182
10183
7831
7840
11775
11778
10029
10156
10160
10162
10035
10160
10165
10166
10168
10165
10172
10173
10175
7836
7843
10172
10174
10176
10178
10199
10202
10203
7837
7844
10206
10209
10210
7838
7845
10213
10216
10217
7839
7846
7854
10180
10182
10184
10220
10223
10224
10270
10271
10272
10179
10180
10182
10179
10181
10183
10185
11778
11782
17124
17127
17128
10044
10166
10186
10187
10189
10051
10173
10186
10192
10193
10195
10192
10199
10200
10202
10199
10206
10207
10209
10058
10206
10213
10214
10216
10065
10213
10220
10221
10223
10180
10220
10227
10228
10230
11755
10074
10193
10234
10236
10081
10200
10234
10238
10239
10241
10088
10207
10238
10244
10245
10247
10095
10214
10244
10251
10252
10254
10221
10251
10258
10259
10261
17030
10152
10266
10268
10270
10271
10223
10271
10273
10274
10230
10273
10276
10277
10241
10279
10280
17333
10247
10280
10282
10283
17334
10254
10282
10285
10286
17337
10261
10274
10285
10288
10289
17340
7879
14127
14148
7892
14149
14190
7868
7881
7934
7865
7868
7869
7870
7884
18436
7867
7868
7869
7872
7939
18437
7869
7887
7940
7874
7888
7941
7871
7874
10843
17343
7875
14485
14499
18438
7873
7874
18421
7875
7946
14487
18440
7875
7947
14502
7948
14489
14503
7882
7893
7961
7879
7881
7879
7882
7883
7885
7896
7881
7882
7883
7887
7965
7883
7899
7966
7889
7900
7967
7886
7888
10843
14126
7886
7889
10847
14127
7890
14128
14500
14533
7888
7889
7890
7972
14502
7890
7973
14536
7974
14504
14537
7892
7893
7895
7897
14576
7895
7899
7986
7895
7987
14579
18442
7901
7988
14580
7898
7900
10847
14148
7898
7901
10855
14149
7902
14150
14534
14583
7900
7901
7902
7993
14536
7902
7994
14586
7995
14538
14587
8008
14581
14620
18443
7908
7936
8038
7906
7908
7909
7910
7939
18420
7909
7912
8042
18447
7909
7942
8043
7914
7943
8044
7911
7914
18423
7915
7916
7946
18425
7913
7914
18448
7915
7918
8049
18461
7915
7949
8050
7920
7950
8051
7917
7920
18273
7921
7922
7953
18464
7919
7920
18450
7921
7924
8056
18467
7921
7956
8057
7926
7957
8058
7923
7926
10925
18276
7927
7928
14831
18470
7925
7926
18456
7927
8063
18460
7927
8064
14834
7929
8065
14835
7929
10926
7930
8071
14841
18471
8072
14830
14842
18472
7937
7962
8083
7934
7936
7934
7937
7938
7940
7965
7936
7937
7938
7942
8086
7938
7968
8087
7944
7969
8088
7941
7943
7941
7944
7945
7947
7972
7943
7944
7945
7949
8093
7945
7975
8094
7951
7976
8095
7948
7950
7948
7951
7952
7954
7979
7950
7951
7952
7956
8100
7952
7982
8101
7958
7983
8102
7955
7957
10925
14488
7955
7958
10928
14489
7959
10928
14490
14832
7957
7958
7959
8107
14834
7959
8108
10928
8109
10928
14836
7961
7962
7964
7966
7986
7964
7968
8121
7964
7989
8122
7970
7990
8123
7967
7969
7967
7970
7971
7973
7993
7969
7970
7971
7975
8128
7971
7996
8129
7977
7997
8130
7974
7976
7974
7977
7978
7980
8000
7976
7977
7978
7982
7978
8003
7984
8004
7981
7983
10928
14503
7981
7984
10933
14504
7985
10928
10933
14505
7983
7984
7985
10928
7985
10933
10928
10933
7988
7990
7988
7991
18475
7992
7994
8011
7990
7991
7992
7996
8138
7992
8014
8139
18476
7998
8015
8140
7995
7997
7995
7998
10940
7999
8001
14909
7997
7998
7999
8003
8145
7999
8146
14912
8005
8147
14913
8002
8004
10933
14537
8002
8005
10941
14538
8006
10933
10941
14539
8004
8005
8006
10933
8006
10941
10933
10941
8008
8009
18444
8010
8012
8018
18478
8010
8014
8152
18477
8016
8020
8153
18480
8013
8015
10940
14580
8013
8016
10950
14581
8017
14582
14910
14940
8015
8016
8017
8156
14912
8017
8157
14943
8158
14914
14944
8019
8020
10950
14620
18278
8021
14621
14941
14973
18482
8021
8163
14943
18484
8164
14945
14975
18487
8023
8045
8175
18492
8026
8046
8176
18493
8025
8026
18280
8027
8028
8049
18495
8027
8052
8182
18498
8030
8053
8183
18501
8029
8030
18282
8031
8032
8056
18453
8031
8059
8189
18504
8033
8060
8190
18507
8033
18458
8034
8066
8196
18518
8035
8067
8197
18513
8036
8073
8202
18521
8074
8203
17344
8038
8040
8041
8043
8086
8041
8045
8216
8041
8089
8217
8047
8090
8218
8044
8046
18490
8044
8047
8048
8050
8093
8046
8047
8048
8052
8223
8048
8096
8224
8054
8097
8225
8051
8053
8051
8054
8055
8057
8100
8053
8054
8055
8059
8230
8055
8103
8231
8061
8104
8232
8058
8060
8058
8061
8062
8064
8107
8060
8061
8062
8066
8062
8110
8068
8111
8065
8067
18516
8065
8068
8069
8071
8114
8067
8068
8069
8073
8237
8069
8117
8238
8075
8118
8239
8072
8074
18473
8072
8075
11019
8076
8077
15146
8074
8075
8076
8079
8244
8076
8245
15149
8081
8246
15150
8078
8081
11020
14830
8082
15153
18530
8080
8081
18524
8082
8251
18533
8082
8252
15156
8253
15144
15157
8085
8087
8121
8085
8089
8258
8091
8125
8260
8088
8090
8088
8091
8092
8094
8128
8090
8091
8092
8096
8265
8092
8131
8266
8098
8132
8267
8095
8097
8095
8098
8099
8101
8097
8098
8099
8103
8099
8105
8102
8104
8102
8105
8106
8108
8104
8105
8106
8110
8106
8112
8109
8111
8109
8112
8113
8115
8111
8112
8113
8117
8113
8119
8116
8118
11019
14835
8116
8119
11022
14836
8120
11022
14837
15147
8118
8119
8120
15149
8120
11022
11022
15151
8123
8125
8123
8126
8127
8129
8138
8125
8126
8127
8131
8272
8127
8141
8273
8133
8142
8274
8130
8132
8130
8133
8134
8145
8132
8133
8134
8279
8134
8148
8280
8149
8281
8137
8139
8152
8137
8141
8286
8143
8154
8287
8140
8142
8140
8143
8144
8146
8156
8142
8143
8144
8148
8290
8144
8159
8291
8150
8160
8292
8147
8149
8147
8150
8151
8149
8150
8151
8151
8153
8154
18285
8155
8157
8163
18536
8155
8159
8297
18538
8161
8165
8298
18539
8158
8160
8158
8161
11045
8162
15229
8160
8161
8162
8301
8162
8302
15232
8303
15233
8164
8165
11045
18286
8166
15230
15260
18541
8166
8308
15232
18544
8309
15234
15262
18546
8168
8184
8328
18557
8169
8185
8329
18551
8170
8191
8334
18559
8192
8335
18562
8173
8175
8216
8173
8219
8350
8179
8220
8351
8176
8178
18548
8176
8179
18289
8180
8182
8223
8178
8179
18583
8180
8184
8356
18550
8180
8226
8357
8186
8227
8358
8183
8185
18554
8183
8186
8187
8189
8230
8185
8186
8187
8191
8363
8187
8233
8364
8193
8234
8365
8190
8192
18510
8190
8193
8194
8196
8192
8193
8194
8198
8370
8194
8371
8200
8372
8197
8199
18565
8197
8200
8201
8202
8237
8199
8200
18568
8201
8204
8377
18571
8201
8240
8378
8206
8241
8379
8203
8206
8207
8208
8244
18584
8205
8206
18577
8207
8210
8384
18587
8207
8247
8385
8211
8248
8386
8209
8211
18290
8212
8251
18527
8211
18580
8212
8254
8392
8213
8255
8393
18590
8398
15446
18599
8215
8217
8258
8221
8262
8406
8218
8220
8218
8221
8222
8224
8265
8220
8221
8222
8226
8410
8222
8268
8411
8228
8269
8412
8225
8227
8225
8228
8229
8231
8227
8228
8229
8233
8417
8229
8418
8235
8419
8232
8234
8232
8235
8236
8234
8235
8236
8236
8239
8241
8239
8242
8243
8245
8241
8242
8243
8247
8243
8249
8246
8248
8246
8249
8250
8252
8248
8249
8250
8254
8424
8250
8425
8256
8426
8253
8255
11118
8253
8256
11119
8257
15444
15454
8255
8256
8257
8431
15446
8257
8432
15457
8433
15448
15458
8260
8262
8260
8263
8264
8266
8272
8262
8263
8264
8268
8445
8264
8275
8446
8270
8276
8447
8267
8269
8267
8270
8271
8279
8269
8270
8271
8452
8271
8282
8453
8283
8454
8274
8276
8274
8277
8278
8280
8290
8276
8277
8278
8282
8461
8278
8293
8462
8284
8294
8463
8281
8283
8281
8284
8285
8283
8284
8285
8285
8287
8288
8289
8291
8297
8289
8293
8468
8295
8299
8469
8292
8294
8292
8295
8296
8301
8294
8295
8296
8296
8304
8305
8298
8299
18293
8300
8302
8308
18605
8300
8304
8472
18607
8306
8310
8473
18608
8303
8305
8303
8306
8307
8312
8305
8306
8307
8307
8315
8316
8309
8310
18294
8311
8313
8319
18610
8311
8315
8476
18611
8317
8321
8477
18613
8314
8316
11147
15233
8314
8317
11159
15234
8318
15235
15510
15528
8316
8317
8318
8480
15512
8318
8481
15531
8482
15514
15532
8320
8321
11159
15262
18296
8322
15263
15529
17347
8322
8487
15531
15533
8326
8353
8502
8325
8326
8327
8328
8356
18617
8327
8359
8507
8332
8360
8508
18618
8329
8332
18297
8333
8334
8363
18620
8331
8332
18619
8333
8336
8513
18622
8333
8366
8514
8338
8367
8515
8335
8338
18299
8339
8340
8370
18624
8337
8338
18614
8339
8342
8520
18627
8339
8373
8521
8343
8374
8522
8341
8343
18302
8344
8345
8377
18574
8343
18305
8344
8380
8528
8346
8381
8529
18630
8346
18308
8347
8387
8534
18636
8348
8388
8535
18639
8394
8540
17348
8351
8353
8351
8354
8355
8357
8410
8353
8354
8355
8359
8551
8355
8413
8552
8361
8414
8553
8358
8360
8358
8361
8362
8364
8417
8360
8361
8362
8366
8558
8362
8420
8559
8368
8421
8560
8365
8367
8365
8368
8369
8371
8367
8368
8369
8373
8565
8369
8566
8375
8567
8372
8374
8372
8375
8376
8378
8374
8375
8376
8380
8572
8376
8573
8382
8574
8379
8381
8379
8382
8383
8385
8381
8382
8383
8387
8579
8383
8580
8389
8581
8386
8388
18633
8386
8389
8390
8392
8424
8388
8389
8390
8394
8586
8390
8427
8587
8396
8428
8588
8393
8395
18311
8393
8396
8397
8398
8431
8395
8396
8397
8400
8593
18642
8397
8434
8594
8402
8435
8595
8399
8402
18314
8403
8438
18648
8401
8402
18317
8403
8600
18651
8403
8441
8601
8404
8442
8602
8607
15697
17351
8406
8407
8409
8411
8445
8409
8413
8614
8409
8448
8615
8415
8449
8616
8412
8414
8412
8415
8416
8418
8452
8414
8415
8416
8420
8621
8416
8455
8622
8422
8456
8623
8419
8421
8419
8422
8423
8421
8422
8423
8423
8426
8428
8426
8429
8430
8432
8428
8429
8430
8434
8430
8436
8433
8435
8433
8436
11220
8437
8439
11220
8435
8436
8437
8441
8437
11220
8443
11220
8440
8442
11219
15447
8440
8443
11221
15448
8444
15449
15695
15704
8442
8443
8444
8628
15697
8444
8629
15707
8630
15699
15708
8447
8449
8447
8450
8451
8453
8461
8449
8450
8451
8455
8635
8451
8464
8636
8457
8465
8637
8454
8456
8454
8457
8458
8456
8457
8458
8642
8458
8643
8644
8460
8462
8468
8466
8470
8649
8463
8465
8463
8466
8467
8465
8466
8467
8467
8469
8470
8471
8472
8471
8652
8474
8653
8473
8474
18320
8475
8476
18663
8475
8656
8478
8657
8477
8478
18321
8479
8481
8487
18664
8479
8483
8660
8485
8488
8661
8482
8484
8482
8485
8486
8489
8484
8485
8486
8486
8492
8493
8488
8492
8664
8491
8493
11260
15532
8491
8494
11272
15533
8495
15534
15787
15807
8493
8494
8495
8665
15789
8495
8666
15810
8667
15791
15811
8497
8510
8674
8498
8516
8678
18671
8499
8517
8679
18667
8500
8523
8684
18672
8501
8524
8685
18677
8530
8690
18679
8505
8507
8551
8505
8509
8701
8505
8554
8702
8511
8555
8703
8508
8510
8508
8511
8512
8514
8558
8510
8511
8512
8516
8708
8512
8561
8709
8518
8562
8710
8515
8517
18669
8515
8518
8519
8521
8565
8517
8518
8519
8523
8715
8519
8568
8716
8525
8569
8717
8522
8524
18674
8522
8525
8526
8528
8572
8524
8525
8526
8530
8722
8526
8575
8723
8532
8576
8724
8529
8531
18682
8529
8532
8533
8534
8579
8531
8532
8533
8536
8729
18685
8533
8582
8730
8538
8583
8731
8535
8538
8539
8540
8586
18697
8537
8538
18691
8539
8542
8736
18700
8539
8589
8737
8543
8590
8738
8541
8543
18322
8544
8545
8593
18645
8543
18694
8544
8596
8744
8546
8597
8745
18703
8546
18325
8547
8603
8750
18709
8604
8751
18712
8550
8552
8614
8550
8554
8759
8556
8618
8760
8553
8555
8553
8556
8557
8559
8621
8555
8556
8557
8561
8764
8557
8624
8765
8563
8625
8766
8560
8562
8560
8563
8564
8566
8562
8563
8564
8568
8771
8564
8772
8570
8773
8567
8569
8567
8570
8571
8573
8569
8570
8571
8575
8571
8577
8574
8576
8574
8577
8578
8580
8576
8577
8578
8582
8578
8584
8581
8583
8581
8584
8585
8587
8583
8584
8585
8589
8585
8591
8588
8590
8588
8591
8592
8594
8590
8591
8592
8596
8778
8592
8779
8598
8780
8595
8597
8595
8598
8599
8601
8597
8598
8599
8603
8785
8599
8786
8605
8787
8602
8604
18706
8602
8605
8606
8607
8628
8604
8605
8606
8609
8792
8606
8631
8793
8611
8632
8794
8608
8611
11316
8612
15931
18657
8610
8611
18715
8612
8799
17354
8612
8800
15934
8613
8801
15935
8806
15940
18718
8616
8618
8616
8619
8620
8622
8635
8618
8619
8620
8624
8810
8620
8638
8811
8626
8639
8812
8623
8625
8623
8626
8627
8642
8625
8626
8627
8817
8627
8645
8818
8646
8819
8630
8632
11316
8630
8633
11318
8634
11318
15932
8632
8633
8634
15934
8634
11318
11318
15936
8637
8639
8637
8640
8641
8643
8639
8640
8641
8645
8826
8641
8827
8647
8828
8644
8646
8644
8647
8648
8646
8647
8648
8648
8651
8652
8651
8833
8654
8834
8653
8654
8655
8656
8655
8844
8658
8845
8657
8658
8659
8660
8659
8855
8662
8856
8661
8662
8663
8664
8663
8866
8867
8667
8669
11356
8667
8670
11368
8671
11356
16014
8669
8670
8671
11356
8671
16017
11356
16018
8676
8705
8885
8674
8676
8677
8678
8708
8677
8680
8889
8677
8711
8890
8682
8712
8891
8679
8682
18328
8683
8684
8715
18728
8681
8682
8683
8686
8896
8683
8718
8897
8688
8719
8898
8685
8688
18329
8689
8690
8722
18729
8687
8688
18724
8689
8692
8903
18725
8689
8725
8904
8694
8726
8905
8691
8694
18330
8695
8696
8729
18688
8693
8694
18726
8695
8910
18731
8695
8732
8911
8697
8733
8912
8697
17357
8698
8739
8918
18740
8699
8740
8919
18734
8746
8924
18746
8706
8761
8930
8703
8705
8703
8706
8707
8709
8764
8705
8706
8707
8711
8933
8707
8767
8934
8713
8768
8935
8710
8712
8710
8713
8714
8716
8771
8712
8713
8714
8718
8940
8714
8774
8941
8720
8775
8942
8717
8719
8717
8720
8721
8723
8719
8720
8721
8725
8947
8721
8948
8727
8949
8724
8726
8724
8727
8728
8730
8726
8727
8728
8732
8954
8728
8955
8734
8956
8731
8733
8731
8734
8735
8737
8733
8734
8735
8739
8961
8735
8962
8741
8963
8738
8740
18737
8738
8741
8742
8744
8778
8740
8741
8742
8746
8968
8742
8781
8969
8748
8782
8970
8745
8747
18743
8745
8748
8749
8750
8785
8747
8748
8749
8752
8975
18749
8749
8788
8976
8754
8789
8977
8751
8754
8755
8756
8792
18758
8753
8754
18755
8755
8982
17360
8755
8795
8983
8757
8796
8984
8757
17363
8758
8802
8989
18761
8803
8990
18764
8760
8761
8763
8765
8810
8763
8767
8995
8763
8813
8996
8769
8814
8997
8766
8768
8766
8769
8770
8772
8817
8768
8769
8770
8774
9002
8770
8820
9003
8776
8821
9004
8773
8775
8773
8776
8777
8775
8776
8777
8777
8780
8782
8780
8783
8784
8786
8782
8783
8784
8788
8784
8790
8787
8789
8787
8790
8791
8793
8789
8790
8791
8795
8791
8797
8794
8796
8794
8797
8798
8800
8796
8797
8798
8802
9009
8798
9010
8804
9011
8801
8803
18332
8801
8804
11411
8805
8806
16146
8803
8804
8805
8807
9016
8805
9017
16149
8808
9018
16150
8808
11412
17366
8808
18767
8809
9023
16156
9024
16157
18772
8812
8814
8812
8815
8816
8818
8826
8814
8815
8816
8820
9030
8816
8829
9031
8822
8830
9032
8819
8821
8819
8822
8823
8821
8822
8823
9037
8823
9038
9039
8825
8827
8833
8831
8835
9045
8828
8830
8828
8831
8832
8837
8830
8831
8832
9048
8832
8840
9049
8841
9050
8834
8835
18335
8836
8838
8844
18774
8836
8840
9055
18775
8842
8846
9056
18776
8839
8841
8839
8842
8843
8848
8841
8842
8843
9059
8843
8851
9060
8852
9061
8845
8846
18336
8847
8849
8855
18778
8847
8851
9066
18779
8853
8857
9067
18781
8850
8852
8850
8853
8854
8859
8852
8853
8854
9070
8854
8862
9071
8863
9072
8856
8857
18337
8858
8860
8866
18783
8858
8862
9077
18784
8864
8868
9078
18786
8861
8863
8861
8864
8865
8863
8864
8865
9081
8865
9082
9083
8867
8868
8869
8869
9088
8871
8873
11461
16018
8874
16020
16228
16243
8873
8874
9111
16230
9112
16232
16244
8877
8893
9117
8878
8879
8896
8878
8899
9123
8880
8900
9124
8880
8881
8906
9130
8882
8907
9131
18787
8883
8913
9136
18789
8914
9137
18794
8885
8887
8888
8890
8933
8888
8892
9148
8888
8936
9149
8894
8937
9150
8891
8893
8891
8894
8895
8897
8940
8893
8894
8895
8899
9155
8895
8943
9156
8901
8944
9157
8898
8900
8898
8901
8902
8904
8947
8900
8901
8902
8906
9162
8902
8950
9163
8908
8951
9164
8905
8907
18788
8905
8908
8909
8911
8954
8907
8908
8909
8913
9169
8909
8957
9170
8915
8958
9171
8912
8914
18791
8912
8915
8916
8918
8961
8914
8915
8916
8920
9176
8916
8964
9177
8922
8965
9178
8919
8921
18797
8919
8922
8923
8924
8968
8921
8922
18800
8923
8926
9183
18803
8923
8971
9184
8927
8972
9185
8925
8927
18338
8928
8975
18752
8927
18341
8928
8978
9191
8929
8979
9192
18807
8985
9197
18813
8932
8934
8995
18825
8932
8936
9203
18806
8938
8999
9205
18826
8935
8937
8935
8938
8939
8941
9002
8937
8938
8939
8943
9210
8939
9005
9211
8945
9006
9212
8942
8944
8942
8945
8946
8948
8944
8945
8946
8950
8946
8952
8949
8951
8949
8952
8953
8955
8951
8952
8953
8957
8953
8959
8956
8958
8956
8959
8960
8962
8958
8959
8960
8964
8960
8966
8963
8965
8963
8966
8967
8969
8965
8966
8967
8971
8967
8973
8970
8972
8970
8973
8974
8976
8972
8973
8974
8978
9217
8974
9218
8980
9219
8977
8979
8977
8980
8981
8983
8979
8980
8981
8985
9224
8981
9225
8987
9226
8984
8986
18816
8984
8987
8988
8989
9009
8986
8987
8988
8991
9231
18819
8988
9012
9232
8992
9013
9233
8990
8992
8993
9016
18828
8992
18822
8993
9019
9239
8994
9020
9240
18831
9025
9245
17369
8997
8999
18344
8997
9000
18345
9001
9003
9030
8999
9000
18346
9001
9005
9250
9001
9033
9251
18834
9007
9034
9252
9004
9006
9004
9007
9008
9037
9006
9007
9008
9257
9008
9040
9258
9041
9259
9011
9013
9011
9014
9015
9017
9013
9014
9015
9019
9015
9021
9018
9020
9018
9021
11499
9022
9023
16354
9020
9021
9022
9025
9264
9022
9265
16357
9027
9266
16358
9024
9027
11500
9028
16361
18836
9026
9027
9028
9271
18837
9028
9272
16364
9273
10300
16365
9035
9046
9279
9032
9034
9032
9035
9036
9038
9048
9034
9035
18838
9036
9040
9282
9036
9051
9283
9042
9052
9284
9039
9041
9039
9042
9043
9041
9042
9043
9043
9045
9046
9047
9049
9055
18839
9047
9051
9303
18840
9053
9057
9304
18841
9050
9052
9050
9053
9054
9059
9052
9053
9054
9307
9054
9062
9308
9063
9309
9056
9057
18348
9058
9060
9066
18842
9058
9062
9314
18844
9064
9068
9315
18846
9061
9063
9061
9064
9065
9070
9063
9064
9065
9318
9065
9073
9319
9074
9320
9067
9068
18349
9069
9071
9077
18848
9069
9073
9325
18850
9075
9079
9326
18853
9072
9074
9072
9075
9076
9081
9074
9075
9076
9329
9076
9084
9330
9085
9331
9078
9079
18352
9080
9082
9088
18855
9080
9084
9336
18856
9086
9089
9337
18857
9083
9085
9083
9086
9087
9090
9085
9086
9087
9340
9087
9093
9341
9094
9342
9089
9093
9347
9092
9094
9092
9095
9096
9097
9094
9095
9096
9348
9096
9100
9349
9101
9350
9099
9101
9099
9102
9103
9105
9111
9101
9102
9103
9107
9355
9103
9356
9109
9113
9357
9106
9108
11537
9106
9109
11548
9110
11537
16435
9108
9109
9110
9361
11537
9110
9362
16438
9363
11537
16439
9112
9113
11548
9114
16436
9114
9375
16438
16440
9120
9152
9398
9117
9120
9121
9123
9155
9119
9120
9121
9125
9402
9121
9158
9403
9127
9159
9404
9124
9126
18858
9124
9127
9128
9130
9162
9126
9127
9128
9132
9409
18859
9128
9165
9410
9134
9166
9411
9131
9133
18861
9131
9134
9135
9136
9169
9133
9134
18862
9135
9138
9416
18866
9135
9172
9417
9140
9173
9418
9137
9140
18354
9141
9142
9176
18871
9139
9140
18356
9141
9423
18868
9141
9179
9424
9143
9180
9425
9143
18358
9144
9186
9431
18877
9145
9187
9432
18880
9193
9437
18883
9147
9149
9203
18892
9153
9207
9444
18893
9150
9152
9150
9153
9154
9156
9210
9152
9153
9154
9158
9448
9154
9213
9449
9160
9214
9450
9157
9159
9157
9160
9161
9163
9159
9160
9161
9165
9455
9161
9456
9167
9457
9164
9166
9164
9167
9168
9170
9166
9167
9168
9172
9462
9168
9463
9174
9464
9171
9173
9171
9174
9175
9177
9173
9174
9175
9179
9469
9175
9470
9181
9471
9178
9180
9178
9181
9182
9184
9180
9181
9182
9186
9476
9182
9477
9188
9478
9185
9187
18874
9185
9188
9189
9191
9217
9187
9188
9189
9193
9483
9189
9220
9484
9195
9221
9485
9192
9194
18810
9192
9195
9196
9197
9224
9194
9195
9196
9199
9490
18886
9196
9227
9491
9200
9228
9492
9198
9200
18361
9201
9231
18894
9200
18889
9201
9234
9498
9202
9235
9499
18897
9241
9504
18900
9205
9207
18364
9205
9208
18908
9209
9211
9250
9207
9208
18366
9209
9213
9510
9209
9253
9511
18910
9215
9254
9512
9212
9214
9212
9215
9216
9257
9214
9215
9216
9517
9216
9260
9518
9261
9519
9219
9221
9219
9222
9223
9225
9221
9222
9223
9227
9223
9229
9226
9228
9226
9229
9230
9232
9228
9229
9230
9234
9230
9236
9233
9235
9233
9236
9237
9239
9235
9236
9237
9241
9524
9237
9525
9243
9526
9240
9242
18368
9240
9243
9244
9245
9264
9242
9243
9244
9246
9531
18903
9244
9267
9532
9247
9268
9533
9247
17371
9247
18906
9248
9274
9538
9275
9539
17373
9255
9280
9544
18915
9252
9254
9252
9255
18912
9256
9258
9282
9254
9255
18917
9256
9260
9548
9256
9285
9549
9262
9286
9550
9259
9261
9259
9262
9263
9261
9262
9263
9263
9266
9268
9266
9269
9270
9272
9289
9268
9269
9270
9274
9555
9270
9292
9556
9276
9293
9557
9273
9275
17374
9273
9276
9277
9296
10301
9275
9276
9277
9562
10302
9277
9299
9563
9300
9564
10303
9279
9280
18914
9281
9283
9303
9281
9285
9569
18919
9287
9305
9571
9284
9286
9284
9287
9288
9307
9286
9287
9288
9576
9288
9310
9577
9311
9578
9291
9293
16358
9291
9294
11579
16359
9295
9297
11579
16360
9293
9294
9295
9299
9295
11579
9301
11579
9298
9300
10291
16365
9298
9301
11580
16366
9302
10305
11580
16367
9300
9301
9302
9583
10307
9302
9584
11580
9585
10309
11580
9304
9305
18371
9306
9308
9314
18920
9306
9310
9590
18922
9312
9316
9592
18923
9309
9311
9309
9312
9313
9318
9311
9312
9313
9597
9313
9321
9598
9322
9599
9315
9316
18372
9317
9319
9325
18924
9317
9321
9604
18926
9323
9327
9606
18927
9320
9322
9320
9323
9324
9329
9322
9323
9324
9324
9332
9333
9326
9327
18374
9328
9330
9336
18928
9328
9332
9611
18930
9334
9338
9612
18931
9331
9333
9331
9334
9335
9340
9333
9334
9335
9616
9335
9343
9617
9344
9618
9337
9338
18376
9339
9341
9347
9339
9343
9623
18933
9345
9624
17375
9342
9344
9342
9345
9346
9348
9344
9345
9346
9627
9346
9351
9628
9352
9629
9350
9352
9350
9353
9354
9355
9352
9353
9354
9634
9354
9358
9635
9359
9636
9357
9359
9357
9360
9362
9375
9359
9360
9364
9648
9366
9376
9649
9363
9365
9363
9366
9367
9369
9377
9365
9366
9367
9371
9651
9367
9380
9652
9373
9381
9653
9370
9372
11537
11613
9370
9373
11537
11622
9374
11537
11613
16624
9372
9373
9374
9658
11613
9374
9659
16627
9660
11613
16628
9376
9380
9379
9381
11622
16439
9379
9382
11632
16440
9383
16441
16625
16665
9381
9382
9383
9665
16627
9383
9666
16629
16666
9385
9405
9671
9388
9406
9672
9387
9388
9389
9390
9409
18860
9389
9412
9678
9392
9413
9679
18934
9391
9392
18864
9393
9416
18935
9393
9419
9685
18938
9394
9420
9686
18940
9395
9426
9691
18943
9427
9692
18949
9398
9399
9398
9400
9401
9403
9448
9401
9405
9705
9401
9451
9706
9407
9452
9707
9404
9406
9404
9407
9408
9410
9455
9406
9407
9408
9412
9712
9408
9458
9713
9414
9459
9714
9411
9413
9411
9414
9415
9417
9462
9413
9414
9415
9419
9719
9415
9465
9720
9421
9466
9721
9418
9420
9418
9421
9422
9424
9469
9420
9421
9422
9426
9726
9422
9472
9727
9428
9473
9728
9425
9427
18946
9425
9428
9429
9431
9476
9427
9428
9429
9433
9733
9429
9479
9734
9435
9480
9735
9432
9434
18377
9432
9435
9436
9437
9483
9434
9435
18952
9436
9439
9740
18958
9436
9486
9741
9440
9487
9742
9438
9440
18380
9441
9490
17376
9440
17379
9441
9493
9748
9442
9494
9749
18962
9500
9754
18965
9444
9445
18383
9447
9449
9510
18974
9447
9451
9760
18978
9447
9513
9761
18976
9453
9514
9762
9450
9452
9450
9453
9454
9456
9517
9452
9453
9454
9458
9767
9454
9520
9768
9460
9521
9769
9457
9459
9457
9460
9461
9463
9459
9460
9461
9465
9461
9467
9464
9466
9464
9467
9468
9470
9466
9467
9468
9472
9468
9474
9471
9473
9471
9474
9475
9477
9473
9474
9475
9479
9475
9481
9478
9480
9478
9481
9482
9484
9480
9481
9482
9486
9482
9488
9485
9487
9485
9488
9489
9491
9487
9488
9489
9493
9774
9489
9775
9495
9776
9492
9494
9492
9495
9496
9498
9494
9495
9496
9500
9781
9496
9782
9502
9783
9499
9501
18968
9499
9502
9503
9504
9524
9501
9502
9503
9506
9788
18971
9503
9527
9789
9507
9528
9790
9505
9507
18384
9508
9531
17382
9507
17385
9508
9534
9795
9535
9796
18979
9515
9545
9804
18987
9512
9514
9512
9515
18984
9516
9518
9548
9514
9515
18989
9516
9520
9808
9516
9551
9809
9522
9552
9810
9519
9521
9519
9522
9523
9521
9522
9523
9523
9526
9528
9526
9529
9530
9532
9528
9529
9530
9534
9815
9530
9816
9536
9817
9533
9535
9533
9536
9537
9538
9555
9535
9536
9537
9540
9822
9537
9558
9823
9541
9559
9824
9539
9541
9542
9562
18992
9541
18982
9542
9565
9830
9566
9831
17388
9544
9545
18986
9547
9549
9569
18994
9547
9551
9838
18995
9547
9572
9839
9553
9573
9840
9550
9552
9550
9553
9554
9576
9552
9553
9554
9845
9554
9579
9846
9580
9847
9557
9559
9557
9560
9561
9563
9559
9560
9561
9565
9561
9567
9564
9566
10292
9564
9567
9568
9583
10312
9566
9567
9568
9852
10314
9568
9586
9853
9587
9854
10315
9571
9573
18387
9571
9574
9575
9577
9590
9573
9574
9575
9579
9860
9575
9593
9861
9581
9594
9862
9578
9580
9578
9581
9582
9597
9580
9581
9582
9582
9600
9601
9585
9587
10293
9585
9588
11648
9589
10318
11648
9587
9588
9589
10320
9589
11648
10322
11648
9592
9594
9592
9595
9596
9598
9604
9594
9595
9596
9600
9596
9607
9602
9608
9599
9601
9599
9602
9603
9601
9602
9603
9603
9606
9608
9606
9609
9610
9611
9608
9609
9610
9610
9613
9614
9612
9614
18388
9615
9617
9623
18996
9614
9615
9619
9868
9621
9625
9869
18997
9618
9620
9618
9621
9622
9627
9620
9621
9622
9873
9622
9630
9874
9631
9875
9624
9625
18389
9626
9628
17389
9626
9630
9880
18998
9632
9881
18999
9629
9631
9629
9632
9633
9634
9631
9632
9633
9883
9633
9637
9884
9638
9885
9636
9638
9636
9639
9640
9642
9648
9638
9639
9640
9644
9890
9640
9646
9650
9891
9643
9645
9643
9646
9647
9651
9645
9646
9647
9895
9647
9654
9896
9655
9897
9649
9650
9652
9654
9909
9653
9655
9653
9656
9657
9659
9665
9655
9656
9657
9661
9910
9657
9911
9663
9667
9912
9660
9662
11678
9660
9663
11687
9664
16769
16802
9662
9663
9664
9916
16771
9664
9917
16805
9918
16773
16806
9666
9667
11687
16803
16805
9670
9671
9705
9670
9708
9675
9709
9672
9675
9676
9678
9712
9674
9675
9676
9680
9676
9715
9682
9716
9679
9681
19000
9679
9682
9683
9685
9719
9681
9682
9683
9687
19001
9683
9722
9689
9723
9686
9688
18391
9686
9689
9690
9691
9726
9688
9689
19002
9690
9693
19004
9690
9729
9695
9730
9692
9695
18394
9696
9697
9733
19007
9694
9695
18397
9696
19010
9696
9736
9698
9737
9698
18955
9699
9743
9931
19016
9700
9744
9932
19019
9750
9933
17390
9704
9706
9760
18961
9704
9708
9704
9763
19028
9710
9764
9707
9709
9707
9710
9711
9713
9767
9709
9710
9711
9715
9711
9770
9717
9771
9714
9716
9714
9717
9718
9720
9716
9717
9718
9722
9718
9724
9721
9723
9721
9724
9725
9727
9723
9724
9725
9729
9725
9731
9728
9730
9728
9731
9732
9734
9730
9731
9732
9736
9732
9738
9735
9737
9735
9738
9739
9741
9737
9738
9739
9743
9739
9745
9742
9744
19013
9742
9745
9746
9748
9774
9744
9745
9746
9750
9935
9746
9777
9936
9752
9778
9937
9749
9751
18400
9749
9752
9753
9754
9781
9751
9752
9753
9756
9938
19022
9753
9784
9939
9757
9785
9940
9755
9757
18403
9758
9788
17393
9757
17395
9758
9791
9941
9792
9942
19029
9765
9805
19034
9762
9764
9762
9765
19032
9766
9768
9808
9764
9765
19035
9766
9770
9766
9811
9772
9812
9769
9771
9769
9772
9773
9771
9772
9773
9773
9776
9778
9776
9779
9780
9782
9778
9779
9780
9784
9780
9786
9783
9785
9783
9786
9787
9789
9785
9786
9787
9791
9944
9787
9945
9793
9946
9790
9792
9790
9793
9794
9795
9815
9792
9793
9794
9797
9951
9794
9818
9952
9799
9819
9953
9796
9799
9800
9801
9822
19036
9798
9799
19031
9800
9958
17398
9800
9825
9959
9802
9826
9960
9802
17399
9832
9965
19038
9804
9805
18406
9807
9809
9838
19042
9807
9811
19044
9807
9841
19040
9813
9842
9810
9812
9810
9813
9814
9845
9812
9813
9814
9814
9848
9849
9817
9819
9817
9820
9821
9823
9819
9820
9821
9825
9821
9827
9824
9826
9824
9827
9828
9830
9826
9827
9828
9832
9970
9828
9971
9834
9972
9831
9833
18993
9831
9834
9835
9836
9852
9833
9834
9835
9977
19039
9835
9855
9978
9837
9856
9979
9837
10294
9984
10330
9840
9842
9840
9843
19046
9844
9846
9860
9842
9843
19047
9844
9848
9844
9863
19049
9850
9864
9847
9849
9847
9850
9851
9849
9850
9851
9851
9854
9856
10294
9854
9857
9858
10328
9856
9857
9858
9988
10330
9858
9989
9990
10332
9865
9867
9862
9864
9862
9865
9866
9864
9865
19051
9866
9866
10016
9869
9871
9872
9874
9880
9871
9872
9876
10027
9878
9882
10028
9875
9877
9875
9878
9879
9883
9877
9878
9879
10032
9879
9886
10033
9887
10034
9881
9882
9884
9886
10039
9885
9887
9885
9888
9889
9890
9887
9888
9889
10041
9889
9892
10042
9893
10043
9891
9893
9894
9896
9909
9893
9894
9898
10069
9900
9897
9899
9897
9900
9901
9903
9910
9899
9900
9901
9905
10071
9901
9913
10072
9907
9914
10073
9904
9906
9904
9907
9908
9916
9906
9907
9908
10078
9908
9919
10079
9920
10080
9912
9914
9912
9915
9917
9914
9915
9919
10099
9921
9918
9920
9918
9921
9922
9924
9930
9920
9921
9922
9926
10100
9922
9928
10101
9925
9927
11731
16772
9925
9928
11738
16773
9929
11731
16774
16954
9927
9928
9929
10104
11731
9929
10105
16957
10106
11731
16958
11738
16806
9932
9933
9935
19052
9934
18408
9938
19025
9937
9937
9939
9940
9940
9941
9944
9942
9943
9951
19055
17401
9946
9948
9946
9949
9950
9952
9948
9949
9950
9954
9950
9956
9953
9955
9953
9956
9957
9959
9955
9956
9957
9961
9957
9963
9960
9962
9960
9963
9964
9965
9970
9962
9963
9964
9967
10109
9964
9973
10110
9968
9974
10111
9966
9968
9969
9977
9968
9969
9980
10112
9981
10113
9972
9974
9972
9975
9976
9978
9974
9975
9976
9980
10114
9976
10115
9982
10116
9979
9981
9979
9982
9983
9984
9988
9981
9982
9983
9985
10119
9983
9991
10120
9986
9992
10121
9986
9986
9987
9998
10124
9999
10125
9990
9992
9990
9993
9994
9996
10002
9992
9993
9994
9998
10128
9994
10005
10129
10000
10006
10130
9997
9999
10331
9997
10000
10332
10001
10009
10333
10344
9999
10000
10001
10135
17402
10001
10012
10136
10013
10137
10345
10004
10006
10004
10007
11744
10008
10010
11744
10006
10007
10008
10012
10142
10008
10143
11744
10014
10144
11744
10011
10013
10297
10338
10011
10014
10339
11745
10015
10340
10346
16975
10013
10014
10015
10149
10347
10015
10150
16978
10151
10348
16979
10017
10018
10019
10021
10019
10023
19057
10025
10022
10024
10022
10025
10026
10024
10025
10026
10026
10028
10030
10031
10033
10039
10030
10031
10035
10160
10037
10040
10161
10034
10036
10034
10037
10038
10041
10036
10037
10038
10165
10038
10044
10166
10045
10167
10040
10044
10043
10045
10043
10046
10047
10049
10069
10045
10046
10047
10051
10186
10047
10187
10053
10070
10188
10050
10052
10050
10053
10054
10071
10052
10053
10054
10192
10054
10074
10193
10075
10194
10057
10059
10057
10060
10061
10063
10092
10059
10060
10061
10065
10213
10061
10095
10214
10067
10096
10215
10064
10066
11755
10064
10067
11761
10068
11755
17027
10066
10067
10068
10220
11755
10068
10221
17030
10222
11755
17031
10070
10074
10073
10075
10073
10076
10077
10079
10099
10075
10076
10077
10081
10234
10077
10083
10235
10080
10082
10080
10083
10084
10086
10100
10082
10083
10084
10088
10238
10084
10102
10239
10090
10103
10240
10087
10089
10087
10090
10091
10093
10104
10089
10090
10091
10095
10244
10091
10107
10245
10097
10108
10246
10094
10096
11761
10094
10097
11767
10098
17028
17060
10096
10097
10098
10251
17030
10098
10252
17063
10253
17032
17064
10101
10103
10105
10103
10107
17403
10106
10108
11767
10106
17404
17061
17405
10108
17406
10265
17063
17407
10111
10111
10112
10114
10113
10119
10116
10116
10117
10118
10120
10118
10122
10121
10121
10122
10123
10124
10128
10123
10131
10126
10132
10125
10126
10127
10135
19058
10127
10138
10139
19059
10130
10132
10130
10133
10134
10136
10142
10132
10133
10134
10138
10134
10145
10140
10146
10137
10139
17409
10137
10140
10141
10149
10349
10139
10140
10141
17410
10141
10152
10266
10153
10267
10350
10144
10146
10144
10147
11772
10148
10150
17079
10146
10147
10148
10152
10148
17082
10154
17083
10151
10153
10298
10151
10154
11773
10155
10351
17086
10153
10154
10155
10268
10352
10155
17089
10269
10353
17090
10157
10158
10159
10160
10159
10162
10163
10161
10163
10164
10166
10163
10164
10168
10170
10167
10169
10167
10170
10171
10173
10186
10169
10170
10171
10175
10171
10189
10177
10190
10174
10176
10174
10177
10178
10192
10176
10177
10178
10178
10195
10196
10181
10183
10181
10184
10185
10227
10183
10184
10185
10185
10230
10231
10188
10190
10188
10191
10193
10190
10191
10195
10197
10194
10196
10194
10197
10198
10200
10234
10196
10197
10198
10202
10198
10236
10204
10237
10201
10203
10201
10204
10205
10207
10238
10203
10204
10205
10209
10205
10241
10211
10242
10208
10210
10208
10211
10212
10214
10244
10210
10211
10212
10216
10212
10247
10218
10248
10215
10217
10215
10218
10219
10221
10251
10217
10218
10219
10223
10219
10254
10225
10255
10222
10224
10222
10225
10226
10228
10258
10224
10225
10226
10230
10273
10226
10261
10274
10232
10262
10275
10229
10231
11755
11782
10229
10232
11755
11786
10233
11755
17125
17146
10231
10232
10233
10276
17127
10233
10277
17149
10278
17129
17150
10235
10237
10239
10237
10241
10279
10240
10242
10240
18411
10243
10245
17412
10242
17413
10243
10247
10280
10249
19060
10246
10248
10246
10249
18412
10250
10252
10265
10248
10249
10250
10254
10282
10250
17414
10256
17416
10253
10255
10253
10256
11790
10257
10259
17160
10255
10256
10257
10261
10285
10257
17419
10263
17422
10260
10262
11786
17031
10260
10263
11791
17032
10264
17033
17147
17161
10262
10263
10264
10288
17149
10264
17425
17151
17428
11790
17431
10267
10268
10354
10269
10299
10356
17162
10272
10272
10273
10275
10275
10277
10288
10278
11792
10278
11795
17166
17172
10281
17433
10283
17435
10284
17437
10284
18414
10286
17440
10287
17443
10287
17446
10289
17449
10290
11795
17452
10290
18417
17173
17455
10301
10304
10305
10307
16370
10302
10312
10314
10307
10312
10317
10318
10320
10314
10327
10328
10330
10320
10328
10334
10335
10337
10325
10334
10341
10342
10342
10344
10346
10347
10347
10349
10351
10352
17458
10352
10354
10356
10357
17460
10301
16370
10303
10303
10307
10312
10306
10308
16371
10306
10309
11581
16372
10310
16373
16563
17461
10308
10309
10310
10317
10310
10318
16566
10311
10319
16567
10324
16571
10313
10315
10316
10317
10315
10316
10320
10328
10321
10329
10319
10321
10319
10322
11649
10323
10324
16723
10321
10322
10323
10325
10334
10323
10335
16726
10326
10336
16727
10326
11650
10326
10341
16731
10329
10331
10329
10332
10333
10334
10331
10332
10333
10333
10337
10338
10336
10338
10336
10339
11705
10340
10341
16866
10338
10339
10340
10342
10340
16869
10343
16870
10343
11706
10343
10346
16874
10345
10347
10349
17462
10348
11746
10348
17463
10351
16983
17464
10350
19062
10352
10354
19066
10353
11774
17465
10353
17466
10356
17094
17468
10355
17470
10357
17471
11873
11874
11876
17472
11805
11855
11873
11880
11881
11883
11811
11861
11880
11887
11888
11890
11816
11867
11887
11894
11895
11897
11905
11906
11908
11874
11905
11912
11913
11915
11819
11881
11912
11919
11920
11922
11823
11888
11919
11926
11927
11929
11827
11895
11926
11933
11934
11936
11831
11901
11933
11940
11941
17473
11906
11945
11949
11950
11952
11913
11949
11956
11957
11959
10371
10392
11833
11834
11835
11836
11920
11921
11924
11925
11956
11958
11960
11962
10372
10393
11837
11838
11839
11840
11927
11928
11931
11932
11964
11966
11968
11841
11934
11963
11964
11966
11845
11940
11963
11970
11971
17474
11847
11964
11975
11976
11978
11851
11970
11975
11982
11983
17476
11857
12001
12008
12009
12011
17478
11863
11990
12008
12015
12016
12018
11868
11996
12015
12022
12023
12025
11876
12002
12033
12037
12038
12040
11883
12009
12037
12044
12045
12047
11890
12016
12044
12051
12052
12054
11897
12023
12051
17175
17176
17178
11902
12029
12058
12059
12061
17175
11908
12065
12066
12068
11915
12038
12065
12072
12073
12075
10387
10392
10415
11922
11923
11924
11925
12045
12046
12049
12050
12072
12074
12076
12078
10388
10393
10416
11929
11930
11931
11932
12052
12053
12056
12057
12080
12082
12084
11936
12079
12080
12082
17176
11941
12059
12079
12086
12087
12089
11952
12066
12093
12095
12096
12098
11959
12073
12095
17182
17183
17185
10393
10422
17182
17184
17186
17188
10394
10396
10423
12103
12105
12107
11966
12080
12102
12103
12105
11971
12087
12102
12109
12110
12112
10397
10429
12117
12119
12121
12279
12280
12281
11978
12103
12116
12117
12119
11983
12110
12116
12123
12124
17481
12136
12137
12139
17482
11992
12136
12143
12144
12146
17484
11997
12143
12150
12151
12153
12004
12164
12165
12167
17486
12011
12137
12164
12171
12172
12174
10405
10409
10445
12018
12019
12020
12021
12144
12145
12148
12149
12171
12173
12175
12177
12179
12181
12183
12025
12151
12178
12179
12181
12030
12157
12178
12185
12186
12188
12040
12165
12193
12199
12200
12202
10409
10415
10450
12047
12048
12049
12050
12172
12173
12176
12177
12199
12201
12203
12205
10410
10416
10451
12054
12055
12056
12057
10411
10417
10452
12179
12180
12183
12184
12207
12209
12211
17178
17179
17180
17181
12061
12186
12206
12207
12209
12206
12213
12214
12068
12194
12216
12217
12219
12075
12200
12216
12223
12224
12226
10416
10422
10456
12223
12225
12227
12229
10417
10423
10457
10418
10424
10458
12082
12083
12084
12085
12231
12233
12235
12089
12207
12230
12231
12233
12213
12230
12237
12238
17488
12098
12217
12240
12241
12243
12224
12240
12246
12247
12249
17185
10423
10428
10462
12246
12248
12250
12252
12272
12275
12276
12449
12450
12451
10424
10429
10463
12279
12282
12283
12456
12457
12458
10425
10430
10464
12105
12106
12107
12108
12254
12256
12258
12286
12289
12290
12463
12464
12465
12112
12231
12253
12254
12256
12241
12260
12261
12247
12260
12265
12266
12268
12265
12272
12273
12275
12272
12279
12280
12282
12119
12279
12286
12287
12289
12124
12254
12286
12293
12266
12294
12295
12296
12298
12273
12295
12300
12301
12303
12280
12300
12305
12306
12308
12287
12305
12315
12322
12323
12325
17490
12322
12329
12331
12340
12341
12343
12139
12316
12340
12347
12348
12350
12146
12323
12347
12354
12355
12357
12153
12329
12354
12361
12362
12364
12158
12335
12361
12368
12369
12371
12167
12341
12376
12380
12381
12383
10445
10450
10483
12174
12175
12176
12177
12348
12349
12352
12353
12380
12382
12384
12386
10446
10451
10484
12355
12356
12359
12360
10447
10452
10485
12181
12182
12183
12184
12362
12363
12366
12367
12388
12390
12392
12188
12369
12387
12388
12390
12387
12394
12395
12202
12381
12397
12401
12402
12404
10451
10456
10489
12401
12403
12405
12407
10452
10457
10490
10453
10458
10491
12409
12411
12413
12209
12388
12408
12409
12411
12214
12394
12408
12415
12416
12226
12402
12418
12422
12423
12425
10457
10462
10495
12422
12424
12426
12428
12449
12452
12453
12644
12645
12646
10458
10463
10496
12456
12459
12460
10459
10464
10497
12430
12432
12434
12463
12466
12467
12233
12409
12429
12430
12432
12238
12415
12429
12436
12437
17492
12249
12423
12439
12442
12443
12445
12442
12449
12450
12452
12449
12456
12457
12459
12456
12463
12464
12466
12256
12430
12463
12470
12471
12473
12268
12443
12476
12477
12479
12275
12450
12476
12481
12482
12484
12282
12457
12481
12488
12489
12491
12289
12464
12488
12495
12496
12497
12293
12471
12495
12308
12489
12500
12318
12516
12521
12522
12524
17494
12325
12504
12521
12528
12529
12531
12331
12510
12528
12535
12536
12538
12336
12535
12542
12543
12545
12343
12552
12553
12555
12350
12522
12552
12559
12560
12562
10479
10484
10518
12357
12358
12359
12360
12529
12530
12533
12534
12559
12561
12563
12565
12567
12569
12571
12364
12536
12566
12567
12569
12371
12543
12566
12573
12574
12576
12573
12580
12581
12383
12553
12584
12588
12589
12591
10484
10489
10523
12560
12561
12564
12565
12588
12590
12592
12594
10485
10490
10524
10486
10491
10525
12567
12568
12571
12572
12596
12598
12600
12390
12574
12595
12596
12598
12395
12580
12595
12602
12603
12605
12404
12589
12609
12613
12614
12616
10490
10495
10529
12613
12615
12617
12619
12644
12647
12648
10491
10496
10530
10492
10497
10531
12621
12623
12625
12411
12596
12620
12621
12623
12416
12603
12620
12627
12628
12629
12425
12614
12633
12637
12638
12640
12637
12644
12645
12647
10497
10502
10536
12644
12646
12648
12650
12674
12677
12678
10498
10503
10537
12652
12654
12656
12681
12684
12685
12862
12863
12864
12432
12621
12651
12652
12654
12437
12628
12651
12658
12659
17496
12445
12638
12661
12662
12664
12452
12645
12661
12667
12668
12670
12459
12667
12674
12675
12677
12466
12674
12681
12682
12684
12473
12652
12681
12688
12689
12690
12484
12668
12693
12694
12695
12491
12675
12694
12697
12698
12497
12682
12697
12700
12701
12506
12706
12712
12713
12715
17497
12512
12712
12719
12720
12722
17499
12719
12726
12728
17501
12524
12707
12733
12740
12741
12743
12531
12713
12740
12747
12748
12750
12538
12720
12747
12754
12755
12757
12545
12726
12754
12761
12762
12764
12761
12768
12769
12555
12734
12772
12776
12777
12779
12562
12741
12776
12783
12784
12786
10519
10524
10557
12748
12749
12752
12753
12783
12785
12787
12789
10520
10525
10558
12569
12570
12571
12572
12755
12756
12759
12760
12791
12793
12795
12576
12762
12790
12791
12793
12581
12768
12790
12797
12798
12800
12591
12777
12804
12808
12809
12811
10524
10529
10562
12784
12785
12788
12789
12808
12810
12812
12814
10525
10530
10563
10526
10531
10564
10527
10532
10565
12598
12599
12600
12601
12791
12792
12795
12796
12816
12818
12820
12833
12836
12837
12605
12798
12815
12816
12818
12616
12809
12822
12826
12827
12829
10530
10535
10568
12826
12828
12830
12832
12855
12858
12859
10531
10536
10569
10532
10537
10570
12834
12836
12838
12862
12865
12866
12623
12833
12834
12836
12629
12816
12833
12840
12841
12843
12640
12827
12847
12848
12849
12851
12647
12848
12855
12856
12858
10537
10542
10575
12855
12857
12859
12861
12863
12865
12867
12887
12890
12891
13054
13055
13056
12862
12863
12865
12654
12834
12862
12869
12870
12872
12659
12841
12869
12876
12664
12849
12877
12670
12856
12877
12880
12881
12883
12677
12880
12887
12888
12890
12684
12863
12887
12894
12895
12897
12690
12870
12894
12901
12902
12916
12917
12919
17502
12715
12903
12916
12923
12924
12926
12722
12907
12923
12930
12931
12933
12728
12911
12930
12937
12938
12940
12736
12948
12949
12951
17504
12743
12917
12948
12955
12956
12958
12750
12924
12955
12962
12963
12965
10553
10558
10593
12757
12758
12759
12760
12931
12932
12935
12936
12962
12964
12966
12968
12970
12972
12974
12764
12938
12969
12970
12972
12769
12944
12969
12976
12977
12979
12779
12949
12983
12987
12988
12990
12786
12956
12987
12994
12995
12997
10558
10563
10598
12963
12964
12967
12968
12994
12996
12998
13000
10559
10564
10599
10560
10565
10600
12793
12794
12795
12796
12970
12971
12974
12975
13002
13004
13006
12800
12977
13001
13002
13004
12811
12988
13008
13012
13013
13015
10563
10568
10604
12995
12996
12999
13000
13012
13014
13016
13018
10564
10569
10605
10565
10570
10606
10566
10571
10607
13029
13032
13033
17190
17192
17194
12818
13002
17189
17190
17192
12829
13013
13019
13022
13023
13025
10569
10574
10610
13022
13024
13026
13028
13047
13050
13051
13225
13226
13227
10570
10575
10611
13054
13057
13058
10571
10576
10612
13030
13032
13034
13061
13064
13065
12836
13029
13030
13032
12843
13029
13036
13037
13038
17190
12851
13023
13041
13042
13044
12858
13041
13047
13048
13050
13047
13054
13055
13057
12865
13054
13061
13062
13064
12872
13030
13061
13068
13069
13071
12876
13037
13068
13075
12883
13048
13076
13077
13079
12890
13055
13077
13081
13082
13084
12897
13062
13081
13086
13087
13088
12902
13069
13086
13092
13098
13099
13101
17505
13098
13105
13107
17507
12919
13114
13115
13117
17508
12926
13093
13114
13121
13122
13124
12933
13099
13121
13128
13129
13131
12940
13105
13128
13135
13136
13138
12945
13135
13142
13144
12951
13148
13149
13151
17510
12958
13115
13148
13155
13156
13158
10593
10598
10633
12965
12966
12967
12968
13122
13123
13126
13127
13155
13157
13159
13161
10594
10599
10634
13129
13130
13133
13134
13163
13165
13167
12972
13136
13162
13163
13165
12979
13142
13162
13169
13170
13172
12990
13149
13178
13182
13183
13185
12997
13156
13182
13189
13190
13192
10599
10605
10640
13189
13191
13193
13195
10600
10606
10641
10601
10607
10642
13163
13164
13167
13168
17197
17199
17201
13004
13170
17196
17197
17199
13196
13197
17196
13015
13183
13199
13203
13204
13206
10605
10610
10646
13190
13191
13194
13195
13203
13205
13207
13209
13225
13228
13229
10606
10611
10647
10607
10612
10648
10608
10613
10649
13211
13213
13215
13232
13235
13236
13400
13401
13402
13210
13211
13213
17192
17197
13025
13204
13217
13218
13219
13221
13218
13225
13226
13228
10612
10617
10653
13225
13227
13229
13231
13254
13257
13258
13427
13428
13429
10613
10618
10654
13233
13235
13237
13261
13264
13265
13434
13435
13436
13032
13232
13233
13235
13038
13211
13232
13239
13240
13241
13044
13219
13244
13050
13226
13244
13247
13248
13250
13057
13247
13254
13255
13257
13064
13254
13261
13262
13264
13071
13233
13261
13268
13269
13270
13084
13255
13273
13274
13275
13088
13262
13274
13277
13278
13285
13286
13288
13101
13285
13292
13293
13295
17512
13107
13292
13299
13300
13302
17513
13299
13306
13308
13117
13313
13314
13316
17514
13124
13286
13313
13320
13321
13323
10629
10634
10667
13131
13132
13133
13134
13293
13294
13297
13298
13320
13322
13324
13326
13328
13330
13332
13138
13300
13327
13328
13330
13144
13306
13327
13334
13335
13337
13151
13344
13345
13158
13314
13344
13350
13351
13353
10634
10640
10672
13321
13322
13325
13326
13350
13352
13354
13356
10635
10641
10673
10636
10642
10674
13165
13166
13167
13168
13328
13329
13332
13333
13358
13360
13362
13172
13335
13357
13358
13360
13176
13341
13357
13364
13365
13185
13345
13368
13369
13371
13192
13351
13368
13375
13376
13378
10641
10647
10679
13375
13377
13379
13381
10642
10648
10680
10643
10649
10681
13383
13385
13387
13400
13403
13404
13358
13382
13383
13385
17199
13197
13364
13382
13389
13390
17516
13206
13369
13392
13393
13394
13396
10647
10652
10685
13376
13377
13380
13381
13393
13395
13397
13399
13420
13423
13424
13596
13597
13598
10648
10653
10686
13427
13430
13431
10649
10654
10687
13401
13403
13405
13434
13437
13438
13400
13401
13403
13213
13383
13400
13407
13408
13410
13221
13394
13414
13415
13417
13228
13414
13420
13421
13423
13420
13427
13428
13430
13427
13434
13435
13437
13235
13401
13434
13441
13442
13444
13241
13408
13441
13448
13449
13250
13421
13450
13451
13452
13454
13257
13428
13451
13457
13458
13460
13264
13435
13457
13464
13465
13467
13270
13442
13464
13470
13471
13288
13493
13494
13496
13295
13475
13493
13500
13501
13503
13302
13481
13500
13507
13508
13510
13308
13487
13507
13514
13515
13517
13316
13526
13527
13529
17517
10667
10672
10708
13323
13324
13325
13326
13494
13495
13498
13499
13526
13528
13530
13532
13743
13744
13745
10668
10673
10709
13501
13502
13505
13506
10669
10674
10710
13330
13331
13332
13333
13508
13509
13512
13513
13534
13536
13538
13337
13515
13533
13534
13536
13342
13521
13533
13540
13541
13353
13527
13543
13549
13550
13552
10673
10679
10714
13549
13551
13553
13555
10674
10680
10715
10675
10681
10716
13557
13559
13561
13360
13534
13556
13557
13559
13365
13540
13556
13563
13564
17519
13371
13544
13566
13567
13569
13378
13550
13566
13573
13574
13576
10680
10686
10721
13573
13575
13577
13579
10681
10687
10722
10682
10688
10723
13581
13583
13585
13603
13606
13607
13385
13557
13580
13581
13583
13390
13563
13580
13587
13588
17520
13396
13567
13589
13590
13592
13574
13589
13596
13597
13599
10687
10691
10728
13596
13598
13600
13602
13626
13629
13630
13818
13819
13820
10688
10692
10729
13604
13606
13608
13633
13636
13637
13825
13826
13827
13403
13603
13604
13606
13410
13581
13603
13610
13611
13613
13423
13597
13616
13619
13620
13622
13430
13619
13626
13627
13629
13437
13626
13633
13634
13636
13444
13604
13633
13640
13641
13643
13449
13611
13640
13646
13454
13620
13647
13460
13627
13647
13649
13650
13467
13634
13649
13652
13653
13471
13641
13652
13477
13662
13669
13670
13672
13483
13669
13676
13677
13679
17522
13676
13683
13684
13686
13496
13663
13694
13700
13701
13703
13503
13670
13700
13707
13708
13710
13510
13677
13707
13714
13715
13717
13517
13684
13714
13721
13722
13724
13522
13690
13721
13728
13730
13529
13695
13736
13737
13739
17523
13701
13736
13743
13744
13746
10710
10715
10753
13708
13709
13712
13713
13743
13745
13747
13749
10711
10716
10754
13715
13716
13719
13720
13751
13753
13755
13536
13722
13750
13751
13753
13541
13728
13750
13757
13758
13760
13552
13737
13764
13768
13769
13771
10715
10721
10759
13744
13745
13748
13749
13768
13770
13772
13774
10716
10722
10760
10717
10723
10761
13776
13778
13780
13559
13751
13775
13776
13778
13564
13758
13775
13782
13783
13784
13569
13787
13788
13576
13769
13787
13792
13793
13795
10722
10728
10766
13792
13794
13796
13798
13818
13821
13822
14058
14059
14060
10723
10729
10767
13825
13828
13829
10724
10730
10768
13800
13802
13804
13832
13835
13836
14065
14066
14067
13583
13776
13799
13800
13802
13588
13783
13799
13806
13592
13788
13807
13599
13793
13807
13811
13812
13814
13811
13818
13819
13821
13818
13825
13826
13828
13606
13825
13832
13833
13835
13613
13800
13832
13839
13840
13841
13622
13812
13844
13846
13629
13819
13844
13848
13849
13851
13636
13826
13848
13855
13856
13858
13643
13833
13855
13862
13863
13864
13879
13880
13882
17525
10738
10741
10786
13657
13658
13868
13869
13879
13881
13883
13885
13887
13889
13891
17527
13886
13887
13889
17529
13665
13873
13904
13905
13907
13672
13880
13904
13911
13912
13914
10742
10747
10794
13679
13680
13681
13682
13911
13913
13915
13917
13919
13921
13923
13686
13887
13918
13919
13921
13691
13893
13918
13925
13926
13928
13938
13939
13941
13703
13905
13938
13945
13946
13948
10747
10753
10802
13710
13711
13712
13713
13912
13913
13916
13917
13945
13947
13949
13951
10748
10754
10803
13717
13718
13719
13720
13953
13955
13957
13724
13919
13952
13953
13955
13730
13926
13952
13959
13960
13962
13932
13959
13966
13967
13739
13939
13975
13976
13978
10753
10759
10810
13746
13747
13748
13749
13946
13947
13950
13951
13975
13977
13979
13981
10754
10760
10811
10755
10761
10812
10756
10762
10813
13753
13754
13755
13756
13953
13954
13957
13958
13983
13985
13987
14013
14016
14017
13760
13960
13982
13983
13985
13966
13982
13989
13990
13771
13976
14002
14006
14007
14009
10760
10766
10820
14006
14008
14010
14012
14058
14061
14062
10761
10767
10821
10762
10768
10822
14014
14016
14018
14065
14068
14069
13778
14013
14014
14016
13784
13983
14013
14020
14021
14023
13989
14020
14027
13795
14007
14049
14051
14052
14054
14051
14058
14059
14061
10768
10774
10832
14058
14060
14062
14064
14066
14068
14070
14102
14105
14106
14407
14408
14409
14065
14066
14068
13802
14014
14065
14072
14073
14075
13806
14021
14072
14079
14036
14085
14088
13814
14052
14089
14090
14092
13821
14059
14089
14095
14096
14098
13828
14095
14102
14103
14105
13835
14066
14102
14109
14110
14112
13841
14073
14109
14116
14117
14118
13851
14096
14120
14121
13858
14103
14121
14123
14124
13864
14110
14123
14144
14151
14152
14154
17530
14129
14151
14158
14159
14161
17531
14135
14158
14165
14166
14168
17533
14165
14172
14173
14175
17536
13875
14145
14188
14193
14194
14196
13882
14152
14193
14200
14201
14203
10787
10794
10857
14159
14160
14163
14164
14200
14202
14204
14206
14208
14210
14212
13889
14166
14207
14208
14210
13895
14173
14207
14214
14215
14217
14179
14214
14221
14222
14224
14221
14228
14230
14237
14238
14240
13907
14194
14237
14244
14245
14247
10794
10802
10866
13914
13915
13916
13917
14201
14202
14205
14206
14244
14246
14248
14250
10795
10803
10867
10796
10804
10868
13921
13922
13923
13924
14208
14209
14212
14213
14252
14254
14256
13928
14215
14251
14252
14254
13933
14222
14251
14258
14259
14261
14228
14258
14265
14266
14268
14265
14272
14273
13941
14238
14279
14280
14282
10802
10810
10876
13948
13949
13950
13951
14245
14246
14249
14250
14279
14281
14283
14285
10803
10811
10877
10804
10812
10878
10805
10813
10879
13955
13956
13957
13958
14287
14289
14291
13962
14252
14286
14287
14289
13967
14259
14286
14293
14294
14296
13971
14266
14293
14300
14301
14303
14272
14300
14307
14308
14310
10810
10819
10886
13978
13979
13980
13981
14280
14281
14284
14285
14348
14351
14352
10811
10820
10887
10812
10821
10888
10813
10822
10889
10814
10823
10890
10815
10824
10891
13985
13986
13987
13988
14287
14288
14291
14292
14320
14322
14324
14355
14358
14359
13990
14294
14319
14320
14322
13994
14301
14319
14326
14327
14329
13998
14308
14326
14333
14334
14336
14314
14333
14340
14342
14009
14348
14349
14351
10821
10831
10898
14348
14350
14352
14354
14400
14403
14404
14724
14725
14726
10822
10832
10899
14407
14410
14411
10823
10833
10900
14414
14417
14418
10824
10834
10901
14016
14017
14018
14019
14356
14358
14360
14421
14424
14425
14023
14355
14356
14358
14027
14320
14355
14362
14363
14365
14032
14327
14362
14369
14370
14372
14038
14334
14369
14376
14377
14379
14044
14340
14376
14383
14384
14386
14383
14390
14391
14054
14349
14394
14395
14397
14061
14394
14400
14401
14403
14400
14407
14408
14410
14068
14407
14414
14415
14417
14075
14414
14421
14422
14424
14079
14356
14421
14428
14429
14431
14082
14363
14428
14435
14436
14438
14086
14370
14435
14442
14443
14088
14377
14442
14446
14098
14401
14452
14453
14454
14456
14105
14408
14453
14459
14460
14462
14112
14415
14459
14466
14467
14469
14118
14422
14466
14472
14473
14131
14499
14500
14502
14136
14485
14499
14506
14507
14509
14140
14491
14506
14513
14514
14516
14513
14520
14521
14523
17538
14154
14533
14534
14536
14161
14500
14533
14540
14541
14543
10850
10858
10934
14168
14169
14170
14171
14507
14508
14511
14512
14540
14542
14544
14546
14548
14550
14552
14175
14514
14547
14548
14550
14181
14521
14547
14554
14555
14557
14185
14527
14554
14561
14562
14564
14561
14568
14570
14576
14577
14579
14196
14576
14583
14584
14586
10857
10866
10941
14203
14204
14205
14206
14534
14535
14538
14539
14583
14585
14587
14589
10858
10867
10942
14541
14542
14545
14546
10859
10868
10943
14210
14211
14212
14213
10860
10869
10944
14217
14218
14219
14220
14548
14549
14552
14553
14591
14593
14595
14224
14555
14590
14591
14593
14230
14562
14590
14597
14598
14600
14234
14568
14597
14604
14605
14607
14604
14611
14613
14240
14577
14622
14623
14625
14247
14584
14622
14629
14630
14632
10867
10877
10952
14629
14631
14633
14635
10868
10878
10953
10869
10879
10954
10870
10880
10955
14254
14255
14256
14257
10871
10881
10956
14261
14262
14263
14264
14591
14592
14595
14596
14637
14639
14641
14268
14598
14636
14637
14639
14273
14605
14636
14643
14644
14646
14277
14611
14643
14650
14651
14653
14650
14657
14658
14282
14623
14662
14666
14667
14669
10877
10887
10963
14630
14631
14634
14635
14666
14668
14670
14672
14984
14985
14986
10878
10888
10964
10879
10889
10965
10880
10890
10966
10881
10891
10967
14289
14290
14291
14292
10882
10892
10968
14296
14297
14298
14299
10883
10893
10969
14303
14304
14305
14306
14637
14638
14641
14642
14674
14676
14678
14310
14644
14673
14674
14676
14315
14651
14673
14680
14681
14683
14657
14680
14687
14689
10887
10897
10974
14667
14668
14671
14672
14717
14720
14721
10888
10898
10975
14724
14727
14728
10889
10899
10976
10890
10900
10977
10891
10901
10978
10892
10902
10979
10893
10903
10980
14322
14323
14324
14325
10894
10904
10981
14329
14330
14331
14332
14695
14697
14699
14336
14674
14694
14695
14697
14342
14681
14694
14701
14702
14704
14346
14687
14701
14708
14709
14711
14351
14717
14718
14720
14717
14724
14725
14727
10900
10909
10988
14724
14726
14728
14730
14756
14759
14760
15034
15035
15036
10901
10910
10989
14763
14766
14767
10902
10911
10990
14770
14773
14774
10903
10912
10991
14358
14359
14360
14361
14777
14780
14781
10904
10913
10992
14365
14366
14367
14368
14784
14787
14788
10905
10914
10993
14372
14373
14374
14375
10906
10915
10994
14379
14380
14381
14382
14695
14696
14699
14700
14732
14734
14736
14386
14702
14731
14732
14734
14391
14709
14731
14738
14739
14741
14403
14725
14746
14749
14750
14752
14410
14749
14756
14757
14759
14417
14756
14763
14764
14766
14424
14763
14770
14771
14773
14431
14770
14777
14778
14780
14438
14777
14784
14785
14787
10915
10924
11004
14443
14444
14445
14784
14786
14788
14790
14820
14821
14822
10916
11005
14446
14447
10917
11006
14448
14449
14732
14733
14736
14737
14792
14794
14796
14450
14739
14791
14792
14794
14456
14750
14798
14462
14757
14798
14800
14801
14469
14764
14800
14803
14804
14473
14771
14803
14806
14807
14778
14806
14809
14810
14478
14785
14809
14813
14814
14816
14482
14813
14820
14821
14493
14831
14832
14834
14831
14838
14839
14841
17540
14838
14845
14847
17541
10929
10934
14509
14510
14511
14512
14854
14856
14858
14516
14832
14853
14854
14856
14523
14839
14853
14860
14861
14863
14528
14845
14860
14867
14868
14870
14867
14874
14876
17543
10934
10942
11027
14543
14544
14545
14546
10935
10943
11028
10936
10944
11029
14550
14551
14552
14553
14854
14855
14858
14859
10937
10945
11030
14557
14558
14559
14560
14861
14862
14865
14866
14885
14887
14889
14564
14868
14884
14885
14887
14570
14874
14884
14891
14892
14894
14880
14891
14898
14899
14901
17545
14586
14909
14910
14912
10942
10952
11035
14909
14911
14913
14915
10943
10953
11036
10944
10954
11037
10945
10955
11038
10946
10956
11039
14593
14594
14595
14596
10947
10957
11040
14600
14601
14602
14603
14885
14886
14889
14890
14917
14919
14921
14607
14892
14916
14917
14919
14613
14899
14916
14923
14924
14926
14617
14905
14923
14930
14931
14933
14625
14940
14941
14943
14632
14910
14940
14947
14948
14950
10953
10964
11047
14947
14949
14951
14953
10954
10965
11048
10955
10966
11049
10956
10967
11050
10957
10968
11051
10958
10969
11052
14639
14640
14641
14642
10959
10970
11053
14646
14647
14648
14649
14917
14918
14921
14922
14955
14957
14959
14653
14924
14954
14955
14957
14658
14931
14954
14961
14962
14964
14937
14961
14968
14969
17547
14669
14941
14973
14977
14978
14980
14948
14977
14984
14985
14987
10965
10976
11059
14984
14986
14988
14990
10966
10977
11060
10967
10978
11061
10968
10979
11062
10969
10980
11063
10970
10981
11064
10971
10982
11065
14676
14677
14678
14679
10972
10983
11066
14683
14684
14685
14686
14955
14956
14959
14960
14992
14994
14996
15003
15006
15007
14689
14962
14991
14992
14994
14968
14991
14998
14999
17548
10975
10986
11070
14978
14979
14982
14983
15022
15024
15025
15295
15296
15297
17549
10976
10987
11071
14985
14986
14989
14990
15027
15030
15031
10977
10988
11072
15034
15037
15038
10978
10989
11073
10979
10990
11074
10980
10991
11075
10981
10992
11076
10982
10993
11077
10983
10994
11078
14697
14698
14699
14700
15004
15006
15008
14704
15003
15004
15006
14711
14992
15003
15010
15011
15013
14715
14998
15010
15017
15018
14720
15022
15024
14727
15022
15027
15028
15030
15027
15034
15035
15037
10990
11000
11086
15034
15036
15038
15040
15066
15069
15070
10991
11001
11087
15073
15076
15077
10992
11002
11088
15080
15083
15084
10993
11003
11089
10994
11004
11090
10995
11005
11091
10996
11006
11092
14734
14735
14736
14737
15004
15005
15008
15009
15042
15044
15046
14741
15011
15041
15042
15044
14745
15017
15041
15048
15049
14752
15028
15052
15053
15054
15056
14759
15035
15053
15059
15060
15062
14766
15059
15066
15067
15069
14773
15066
15073
15074
15076
14780
15073
15080
15081
15083
11004
11013
11100
14787
14788
14789
14790
15080
15082
15084
15086
15112
15115
15116
11005
11014
11101
15119
15122
15123
11006
11015
11102
11007
11016
11103
15088
15090
15092
15126
15129
15130
14794
15042
15087
15088
15090
15048
15087
15094
14801
15060
15095
15096
14804
15067
15095
15098
15099
14807
15074
15098
15101
15102
14810
15081
15101
15105
15106
15108
14816
15105
15112
15113
15115
14821
15112
15119
15120
15122
11016
11111
15119
15121
15123
15125
15127
15129
15131
15413
15414
15415
15126
15127
15129
15088
15126
15133
15134
15136
14827
15113
15139
15140
14841
15146
15147
15149
14847
15146
15153
15154
15156
15153
15160
15161
15163
17550
11023
11029
11122
14856
14857
14858
14859
15172
15174
15176
14863
15147
15171
15172
15174
14870
15154
15171
15178
15179
15181
14876
15161
15178
15185
15186
15188
14881
15167
15185
15192
15193
15195
11028
11036
11029
11037
11128
11030
11038
11129
11031
11039
11130
15172
15173
15176
15177
11032
11040
11131
14887
14888
14889
14890
15179
15180
15183
15184
15204
15206
15208
14894
15186
15203
15204
15206
14901
15193
15203
15210
15211
15213
11043
11134
14906
14907
14908
15199
15201
15202
15210
15212
15214
15216
15217
15218
15219
17553
11036
11047
11136
11037
11048
11137
11038
11049
11138
11039
11050
11139
11040
11051
11140
11041
11052
11141
11042
11053
11142
14919
14920
14921
14922
15204
15205
15208
15209
11043
11054
11143
14926
14927
14928
14929
15211
15212
15215
15216
11044
11055
11144
14933
14934
14935
14936
15222
15224
15226
15243
15246
15247
14938
15217
15221
15222
15224
14943
15229
15230
15232
14950
15229
15236
15237
15239
11048
11059
11148
15236
15238
15240
15242
11049
11060
11149
11050
11061
11150
11051
11062
11151
11052
11063
11152
11053
11064
11153
11054
11065
11154
11055
11066
11155
14957
14958
14959
14960
15244
15246
15248
14964
15243
15244
15246
14969
15222
15243
15250
15251
15253
14980
15230
15260
15264
15265
15267
14987
15237
15264
15271
15272
15274
11060
11072
11161
15271
15273
15275
15277
11061
11073
11162
11062
11074
11163
11063
11075
11164
11064
11076
11165
11065
11077
11166
11066
11078
11167
11067
11079
11168
15279
15281
15283
14994
15244
15278
15279
15281
14999
15251
15278
15285
15286
15288
15257
15285
15292
15293
17556
15265
15295
15296
15298
17558
11072
11084
11173
15272
15273
15276
15277
15295
15297
15299
15301
15323
15326
15327
15561
15562
15563
11073
11085
11174
11074
11086
11175
11075
11087
11176
11076
11088
11177
11077
11089
11178
11078
11090
11179
11079
11091
11180
11080
11092
11181
15006
15007
15008
15009
15303
15305
15307
15013
15279
15302
15303
15305
15018
15286
15302
15309
15310
15312
15292
15309
15316
15024
15296
15318
15320
15030
15318
15323
15324
15326
11086
11096
11186
15037
15038
15039
15040
15323
15325
15327
15329
15349
15352
15353
11087
11097
11187
15356
15359
15360
11088
11098
11188
15363
15366
15367
11089
11099
11189
11090
11100
11190
11091
11101
11191
11092
11102
11192
11093
11103
11193
15331
15333
15335
15044
15303
15330
15331
15333
15049
15310
15330
15337
15338
15340
15056
15324
15344
15346
17560
15062
15344
15349
15350
15352
15069
15349
15356
15357
15359
15076
15356
15363
15364
15366
11100
11108
11201
15083
15084
15085
15086
15363
15365
15367
15369
15392
15395
15396
11101
11109
11202
15399
15402
15403
11102
11110
11203
15406
15409
15410
11103
11111
11204
15413
15416
15417
11104
11112
11205
15371
15373
15375
15420
15423
15424
15630
15631
15632
15090
15331
15370
15371
15373
15094
15338
15370
15377
15378
15099
15357
15380
15382
15383
17562
15102
15364
15382
15385
15386
15388
15108
15385
15392
15393
15395
15115
15392
15399
15400
15402
15122
15399
15406
15407
15409
15406
15413
15414
15416
15129
15413
15420
15421
15423
15136
15371
15420
15427
15428
15429
15140
15400
15431
15432
15142
15407
15431
15434
15436
15414
15434
15438
15439
15440
15421
15438
15442
15443
15444
15446
18593
15156
15454
15455
15457
15163
15444
15454
15461
15462
15464
15168
15450
15461
15468
15469
15471
11123
11129
11124
11130
11224
15174
15175
15176
15177
11125
11131
11225
15181
15182
15183
15184
15455
15456
15459
15460
11126
11132
11226
15188
15189
15190
15191
15462
15463
15466
15467
11127
11133
11227
15195
15196
15197
15198
15469
15470
15473
15474
15480
15482
15484
15200
15475
15479
15480
15482
11129
11138
11230
11130
11139
11231
11131
11140
11232
11132
11141
11233
11133
11142
11234
15206
15207
15208
15209
11134
11143
11235
15213
15214
15215
15216
11135
11144
11236
15480
15481
15484
15485
15491
15493
15495
15741
15742
15743
15218
15486
15490
15491
15493
11137
11148
11138
11149
11239
11139
11150
11240
11140
11151
11241
11141
11152
11242
11142
11153
11243
11143
11154
11244
11144
11155
11245
11145
11156
11246
15499
15501
15503
15224
15491
15498
15499
15501
15498
15505
15506
17564
15239
15509
15510
15512
11149
11161
11249
15509
15511
15513
15515
11150
11162
11250
11151
11163
11251
11152
11164
11252
11153
11165
11253
11154
11166
11254
11155
11167
11255
11156
11168
11256
11157
11169
11257
15246
15247
15248
15249
15517
15519
15521
15253
15499
15516
15517
15519
15258
15505
15516
15523
15524
17567
15267
15528
15529
15531
15274
15510
15528
15535
15536
15538
11162
11174
11261
15535
15537
15539
15541
11163
11175
11262
11164
11176
11263
11165
11177
11264
11166
11178
11265
11167
11179
11266
11168
11180
11267
11169
11181
11268
11170
11182
11269
15281
15282
15283
15284
15543
15545
15547
15288
15517
15542
15543
15545
15293
15523
15542
15549
15550
17570
15298
15529
15554
15555
15557
17571
15536
15554
15561
15562
15564
11175
11186
11274
15561
15563
15565
15567
11176
11187
11275
11177
11188
11276
11178
11189
11277
11179
11190
11278
11180
11191
11279
11181
11192
11280
11182
11193
11281
11183
11194
11282
15305
15306
15307
15308
15569
15571
15573
15589
15592
15593
15312
15543
15568
15569
15571
15316
15549
15568
15575
15576
15326
15562
15578
15582
15583
15585
11187
11198
11286
15582
15584
15586
15588
15609
15612
15613
11188
11199
11287
15616
15619
15620
11189
11200
11288
15623
15626
15627
11190
11201
11289
11191
11202
11290
11192
11203
11291
11193
11204
11292
11194
11205
11293
15590
15592
15594
15630
15633
15634
15333
15589
15590
15592
15340
15569
15589
15596
15597
15599
15575
15596
15603
15346
15583
15604
15606
17572
15352
15604
15609
15610
15612
15359
15609
15616
15617
15619
15366
15616
15623
15624
15626
11202
11210
11301
15623
15625
15627
15629
11203
11211
11302
15661
15664
15665
11204
11212
11303
15668
15671
15672
11205
11213
11304
15631
15633
15635
15675
15678
15679
15630
15631
15633
15373
15590
15630
15637
15638
15640
15378
15597
15637
15644
15645
15646
15383
15617
15649
15651
15652
17574
15388
15624
15651
15654
15655
15657
11211
11310
15395
15396
15397
15398
15654
15656
15658
15660
15662
15664
15666
17576
15402
15661
15662
15664
15409
15661
15668
15669
15671
15416
15668
15675
15676
15678
15423
15631
15675
15682
15683
15685
15429
15638
15682
15688
17577
15432
15662
15689
15690
15436
15669
15689
15692
15693
15440
15676
15692
15451
15694
15695
15697
18654
11221
11225
15457
15458
15459
15460
15705
15707
15709
15464
15704
15705
15707
15471
15695
15704
15711
15712
15714
15476
15701
15711
15718
15719
15721
11225
11232
11322
11226
11233
11323
11227
11234
11324
15705
15706
15709
15710
11228
11235
11325
15712
15713
15716
15717
15728
15730
15732
15482
15719
15727
15728
15730
15487
15725
15727
15734
15736
17578
11231
11240
11232
11241
11328
11233
11242
11329
11234
11243
11330
11235
11244
11331
11236
11245
11332
15742
15744
15746
15728
15741
15742
15744
15493
15734
15741
15748
15749
15751
15748
15755
15756
17581
11240
11250
11241
11251
11336
11242
11252
11337
11243
11253
11338
11244
11254
11339
11245
11255
11340
11246
11256
11341
11247
11257
11342
15742
15743
15746
15747
15759
15761
15763
15501
15749
15758
15759
15761
15506
15755
15758
15765
15766
15768
11250
11261
11345
11251
11262
11346
11252
11263
11347
11253
11264
11348
11254
11265
11349
11255
11266
11350
11256
11267
11351
11257
11268
11352
11258
11269
11353
15773
15775
15777
15519
15759
15772
15773
15775
15524
15766
15772
15779
15780
15782
15538
15786
15787
15789
11262
11274
11357
15786
15788
15790
15792
11263
11275
11358
11264
11276
11359
11265
11277
11360
11266
11278
11361
11267
11279
11362
11268
11280
11363
11269
11281
11364
11270
11282
11365
15794
15796
15798
15545
15773
15793
15794
15796
15550
15780
15793
15800
15801
15803
15557
15807
15808
15810
18665
15564
15787
15807
15814
15815
15817
11275
11286
11370
15814
15816
15818
15820
11276
11287
11371
11277
11288
11372
11278
11289
11373
11279
11290
11374
11280
11291
11375
11281
11292
11376
11282
11293
11377
11283
11294
11378
15822
15824
15826
15844
15847
15848
15571
15794
15821
15822
15824
15576
15801
15821
15828
15829
15830
15585
15815
15833
15837
15838
15840
11287
11298
11382
15837
15839
15841
15843
15864
15867
15868
16049
16050
16051
11288
11299
11383
15871
15874
15875
11289
11300
11384
15878
15881
15882
11290
11301
11385
11291
11302
11386
11292
11303
11387
11293
11304
11388
11294
11305
11389
15845
15847
15849
15885
15888
15889
15592
15844
15845
15847
15599
15822
15844
15851
15852
15854
15603
15829
15851
15858
17584
15606
15838
15859
15861
17586
15612
15859
15864
15865
15867
15619
15864
15871
15872
15874
15626
15871
15878
15879
15881
11302
11310
11397
15878
15880
15882
15884
11303
11311
11398
11304
11312
11399
15914
15917
15918
16093
16094
16095
11305
11313
11400
15886
15888
15890
15921
15924
15925
16100
16101
16102
15633
15885
15886
15888
15640
15845
15885
15892
15893
15895
15646
15852
15892
15899
17587
15652
15872
15900
15902
15904
17588
15657
15879
15902
15907
15908
15910
11311
11406
15907
15909
15911
15913
17589
11312
11407
15664
15665
15666
15667
15915
15917
15919
16131
16132
16133
15671
15914
15915
15917
15678
15914
15921
15922
15924
15685
15886
15921
15927
15928
15929
15688
15893
15927
17590
15697
15931
15932
15934
15931
15938
15940
17592
11319
11324
11413
15707
15708
15709
15710
15946
15948
15950
15714
15932
15945
15946
15948
15721
15938
15945
15952
15953
15955
15952
15959
15961
17595
11323
11329
11324
11330
11417
11325
11331
11418
11326
11332
11419
15946
15947
15950
15951
15965
15967
15969
15730
15953
15964
15965
15967
15736
15959
15964
15971
15972
15974
11329
11337
11423
11330
11338
11424
11331
11339
11425
11332
11340
11426
11333
11341
11427
11334
11342
11428
15744
15745
15746
15747
15965
15966
15969
15970
15982
15984
15986
15751
15972
15981
15982
15984
15756
15978
15981
15988
15990
17598
11337
11347
11431
11338
11348
11432
11339
11349
11433
11340
11350
11434
11341
11351
11435
11342
11352
11436
11343
11353
11437
15994
15996
15998
15761
15982
15993
15994
15996
15768
15988
15993
16000
16001
16003
11346
11357
11347
11358
11440
11348
11359
11441
11349
11360
11442
11350
11361
11443
11351
11362
11444
11352
11363
11445
11353
11364
11446
11354
11365
11447
11355
11366
11448
15775
15776
15777
15778
15994
15995
15998
15999
11367
11449
15782
15783
15784
15785
16001
16002
16005
16006
16007
16010
16011
16209
16210
16211
17601
11357
11369
15789
15790
15791
15792
16021
16024
16025
11358
11370
11450
11359
11371
11451
11360
11372
11452
11361
11373
11453
11362
11374
11454
11363
11375
11455
11364
11376
11456
11365
11377
11457
11366
11378
11458
11367
11379
11459
15796
15797
15798
15799
16008
16010
16012
16028
16031
16032
16216
16217
16218
15803
16007
16008
16010
15810
16014
16015
16017
15817
16014
16021
16022
16024
11371
11382
11462
16021
16023
16025
16027
16049
16052
16053
11372
11383
11463
11373
11384
11464
11374
11385
11465
11375
11386
11466
11376
11387
11467
11377
11388
11468
11378
11389
11469
11379
11390
11470
16029
16031
16033
16056
16059
16060
15824
16028
16029
16031
15830
16008
16028
16035
16036
16037
15840
16022
16039
16042
16043
16045
16042
16049
16050
16052
11384
11395
11475
16049
16051
16053
16055
16079
16082
16083
16259
16260
16261
11385
11396
11476
16086
16089
16090
11386
11397
11477
11387
11398
11478
11388
11399
11479
16093
16096
16097
11389
11400
11480
16100
16103
16104
11390
11401
11481
16057
16059
16061
16107
16110
16111
16266
16267
16268
15847
16056
16057
16059
15854
16029
16056
16063
16064
16066
15858
16036
16063
17603
15861
16043
16070
15867
16050
16070
16072
16073
16075
15874
16072
16079
16080
16082
15881
16079
16086
16087
16089
11398
11406
11487
16086
16088
16090
16092
16307
16308
16309
11399
11407
11488
16094
16096
16098
16131
16134
16135
16314
16315
16316
16093
16094
16096
16093
16100
16101
16103
15888
16100
16107
16108
16110
15895
16057
16107
16114
16115
16117
15899
16064
16114
17604
15904
16080
16120
16121
16122
15910
16087
16121
16124
16125
16127
11407
11495
16124
16126
16128
16130
16132
16134
16136
16347
17605
16131
16132
16134
15917
16094
16131
16138
16139
16141
15924
16101
16138
16143
16144
15929
16108
16143
17606
15934
16146
16147
16149
15940
16146
16153
16154
16156
11414
11418
11502
11415
11419
11503
15948
15949
15950
15951
16147
16148
16151
16152
16165
16167
16169
15955
16154
16164
16165
16167
15961
16160
16164
16171
16172
16174
11418
11425
11506
11419
11426
11507
11420
11427
11508
11421
11428
11509
15967
15968
15969
15970
16165
16166
16169
16170
16180
16182
16184
15974
16172
16179
16180
16182
15979
16179
16186
16187
17607
11424
11432
11425
11433
11512
11426
11434
11513
11427
11435
11514
11428
11436
11515
11429
11437
11516
16190
16192
16194
15984
16180
16189
16190
16192
15990
16186
16189
16196
16198
17610
11432
11441
11433
11442
11519
11434
11443
11520
11435
11444
11521
11436
11445
11522
11437
11446
11523
11438
11447
11524
11439
11448
11525
15996
15997
15998
15999
16190
16191
16194
16195
16203
16205
16207
16003
16196
16202
16203
16205
11441
11451
11527
11442
11452
11528
11443
11453
11529
11444
11454
11530
11445
11455
11531
11446
11456
11532
11447
11457
11533
11448
11458
11534
11449
11459
11535
16210
16212
16214
16216
16219
16220
16415
16416
16417
16203
16209
16210
16212
11451
11462
11537
11452
11463
11538
11453
11464
11539
11454
11465
11540
11455
11466
11541
11456
11467
11542
11457
11468
11543
11458
11469
11544
11459
11470
11545
16217
16219
16221
16216
16217
16219
16010
16210
16216
16223
16224
16225
16024
16227
16228
16230
11463
11474
11549
16227
16229
16231
16233
16252
16255
16256
16442
16443
16444
11464
11475
11550
16259
16262
16263
11465
11476
11551
11466
11477
11552
11467
11478
11553
11468
11479
11554
11469
11480
11555
11470
11481
11556
16266
16269
16270
16449
16450
16451
11471
11482
11557
16235
16237
16239
16273
16276
16277
16456
16457
16458
16031
16217
16234
16235
16237
16037
16224
16234
16241
16242
17613
16045
16228
16243
16245
16246
16248
16052
16245
16252
16253
16255
16252
16259
16260
16262
11477
11486
11562
16259
16261
16263
16265
16300
16303
16304
11478
11487
11563
16307
16310
16311
11479
11488
11564
16314
16317
16318
16489
16490
16491
11480
11489
11565
16321
16324
16325
16496
16497
16498
11481
11490
11566
16267
16269
16271
16328
16331
16332
16503
16504
16505
16266
16267
16269
16059
16266
16273
16274
16276
16066
16235
16273
16280
16281
16282
16075
16253
16284
16286
16287
16289
16082
16260
16286
16293
16294
16296
16089
16293
16300
16301
16303
16300
16307
16308
16310
16307
16314
16315
16317
16096
16314
16321
16322
16324
16103
16321
16328
16329
16331
16110
16267
16328
16335
16336
16338
16117
16274
16335
16340
16341
17615
16122
16294
16342
17617
16127
16301
16342
16344
16345
17619
16308
16344
16347
16348
17621
16134
16315
16347
16350
16351
16141
16322
16350
16353
16144
16329
16353
16149
16354
16355
16357
16156
16354
16361
16362
16364
16161
16361
16368
16370
19064
11503
11507
11504
11508
11579
16355
16356
16359
16360
11505
11509
11580
16167
16168
16169
16170
16362
16363
16366
16367
16375
16377
16379
16174
16368
16374
16375
16377
11507
11513
11583
11508
11514
11584
11509
11515
11585
11510
11516
11586
16385
16387
16389
16182
16375
16384
16385
16387
16187
16381
16384
16391
16392
17622
11513
11520
11589
11514
11521
11590
11515
11522
11591
11516
11523
11592
11517
11524
11593
16395
16397
16399
16192
16385
16394
16395
16397
16198
16391
16394
16401
16402
16404
11520
11529
11596
11521
11530
11597
11522
11531
11598
11523
11532
11599
11524
11533
11600
11525
11534
11601
11526
11535
11602
16395
16396
16399
16400
16409
16411
16413
16415
16418
16419
16591
16592
16593
16205
16402
16408
16409
16411
11528
11538
11529
11539
11604
11530
11540
11605
11531
11541
11606
11532
11542
11607
11533
11543
11608
11534
11544
11609
11535
11545
11610
16416
16418
16420
16415
16416
16418
16212
16409
16415
16422
16423
16424
11538
11549
16442
16445
16446
11539
11550
11613
11540
11551
11614
11541
11552
11615
11542
11553
11616
11543
11554
11617
11544
11555
11618
11545
11556
11619
16449
16452
16453
11546
11557
11620
16427
16429
16431
16456
16459
16460
16611
16612
16613
16219
16416
16426
16427
16429
16225
16423
16426
16433
16434
17624
16230
16435
16436
16438
16435
16442
16443
16445
11551
11561
11623
16442
16444
16446
16448
16482
16485
16486
16631
16632
16633
11552
11562
11624
11553
11563
11625
11554
11564
11626
16489
16492
16493
11555
11565
11627
16496
16499
16500
16638
16639
16640
11556
11566
11628
16450
16452
16454
16503
16506
16507
16645
16646
16647
16449
16450
16452
16449
16456
16457
16459
16237
16427
16456
16463
16464
16466
16248
16436
16469
16470
16472
16255
16443
16469
16475
16476
16478
16262
16475
16482
16483
16485
11563
11572
11635
16482
16484
16486
16488
16532
16535
16536
16680
16681
16682
11564
11573
11636
16490
16492
16494
16539
16542
16543
16687
16688
16689
16489
16490
16492
16489
16496
16497
16499
16496
16503
16504
16506
16269
16450
16503
16510
16511
16513
16276
16457
16510
16517
16518
16520
16282
16464
16517
17626
16289
16476
16522
16524
16296
16483
16522
16526
16527
16529
16303
16526
16532
16533
16535
16310
16532
16539
16540
16542
16317
16490
16539
16546
16547
16549
16324
16497
16546
16553
16554
16556
16331
16504
16553
16558
16559
17627
16338
16511
16558
16561
17629
16348
16540
16562
11580
11585
11647
11581
11586
11648
16564
16566
16568
16377
16563
16564
16566
16382
16563
16570
16571
19065
11584
11590
11585
11591
11651
11586
11592
11652
11587
11593
11653
16574
16576
16578
16387
16564
16573
16574
16576
16392
16570
16573
16580
16582
17631
11590
11597
11591
11598
11656
11592
11599
11657
11593
11600
11658
11594
11601
11659
17204
17206
17208
16397
16574
17203
17204
17206
16404
16580
16585
16586
16588
17203
11597
11605
11662
11598
11606
11663
11599
11607
11664
11600
11608
11665
11601
11609
11666
11602
11610
11667
16592
16594
16596
16591
16592
16594
17204
16411
16586
16591
16598
16599
16600
11605
11614
11670
11606
11615
11671
11607
11616
11672
11608
11617
11673
11609
11618
11674
11610
11619
11675
11611
11620
11676
16603
16605
16607
16611
16614
16615
16755
16756
16757
16418
16592
16602
16603
16605
16424
16599
16602
16609
16610
11614
11623
11678
16631
16634
16635
16768
16769
16770
11615
11624
11679
11616
11625
11680
11617
11626
11681
11618
11627
11682
16638
16641
16642
16775
16776
16777
11619
11628
11683
16645
16648
16649
16782
16783
16784
11620
11629
11684
16612
16614
16616
16652
16655
16656
16789
16790
16791
16611
16612
16614
16429
16603
16611
16618
16619
16621
16445
16624
16625
16627
16624
16631
16632
16634
11625
11635
11689
16631
16633
16635
16637
16680
16683
16684
16816
16817
16818
11626
11636
11690
16687
16690
16691
11627
11637
11691
16639
16641
16643
16694
16697
16698
16823
16824
16825
16638
16639
16641
16638
16645
16646
16648
16452
16645
16652
16653
16655
16459
16612
16652
16659
16660
16662
16466
16619
16659
17632
16472
16665
16478
16625
16665
16667
16668
16670
16485
16632
16667
16673
16674
16676
16673
16680
16681
16683
16680
16687
16688
16690
16492
16687
16694
16695
16697
16499
16639
16694
16701
16702
16704
16506
16646
16701
16708
16709
16711
16513
16653
16708
16713
16714
16715
16520
16660
16713
17634
16529
16674
16716
16717
17637
16535
16681
16717
16718
17638
16542
16688
16718
16720
16721
16549
16695
16720
16722
16556
16702
16722
17639
11648
11652
11703
11649
11653
11704
16724
16726
16728
16566
16723
16724
16726
16571
16723
16730
16731
11652
11657
11707
11653
11658
11708
11654
11659
11709
17211
17213
17215
16576
16724
17210
17211
17213
16582
16730
16733
16734
17210
11657
11664
11712
11658
11665
11713
11659
11666
11714
11660
11667
11715
16737
16739
16741
16736
16737
16739
17206
17211
16588
16733
16736
16743
16744
11663
11671
11664
11672
11718
11665
11673
11719
11666
11674
11720
11667
11675
11721
11668
11676
11722
16747
16749
16751
16755
16758
16759
16895
16896
16897
16594
16737
16746
16747
16749
16600
16743
16746
16753
16754
11671
11679
11672
11680
11724
11673
11681
11725
11674
11682
11726
16775
16778
16779
11675
11683
11727
16782
16785
16786
16908
16909
16910
11676
11684
11728
16756
16758
16760
16789
16792
16793
16915
16916
16917
16755
16756
16758
16605
16747
16755
16762
16763
16765
16768
16769
16771
11680
11689
11731
16768
16770
16772
16774
16816
16819
16820
11681
11690
11732
11682
11691
11733
16776
16778
16780
16823
16826
16827
16928
16929
16930
16775
16776
16778
16775
16782
16783
16785
16782
16789
16790
16792
16614
16756
16789
16796
16797
16799
16621
16763
16796
16627
16802
16803
16805
16634
16769
16802
16809
16810
16812
16809
16816
16817
16819
11691
11699
11740
16816
16818
16820
16822
16824
16826
16828
16856
16859
16860
16964
16965
16966
16823
16824
16826
16641
16776
16823
16830
16831
16833
16648
16783
16830
16837
16838
16840
16655
16790
16837
16843
16844
16845
16662
16797
16843
17640
16670
16803
16846
16676
16810
16846
16847
16849
16683
16817
16847
16851
16852
16854
16690
16851
16856
16857
16859
16697
16824
16856
16861
16862
16863
16704
16831
16861
16865
17642
16711
16838
16865
17643
11704
11708
11705
11709
11744
16867
16869
16871
16726
16866
16867
16869
16731
16866
16873
16874
11708
11713
11709
11714
11747
11710
11715
11748
16877
16879
16881
16867
16876
16877
16879
17213
16734
16873
16876
16883
16884
11713
11719
11714
11720
11751
11715
11721
11752
11716
11722
11753
16887
16889
16891
16895
16898
16899
16994
16995
16996
16739
16877
16886
16887
16889
16744
16883
16886
16893
16894
11719
11725
11755
11720
11726
11756
11721
11727
11757
16908
16911
16912
17007
17008
17009
11722
11728
11758
16896
16898
16900
16915
16918
16919
17014
17015
17016
16895
16896
16898
16749
16887
16895
16902
16903
16905
11725
11732
11761
17027
17028
17029
11726
11733
11762
16928
16931
16932
17034
17035
17036
11727
11734
11763
16909
16911
16913
16935
16938
16939
17041
17042
17043
16908
16909
16911
16908
16915
16916
16918
16758
16896
16915
16922
16923
16925
16765
16903
16922
11732
11739
11767
16959
16962
16963
17060
17061
17062
11733
11740
11768
16929
16931
16933
16964
16967
16968
17065
17066
17067
16928
16929
16931
16778
16928
16935
16936
16938
16785
16909
16935
16942
16943
16945
16792
16916
16942
16949
16950
16952
16799
16923
16949
17646
16812
16954
16955
16957
16819
16954
16959
16960
16962
16959
16964
16965
16967
16826
16929
16964
16969
16970
16972
16833
16936
16969
16974
17647
16840
16943
16974
17648
11745
11748
11772
16976
16978
16980
17079
17080
17081
16869
16975
16976
16978
16874
16975
16982
16983
11748
11752
11775
11749
11753
11776
16986
16988
16990
16994
16997
16998
17095
17096
17097
16879
16976
16985
16986
16988
16884
16982
16985
16992
16993
11752
11757
11778
17007
17010
17011
11753
11758
11779
16995
16997
16999
17014
17017
17018
17108
17109
17110
16994
16995
16997
16889
16986
16994
17001
17002
17004
11756
11762
17034
17037
17038
11757
11763
11782
17008
17010
17012
17041
17044
17045
17124
17125
17126
17007
17008
17010
17007
17014
17015
17017
16898
16995
17014
17021
17022
17024
16905
17002
17021
17027
17028
17030
17027
17034
17035
17037
17034
17041
17042
17044
16911
17008
17041
17048
17049
17051
16918
17015
17048
17055
17056
17058
16925
17022
17055
17649
17060
17061
17063
17028
17060
17065
17066
17068
16931
17035
17065
17070
17071
17073
16938
17042
17070
17075
17076
17077
16945
17049
17075
17078
17650
17079
17080
17082
16978
17079
17086
17087
17089
16983
17086
17093
17094
17651
11776
11779
17096
17098
17100
17108
17111
17112
17080
17095
17096
17098
16988
17087
17095
17102
17103
17105
11779
11783
17109
17111
17113
17131
17134
17135
17108
17109
17111
16997
17096
17108
17115
17116
17118
17004
17103
17115
17122
17123
17124
17125
17127
17010
17124
17131
17132
17134
17017
17109
17131
17138
17139
17141
17024
17116
17138
17144
17145
17652
17037
17146
17147
17149
17044
17125
17146
17153
17154
17156
17051
17132
17153
17158
17159
17653
17058
17139
17158
17656
17063
17160
17659
17068
17160
17161
17662
17127
17165
17166
17134
17165
17168
17169
17141
17168
17171
17665
17149
17172
17173
17668
17156
17166
17172
17174
17671
11798
11804
11809
11802
11803
11802
11805
11873
19312
11802
11874
11807
11875
11804
11807
11808
11809
11806
11807
19307
11808
11811
11880
19308
11808
11819
11881
11813
11820
11882
11810
11813
11814
11815
11812
11813
19311
11814
11816
11887
19313
11814
11823
11888
11817
11824
11889
11817
11817
11818
11827
11895
11828
11896
11820
11821
11822
11823
11919
11822
11833
11920
11825
11834
11921
11824
11825
11826
11827
11926
11826
11837
11927
11829
11838
11928
11828
11829
11830
11831
11933
11830
11841
11934
11832
11842
11935
11832
11845
11940
17674
11834
11835
11836
11837
11836
11839
11838
11839
11840
11841
11840
11843
11842
11843
11844
11845
11963
11844
11847
11964
11846
11848
11965
11846
18272
11851
11970
19798
11848
11849
11850
11851
11975
11850
11976
11852
11977
11852
18270
11982
17675
11854
11855
11873
19320
11859
11877
12003
19322
11856
11859
19068
11860
11861
11880
19309
11858
11859
19314
11860
11863
12008
19317
11860
11883
12009
11865
11884
12010
11862
11865
19070
11866
11867
11887
19325
11864
11865
19072
11866
11868
12015
19326
11866
11890
12016
11869
11891
12017
11869
11869
11870
11897
12023
11898
12024
11872
11874
11905
11878
11909
12034
19327
11875
11877
11875
11878
11879
11881
11912
11877
11878
19324
11879
11883
12037
11879
11915
12038
11885
11916
12039
11882
11884
11882
11885
11886
11888
11919
11884
11885
11886
11890
12044
11886
11922
12045
11892
11923
12046
11889
11891
11889
11892
11893
11895
11926
11891
11892
11893
11897
12051
11893
11929
12052
11899
11930
12053
11896
11898
11896
11899
11900
11901
11933
11898
11899
11900
11902
17175
11900
11936
17176
11903
11937
17177
11903
11903
11904
11941
12059
11942
12060
11907
11909
11907
11910
11911
11913
11949
11909
11910
11911
11915
12065
11911
11952
12066
11917
11953
12067
11914
11916
11914
11917
11918
11920
11956
11916
11917
11918
11922
12072
11918
11959
12073
11924
11960
12074
11921
11923
11921
11924
11925
11927
11923
11924
11925
11929
11925
11931
11928
11930
11928
11931
11932
11934
11930
11931
11932
11936
11932
11938
11935
11937
11935
11938
11939
11940
11963
11937
11938
11939
11941
12079
11939
11966
12080
11943
11967
12081
11943
17676
11942
11943
11944
12086
19328
11944
11971
12087
11972
12088
19329
11946
11947
11948
11950
11948
11952
12093
11954
12094
11951
11953
11951
11954
11955
11957
11953
11954
11955
11959
12095
11955
12096
11961
12097
11958
11960
11958
11961
11962
11960
11961
11962
17182
11962
17183
17184
11965
11967
11965
11968
11969
11970
11975
11967
11968
11969
11971
12102
11969
11978
12103
11973
11979
12104
11973
17677
11972
11973
11974
12109
17679
11974
11983
12110
12111
19331
11977
11979
11977
11980
11981
11982
11979
11980
11981
11983
12116
11981
12117
11984
12118
11984
17681
11984
17682
12123
18269
11988
12005
12132
19338
11989
11990
12008
19344
11989
11992
12136
19333
11989
12011
12137
19347
11994
12012
12138
11991
11994
19074
11995
11996
12015
19350
11993
11994
19336
11995
11997
12143
19351
11995
12018
12144
11998
12019
12145
11998
11998
11999
12025
12151
12026
12152
12006
12035
12161
19352
12003
12005
19076
12003
12006
19354
12007
12009
12037
12005
12006
19341
12007
12011
12164
12007
12040
12165
12013
12041
12166
12010
12012
12010
12013
12014
12016
12044
12012
12013
12014
12018
12171
12014
12047
12172
12020
12048
12173
12017
12019
12017
12020
12021
12023
12051
12019
12020
12021
12025
12021
12054
12027
12055
12024
12026
12024
12027
12028
12029
17175
12026
12027
12028
12030
12178
12028
12179
17178
12031
12180
17179
12031
12031
12032
12061
12186
12062
12187
12034
12035
19356
12036
12038
12065
19358
12036
12040
12193
19359
12042
12069
12195
19360
12039
12041
12039
12042
12043
12045
12072
12041
12042
12043
12047
12199
12043
12075
12200
12049
12076
12201
12046
12048
12046
12049
12050
12052
12048
12049
12050
12054
12050
12056
12053
12055
12053
12056
12057
17176
12055
12056
12057
17178
12057
17180
12060
12062
12060
12063
17177
12064
12086
12062
12063
17179
12064
12206
12064
12089
12207
17181
12090
12208
17683
12067
12069
12067
12070
12071
12073
12095
12069
12070
12071
12075
12216
12071
12098
12217
12077
12099
12218
12074
12076
12074
12077
12078
17182
12076
12077
12078
12223
12078
12224
17185
12225
17186
12081
12083
17177
12081
12084
12085
12087
12102
12083
12084
17180
12085
12089
17181
12085
12105
12091
12106
12088
12090
19079
12088
12091
12092
12109
17684
12090
12091
12092
12230
17686
12092
12112
12231
12113
12232
17687
12094
12096
12097
12099
12097
12100
12101
17183
12099
12100
12101
12240
17185
12101
12241
12242
17187
12104
12106
12104
12107
12108
12110
12116
12106
12107
12108
12112
12108
12119
12114
12120
12111
12113
19080
12111
12114
12115
17688
12113
12114
12115
12253
17689
12115
12124
12254
12255
12118
12120
12118
12121
12122
12123
12120
12121
12122
12124
12286
12122
12287
12125
12288
12125
12125
12127
12139
12316
19362
12128
12140
12317
19364
12129
12146
12323
19370
12130
12147
12324
19368
12131
12153
12329
12154
12330
12135
12137
12164
19373
12135
12139
12340
19363
12135
12167
12341
19375
12141
12168
12342
12138
12140
19366
12138
12141
12142
12144
12171
12140
12141
12142
12146
12347
12142
12174
12348
12148
12175
12349
12145
12147
19369
12145
12148
12149
12151
12147
12148
12149
12153
12354
12149
12355
12155
12356
12152
12154
12152
12155
12156
12157
12178
12154
12155
12156
12158
12361
12156
12181
12362
12159
12182
12363
12159
12159
12160
12188
12369
12189
12370
12163
12165
12193
19376
12163
12167
12376
19378
12169
12196
12377
19380
12166
12168
12166
12169
12170
12172
12199
12168
12169
12170
12174
12380
12170
12202
12381
12176
12203
12382
12173
12175
12173
12176
12177
12175
12176
12177
12177
12180
12182
12180
12183
12184
12186
12182
12183
12184
12188
12184
12190
12187
12189
12187
12190
12191
12206
12189
12190
12191
12387
12191
12209
12388
12192
12210
12389
12214
12394
12195
12196
19081
12195
12197
12198
12200
12216
12198
12202
12397
19382
12198
12219
12204
12220
12398
12201
12203
12201
12204
12205
12223
12203
12204
12205
12401
12205
12226
12402
12227
12403
12208
12210
12208
12211
12212
12213
12230
12210
12211
12212
12214
12408
12212
12233
12409
12215
12234
12410
12215
19361
12215
12238
12415
17690
12218
12220
12218
12221
12222
12224
12240
12220
12221
12222
12226
12418
12222
12243
12228
12244
12419
12225
12227
12225
12228
12229
12246
12227
12228
12229
12422
12229
12249
12423
12250
12424
12232
12234
12232
12235
12236
12237
12253
12234
12235
12236
12238
12429
12236
12256
12430
12239
12257
12431
12239
17691
12239
17692
12436
17694
12242
12244
12242
12245
12247
12260
12244
12245
12249
12439
12251
12263
12440
12248
12250
17186
12248
12251
17187
12252
12265
17188
12250
12251
12252
12442
12252
12268
12443
12269
12444
12255
12257
12255
12258
12259
12257
12258
12259
12470
12259
12293
12471
12472
12262
12263
12262
12264
12266
12294
12264
12268
12270
12267
12269
12267
12270
12271
12273
12295
12269
12270
12271
12275
12476
12271
12298
12477
12277
12299
12478
12274
12276
12274
12277
12278
12280
12300
12276
12277
12278
12282
12481
12278
12303
12482
12284
12304
12483
12281
12283
12281
12284
12285
12287
12305
12283
12284
12285
12289
12488
12285
12308
12489
12291
12309
12490
12288
12290
12288
12291
12292
12290
12291
12292
12293
12495
12292
12496
12297
12299
12297
12301
12299
12303
12302
12304
12302
12306
12304
12308
12500
12307
12309
12307
12309
12311
12325
12504
19390
12312
12326
12505
19392
12331
12510
12314
12316
12340
12320
12344
12517
12317
12319
19383
12317
12320
19082
12321
12323
12347
12319
12320
19385
12321
12325
12521
19386
12321
12350
12522
12327
12351
12523
12324
12326
19372
12324
12327
12328
12329
12354
12326
12327
12328
12331
12528
12328
12357
12529
12333
12358
12530
12330
12333
12334
12335
12361
12332
12333
12334
12336
12535
12334
12364
12536
12337
12365
12537
12337
12337
12338
12371
12543
12372
12544
12345
12378
12550
12342
12344
12342
12345
19393
12346
12348
12380
12344
12345
12346
12350
12552
12346
12383
12553
12352
12384
12554
12349
12351
12349
12352
12353
12355
12351
12352
12353
12357
12559
12353
12560
12359
12561
12356
12358
12356
12359
12360
12362
12358
12359
12360
12364
12360
12366
12363
12365
12363
12366
12367
12369
12365
12366
12367
12371
12566
12367
12567
12373
12568
12370
12372
12370
12373
12374
12387
12372
12373
12374
12573
12374
12390
12574
12375
12391
12575
12395
12580
12377
12378
19083
12379
12381
12397
19394
12379
12383
12584
19396
12385
12399
12585
19397
12382
12384
12382
12385
12386
12401
12384
12385
12386
12588
12386
12404
12589
12405
12590
12389
12391
12389
12392
12393
12394
12408
12391
12392
12393
12395
12595
12393
12411
12596
12396
12412
12597
12396
12396
12416
12603
12398
12399
19084
12400
12402
12418
19399
12400
12404
12609
19400
12406
12420
12610
19402
12403
12405
12403
12406
12407
12422
12405
12406
12407
12613
12407
12425
12614
12426
12615
12410
12412
12410
12413
12414
12415
12429
12412
12413
12414
12416
12620
12414
12432
12621
12417
12433
12622
12417
17695
12417
12437
12628
17696
12419
12420
19085
12421
12423
12439
12421
12425
12633
19404
12427
12441
12634
12424
12426
12424
12427
12428
12442
12426
12427
12428
12637
12428
12445
12638
12446
12639
12431
12433
12431
12434
12435
12436
12470
12433
12434
12435
12437
12651
12435
12473
12652
12438
12474
12653
12438
17697
12438
17698
12658
17700
12440
12441
12443
12445
12444
12446
12444
12447
12448
12450
12476
12446
12447
12448
12452
12661
12448
12479
12662
12454
12480
12663
12451
12453
12451
12454
12455
12457
12481
12453
12454
12455
12459
12667
12455
12484
12668
12461
12485
12669
12458
12460
12458
12461
12462
12464
12488
12460
12461
12462
12466
12674
12462
12491
12675
12468
12492
12676
12465
12467
12465
12468
12469
12471
12495
12467
12468
12469
12473
12681
12469
12497
12682
12475
12498
12683
12472
12474
12472
12475
12474
12475
12688
12689
12478
12480
12478
12482
12480
12484
12693
12483
12485
12483
12486
12487
12489
12500
12485
12486
12487
12491
12694
12487
12493
12490
12492
12490
12493
12494
12496
12492
12493
12494
12497
12697
12494
12499
12498
12499
12498
12499
12700
12503
12504
12521
19388
12503
12524
12707
19407
12508
12525
12708
19409
12505
12508
19086
12509
12510
12528
19414
12507
12508
19412
12509
12512
12712
19415
12509
12531
12713
12513
12532
12714
12511
12513
12514
12535
12513
19405
12514
12538
12720
12515
12539
12721
12545
12726
12517
12518
19406
12520
12522
12552
12520
12524
12733
19416
12520
12555
12734
12526
12556
12735
12523
12525
12523
12526
12527
12529
12559
12525
12526
12527
12531
12740
12527
12562
12741
12533
12563
12742
12530
12532
12530
12533
12534
12536
12532
12533
12534
12538
12747
12534
12748
12540
12749
12537
12539
12537
12540
12541
12543
12566
12539
12540
12541
12545
12754
12541
12569
12755
12547
12570
12756
12544
12546
12544
12547
12548
12573
12546
12547
12548
12761
12548
12576
12762
12549
12577
12763
12581
12768
12551
12553
12584
12557
12586
12773
12554
12556
12554
12557
12558
12560
12588
12556
12557
12558
12562
12776
12558
12591
12777
12564
12592
12778
12561
12563
12561
12564
12565
12563
12564
12565
12783
12565
12784
12785
12568
12570
12568
12571
12572
12574
12570
12571
12572
12576
12572
12578
12575
12577
12575
12578
12579
12580
12595
12577
12578
12579
12581
12790
12579
12598
12791
12582
12599
12792
12582
12582
12583
12605
12798
12606
12799
12585
12586
19088
12587
12589
12609
19417
12587
12591
12804
19419
12593
12611
12805
19420
12590
12592
12590
12593
12594
12613
12592
12593
12594
12808
12594
12616
12809
12617
12810
12597
12599
12597
12600
12601
12603
12620
12599
12600
12601
12605
12601
12623
12607
12624
12604
12606
12604
12607
12608
12627
12606
12607
12608
12815
12608
12629
12816
12630
12817
12610
12611
19089
12612
12614
12633
19422
12612
12616
12822
19424
12618
12635
12823
19426
12615
12617
12615
12618
12619
12637
12617
12618
12619
12826
12619
12640
12827
12641
12828
12622
12624
12622
12625
12626
12628
12651
12624
12625
12626
12629
12833
12626
12654
12834
12631
12655
12835
12630
12631
17701
12630
12631
12632
12840
12632
12659
12841
12842
12634
12635
19091
12636
12638
12636
12640
12847
19427
12642
12639
12641
12639
12642
12643
12645
12661
12641
12642
12643
12647
12848
12643
12664
12849
12649
12665
12850
12646
12648
12646
12649
12650
12667
12648
12649
12650
12855
12650
12670
12856
12671
12857
12653
12655
12653
12656
12657
12658
12688
12655
12656
12657
12659
12869
12657
12690
12870
12660
12691
12871
12660
19092
12660
12663
12665
12663
12666
12668
12693
12665
12666
12670
12877
12672
12878
12669
12671
12669
12672
12673
12675
12694
12671
12672
12673
12677
12880
12673
12695
12881
12679
12696
12882
12676
12678
12676
12679
12680
12682
12697
12678
12679
12680
12684
12887
12680
12698
12888
12686
12699
12889
12683
12685
12683
12686
12687
12689
12700
12685
12686
12687
12690
12894
12687
12701
12895
12692
12896
12691
12692
12691
12692
12901
12696
12696
12698
12699
12699
12701
12703
12716
12904
19430
12704
12722
12907
19439
12723
12908
19436
12710
12737
12914
19445
12708
12709
19093
12708
12710
19096
12711
12713
12740
12711
12715
12916
19446
12711
12743
12917
19449
12717
12744
12918
12714
12716
19428
12714
12717
12718
12720
12747
12716
12717
19433
12718
12722
12923
12718
12750
12924
12724
12751
12925
12721
12723
19438
12721
12724
12725
12726
12754
12723
12724
12725
12728
12930
12725
12757
12931
12730
12758
12932
12727
12730
12731
12761
12729
12730
19441
12731
12937
17702
12731
12764
12938
12732
12765
12939
12769
12944
12735
12737
19098
12735
12738
12739
12741
12776
12737
12738
12739
12743
12948
12739
12779
12949
12745
12780
12950
12742
12744
12742
12745
12746
12748
12783
12744
12745
12746
12750
12955
12746
12786
12956
12752
12787
12957
12749
12751
12749
12752
12753
12755
12751
12752
12753
12757
12962
12753
12963
12759
12964
12756
12758
12756
12759
12760
12762
12758
12759
12760
12764
12760
12766
12763
12765
12763
12766
12767
12768
12790
12765
12766
12767
12769
12969
12767
12793
12970
12770
12794
12971
12770
12770
12771
12800
12977
12801
12978
12773
12774
12775
12777
12804
12775
12779
12983
19451
12781
12806
12984
19452
12778
12780
12778
12781
12782
12784
12808
12780
12781
12782
12786
12987
12782
12811
12988
12788
12812
12989
12785
12787
12785
12788
12789
12787
12788
12789
12994
12789
12995
12996
12792
12794
12792
12795
12796
12798
12794
12795
12796
12800
12796
12802
12799
12801
12799
12802
12803
12815
12801
12802
12803
13001
12803
12818
13002
12819
13003
17703
12805
12806
19099
12807
12809
12822
19453
12807
12811
13008
19455
12813
12824
13009
19456
12810
12812
12810
12813
12814
12826
12812
12813
12814
13012
12814
12829
13013
12830
13014
12817
12819
19100
12817
12820
12821
12840
19101
12819
12820
12821
17189
19102
12821
12843
17190
12844
17191
19103
12823
12824
19105
12825
12827
12847
19457
12825
12829
13019
19458
12831
13020
12828
12830
12828
12831
12832
12848
12830
12831
12832
13022
12832
12851
13023
12852
13024
12835
12837
12835
12838
12839
12841
12869
12837
12838
12839
12843
13029
12839
12872
13030
12845
12873
13031
12842
12844
19106
12842
12845
12846
12844
12845
12846
13036
17704
12846
12876
13037
12850
12852
12850
12853
12854
12856
12877
12852
12853
12854
12858
13041
12854
13042
12860
12879
13043
12857
12859
12857
12860
12861
12880
12859
12860
12861
13047
12861
12883
13048
12884
13049
12864
12866
12864
12867
12868
12870
12894
12866
12867
12868
12872
13061
12868
12897
13062
12874
12898
13063
12871
12873
12871
12874
12875
12901
12873
12874
12875
12876
13068
12875
12902
13069
13070
12878
12879
12881
12883
13076
12882
12884
12882
12885
12886
12888
12884
12885
12886
12890
13077
12886
12892
13078
12889
12891
12889
12892
12893
12895
12891
12892
12893
12897
13081
12893
13082
12899
13083
12896
12898
12896
12899
12900
12898
12899
12900
12902
13086
12900
13087
12904
12905
19459
12906
12907
12923
19468
12906
12926
13093
19471
12909
12927
13094
19474
12908
12909
19107
12910
12911
12930
19477
12910
12933
13099
19480
12912
12934
13100
19483
12912
19443
12913
12940
13105
19485
12941
13106
19487
12915
12917
12948
19488
12921
12952
13112
19489
12918
12920
19462
12918
12921
12922
12924
12955
12920
12921
19491
12922
12926
13114
19465
12922
12958
13115
12928
12959
13116
12925
12927
12925
12928
12929
12931
12962
12927
12928
12929
12933
13121
12929
12965
13122
12935
12966
13123
12932
12934
12932
12935
12936
12938
12934
12935
12936
12940
13128
12936
13129
12942
13130
12939
12941
19110
12939
12942
12943
12944
12969
12941
12942
12943
12945
13135
12943
12972
13136
12946
12973
13137
12946
12946
12947
12979
13142
12980
13143
12950
12952
12950
12953
19495
12954
12956
12987
12952
12953
19493
12954
12958
13148
12954
12990
13149
19496
12960
12991
13150
12957
12959
12957
12960
12961
12963
12994
12959
12960
12961
12965
13155
12961
12997
13156
12967
12998
13157
12964
12966
12964
12967
12968
12966
12967
12968
12968
12971
12973
12971
12974
12975
12977
12973
12974
12975
12979
13162
12975
13163
12981
13164
12978
12980
12978
12981
12982
13001
12980
12981
12982
13169
12982
13004
13170
13005
13171
12984
12985
19111
12986
12988
13008
19500
12986
12990
13178
19498
12992
13010
13179
19502
12989
12991
12989
12992
12993
12995
13012
12991
12992
12993
12997
13182
12993
13015
13183
12999
13016
13184
12996
12998
12996
12999
13000
12998
12999
13000
13189
13000
13190
13191
13003
13005
13003
13006
13007
17189
17705
13005
13006
13007
17196
13007
17192
17197
17193
17198
17706
13009
13010
19112
13011
13013
13019
19504
13011
13015
13199
19505
13017
13021
13200
19506
13014
13016
13014
13017
13018
13022
13016
13017
13018
13203
13018
13025
13204
13026
13205
13020
13021
13023
13025
13217
13024
13026
13024
13027
13028
13041
13026
13027
13028
13218
13028
13044
13219
13045
13220
13031
13033
13031
13034
13035
13037
13068
13033
13034
13035
13038
13232
13035
13071
13233
13040
13072
13234
13039
17191
19116
13040
13039
13040
17194
13239
17195
17707
13075
13240
13043
13045
13043
13046
13048
13076
13045
13046
13050
13244
13052
13245
13049
13051
13049
13052
13053
13055
13077
13051
13052
13053
13057
13247
13053
13079
13248
13059
13080
13249
13056
13058
13056
13059
13060
13062
13081
13058
13059
13060
13064
13254
13060
13084
13255
13066
13085
13256
13063
13065
13063
13066
13067
13069
13086
13065
13066
13067
13071
13261
13067
13088
13262
13073
13089
13263
13070
13072
13070
13073
13074
13072
13073
13074
13075
13268
13074
13269
13078
13080
13082
13080
13084
13273
13083
13085
13083
13087
13085
13088
13274
13089
13089
13277
13091
13093
13114
19522
13096
13118
13283
19524
13094
13095
19512
13094
13096
19117
13097
13099
13121
13097
13101
13285
19514
13097
13124
13286
19525
13103
13125
13287
13100
13102
19515
13100
13103
13104
13105
13128
13102
13103
19517
13104
13107
13292
19519
13104
13131
13293
13109
13132
13294
13106
13109
13110
13135
17708
13108
13109
19521
13110
13299
13110
13138
13300
13111
13139
13301
13144
13306
13113
13115
13148
19526
13119
13152
13311
19528
13116
13118
13116
13119
13120
13122
13155
13118
13119
19529
13120
13124
13313
13120
13158
13314
13126
13159
13315
13123
13125
13123
13126
13127
13129
13125
13126
13127
13131
13320
13127
13321
13133
13322
13130
13132
13130
13133
13134
13136
13132
13133
13134
13138
13134
13140
13137
13139
13137
13140
13141
13142
13162
13139
13140
13141
13144
13327
13141
13165
13328
13146
13166
13329
13143
13146
13147
13169
13145
13146
13147
13334
13147
13172
13335
13173
13336
13150
13152
13150
13153
19531
13154
13156
13182
13152
13153
19532
13154
13158
13344
13154
13185
13345
19533
13160
13186
13346
13157
13159
13157
13160
13161
13189
13159
13160
13161
13350
13161
13192
13351
13193
13352
13164
13166
13164
13167
13168
13170
13166
13167
13168
13172
13168
13174
13171
13173
13171
13174
13175
17196
13173
13174
13175
13176
13357
13175
13358
17199
13177
13359
17200
13177
13197
13364
13179
13180
19119
13181
13183
13199
19534
13181
13185
13187
13201
13367
13184
13186
13184
13187
13188
13190
13203
13186
13187
13188
13192
13368
13188
13206
13369
13194
13207
13370
13191
13193
13191
13194
13195
13193
13194
13195
13375
13195
13376
13377
13198
17198
13198
17200
13389
17202
13200
13201
19120
13202
13204
13217
13202
13206
13392
13208
13205
13207
13205
13208
13209
13218
13207
13208
13209
13393
13209
13221
13394
13222
13395
13212
13214
17193
17198
19121
13212
13215
17194
13216
13239
17195
17709
13214
13215
17201
13216
13407
17202
13216
13241
13408
13242
13409
13220
13222
13220
13223
13224
13226
13244
13222
13223
13224
13228
13414
13224
13415
13230
13246
13416
13227
13229
13227
13230
13231
13247
13229
13230
13231
13420
13231
13250
13421
13251
13422
13234
13236
13234
13237
13238
13240
13268
13236
13237
13238
13241
13441
13238
13270
13442
13243
13271
13443
13242
19122
13243
13242
13243
13448
13245
13246
13248
13250
13450
13249
13251
13249
13252
13253
13255
13273
13251
13252
13253
13257
13451
13253
13452
13259
13453
13256
13258
13256
13259
13260
13262
13274
13258
13259
13260
13264
13457
13260
13275
13458
13266
13276
13459
13263
13265
13263
13266
13267
13269
13277
13265
13266
13267
13270
13464
13267
13278
13465
13272
13466
13271
13272
13271
13272
13470
13276
13276
13278
13280
13295
13475
13281
13296
13476
13282
13302
13481
13303
13482
13284
13286
13313
19536
13290
13317
13490
19537
13287
13289
19535
13287
13290
13291
13293
13320
13289
13290
13291
13295
13493
13291
13323
13494
13297
13324
13495
13294
13296
19799
13294
13297
13298
13300
13296
13297
13298
13302
13500
13298
13501
13304
13502
13301
13303
13301
13304
13305
13306
13327
13303
13304
13305
13308
13507
13305
13330
13508
13309
13331
13509
13307
13309
13310
13334
13309
13310
13337
13515
13338
13516
13312
13314
13344
19540
13318
13347
13524
19541
13315
13317
13315
13318
13319
13321
13350
13317
13318
19538
13319
13323
13526
13319
13353
13527
13325
13354
13528
13322
13324
13322
13325
13326
13324
13325
13326
13326
13329
13331
13329
13332
13333
13335
13331
13332
13333
13337
13333
13339
13336
13338
13336
13339
13340
13341
13357
13338
13339
13340
13342
13533
13340
13360
13534
13343
13361
13535
13343
13343
13365
13540
13346
13347
13346
13348
13349
13351
13368
13349
13353
13543
19542
13349
13371
13544
13355
13372
13545
13352
13354
13352
13355
13356
13375
13354
13355
13356
13549
13356
13378
13550
13379
13551
13359
13361
13359
13362
13363
13364
13382
13361
13362
13363
13365
13556
13363
13385
13557
13366
13386
13558
13366
17710
13366
17711
13390
13563
17712
13369
13392
13370
13372
13370
13373
13374
13376
13393
13372
13373
13374
13378
13566
13374
13396
13567
13380
13397
13568
13377
13379
13377
13380
13381
13379
13380
13381
13573
13381
13574
13575
13384
13386
17200
13384
13387
17201
13388
13389
13407
17202
13386
13387
13388
13390
13580
13388
13410
13581
13391
13411
13582
13391
19123
13391
17713
13587
17715
13395
13397
13395
13398
13399
13414
13397
13398
13399
13589
13399
13417
13590
13418
13591
13402
13404
13402
13405
13406
13408
13441
13404
13405
13406
13410
13603
13406
13444
13604
13412
13445
13605
13409
13411
13409
13412
13413
13411
13412
13413
13610
13413
13449
13611
13612
13416
13418
13416
13419
13421
13450
13418
13419
13423
13616
13425
13617
13422
13424
13422
13425
13426
13428
13451
13424
13425
13426
13430
13619
13426
13454
13620
13432
13455
13621
13429
13431
13429
13432
13433
13435
13457
13431
13432
13433
13437
13626
13433
13460
13627
13439
13461
13628
13436
13438
13436
13439
13440
13442
13464
13438
13439
13440
13444
13633
13440
13467
13634
13446
13468
13635
13443
13445
13443
13446
13447
13448
13470
13445
13446
13447
13449
13640
13447
13471
13641
13642
13453
13455
13453
13456
13458
13455
13456
13460
13647
13462
13459
13461
13459
13462
13463
13465
13461
13462
13463
13467
13649
13463
13469
13466
13468
13466
13469
13468
13469
13471
13652
13474
13475
13493
13474
13496
13663
13479
13497
13664
13476
13479
13480
13481
13500
13478
13479
13480
13483
13669
13480
13503
13670
13485
13504
13671
13482
13485
13486
13487
13507
13484
13485
13486
13676
13486
13510
13677
13488
13511
13678
13488
13489
13517
13684
13518
13685
13492
13494
13526
19543
13492
13496
13694
13498
13530
13696
19544
13495
13497
13495
13498
13499
13501
13497
13498
13499
13503
13700
13499
13701
13505
13702
13502
13504
13502
13505
13506
13508
13504
13505
13506
13510
13707
13506
13708
13512
13709
13509
13511
13509
13512
13513
13515
13511
13512
13513
13517
13714
13513
13715
13519
13716
13516
13518
13516
13519
13520
13521
13533
13518
13519
13520
13522
13721
13520
13536
13722
13523
13537
13723
13523
13523
13541
13728
13525
13527
13543
19548
13531
13546
13734
19550
13528
13530
13528
13531
13532
13549
13530
13531
19545
13532
13736
13532
13552
13737
13553
13738
13535
13537
13535
13538
13539
13540
13556
13537
13538
13539
13541
13750
13539
13559
13751
13542
13560
13752
13542
13542
13564
13758
13545
13546
19124
13545
13547
13548
13550
13566
13548
13552
13764
19552
13548
13569
13554
13570
13765
13551
13553
13551
13554
13555
13573
13553
13554
13555
13768
13555
13576
13769
13577
13770
13558
13560
13558
13561
13562
13563
13580
13560
13561
13562
13564
13775
13562
13583
13776
13565
13584
13777
13565
17716
13565
17718
13588
13783
17719
13568
13570
13568
13571
13572
13574
13589
13570
13571
13572
13576
13787
13572
13592
13788
13578
13593
13789
13575
13577
13575
13578
13579
13596
13577
13578
13579
13792
13579
13599
13793
13600
13794
13582
13584
13582
13585
13586
13587
13610
13584
13585
13586
13588
13799
13586
13613
13800
13614
13801
19125
17720
13591
13593
13591
13594
13595
13597
13616
13593
13594
13595
13599
13807
13595
13601
13618
13808
13598
13600
13598
13601
13602
13619
13600
13601
13602
13811
13602
13622
13812
13623
13813
13605
13607
13605
13608
13609
13611
13640
13607
13608
13609
13613
13832
13609
13643
13833
13615
13644
13834
13612
13614
13612
13615
13614
13615
13839
13646
13840
13617
13618
13620
13622
13621
13623
13621
13624
13625
13627
13647
13623
13624
13625
13629
13844
13625
13631
13648
13845
13628
13630
13628
13631
13632
13634
13649
13630
13631
13632
13636
13848
13632
13650
13849
13638
13651
13850
13635
13637
13635
13638
13639
13641
13652
13637
13638
13639
13643
13855
13639
13653
13856
13645
13654
13857
13642
13644
13642
13645
13644
13645
13646
13862
13863
13648
13650
13651
13651
13653
13654
13654
13656
13672
13880
19554
13657
13673
13881
19555
13658
13679
19560
13659
13680
19562
13660
13686
13887
19563
13687
13888
13667
13697
13901
13664
13666
13664
13667
13668
13670
13700
13666
13667
13668
13672
13904
13668
13703
13905
13674
13704
13906
13671
13673
19556
13671
13674
13675
13677
13707
13673
13674
13675
13679
13911
13675
13710
13912
13681
13711
13913
13678
13680
19559
13678
13681
13682
13684
13714
13680
13681
13682
13686
13682
13717
13688
13718
13685
13687
13685
13688
13689
13690
13721
13687
13688
13689
13691
13918
13689
13724
13919
13692
13725
13920
13692
13692
13693
13730
13926
13731
13927
13696
13697
13696
13698
19547
13699
13701
13736
13699
13703
13938
13699
13739
13939
19565
13705
13740
13940
13702
13704
13702
13705
13706
13708
13743
13704
13705
13706
13710
13945
13706
13746
13946
13712
13747
13947
13709
13711
13709
13712
13713
13715
13711
13712
13713
13717
13713
13719
13716
13718
13716
13719
13720
13722
13718
13719
13720
13724
13720
13726
13723
13725
13723
13726
13727
13728
13750
13725
13726
13727
13730
13952
13727
13753
13953
13732
13754
13954
13729
13732
13733
13757
13731
13732
13733
13959
13733
13760
13960
13761
13961
13735
13737
13764
19566
13741
13766
13974
19569
13738
13740
13738
13741
13742
13744
13768
13740
13741
19568
13742
13746
13975
13742
13771
13976
13748
13772
13977
13745
13747
13745
13748
13749
13747
13748
13749
13749
13752
13754
13752
13755
13756
13758
13775
13754
13755
13756
13760
13756
13778
13762
13779
13759
13761
13759
13762
13763
13782
13761
13762
13763
13982
13763
13784
13983
13785
13984
13765
13766
19126
13767
13769
13787
13767
13771
14002
19570
13773
13790
14003
13770
13772
13770
13773
13774
13792
13772
13773
13774
14006
13774
13795
14007
13796
14008
13777
13779
13777
13780
13781
13783
13799
13779
13780
13781
13784
14013
13781
13802
14014
13786
13803
14015
13785
13786
13785
13786
14020
13806
14021
13789
13790
13789
13791
13793
13807
13791
13795
14049
13797
13809
14050
13794
13796
13794
13797
13798
13811
13796
13797
13798
14051
13798
13814
14052
13815
14053
13801
13803
13801
13804
13805
13839
13803
13804
13805
13806
14072
13805
13841
14073
13842
14074
13808
13809
13810
13812
13810
13814
13816
13813
13815
13813
13816
13817
13819
13844
13815
13816
13817
13821
14089
13817
13846
14090
13823
13847
14091
13820
13822
13820
13823
13824
13826
13848
13822
13823
13824
13828
14095
13824
13851
14096
13830
13852
14097
13827
13829
13827
13830
13831
13833
13855
13829
13830
13831
13835
14102
13831
13858
14103
13837
13859
14104
13834
13836
13834
13837
13838
13840
13862
13836
13837
13838
13841
14109
13838
13864
14110
13843
13865
14111
13842
13843
13842
13843
14116
14117
13845
13847
13849
13847
13851
14120
13850
13852
13850
13853
13854
13856
13852
13853
13854
13858
14121
13854
13860
13857
13859
13857
13860
13861
13863
13859
13860
13861
13864
14123
13861
13865
13865
13867
13882
14152
19577
13868
13883
14153
19575
13869
14159
19579
13870
14160
19581
13871
13889
14166
19585
13872
13890
14167
19587
13895
14173
19589
13874
13877
13878
13880
13904
19553
13876
13877
13878
13882
14193
19574
13878
13907
14194
13884
13908
14195
13881
13883
19557
13881
13884
13885
13911
13883
13884
13885
14200
13885
13914
14201
13915
14202
13888
13890
19564
13888
13891
13892
13893
13918
13890
13891
13892
13895
14207
13892
13921
14208
13897
13922
14209
13894
13897
13898
13925
13896
13897
19127
13898
14214
13898
13928
14215
13899
13929
14216
13900
13933
14222
13934
14223
13903
13905
13938
13903
13907
14237
13909
13942
14239
13906
13908
13906
13909
13910
13912
13945
13908
13909
13910
13914
14244
13910
13948
14245
13916
13949
14246
13913
13915
13913
13916
13917
13915
13916
13917
13917
13920
13922
13920
13923
13924
13926
13952
13922
13923
13924
13928
13924
13955
13930
13956
13927
13929
13927
13930
13931
13932
13959
13929
13930
13931
13933
14251
13931
13962
14252
13935
13963
14253
13935
13934
13935
13936
14258
13936
13967
14259
13937
13968
14260
13971
14266
13940
13942
13940
13943
13944
13946
13975
13942
13943
13944
13948
14279
13944
13978
14280
13950
13979
14281
13947
13949
13947
13950
13951
13949
13950
13951
13951
13954
13956
13954
13957
13958
13960
13956
13957
13958
13962
13958
13964
13961
13963
13961
13964
13965
13966
13982
13963
13964
13965
13967
14286
13965
13985
14287
13969
13986
14288
13969
13968
13969
13970
13971
14293
13970
13990
14294
13972
13991
14295
13972
13973
13994
14301
13995
14302
13976
14002
13977
13979
13977
13980
13981
14006
13979
13980
13981
13981
14009
14010
13984
13986
13984
13987
13988
13989
14020
13986
13987
13988
13990
13988
14023
13992
14024
13992
13991
13992
13993
13994
14319
13993
14027
14320
13996
14028
14321
13995
13996
13997
13998
14326
13997
14032
14327
13999
14033
14328
13999
14000
14038
14334
14001
14039
14335
14044
14340
14003
14004
14005
14007
14049
14005
14009
14011
14008
14010
14008
14011
14012
14051
14010
14011
14012
14348
14012
14054
14349
14055
14350
14015
14017
14015
14018
14019
14021
14072
14017
14018
14019
14023
14019
14075
14025
14076
14022
14024
14022
14025
14026
14024
14025
14026
14027
14355
14026
14079
14356
14029
14080
14357
14028
14029
14030
14032
14362
14030
14082
14363
14034
14083
14364
14035
14036
14085
14033
14034
14035
14038
14369
14035
14086
14370
14040
14087
14371
14037
14040
14041
14042
14039
14040
14041
14044
14376
14041
14088
14377
14046
14378
14043
14046
14047
14045
14046
14047
14383
14047
14384
14048
14385
14390
14050
14052
14053
14055
14053
14056
14057
14059
14089
14055
14056
14057
14061
14394
14057
14092
14395
14063
14093
14396
14060
14062
14060
14063
14064
14095
14062
14063
14064
14400
14064
14098
14401
14099
14402
14067
14069
14067
14070
14071
14073
14109
14069
14070
14071
14075
14414
14071
14112
14415
14077
14113
14416
14074
14076
14074
14077
14078
14116
14076
14077
14078
14079
14421
14078
14118
14422
14081
14119
14423
14080
14081
14082
14428
14429
14083
14084
14086
14435
14437
14087
14087
14088
14442
14091
14093
14091
14094
14096
14120
14093
14094
14098
14452
14100
14097
14099
14097
14100
14101
14103
14121
14099
14100
14101
14105
14453
14101
14454
14107
14122
14455
14104
14106
14104
14107
14108
14110
14123
14106
14107
14108
14112
14459
14108
14124
14460
14114
14125
14461
14111
14113
14111
14114
14115
14117
14113
14114
14115
14118
14466
14115
14467
14468
14119
14119
14472
14122
14124
14125
14125
14128
14131
14128
14154
14133
14155
14130
14133
19128
14134
14135
14158
19604
14132
14133
19592
14134
14136
14499
19606
14134
14161
14500
14138
14162
14501
14138
19571
14137
14138
19593
14139
14140
14506
19608
14139
14168
14507
14141
14169
14508
19611
14141
19599
14142
14175
14514
19616
14143
14176
14515
19618
14181
14521
17721
14146
14148
14146
14149
14150
14152
14193
14148
14149
14150
14154
14150
14196
14156
14197
14153
14155
19578
14153
14156
14157
14159
14200
14155
14156
14157
14161
14533
14157
14203
14534
14163
14204
14535
14160
14162
19583
14160
14163
14164
14166
14162
14163
14164
14168
14540
14164
14541
14170
14542
14167
14169
19614
14167
14170
14171
14173
14207
14169
14170
14171
14175
14171
14210
14177
14211
14174
14176
19590
14174
14177
14178
14179
14214
19591
14176
14177
14178
14181
14547
14178
14217
14548
14183
14218
14549
14180
14183
14184
14221
14182
14183
19129
14184
14185
14554
19624
14184
14224
14555
14186
14225
14556
14186
14187
14230
14562
14231
14563
14189
14190
14192
14194
14237
14192
14196
14576
14192
14240
14577
14198
14241
14578
14195
14197
14195
14198
14199
14201
14244
14197
14198
14199
14203
14583
14199
14247
14584
14205
14248
14585
14202
14204
14202
14205
14206
14204
14205
14206
14206
14209
14211
14209
14212
14213
14215
14211
14212
14213
14217
14213
14219
14216
14218
14216
14219
14220
14222
14251
14218
14219
14220
14224
14220
14254
14226
14255
14223
14225
14223
14226
14227
14228
14258
14225
14226
14227
14230
14590
14227
14261
14591
14232
14262
14592
14229
14232
14233
14265
14231
14232
14233
14234
14597
14233
14268
14598
14235
14269
14599
14235
14236
14273
14605
14274
14606
14239
14241
14239
14242
14243
14245
14279
14241
14242
14243
14247
14622
14243
14282
14623
14249
14283
14624
14246
14248
14246
14249
14250
14248
14249
14250
14629
14250
14630
14631
14253
14255
14253
14256
14257
14259
14286
14255
14256
14257
14261
14257
14289
14263
14290
14260
14262
14260
14263
14264
14266
14293
14262
14263
14264
14268
14264
14296
14270
14297
14267
14269
14267
14270
14271
14272
14300
14269
14270
14271
14273
14636
14271
14303
14637
14275
14304
14638
14275
14274
14275
14276
14277
14643
14276
14310
14644
14278
14311
14645
14278
14315
14651
14281
14283
14281
14284
14285
14283
14284
14285
14666
14285
14667
14668
14288
14290
14288
14291
14292
14294
14290
14291
14292
14296
14292
14298
14295
14297
14295
14298
14299
14301
14319
14297
14298
14299
14303
14299
14322
14305
14323
14302
14304
14302
14305
14306
14308
14326
14304
14305
14306
14310
14306
14329
14312
14330
14309
14311
14309
14312
14313
14314
14333
14311
14312
14313
14315
14673
14313
14336
14674
14317
14337
14675
14317
14316
14317
14318
14680
14318
14342
14681
14343
14682
14321
14323
14321
14324
14325
14327
14362
14323
14324
14325
14329
14325
14365
14331
14366
14328
14330
14328
14331
14332
14334
14369
14330
14331
14332
14336
14332
14372
14338
14373
14335
14337
14335
14338
14339
14340
14376
14337
14338
14339
14342
14694
14339
14379
14695
14344
14380
14696
14341
14344
14345
14383
14343
14344
14345
14346
14701
14345
14386
14702
14347
14387
14703
14347
14391
14709
14350
14352
14350
14353
14354
14394
14352
14353
14354
14717
14354
14397
14718
14398
14719
14357
14359
14357
14360
14361
14363
14428
14359
14360
14361
14365
14361
14431
14367
14432
14364
14366
14364
14367
14368
14370
14435
14366
14367
14368
14372
14368
14438
14374
14439
14371
14373
14371
14374
14375
14377
14442
14373
14374
14375
14379
14375
14443
14381
14444
14378
14380
14378
14381
14382
14384
14380
14381
14382
14386
14382
14446
14388
14447
14385
14387
14385
14388
14389
14390
14387
14388
14389
14391
14731
14389
14448
14732
14392
14449
14733
14392
14392
14393
14450
14739
14451
14740
14396
14398
14396
14399
14401
14452
14398
14399
14403
14746
14405
14747
14402
14404
14402
14405
14406
14408
14453
14404
14405
14406
14410
14749
14406
14456
14750
14412
14457
14751
14409
14411
14409
14412
14413
14415
14459
14411
14412
14413
14417
14756
14413
14462
14757
14419
14463
14758
14416
14418
14416
14419
14420
14422
14466
14418
14419
14420
14424
14763
14420
14469
14764
14426
14470
14765
14423
14425
14423
14426
14427
14429
14472
14425
14426
14427
14431
14770
14427
14473
14771
14433
14474
14772
14430
14432
14430
14433
14434
14436
14432
14433
14434
14438
14777
14434
14778
14440
14475
14779
14437
14439
14437
14440
14441
14476
14439
14440
14441
14443
14784
14441
14478
14785
14445
14479
14786
14444
14444
14445
14446
14482
14447
14448
14449
14450
14451
14791
14455
14457
14455
14458
14460
14457
14458
14462
14798
14464
14461
14463
14461
14464
14465
14467
14463
14464
14465
14469
14800
14465
14471
14468
14470
14468
14471
14470
14471
14473
14803
14474
14474
14806
14478
14809
14477
14479
14481
14483
14479
14480
14481
14482
14813
14481
14814
14484
14815
14484
14825
14486
14489
19596
14490
14491
14506
19625
14488
14489
18428
14490
14493
18431
14490
14509
14495
14510
14492
14495
19130
14496
14513
19602
14494
14495
18434
14496
14831
19628
14496
14516
14832
14497
14517
14833
14498
14523
14839
19629
14524
14840
19631
14501
14503
14501
14504
14505
14507
14540
14503
14504
14505
14509
14505
14543
14511
14544
14508
14510
14508
14511
14512
14514
14510
14511
14512
14516
14512
14518
14515
14517
19620
14515
14518
14519
14521
14547
14517
14518
14519
14523
14853
14519
14550
14854
14525
14551
14855
14522
14524
19633
14522
14525
14526
14527
14554
19623
14524
14525
14526
14528
14860
14526
14557
14861
14530
14558
14862
14530
19132
14529
14530
19133
14531
14867
17723
14531
14564
14868
14532
14565
14869
19641
14570
14874
17725
14535
14537
14535
14538
14539
14541
14537
14538
14539
14543
14539
14545
14542
14544
14542
14545
14546
14544
14545
14546
14546
14549
14551
14549
14552
14553
14555
14551
14552
14553
14557
14553
14559
14556
14558
14556
14559
14560
14562
14590
14558
14559
14560
14564
14560
14593
14566
14594
14563
14565
14563
14566
14567
14568
14597
14565
14566
14567
14570
14884
14567
14600
14885
14572
14601
14886
14569
14572
14573
14604
14571
14572
14573
14891
19642
14573
14607
14892
14574
14608
14893
14575
14613
14899
19647
14614
14900
19648
14578
14580
14578
14581
14582
14584
14622
14580
14581
18446
14582
14586
14582
14625
14588
14626
14585
14587
14585
14588
14589
14629
14587
14588
14589
14909
14589
14632
14910
14633
14911
14592
14594
14592
14595
14596
14598
14594
14595
14596
14600
14596
14602
14599
14601
14599
14602
14603
14605
14636
14601
14602
14603
14607
14603
14639
14609
14640
14606
14608
14606
14609
14610
14611
14643
14608
14609
14610
14613
14916
14610
14646
14917
14615
14647
14918
14612
14615
14616
14650
14614
14615
14616
14617
14923
14616
14653
14924
14618
14654
14925
14618
14658
14931
14621
14623
14662
14621
14625
19649
14627
14664
19650
14624
14626
14624
14627
14628
14630
14666
14626
14627
14628
14632
14940
14628
14669
14941
14634
14670
14942
14631
14633
14631
14634
14635
14633
14634
14635
14947
14635
14948
14949
14638
14640
14638
14641
14642
14644
14640
14641
14642
14646
14642
14648
14645
14647
14645
14648
14649
14651
14673
14647
14648
14649
14653
14649
14676
14655
14677
14652
14654
14652
14655
14656
14657
14680
14654
14655
14656
14658
14954
14656
14683
14955
14660
14684
14956
14660
14659
14660
14661
14961
14661
14689
14962
14690
14963
14663
14664
14665
14667
14665
14669
14973
19652
14671
14974
19653
14668
14670
14668
14671
14672
14670
14671
14672
14977
14672
14978
14979
14675
14677
14675
14678
14679
14681
14694
14677
14678
14679
14683
14679
14697
14685
14698
14682
14684
14682
14685
14686
14687
14701
14684
14685
14686
14689
14686
14704
14691
14705
14688
14691
14692
14708
14690
14691
14692
14991
14692
14711
14992
14693
14712
14993
14715
14998
14696
14698
14696
14699
14700
14702
14698
14699
14700
14704
14700
14706
14703
14705
14703
14706
14707
14709
14731
14705
14706
14707
14711
15003
14707
14734
15004
14713
14735
15005
14710
14712
14710
14713
14714
14738
14712
14713
14714
14715
15010
14714
14741
15011
14716
14742
15012
14716
14745
15017
14719
14721
14719
14722
14723
14725
14746
14721
14722
14723
14727
15022
14723
14729
14748
15023
14726
14728
14726
14729
14730
14749
14728
14729
14730
15027
14730
14752
15028
14753
15029
14733
14735
14733
14736
14737
14739
14735
14736
14737
14741
14737
14743
14740
14742
14740
14743
14744
14791
14742
14743
14744
14745
15041
14744
14794
15042
14795
15043
14747
14748
14750
14752
15052
14751
14753
14751
14754
14755
14757
14798
14753
14754
14755
14759
15053
14755
15054
14761
14799
15055
14758
14760
14758
14761
14762
14764
14800
14760
14761
14762
14766
15059
14762
14801
15060
14768
14802
15061
14765
14767
14765
14768
14769
14771
14803
14767
14768
14769
14773
15066
14769
14804
15067
14775
14805
15068
14772
14774
14772
14775
14776
14778
14806
14774
14775
14776
14780
15073
14776
14807
15074
14782
14808
15075
14779
14781
14779
14782
14783
14785
14809
14781
14782
14783
14787
15080
14783
14810
15081
14789
14811
15082
14786
14788
14786
14789
14790
14813
14788
14789
14790
14790
14816
14817
14793
14795
14793
14796
14797
14795
14796
14797
15087
14797
15088
15089
14799
14801
14802
14802
14804
15095
14805
14805
14807
15098
14808
14808
14810
15101
14811
14811
14812
14816
15105
14818
15107
14815
14817
14815
14818
14819
14825
14817
14818
14819
14821
15112
14819
14827
15113
14823
14828
15114
14822
14822
14823
14824
15119
14824
15120
15121
14826
14828
14829
14828
14829
15139
14847
17726
14833
14835
14833
14836
14837
14839
14853
14835
14836
14837
14841
14837
14856
14843
14857
14840
14842
19635
14840
14843
14844
14845
14860
14842
14843
14844
14847
15146
14844
14863
15147
14849
14864
15148
14846
14849
19636
14850
14867
19638
14848
14849
14850
15153
19654
14850
14870
15154
14851
14871
15155
14852
14876
15161
19660
14877
15162
19657
14855
14857
14855
14858
14859
14861
14857
14858
14859
14863
14859
14865
14862
14864
14862
14865
14866
14868
14864
14865
14866
14870
15171
14866
15172
14872
15173
14869
14871
14869
14872
14873
14874
14884
14871
14872
14873
14876
15178
14873
14887
15179
14878
14888
15180
14875
14878
14879
14880
14891
19643
14877
14878
14879
14881
15185
19663
14879
14894
15186
14882
14895
15187
14882
19645
14882
19135
14883
14901
15193
14902
15194
17728
14886
14888
14886
14889
14890
14892
14888
14889
14890
14894
14890
14896
14893
14895
14893
14896
14897
14899
14916
14895
14896
14897
14901
15203
14897
14919
15204
14903
14920
15205
14900
14902
19138
14900
14903
14904
14905
14923
14902
14903
14904
14906
15210
14904
14926
15211
14907
14927
15212
14907
17731
14907
17732
14908
14933
14934
19666
14911
14913
14911
14914
14915
14947
14913
14914
14915
14915
14950
14951
14918
14920
14918
14921
14922
14924
14920
14921
14922
14926
14922
14928
14925
14927
14925
14928
14929
14931
14954
14927
14928
14929
14933
14929
14957
14935
14958
14932
14934
19140
14932
14935
14936
14937
14961
14934
14935
14936
14938
14936
14964
14939
14965
14939
14939
19141
14969
15222
17734
14942
14944
14942
14945
14946
14948
14977
14944
14945
14946
14950
15229
14946
14980
15230
14952
14981
15231
14949
14951
14949
14952
14953
14984
14951
14952
14953
15236
14953
14987
15237
14988
15238
14956
14958
14956
14959
14960
14962
14958
14959
14960
14964
14960
14966
14963
14965
14963
14966
14967
14968
14991
14965
14966
14967
14969
15243
14967
14994
15244
14971
14995
15245
14971
19651
14970
14971
14972
15250
19670
14972
14999
15251
15000
15252
19671
14974
14975
19142
14976
14978
17242
14976
14980
15260
19673
14982
15261
19675
14979
14981
14979
14982
14983
14985
14981
14982
14983
14987
15264
14983
15265
14989
15266
14986
14988
14986
14989
14990
14988
14989
14990
15271
14990
15272
15273
14993
14995
14993
14996
14997
14998
15010
14995
14996
14997
14999
15278
14997
15013
15279
15001
15014
15280
15001
17243
15000
15001
15002
15285
19677
15002
15018
15286
15019
15287
17735
15005
15007
15005
15008
15009
15011
15007
15008
15009
15013
15009
15015
15012
15014
15012
15015
15016
15017
15041
15014
15015
15016
15018
15302
15016
15044
15303
15020
15045
15304
15020
15019
15020
15021
15309
15021
15049
15310
15050
15311
15023
15025
15026
15028
15052
15025
15026
15030
15318
15032
15319
19679
15029
15031
15029
15032
15033
15035
15053
15031
15032
15033
15037
15323
15033
15056
15324
15039
15057
15325
15036
15038
15036
15039
15040
15059
15038
15039
15040
15040
15062
15063
15043
15045
15043
15046
15047
15048
15087
15045
15046
15047
15049
15330
15047
15090
15331
15051
15091
15332
15051
15050
15051
15337
15094
15338
15055
15057
15055
15058
15060
15057
17736
15058
15062
15344
15064
15345
17737
15061
15063
15061
15064
15065
15067
15095
15063
15064
15065
15069
15349
15065
15096
15350
15071
15097
15351
15068
15070
15068
15071
15072
15074
15098
15070
15071
15072
15076
15356
15072
15099
15357
15078
15100
15358
15075
15077
15075
15078
15079
15081
15101
15077
15078
15079
15083
15363
15079
15102
15364
15085
15103
15365
15082
15084
15082
15085
15086
15105
15084
15085
15086
15086
15108
15109
15089
15091
15089
15092
15093
15133
15091
15092
15093
15094
15370
15093
15136
15371
15137
15372
15097
15097
15099
15380
17738
15100
15100
17739
15102
15382
17740
15103
15103
15104
15108
15385
15110
15387
15107
15109
15107
15110
15111
15113
15109
15110
15111
15115
15392
15111
15393
15117
15394
15114
15116
15114
15117
15118
15120
15139
15116
15117
15118
15122
15399
15118
15140
15400
15124
15141
15401
15121
15123
15121
15124
15125
15123
15124
15125
15406
15125
15142
15407
15408
15128
15130
15128
15131
15132
15134
15130
15131
15132
15136
15420
15132
15421
15138
15422
15135
15137
15135
15138
15137
15138
15427
15428
15141
15141
15142
15431
15143
15145
15163
15444
19683
15164
15445
19686
15148
15150
15148
15151
15152
15154
15171
15150
15151
15152
15156
15152
15174
15158
15175
15155
15157
15155
15158
15159
15161
15178
15157
15158
15159
15163
15454
15159
15181
15455
15165
15182
15456
15162
15164
19680
15162
15165
15166
15167
15185
15164
15165
15166
15168
15461
15166
15188
15462
15169
15189
15463
15169
17741
15169
17744
15170
15195
15469
15196
15470
19689
15173
15175
15173
15176
15177
15179
15175
15176
15177
15181
15177
15183
15180
15182
15180
15183
15184
15186
15182
15183
15184
15188
15184
15190
15187
15189
15187
15190
15191
15193
15203
15189
15190
15191
15195
15191
15206
15197
15207
15194
15196
19144
15194
15197
15198
15199
15210
15196
15197
15198
15200
15198
15213
15201
15214
15201
17747
15201
17750
15202
15480
15481
19695
15205
15207
15205
15208
15209
15211
15207
15208
15209
15213
15209
15215
15212
15214
15212
15215
15216
15214
15215
15216
15216
15219
19147
15219
19149
15220
15224
15491
15225
15492
17753
15223
15225
19668
15223
15226
15227
15250
17756
15225
15226
15227
15498
17758
15227
15253
15499
15228
15254
15500
15258
15505
19701
15231
15233
15231
15234
15235
15237
15264
15233
15234
15235
15239
15235
15267
15241
15268
15238
15240
15238
15241
15242
15271
15240
15241
15242
15509
15242
15274
15510
15275
15511
15245
15247
15245
15248
15249
15251
15278
15247
15248
15249
15253
15249
15281
15255
15282
15252
15254
19152
15252
15255
15256
15257
15285
15254
15255
15256
15258
15516
15256
15288
15517
15259
15289
15518
15259
19154
15259
19156
15293
15523
17761
15261
15262
19159
15263
15265
19704
15263
15267
19706
15269
17763
15266
15268
15266
15269
15270
15272
15295
15268
15269
15270
15274
15528
15270
15298
15529
15276
15299
15530
15273
15275
15273
15276
15277
15275
15276
15277
15535
15277
15536
15537
15280
15282
15280
15283
15284
15286
15302
15282
15283
15284
15288
15284
15305
15290
15306
15287
15289
15287
15290
15291
15292
15309
15289
15290
15291
15293
15542
15291
15312
15543
15294
15313
15544
15294
17765
15294
17766
15316
15549
17768
15297
15299
15297
15300
19708
15301
15318
15299
15300
19709
15301
15554
15301
15320
15555
19711
15321
15556
15304
15306
15304
15307
15308
15310
15330
15306
15307
15308
15312
15308
15333
15314
15334
15311
15313
15311
15314
15315
15337
15313
15314
15315
15316
15568
15315
15340
15569
15317
15341
15570
15317
15575
15319
15321
15322
15324
17769
15321
15322
15326
15578
15328
15579
17770
15325
15327
15325
15328
15329
15344
15327
15328
15329
15582
15329
15346
15583
15347
15584
15332
15334
15332
15335
15336
15338
15370
15334
15335
15336
15340
15589
15336
15373
15590
15342
15374
15591
15339
15341
15339
15342
15343
15341
15342
15343
15596
15343
15378
15597
15598
15345
15347
15348
15350
17771
15347
17772
15348
15352
15604
15354
15605
17774
15351
15353
15351
15354
19162
15355
15357
15380
15353
15354
15355
15359
15609
15355
15610
17776
15361
15381
15611
15358
15360
15358
15361
15362
15364
15382
15360
15361
15362
15366
15616
15362
15383
15617
15368
15384
15618
15365
15367
15365
15368
15369
15385
15367
15368
15369
15623
15369
15388
15624
15389
15625
15372
15374
15372
15375
15376
15377
15427
15374
15375
15376
15378
15637
15376
15429
15638
15379
15430
15639
15379
15379
15645
15381
17778
15383
15649
19712
15384
17779
15384
17780
15388
15651
17782
15387
15389
15387
15390
15391
15393
15389
15390
15391
15395
15654
15391
15655
19714
15397
15656
17783
15394
15396
15394
15397
15398
15400
15396
15397
15398
15402
15398
17784
15404
15401
15403
15401
15404
15405
15407
15431
15403
15404
15405
15409
15661
15405
15432
15662
15411
15433
15663
15408
15410
15408
15411
15412
15414
15434
15410
15411
15412
15416
15668
15412
15436
15669
15418
15437
15670
15415
15417
15415
15418
15419
15421
15438
15417
15418
15419
15423
15675
15419
15440
15676
15425
15441
15677
15422
15424
15422
15425
15426
15428
15424
15425
15426
15429
15682
15426
15442
15683
15684
15430
15430
15433
15433
15436
15689
15435
15437
15439
15437
15440
15692
15441
15441
15442
15445
15447
18596
15445
15448
15449
15450
15461
15447
15448
15449
15451
18602
15449
15464
15452
15465
15452
17785
15452
19163
15453
15471
15695
15472
15696
19715
15456
15458
15456
15459
15460
15462
15458
15459
15460
15464
15460
15466
15463
15465
15463
15466
15467
15469
15465
15466
15467
15471
15704
15467
15705
15473
15706
15470
15472
19692
15470
15473
15474
15475
15472
15473
15474
15476
15711
15474
15712
15477
15713
15477
17788
15477
19166
15478
15482
15719
15483
15720
17791
15481
15483
19169
15481
15484
15485
15486
15483
15484
15485
15487
15727
15485
15728
15488
15729
15488
19172
15488
19175
15489
15493
15734
15494
15735
19727
15492
15494
19698
15492
15495
15496
15498
17794
15494
15495
15496
15748
17797
15496
15501
15749
15497
15502
15750
15506
15755
17800
15500
15502
15500
15503
15504
15505
15516
15502
15503
15504
15506
15758
15504
15519
15759
15507
15520
15760
15507
17803
15507
17806
15508
15524
15766
15525
15767
17809
15511
15513
15511
15514
15515
15535
15513
15514
15515
15515
15538
15539
15518
15520
15518
15521
15522
15523
15542
15520
15521
15522
15524
15772
15522
15545
15773
15526
15546
15774
15526
17812
15525
15526
15527
15779
19733
15527
15550
15780
15551
15781
19736
15530
15532
15530
15533
15534
15536
15554
15532
15533
15534
15538
15534
15557
15540
15558
15537
15539
15537
15540
15541
15561
15539
15540
15541
15786
15541
15564
15787
15565
15788
15544
15546
15544
15547
15548
15549
15568
15546
15547
15548
15550
15793
15548
15571
15794
15552
15572
15795
15552
17814
15551
15552
15553
15800
17815
15553
15576
15801
15802
15556
15558
15556
15559
19738
15560
15562
15578
15558
15559
19739
15560
15564
15807
15560
15808
17816
15566
15580
15809
15563
15565
15563
15566
15567
15582
15565
15566
15567
15814
15567
15585
15815
15586
15816
15570
15572
15570
15573
15574
15575
15596
15572
15573
15574
15576
15821
15574
15599
15822
15577
15600
15823
15577
15577
15603
15829
17818
15579
15580
19178
15581
15583
19740
15581
15585
15833
19741
15587
15834
17819
15584
15586
15584
15587
15588
15604
15586
15587
15588
15837
15588
15606
15838
15607
15839
15591
15593
15591
15594
15595
15597
15637
15593
15594
15595
15599
15844
15595
15640
15845
15601
15641
15846
15598
15600
15598
15601
15602
15644
15600
15601
15602
15603
15851
15602
15646
15852
15647
15853
17821
17822
15605
15607
15608
15610
19179
15607
19743
15608
15612
15859
15614
15860
19182
15611
15613
15611
15614
19184
15615
15617
15649
15613
15614
15615
15619
15864
15615
15865
17823
15621
15650
15866
15618
15620
15618
15621
15622
15624
15651
15620
15621
15622
15626
15871
15622
15652
15872
15628
15653
15873
15625
15627
15625
15628
15629
15654
15627
15628
15629
15878
15629
15657
15879
15658
15880
15632
15634
15632
15635
15636
15638
15682
15634
15635
15636
15640
15885
15636
15685
15886
15642
15686
15887
15639
15641
15639
15642
15643
15645
17825
15641
15642
15643
15646
15892
15643
15688
15893
15648
15894
17826
15647
15648
15647
15648
15650
17827
15652
15900
17829
15653
17831
15653
17833
15657
15902
17834
15656
15658
15656
15659
19745
15660
17835
15658
15659
15660
15907
15660
15908
19747
15909
17837
15663
15665
15663
15666
15667
15669
15689
15665
15666
15667
15671
15667
15690
15673
15691
15670
15672
15670
15673
15674
15676
15692
15672
15673
15674
15678
15914
15674
15693
15915
15680
15916
15677
15679
15677
15680
15681
15683
17839
15679
15680
15681
15685
15921
15681
15922
15687
15923
17840
15684
15686
15684
15687
19187
17841
15686
15687
15688
15927
17842
15928
17844
17846
15691
15691
15693
15696
15698
19718
15696
15699
15700
15701
15711
15698
15699
15700
15931
18660
15700
15714
15932
15702
15715
15933
15702
19721
15703
15721
15938
19751
15722
15939
19748
15706
15708
15706
15709
15710
15712
15708
15709
15710
15714
15710
15716
15713
15715
15713
15716
15717
15719
15715
15716
15717
15721
15945
15717
15946
15723
15947
15720
15722
19188
15720
15723
15724
15725
15727
15722
15723
15724
15952
17848
15724
15730
15953
15726
15731
15954
15726
19724
15736
15959
19754
15729
15731
15729
15732
15733
15734
15741
15731
15732
15733
15736
15964
15733
15744
15965
15738
15745
15966
15735
15738
15739
15748
19760
15737
15738
15739
15971
19757
15739
15751
15972
15740
15752
15973
15756
15978
17851
15743
15745
15743
15746
15747
15749
15745
15746
15747
15751
15747
15753
15750
15752
15750
15753
15754
15755
15758
15752
15753
15754
15756
15981
15754
15761
15982
15757
15762
15983
15757
17854
15757
17857
15768
15988
17860
15760
15762
15760
15763
15764
15766
15772
15762
15763
15764
15768
15993
15764
15775
15994
15770
15776
15995
15767
15769
19730
15767
15770
15771
15779
17863
15769
15770
15771
16000
19763
15771
15782
16001
15783
16002
17866
15774
15776
15774
15777
15778
15780
15793
15776
15777
15778
15782
15778
15796
15784
15797
15781
15783
19191
15781
15784
15785
15800
17869
15783
15784
15785
17871
15785
15803
15804
17874
15788
15790
15788
15791
15792
15814
15790
15791
15792
15792
15817
15818
15795
15797
15795
15798
15799
15801
15821
15797
15798
15799
15803
15799
15824
15805
15825
15802
15804
19194
15802
15805
15806
15828
15804
15805
15806
16007
17876
15806
15830
16008
15831
16009
17877
15809
15811
15809
15812
19195
15813
15815
15833
15811
15812
18666
15813
15817
16014
15813
16015
17878
15819
15835
16016
15816
15818
15816
15819
15820
15837
15818
15819
15820
16021
15820
15840
16022
15841
16023
15823
15825
15823
15826
15827
15829
15851
15825
15826
15827
15830
16028
15827
15854
16029
15832
15855
16030
15831
15832
17879
15831
15832
16035
17880
15858
16036
17881
15834
15835
19197
15836
15838
17882
15836
15840
16039
19769
15842
16040
17883
15839
15841
15839
15842
15843
15859
15841
15842
15843
16042
15843
15861
16043
15862
16044
15846
15848
15846
15849
15850
15852
15892
15848
15849
15850
15854
16056
15850
15895
16057
15856
15896
16058
15853
15855
15853
15856
15857
17884
15855
15856
15857
15858
16063
15857
15899
16064
16065
17885
17887
15860
15862
15863
15865
17889
15862
15863
15867
16070
15869
15866
15868
15866
15869
19199
15870
15872
15900
15868
15869
15870
15874
16072
15870
16073
17890
15876
15901
16074
15873
15875
15873
15876
15877
15879
15902
15875
15876
15877
15881
16079
15877
15904
16080
15883
15905
16081
15880
15882
15880
15883
15884
15907
15882
15883
15884
16086
15884
15910
16087
15911
16088
15887
15889
15887
15890
15891
15893
15927
15889
15890
15891
15895
16107
15891
15929
16108
15897
15930
16109
15894
15896
15894
15897
15898
17891
15896
15897
15898
15899
16114
15898
16115
17892
16116
17894
17896
15901
19200
15904
16120
19770
15903
15905
15906
15908
15905
17898
15906
15910
16121
15912
15909
15911
15909
15912
19202
15913
17899
15911
15912
15913
16124
15913
16125
17901
16126
17902
15916
15918
15916
15919
15920
15922
15918
15919
15920
15924
16138
15920
16139
15926
16140
15923
15925
15923
15926
15928
17904
15925
15926
15929
16143
17905
15930
17906
17909
15930
17911
17913
15933
15935
15933
15936
15937
15938
15945
15935
15936
15937
15940
16146
15937
15948
16147
15942
15949
16148
15939
15942
15943
15952
19771
15941
15942
15943
16153
18721
15943
15955
16154
15944
15956
16155
15961
16160
19774
15947
15949
15947
15950
15951
15953
15949
15950
15951
15955
15951
15957
15954
15956
15954
15957
15958
15959
15964
15956
15957
15958
15961
16164
15958
15967
16165
15962
15968
16166
15960
15962
15963
15971
17915
15962
17918
15963
15974
16172
15975
16173
19777
15966
15968
15966
15969
15970
15972
15968
15969
15970
15974
15970
15976
15973
15975
19203
15973
15976
15977
15978
15981
15975
15976
15977
15979
16179
15977
15984
16180
15980
15985
16181
15980
17921
15980
19783
15990
16186
17924
15983
15985
15983
15986
15987
15988
15993
15985
15986
15987
15990
16189
15987
15996
16190
15991
15997
16191
15989
15991
15992
16000
19766
15991
17927
15992
16003
16196
16004
16197
17930
15995
15997
15995
15998
15999
16001
15997
15998
15999
16003
15999
16005
16002
16004
19206
16002
16005
16006
17933
16004
16005
16006
16202
17936
16006
16203
16204
17939
16009
16011
19209
16009
16012
16013
16035
19211
16011
16012
16013
16223
19213
16013
16037
16224
19216
16016
16018
16016
16019
16020
16022
16039
16018
16019
16020
16024
16020
16026
16041
16023
16025
16023
16026
16027
16042
16025
16026
16027
16227
16027
16045
16228
16046
16229
16030
16032
16030
16033
16034
16036
16063
16032
16033
16034
16037
16234
16034
16066
16235
16038
16067
16236
17942
16038
17944
16038
17946
16241
17948
16040
16041
16043
16045
16243
16044
16046
16044
16047
16048
16050
16070
16046
16047
16048
16052
16245
16048
16246
16054
16071
16247
16051
16053
16051
16054
16055
16072
16053
16054
16055
16252
16055
16075
16253
16076
16254
16058
16060
16058
16061
16062
16064
16114
16060
16061
16062
16066
16273
16062
16117
16274
16068
16118
16275
16065
16067
16065
16068
16069
17949
16067
16068
16069
16280
16069
16281
16071
16075
16284
16074
16076
16074
16077
16078
16080
16120
16076
16077
16078
16082
16286
16078
16287
16084
16288
17950
16081
16083
16081
16084
16085
16087
16121
16083
16084
16085
16089
16293
16085
16122
16294
16091
16123
16295
16088
16090
16088
16091
16092
16124
16090
16091
16092
16300
16092
16127
16301
16128
16302
16095
16097
16095
16098
16099
16101
16138
16097
16098
16099
16103
16321
16099
16141
16322
16105
16142
16323
16102
16104
16102
16105
16106
16108
16143
16104
16105
16106
16110
16328
16106
16144
16329
16112
16145
16330
16109
16111
16109
16112
16113
16115
17951
16111
16112
16113
16117
16335
16113
16336
17953
16119
16337
17954
16116
16118
16116
16119
19219
17956
16118
16119
16340
17958
17959
16123
17961
16123
17962
16127
16342
17963
16126
16128
16126
16129
19222
16130
17964
16128
16129
16130
16344
16130
19786
17966
16133
16135
16133
16136
16137
16139
16135
16136
16137
16141
16350
16137
16140
16142
16140
16142
16144
16353
16145
17968
16145
16148
16150
16148
16151
16152
16154
16150
16151
16152
16156
16354
16152
16355
16158
16356
16155
16157
18769
16155
16158
16159
16160
16164
16157
16158
16159
16161
16361
16159
16167
16362
16162
16168
16363
16162
19223
16162
17969
16163
16174
16368
16175
16369
19788
16166
16168
16166
16169
16170
16172
16168
16169
16170
16174
16170
16176
16173
16175
19780
16173
16176
16177
16179
17971
16175
16176
16177
16374
17974
16177
16182
16375
16178
16183
16376
16187
16381
19790
16181
16183
16181
16184
16185
16186
16189
16183
16184
16185
16187
16384
16185
16192
16385
16188
16193
16386
16188
17976
16188
17979
16198
16391
17982
16191
16193
16191
16194
16195
16196
16193
16194
16195
16198
16394
16195
16395
16200
16396
16197
16200
16201
16202
17985
16199
16200
16201
16401
17988
16201
16205
16402
16206
16403
17991
16204
16206
19226
16204
16207
16208
16209
19229
16206
16207
16208
16408
19232
16208
16212
16409
16213
16410
19235
16211
16213
19238
16211
16214
16215
16223
19241
16213
16214
16215
16422
19244
16215
16225
16423
19247
16218
16220
16218
16221
16222
16224
16234
16220
16221
16222
16225
16426
16222
16237
16427
16226
16238
16428
19250
16226
17994
16226
17997
16242
16433
18000
16229
16231
16229
16232
16233
16245
16231
16232
16233
16435
16233
16248
16436
16249
16437
16236
16238
16236
16239
16240
16241
16280
16238
16239
16240
16242
16463
16240
16282
16464
16283
16465
18003
18004
18005
16244
16248
16247
16249
16247
16250
16251
16253
16284
16249
16250
16251
16255
16469
16251
16470
16257
16285
16471
16254
16256
16254
16257
16258
16260
16286
16256
16257
16258
16262
16475
16258
16289
16476
16264
16290
16477
16261
16263
16261
16264
16265
16293
16263
16264
16265
16482
16265
16296
16483
16297
16484
16268
16270
16268
16271
16272
16274
16335
16270
16271
16272
16276
16510
16272
16338
16511
16278
16339
16512
16275
16277
16275
16278
16279
16281
16340
16277
16278
16279
16282
16517
16279
16341
16518
16519
18007
16283
16283
16285
16289
16288
16290
16288
16291
16292
16294
18008
16290
16291
16292
16296
16522
16292
16298
16523
18009
16295
16297
16295
16298
16299
16301
16342
16297
16298
16299
16303
16526
16299
16527
18010
16305
16343
16528
16302
16304
16302
16305
16306
16308
16344
16304
16305
16306
16310
16532
16306
16345
16533
16312
16346
16534
16309
16311
16309
16312
16313
16315
16347
16311
16312
16313
16317
16539
16313
16348
16540
16319
16349
16541
16316
16318
16316
16319
16320
16322
16350
16318
16319
16320
16324
16546
16320
16351
16547
16326
16352
16548
16323
16325
16323
16326
16327
16329
16353
16325
16326
16327
16331
16553
16327
16554
18012
16333
16555
18013
16330
16332
16330
16333
16334
16336
16332
16333
16334
16338
16558
16334
18014
18015
16337
16339
16337
19254
18016
16339
18018
16341
16561
18020
19253
19268
16343
18022
16345
18024
16346
18026
16346
18028
16348
16562
18029
16349
16349
18030
16351
16352
16352
16356
16358
16356
16359
16360
16362
16358
16359
16360
16364
16360
16366
16363
16365
16363
16366
16367
16368
16365
16366
16367
16370
16367
16372
16369
16372
16373
16374
18031
16371
16372
16373
16373
16377
16378
18032
16376
16378
19255
16376
16379
16380
16381
16384
16378
16379
16380
16382
16563
16380
16387
16564
16383
16388
16565
16383
19257
16383
18033
16392
16570
18035
16386
16388
16386
16389
16390
16391
16394
16388
16389
16390
16392
16573
16390
16397
16574
16393
16398
16575
16393
18037
16393
18039
16404
16580
18040
16396
16398
16396
16399
16400
16402
16398
16399
16400
16404
17203
16400
17204
16406
17205
16403
16405
19793
16403
16406
16407
16408
18041
16405
16406
16407
16585
19795
16407
16411
16586
16412
16587
18043
16410
16412
19259
16410
16413
16414
16422
19261
16412
16413
16414
16598
19263
16414
16424
16599
18044
16417
16419
16417
16420
16421
16423
16426
16419
16420
16421
16424
16602
16421
16429
16603
16425
16430
16604
19264
16425
18045
16425
18047
16434
16609
18048
16428
16430
16428
16431
16432
16433
16463
16430
16431
16432
16434
16618
16432
16466
16619
16467
16620
18049
18051
19277
16437
16439
16437
16440
16441
16443
16469
16439
16440
16441
16445
16441
16472
16447
16473
16444
16446
16444
16447
16448
16475
16446
16447
16448
16624
16448
16478
16625
16479
16626
16451
16453
16451
16454
16455
16457
16510
16453
16454
16455
16459
16652
16455
16513
16653
16461
16514
16654
16458
16460
16458
16461
16462
16464
16517
16460
16461
16462
16466
16659
16462
16520
16660
16468
16521
16661
16465
16467
19266
16465
16468
18053
16467
16468
18054
18056
16471
16473
16471
16474
16476
16473
16474
16478
16665
16480
16477
16479
16477
16480
16481
16483
16522
16479
16480
16481
16485
16667
16481
16524
16668
16487
16525
16669
16484
16486
16484
16487
16488
16526
16486
16487
16488
16673
16488
16529
16674
16530
16675
16491
16493
16491
16494
16495
16497
16546
16493
16494
16495
16499
16694
16495
16549
16695
16501
16550
16696
16498
16500
16498
16501
16502
16504
16553
16500
16501
16502
16506
16701
16502
16556
16702
16508
16557
16703
16505
16507
16505
16508
16509
16511
16558
16507
16508
16509
16513
16708
16509
16559
16709
16515
16560
16710
16512
16514
16512
16515
16516
16518
16561
16514
16515
16516
16520
16713
16516
16714
18058
18061
16519
16521
16519
18064
18066
16521
18067
18069
16523
16525
16527
18071
16525
16529
16716
18072
16528
16530
16528
19273
16531
16533
18073
16530
18075
16531
16535
16717
16537
19796
16534
16536
16534
16537
19275
16538
16540
16562
16536
16537
16538
16542
16718
16538
18076
16544
16541
16543
16541
16544
16545
16547
16543
16544
16545
16549
16720
16545
16551
16548
16550
16548
16551
16552
16554
16550
16551
16552
16556
16722
16552
16555
16557
16555
19276
18077
16557
18079
16559
18080
16560
18082
16560
18084
18087
19270
16565
16567
16565
16568
16569
16570
16573
16567
16568
16569
16571
16723
16569
16576
16724
16572
16577
16725
16572
18090
16572
16582
16730
16575
16577
16575
16578
16579
16580
17203
16577
16578
16579
16582
17210
16579
17206
17211
16583
17207
17212
16581
16583
16584
16585
16583
16584
16588
16733
16589
16587
16589
16587
16590
17205
16598
16589
16590
17207
16600
16743
17209
16593
16595
17205
16593
16596
16597
16599
16602
16595
16596
17208
16597
16600
16746
17209
16597
16605
16747
16601
16606
16748
16601
16601
16610
16753
16604
16606
16604
16607
16608
16609
16618
16606
16607
16608
16610
16762
16608
16621
16763
16622
16764
16613
16615
16613
16616
16617
16619
16659
16615
16616
16617
16621
16796
16617
16662
16797
16623
16663
16798
16620
16622
19278
16620
16623
18091
16622
16623
18092
16626
16628
16626
16629
16630
16632
16667
16628
16629
16630
16634
16802
16630
16670
16803
16636
16671
16804
16633
16635
16633
16636
16637
16673
16635
16636
16637
16809
16637
16676
16810
16677
16811
16640
16642
16640
16643
16644
16646
16701
16642
16643
16644
16648
16830
16644
16704
16831
16650
16705
16832
16647
16649
16647
16650
16651
16653
16708
16649
16650
16651
16655
16837
16651
16711
16838
16657
16712
16839
16654
16656
16654
16657
16658
16660
16713
16656
16657
16658
16662
16843
16658
16715
16844
16664
18093
16661
16663
16661
16664
18096
16663
16664
18099
18101
16666
16670
16669
16671
16669
16672
16674
16716
16671
16672
16676
16846
16678
16675
16677
16675
16678
16679
16681
16717
16677
16678
16679
16683
16847
16679
16685
16848
16682
16684
16682
16685
16686
16688
16718
16684
16685
16686
16690
16851
16686
16852
16692
16719
16853
16689
16691
16689
16692
16693
16695
16720
16691
16692
16693
16697
16856
16693
16721
16857
16699
16858
16696
16698
16696
16699
16700
16702
16722
16698
16699
16700
16704
16861
16700
16862
16706
16703
16705
16703
16706
16707
16709
18104
16705
16706
16707
16711
16865
16707
18106
18107
16710
16712
16710
18109
16714
18112
16712
18115
16715
18118
18121
19279
18124
18127
16719
16721
16725
16727
16725
16728
16729
16730
17210
16727
16728
16729
16731
16866
16729
16867
17213
16732
16868
17214
16732
16732
16734
16873
16735
17212
16735
17214
16744
16883
17216
16738
16740
17207
17212
16738
16741
17208
16742
16743
16746
17209
16740
16741
17215
16742
16744
16886
17216
16742
16749
16887
16745
16750
16888
16745
16745
16754
16893
16748
16750
16748
16751
16752
16753
16762
16750
16751
16752
16754
16902
16752
16765
16903
16766
16904
16757
16759
16757
16760
16761
16763
16796
16759
16760
16761
16765
16922
16761
16799
16923
16767
16800
16924
16764
16766
16764
16767
16766
16767
16770
16772
16770
16773
16774
16809
16772
16773
16774
16774
16812
16813
16777
16779
16777
16780
16781
16783
16830
16779
16780
16781
16785
16935
16781
16833
16936
16787
16834
16937
16784
16786
16784
16787
16788
16790
16837
16786
16787
16788
16792
16942
16788
16840
16943
16794
16841
16944
16791
16793
16791
16794
16795
16797
16843
16793
16794
16795
16799
16949
16795
16845
16950
16801
16951
18128
16798
16800
16798
16801
18130
16800
16801
18131
16804
16806
16804
16807
16808
16810
16846
16806
16807
16808
16812
16808
16814
16811
16813
16811
16814
16815
16817
16847
16813
16814
16815
16819
16954
16815
16849
16955
16821
16850
16956
16818
16820
16818
16821
16822
16851
16820
16821
16822
16959
16822
16854
16960
16855
16961
16825
16827
16825
16828
16829
16831
16861
16827
16828
16829
16833
16969
16829
16863
16970
16835
16864
16971
16832
16834
16832
16835
16836
16838
16865
16834
16835
16836
16840
16974
16836
18132
16842
18133
16839
16841
16839
16842
16844
18135
16841
16842
16845
18138
18140
18142
19282
18144
16848
16850
16852
16850
16854
16853
16855
16853
16857
16855
19285
16859
18146
16858
16860
16858
16862
16860
18147
16863
18148
16864
16864
18149
16868
16870
16868
16871
16872
16873
16876
16870
16871
16872
16874
16975
16872
16879
16976
16875
16880
16977
16875
16875
16884
16982
16878
16880
17214
16878
16881
17215
16882
16883
16886
17216
16880
16881
16882
16884
16985
16882
16889
16986
16885
16890
16987
16885
16885
16894
16992
16888
16890
16888
16891
16892
16893
16902
16890
16891
16892
16894
17001
16892
16905
17002
16906
17003
16897
16899
16897
16900
16901
16903
16922
16899
16900
16901
16905
17021
16901
16925
17022
16907
16926
17023
16904
16906
16904
16907
16906
16907
16910
16912
16910
16913
16914
16916
16942
16912
16913
16914
16918
17048
16914
16945
17049
16920
16946
17050
16917
16919
16917
16920
16921
16923
16949
16919
16920
16921
16925
17055
16921
16952
17056
16927
16953
17057
16924
16926
16924
16927
16926
16927
18151
16930
16932
16930
16933
16934
16936
16969
16932
16933
16934
16938
17070
16934
16972
17071
16940
16973
17072
16937
16939
16937
16940
16941
16943
16974
16939
16940
16941
16945
17075
16941
17076
16947
16944
16946
16944
16947
16948
16950
18152
16946
16947
16948
16952
17078
16948
16951
16953
16951
18153
18154
16953
19289
18156
16956
16958
16956
16960
18158
16958
16962
18159
16961
16963
16961
18160
16965
18161
16963
19290
16967
18163
16966
16968
16966
19286
16970
18165
16968
18166
16972
18168
16971
16973
16971
19288
16973
18170
18171
16977
16979
16977
16980
16981
16982
16985
16979
16980
16981
16983
17086
16981
16988
17087
16984
16989
17088
16984
16984
16993
17093
16987
16989
16987
16990
16991
16992
17001
16989
16990
16991
16993
17102
16991
17004
17103
17005
17104
16996
16998
16996
16999
17000
17002
17021
16998
16999
17000
17004
17115
17000
17024
17116
17006
17025
17117
17003
17005
17003
17006
17005
17006
17122
17009
17011
17009
17012
17013
17015
17048
17011
17012
17013
17017
17131
17013
17051
17132
17019
17052
17133
17016
17018
17016
17019
17020
17022
17055
17018
17019
17020
17024
17138
17020
17058
17139
17026
17059
17140
17023
17025
17023
17026
17025
17026
17144
18172
17029
17031
17029
17032
17033
17035
17065
17031
17032
17033
17037
17033
17068
17039
17069
17036
17038
17036
17039
17040
17042
17070
17038
17039
17040
17044
17146
17040
17073
17147
17046
17074
17148
17043
17045
17043
17046
17047
17049
17075
17045
17046
17047
17051
17153
17047
17077
17154
17053
17155
18173
17050
17052
17050
17053
17054
17056
17078
17052
17053
17054
17058
17158
17054
18175
18177
17057
17059
17057
18179
18181
17059
18183
18186
17062
17064
17062
19292
17066
18188
17064
18191
17068
17160
18193
17067
17069
17067
18196
17071
18199
17069
18201
17073
17161
18204
17072
17074
17072
19294
17076
18206
17074
18207
17077
18209
18210
18211
18212
17081
17083
17081
17084
17085
17087
17095
17083
17084
17085
17089
17085
17098
17091
17099
17088
17090
17088
17091
17092
17093
17102
17090
17091
17092
17094
17162
17092
17105
17106
17163
18213
18214
17097
17099
17097
17100
17101
17103
17115
17099
17100
17101
17105
17101
17118
17107
17119
17104
17106
17104
17107
17106
17107
17164
18215
17123
17110
17112
17110
17113
17114
17116
17138
17112
17113
17114
17118
17114
17141
17120
17142
17117
17119
17117
17120
17121
17122
17144
17119
17120
17121
17123
17121
17145
17126
17128
17126
17129
17130
17132
17153
17128
17129
17130
17134
17165
17130
17156
17166
17136
17157
17167
17133
17135
17133
17136
17137
17139
17158
17135
17136
17137
17141
17168
17137
17159
17169
17143
17170
18216
17140
17142
17140
17143
18219
17142
17143
17145
17171
18221
18223
18226
17148
17150
17148
17151
19295
17152
17154
18227
17150
17151
17152
17156
17172
17152
18229
18232
17155
17157
17155
19297
18235
17157
18237
17159
17174
18240
18243
18246
18249
18252
17163
19299
17164
18255
18257
17167
17167
17169
17174
17170
17170
19301
18258
18261
18263
18266
19304
17177
17179
17177
17180
17181
17179
17180
17181
17181
17184
17186
17184
17187
17188
17186
17187
17188
17188
17191
17193
19114
17191
17194
17195
19507
17193
17194
17195
19509
17195
19510
17198
17200
17198
17201
17202
17200
17201
17202
17202
17205
17207
17205
17208
17209
17207
17208
17209
17209
17212
17214
17212
17215
17216
17214
17215
17216
17216
17227
19798
17219
17223
17229
17235
17241
17224
17229
17236
17241
17226
17231
17235
17236
17227
17675
17232
17238
17224
17225
17233
17237
17225
17234
17237
17238
17239
17237
18270
18271
17229
17241
17230
17231
17235
17236
17233
17234
17240
17234
17238
17241
17238
17241
17236
17237
17237
17239
17241
17549
19142
19143
19653
19675
19676
17548
17735
18447
18490
18491
18492
17246
18460
18471
18473
18516
18521
18522
18460
18471
18474
18517
18523
17248
17726
18473
18524
18525
18530
18531
18533
18534
17727
18474
18526
18532
18535
17250
18498
18499
18548
18554
18555
18557
18500
18549
18556
18558
17252
18504
18510
18554
18559
17253
18505
18511
18555
18560
18506
18512
18556
18561
17255
18510
18518
18565
18568
17256
18511
18519
18566
18569
18512
18520
18567
18570
17258
18521
18565
18577
18584
18587
17259
18522
18566
18578
18585
18588
18523
18567
18579
18586
18589
17261
17348
18311
18580
18633
17262
17349
18312
18581
18634
17350
18313
18582
18635
18619
18669
18670
18671
17265
18614
18669
18672
18674
17266
18615
18669
18672
18675
18616
18670
18673
18676
17268
18305
18674
18679
18682
17269
18306
18675
18680
18683
18307
18676
18681
18684
17271
18636
18682
18691
18697
18700
17272
18637
18683
18692
18698
18701
18638
18684
18693
18699
18702
17274
17351
17354
18651
18657
18706
18715
17275
17352
17355
18652
18658
18707
18716
17353
17356
18653
18659
18708
18717
17277
18694
18737
18743
18746
17278
18695
18738
18744
18747
18696
18739
18745
18748
17280
17360
18709
18743
18755
18758
17281
17361
18710
18744
18756
18759
17362
18711
18745
18757
18760
17283
18726
18788
18789
18791
18792
18727
18788
18790
18793
17285
18731
18740
18791
18797
18800
17286
18732
18741
18792
18798
18801
18733
18742
18793
18799
18802
17288
18752
18755
18813
18816
17289
18753
18756
18814
18817
18754
18757
18815
18818
17291
17360
18761
18816
18822
18828
17292
17361
18762
18817
18823
18829
17362
18763
18818
18824
18830
17294
17369
18767
18828
18829
18836
18837
17370
18768
18830
18836
18837
18345
18838
18858
18861
18862
18863
17298
18341
18810
18874
18883
17299
18342
18811
18875
18884
18343
18812
18876
18885
17301
18368
18822
18894
18900
17302
18369
18823
18895
18901
18370
18824
18896
18902
17304
18346
18908
18912
18917
17305
18346
18908
18912
18917
18347
18909
18913
18918
17307
18356
18935
18943
18946
17308
18356
18936
18944
18947
18357
18937
18945
18948
17310
18377
18868
18877
18946
18952
17311
18378
18869
18878
18947
18953
18379
18870
18879
18948
18954
17313
17376
18889
18965
18968
17314
17377
18890
18966
18969
17378
18891
18967
18970
17316
18366
18974
18976
18984
18989
18990
18367
18975
18977
18985
18991
17318
17382
17383
18906
18982
18992
17384
18907
18983
18992
17320
18391
18392
18938
19000
19002
18393
18939
19000
19003
17322
17379
17390
18400
19013
17323
17380
17391
18401
19014
17381
17392
18402
19015
17325
18961
18976
18978
19028
19032
19035
18961
18977
18978
19028
19033
19035
17327
17385
17386
17393
17398
19031
19036
17387
17394
17398
19031
19037
18995
19040
19041
19042
19043
19046
19047
19048
19046
19051
17331
17395
19025
19055
17332
17396
19026
19055
17397
19027
19056
17413
17433
17434
17435
17436
17335
17414
17433
17437
18414
17336
17414
17433
17438
18415
17415
17434
17439
18416
17338
17419
17437
17443
17446
17339
17420
17438
17444
17447
17421
17439
17445
17448
17341
17425
17443
17452
18417
17342
17426
17444
17453
18418
17427
17445
17454
18419
18421
18422
18436
18438
18439
19592
17345
18290
18473
18521
18524
18584
17346
18291
18473
18522
18525
18585
18292
18474
18523
18526
18586
17571
17763
17764
18296
17349
18322
18639
18642
18645
17350
18323
18640
18643
18646
18324
18641
18644
18647
17352
18648
18651
18654
18657
18660
17353
18649
18652
18655
18658
18661
18650
18653
18656
18659
18662
17355
18332
18657
18715
18718
17356
18333
18658
18716
18719
18334
18659
18717
18720
17358
18688
18691
18734
18737
18740
17359
18689
18692
18735
18738
18741
18690
18693
18736
18739
18742
17361
18755
18758
18761
18816
17362
18756
18759
18762
18817
18757
18760
18763
18818
17364
18332
18712
18715
18758
18761
18764
17365
18333
18713
18716
18759
18762
18765
18334
18714
18717
18760
18763
18766
17367
18332
18718
18767
18769
18772
17368
18333
18719
18767
18770
18772
18334
18720
18768
18771
18773
17370
17371
18828
18829
18831
18832
18837
17372
18830
18833
18837
17372
17373
17374
18368
18369
18906
17373
17374
18370
18907
17374
18906
18907
18992
18837
17389
18933
17377
18380
18883
18886
18962
18965
17378
18381
18884
18887
18963
18966
18382
18885
18888
18964
18967
17380
18377
18380
18400
18958
18962
17381
18378
18381
18401
18959
18963
18379
18382
18402
18960
18964
17383
18384
18900
18903
18979
17384
18385
18901
18904
18980
18386
18902
18905
18981
17386
18384
18968
18971
18979
17387
18385
18969
18972
18980
18386
18970
18973
18981
18982
18983
18992
18993
18389
18390
18999
17391
18408
19019
19022
19025
17392
18409
19020
19023
19026
18410
19021
19024
19027
17394
18403
18404
18965
18966
18971
18972
19029
18405
18967
18973
19030
17396
18400
18403
19022
19029
17397
18401
18404
19023
19029
18402
18405
19024
19030
19031
19036
19037
19038
17400
18979
18980
18982
18993
19036
19038
18981
18983
18993
19037
19038
19029
19030
19031
19055
19056
17409
17462
17406
17412
17405
17406
17407
17408
18159
19292
19293
17407
17408
17431
17432
18412
18413
17408
17431
18191
17432
18192
17410
17411
19058
19062
19063
17411
19059
19066
19059
19067
18411
18412
18413
19060
19061
18411
19060
19061
17415
17416
17417
18412
19060
17418
18413
19061
17417
17419
17431
17437
17418
17420
17431
17438
17421
17432
17439
17420
17422
17659
17421
17423
17660
17424
17661
17423
17425
17443
18249
17424
17426
17444
18250
17427
17445
18251
17426
17428
17662
17427
17429
17663
17430
17664
17429
17452
18229
18252
17430
17453
18230
18253
17454
18231
18254
17432
17659
17660
18412
17661
18413
17434
17435
19060
17436
19061
17436
18414
18415
18416
17438
17440
17439
17441
17442
17441
17446
18414
17442
17447
18415
17448
18416
17444
17449
17445
17450
17451
17447
17449
17448
17450
17451
17450
18417
17451
18418
18419
17453
17455
17668
17454
17456
17669
17457
17670
17456
18266
18417
17457
18267
18418
18268
18419
17459
17463
17465
17466
19062
17463
17465
17467
19063
17466
17467
17470
17471
18032
19065
17463
19062
19063
17464
17465
17468
17469
17651
17467
17468
19066
17469
19067
17469
17471
18214
17471
18214
19066
19067
18214
19299
19300
19312
19320
19321
19324
17676
19328
17475
17676
17677
17679
18272
17676
17678
17680
18272
17477
17677
17681
17682
18270
17678
17681
17682
18271
17479
19076
19314
19344
19347
17480
19077
19315
19345
19348
19078
19316
19346
19349
17682
17688
17483
19333
19334
19347
19348
19362
19363
19366
19373
19335
19349
19362
19363
19367
19374
17485
19336
19366
19369
19370
19337
19367
19369
19371
17487
19341
19342
19373
19375
19376
19378
19343
19374
19375
19377
19379
17489
17686
17691
17692
19361
17686
17691
17693
19361
17491
19370
19372
19383
19390
19371
19372
19384
19391
17493
17692
17695
17697
17698
17693
17695
17697
17699
17495
19385
19388
19406
19407
19385
19389
19406
19408
17698
17699
17701
19092
17498
19093
19094
19412
19428
19433
19434
19095
19413
19429
19435
17500
19405
19428
19438
19439
19405
19429
19438
19440
17702
19438
19441
19442
17503
19446
19447
19449
19462
19463
19488
19491
19448
19450
19464
19488
19492
19488
19493
19494
19495
17506
19480
19481
19512
19515
19517
19482
19513
19516
19518
17708
19485
19486
19515
19516
19521
17509
19491
19522
19526
19529
19492
19523
19527
19530
17511
19493
19526
19531
19532
19494
19527
19531
19532
19517
19518
19535
19799
19521
19799
17515
19529
19536
19538
19540
19530
19536
19539
19540
17710
17713
17714
19123
17518
19538
19543
19545
19548
19539
19543
19546
19549
17711
17716
17717
17718
17521
17713
17716
17720
19125
17714
17717
17720
19125
19556
19559
19560
19561
17524
19545
19547
19566
19568
19546
19547
19567
19568
17526
19553
19554
19557
19574
19577
19553
19554
19558
19574
19577
17528
17529
19557
19560
19562
19579
19581
17529
19558
19561
19562
19580
19582
19563
19564
19585
19586
19577
19578
17532
19128
19578
19579
19583
19128
19578
19580
19584
17534
19571
19583
19585
19614
17535
19572
19583
19585
19614
19573
19584
19586
19615
17537
19589
19590
19614
19616
19589
19590
19615
19617
17539
17721
19602
19620
19621
19629
19633
17722
19603
19622
19630
19634
19628
19629
19630
19635
17542
17726
19635
19636
19638
19639
19654
19655
17727
19635
19637
19640
19656
17544
17723
17725
19638
19639
19643
19660
19661
19663
19664
17724
17725
19640
19644
19662
19665
17546
19138
19642
19645
19647
19139
19642
19646
19647
19651
19670
19651
19677
19678
17558
17559
19675
19676
19708
17551
18530
19654
19660
19680
19683
17552
18531
19655
19661
19681
19684
18532
19656
19662
19682
19685
17554
17732
17747
19147
19149
19666
19695
17555
17732
17748
19147
19150
19666
19696
17733
17749
19148
19151
19667
19697
17557
17765
17766
19154
19677
17765
17767
19155
19678
17559
19704
19708
19709
19705
19708
19710
17561
17736
17769
17771
17772
17736
17769
17771
17773
17563
17739
17778
17779
17780
17739
17778
17779
17781
17565
17758
17794
17800
17803
17806
19701
17566
17759
17795
17801
17804
17807
19702
17760
17796
17802
17805
17808
19703
17568
17803
17812
19156
19733
17569
17804
17812
19157
19734
17805
17813
19158
19735
17766
17767
17812
17813
17814
17815
19709
19710
19738
19739
17573
17772
19179
19180
19740
19743
17773
19181
19740
19744
17575
17780
17827
17831
17833
17781
17828
17832
17833
17589
17784
17835
17836
17837
17838
17825
17841
17846
17847
17579
19175
19724
19757
19760
17580
19176
19725
19758
19761
19177
19726
19759
19762
17582
17797
17800
17851
17854
17857
19760
17583
17798
17801
17852
17855
17858
19761
17799
17802
17853
17856
17859
19762
17585
17822
17879
17884
17887
17822
17879
17884
17888
17882
17889
19743
19744
17884
17891
17896
17897
17833
17898
19200
19201
17605
17899
17900
17902
17903
17591
17846
17891
17892
17906
17907
17913
17847
17891
17893
17908
17914
17593
18657
18660
18718
18721
19751
19771
17594
18658
18661
18719
18722
19752
19772
18659
18662
18720
18723
19753
19773
17596
17848
17915
17918
19754
19771
19774
17597
17849
17916
17919
19755
19772
19775
17850
17917
17920
19756
19773
19776
17599
17857
17921
17927
19766
17600
17858
17922
17928
19767
17859
17923
17929
19768
17602
17871
17872
17874
17933
17934
17939
17940
19209
19213
19214
19238
19239
19241
19242
17873
17875
17935
17941
19210
19215
19240
19243
17887
17888
17944
17945
17948
17949
17896
17897
17949
17956
17957
17958
17621
17964
17965
17966
17967
17911
17912
17913
17914
17951
17952
17953
17968
17608
17971
17976
17979
19783
19790
17609
17972
17977
17980
19784
19791
17973
17978
17981
19785
19792
17611
17927
17976
17985
17988
17612
17928
17977
17986
17989
17929
17978
17987
17990
17614
17946
17994
17995
18004
18005
17947
17996
18004
18006
17616
17959
18016
19253
19268
17960
18017
19253
19269
17618
17962
18008
18010
18022
18024
17962
18008
18011
18023
18025
17620
18022
18026
18028
19786
18023
18027
18028
19787
18026
18027
18030
17623
17979
17980
18037
18039
19257
17981
18038
18039
19258
17625
17997
17998
18045
18051
19277
17999
18046
18052
19277
18053
18056
18057
18066
18069
18070
17628
18014
18077
18082
18084
18085
18014
18078
18083
18086
17630
18018
18058
18059
18082
18087
18088
19270
19271
18019
18060
18083
18089
19272
18039
18090
17633
18054
18056
18091
18092
18096
18097
18099
18055
18057
18091
18092
18098
18100
17635
18067
18069
18096
18101
18121
17636
18067
18069
18097
18102
18122
18068
18070
18098
18103
18123
18075
18127
18076
18127
18079
18080
18081
18104
18105
18106
17641
18099
18101
18102
18130
18131
18142
18100
18103
18130
18131
18143
18106
18132
18149
18150
17644
18115
18118
18135
18140
18149
17645
18116
18119
18136
18140
18149
18117
18120
18137
18141
18150
18131
18151
18154
18155
18156
18157
18132
18171
18138
18139
18140
18141
18152
18171
18151
18172
18181
18182
18186
18187
18175
18176
18210
18212
18214
18172
18219
18220
18226
17654
18175
18235
18243
18246
17655
18175
18235
18244
18247
18176
18236
18245
18248
17657
18183
18186
18219
18223
18243
17658
18184
18186
18219
18224
18244
18185
18187
18220
18225
18245
17660
18191
18249
17661
18191
18250
18192
18251
17663
18201
18249
18252
17664
18202
18250
18253
18203
18251
18254
17666
18223
18258
18261
17667
18224
18259
18261
18225
18260
18262
17669
18229
18263
18266
17670
18230
18264
18267
18231
18265
18268
17672
18237
18263
19304
17673
18238
18264
19305
18239
18265
19306
17676
18272
17681
18270
18271
19329
19330
17678
19331
19798
19332
19798
17680
19080
19329
19331
19080
19330
19332
18269
18269
19331
19332
17686
19361
17685
17687
19079
19080
19329
17687
19079
19080
19330
17687
19079
17689
17691
19080
19331
19332
19080
17692
17693
17695
19361
17694
17693
17694
17694
17697
17696
17698
17699
17701
17700
17699
17700
17700
19092
19110
19441
19442
17705
19102
19103
19104
19106
19116
17706
19114
19115
19509
19116
19122
19510
19511
19487
19121
19122
19510
19511
17712
17712
17713
17714
17716
17717
17714
17715
17715
19123
19125
17717
17719
17719
17719
17720
19125
17722
19129
19618
19623
19624
19129
19619
19623
19624
17724
17725
19133
19638
19639
19641
17725
19134
19640
19641
19641
19642
19643
19644
17727
18472
18530
18531
19654
19655
18472
18532
19656
17729
17732
17747
19135
19138
19144
19645
17730
17732
17748
19136
19138
19145
19645
17733
17749
19137
19139
19146
19646
17732
17733
19138
19139
19140
19648
19666
19667
17733
17747
17748
19138
19666
17749
19139
19667
17756
17757
19141
19670
17765
19677
19678
17737
19679
17771
17739
17778
17740
17779
17742
17744
19135
19144
19657
19680
19689
17743
17745
19136
19145
19658
19681
19690
17746
19137
19146
19659
19682
19691
17745
17785
19680
19686
19689
19692
17746
17786
19681
19687
19690
19693
17787
19682
19688
19691
19694
17748
17750
19144
19695
17749
17751
19145
19696
17752
19146
19697
17751
17788
19144
19169
19689
19695
17752
17789
19145
19170
19690
19696
17790
19146
19171
19691
19697
17754
17758
17794
19147
19149
19668
19698
17755
17759
17795
19147
19150
19668
19699
17760
17796
19148
19151
19669
19700
17757
19152
19668
19670
19701
19702
19153
19669
19670
19703
17759
19668
19701
17760
19668
19702
19669
19703
17762
17766
17812
19154
19156
19157
17767
17813
19155
19158
17764
19704
19706
19709
19705
19707
19710
17768
17767
17768
17768
17814
17770
19679
17772
17773
19740
17774
17775
19162
17773
17774
17775
17775
17776
19179
19180
17777
19181
17777
19162
19184
19185
19712
19162
19186
19713
19162
19712
19713
17782
17781
17782
19712
17782
19713
17831
17832
19714
17784
17835
17836
19714
17786
18596
19163
19686
19692
19715
17787
18597
19164
19687
19693
19716
18598
19165
19688
19694
19717
17789
17791
19166
19169
19689
19692
17790
17792
19167
19170
19690
19693
17793
19168
19171
19691
19694
17792
19166
19169
19175
19188
19724
17793
19167
19170
19176
19189
19725
19168
19171
19177
19190
19726
17795
17800
19698
17796
17801
19699
17802
19700
17798
17800
19698
19727
17799
17801
19699
19728
17802
19700
19729
17801
17806
17854
17802
17807
17855
17808
17856
17804
17809
19701
17805
17810
19702
17811
19703
17807
17809
19730
17808
17810
19731
17811
19732
17810
17863
19730
19733
17811
17864
19731
19734
17865
19732
19735
17813
19736
19737
19194
19736
19737
17817
19195
19738
19739
19741
19196
19738
19739
19742
17822
17879
17820
17882
19740
19741
19743
17882
19740
19742
19744
17822
17884
17824
17829
19182
19184
19185
19199
17830
19183
19186
19199
17826
17846
17847
17891
17828
17829
19184
19185
19712
17830
19186
19713
17830
17833
19200
17833
19201
17832
17834
19745
17834
19746
17834
19747
17836
17837
19745
17838
19746
17838
17899
19747
17900
19747
17840
19187
17844
17845
17904
17842
17843
17844
17845
19187
17843
17844
17846
17906
17907
17845
17847
17908
17845
17909
19187
17910
19187
17847
17849
19188
19748
19754
17850
19189
19749
19755
19190
19750
19756
17852
17857
17921
19757
19760
17853
17858
17922
19758
19761
17859
17923
19759
19762
17855
17860
19730
17856
17861
19731
17862
19732
17858
17860
17859
17861
17862
17861
19763
19766
17862
19764
19767
19765
19768
17864
17866
19191
19730
17865
17867
19192
19731
17868
19193
19732
17867
17871
17933
19763
17868
17872
17934
19764
17873
17935
19765
17870
17874
19191
19192
19194
19736
17875
19193
19194
19737
17872
17874
19191
17873
17874
19192
17875
19193
17875
17876
17876
17877
19194
19209
19210
17880
19211
19212
18666
19195
19196
19769
17881
17881
17942
17943
17887
17888
17944
17945
17883
19197
19198
19769
17885
17886
17886
17887
17896
17949
17888
17897
17949
17888
19182
19183
19199
19199
19770
17894
17895
17893
17894
17913
19219
19220
17895
17914
19221
17895
17896
17956
17897
17957
17897
19770
17900
17902
19202
17903
19202
17902
17903
19202
19222
17903
17964
17965
17905
17909
17910
17911
17912
17968
17907
17909
17913
17908
17909
17913
17910
17914
17910
17911
17912
17912
17913
17914
17914
17951
17952
17916
19203
19754
19757
19777
17917
19204
19755
19758
19778
19205
19756
19759
19779
17919
19774
19777
19780
17920
19775
19778
19781
19776
19779
19782
17922
17924
19203
19783
17923
17925
19204
19784
17926
19205
19785
17925
17927
17976
19783
17926
17928
17977
19784
17929
17978
19785
17928
17930
17929
17931
17932
17931
17936
17985
19766
17932
17937
17986
19767
17938
17987
19768
17934
17939
19206
17935
17940
19207
17941
19208
17937
17939
19206
19226
17938
17940
19207
19227
17941
19208
19228
17940
19229
17941
19230
19231
17943
17944
17946
19211
19216
19217
17945
17947
19212
19218
17945
17948
17948
17947
17948
19216
19217
17948
19218
18004
17962
18008
17952
17954
19219
19220
17955
19221
17954
17955
19254
17955
17959
18016
17960
18017
17957
17958
17959
19219
19220
17958
17960
19221
17959
17960
19253
17960
18016
19219
19220
18017
19221
17963
19222
17963
18022
18023
19786
19787
17965
17966
19222
17967
19222
17967
18026
19786
18027
19787
17970
18769
18770
18772
19064
19223
19224
19788
18771
18773
19064
19225
19789
17972
19777
19780
19790
17973
19778
19781
19791
19779
19782
19792
17975
19255
19780
19781
19788
19790
19791
19256
19782
19789
19792
17977
17982
17978
17983
17984
17980
17982
19790
17981
17983
19791
17984
19792
17983
17988
18037
17984
17989
18037
17990
18038
17986
17988
17991
19226
17987
17989
17992
19227
17990
17993
19228
17989
17991
19793
17990
17992
19793
17993
19794
17992
18041
19232
17993
18041
19233
18042
19234
17995
18000
19216
19250
17996
18001
19217
19251
18002
19218
19252
17998
18000
19247
19250
17999
18001
19248
19251
18002
19249
19252
18001
18005
18051
18002
18005
18051
18006
18052
18004
18005
18006
18053
18005
18006
18006
18051
19266
18052
19267
18066
19253
19268
19269
18009
18010
18011
18071
18011
18024
19273
18025
19274
18013
19276
18014
18077
18078
18015
18077
18078
18018
18019
18082
18083
19254
18017
18020
19254
18021
19254
18019
18020
19254
18021
19254
18021
19268
19270
19271
19269
19272
18023
18024
18025
18025
18028
18073
18028
18074
18027
18029
18029
18029
19275
18030
18032
19064
19255
19256
19788
19789
18033
18034
18034
18035
19065
19255
19257
18036
19065
19256
19258
18036
18039
18090
19257
18039
18090
19258
18038
18040
19793
18040
19794
18040
19795
18042
18043
19259
19793
18043
19260
19794
19263
19795
18047
19261
19262
19263
19264
19265
18046
18048
19247
19248
19264
18048
19249
19265
18048
19264
19265
19277
18050
18051
18054
18091
19277
18052
18055
18091
19277
18052
19266
19277
19267
19277
18054
18055
18056
18057
19266
19267
18055
18056
18091
19266
18057
18091
19267
18057
18069
18096
18097
18070
18098
18059
18061
18087
19279
18060
18062
18088
19280
18063
18089
19281
18062
18064
18067
18121
19270
19279
18063
18064
18067
18122
19271
19280
18065
18068
18123
19272
19281
18065
18066
18067
19268
19270
19271
18066
18068
19269
19272
18069
18070
18068
18069
18070
18070
18096
18097
18098
18072
19273
19274
18075
18074
19273
19275
19796
19274
19275
19797
19273
19274
19796
19797
19275
19796
19797
18078
18080
19276
18081
19276
18080
18081
19276
18081
18084
18085
18104
18086
18105
18083
18087
18088
18089
18085
18087
18109
18086
18088
18110
18089
18111
18088
18112
18089
18113
18114
19065
18092
19278
18099
18100
18130
18094
18101
18121
18124
18142
19282
18095
18102
18122
18125
18142
19283
18103
18123
18126
18143
19284
18097
18099
18101
18098
18099
18102
18100
18103
18100
18101
18102
18130
18103
18130
18102
18103
18105
18107
18109
18110
18108
18111
18107
18108
18108
18109
18110
18115
18116
18149
18111
18117
18150
18110
18112
18115
18111
18113
18116
18114
18117
18113
18118
19279
18114
18119
19280
18120
19281
18116
18118
18117
18119
18120
18119
18124
18135
18120
18125
18136
18126
18137
18122
18124
19279
18123
18125
19280
18126
19281
18125
19279
19282
18126
19280
19283
19281
19284
19796
19797
18129
18131
18142
18144
18154
18131
18143
18145
18155
18131
18154
18155
18133
18134
18134
18140
18149
18171
18141
18150
18171
18136
18138
18140
19282
18137
18138
18140
19283
18139
18141
19284
18139
18140
18144
18152
18141
18145
18152
18141
18143
18144
19282
19283
18145
19284
18145
18153
19282
19283
18153
19284
18147
18161
18162
19285
18148
19286
19287
18165
18150
18156
18157
18181
18182
18153
18154
18155
19289
18155
18156
18157
18157
18181
19289
18182
19289
18159
18160
19290
19291
18161
18162
19285
19290
19291
18162
18163
19286
18164
19287
18164
18166
18188
18189
19290
18167
18190
19291
18168
18169
19286
19287
19288
18167
18168
18196
18197
19286
18169
18198
19287
18169
18170
18199
18170
18200
19288
19294
18186
18187
18219
18220
18174
18175
18210
18211
18235
18176
18210
18211
18236
18176
18177
18235
18178
18236
18178
18179
18183
18184
18212
18243
18244
18180
18185
18212
18245
18180
18181
18183
18184
18212
19289
18182
18185
18212
19289
18182
18186
18187
18184
18186
18185
18186
18187
18187
18219
18220
18189
18193
18196
19292
18190
18194
18197
19292
18195
18198
19293
18192
18193
18194
19292
18195
19293
18194
18201
18249
18195
18202
18250
18203
18251
18197
18199
18201
18198
18199
18202
18200
18203
18200
18204
19294
18205
19294
18202
18204
18203
18204
18205
18205
18207
18252
18253
18208
18254
18209
19294
18208
18209
18252
18253
19294
19295
18209
18254
19294
19296
18211
18227
18228
18211
19297
19298
19289
18214
18215
18255
18256
19299
19300
18257
18217
18223
18243
18246
18258
18218
18224
18244
18247
18259
18225
18245
18248
18260
18220
18221
18223
18224
18222
18225
18222
18223
18224
18226
18261
18225
18226
18262
18224
18258
18225
18259
18260
18261
18262
18228
18232
18233
19295
19297
18234
19296
19298
18230
18232
19295
18231
18233
19295
18234
19296
18233
18237
18263
19297
18234
18238
18264
19297
18239
18265
19298
18236
18240
18241
19297
18242
19298
18238
18240
19297
18239
18241
19297
18242
19298
18241
18246
19304
18242
18247
19305
18248
19306
18244
18246
18245
18247
18248
18247
19301
19304
18248
19302
19305
19303
19306
18250
18251
18253
19295
18254
19295
19296
18256
18257
19299
18257
19300
18259
19301
18260
19302
19303
18262
18264
18266
18265
18267
18268
18267
18268
18271
19798
19798
19798
18274
18425
18428
18450
18464
18275
18426
18429
18451
18465
18427
18430
18452
18466
18277
18434
18456
18464
18465
18470
18435
18457
18466
18470
18279
18478
18482
18484
18485
19649
18479
18483
18486
19649
18281
18448
18490
18493
18495
18496
18498
18499
18449
18491
18494
18497
18500
18283
18450
18453
18495
18504
18284
18451
18454
18496
18505
18452
18455
18497
18506
18477
18536
18537
18538
18287
18484
18536
18541
18544
18288
18485
18536
18542
18544
18486
18537
18543
18545
18492
18548
18549
18583
18291
18524
18527
18580
18584
18292
18525
18528
18581
18585
18526
18529
18582
18586
18538
18605
18606
18607
18295
18544
18605
18610
18611
18545
18606
18610
18612
18610
19706
19707
18298
18557
18617
18619
18620
18558
18617
18619
18621
18300
18559
18614
18620
18624
18301
18560
18615
18620
18625
18561
18616
18621
18626
18303
18305
18562
18568
18574
18624
18304
18306
18563
18569
18575
18625
18307
18564
18570
18576
18626
18306
18627
18630
18682
18307
18628
18631
18683
18629
18632
18684
18309
18574
18577
18633
18636
18639
18310
18575
18578
18634
18637
18640
18576
18579
18635
18638
18641
18312
18314
18317
18580
18590
18642
18313
18315
18318
18581
18591
18643
18316
18319
18582
18592
18644
18315
18317
18599
18648
18316
18318
18600
18649
18319
18601
18650
18318
18325
18642
18651
18319
18326
18643
18652
18327
18644
18653
18607
18663
18611
18612
18663
18664
18323
18645
18694
18697
18324
18646
18695
18698
18647
18696
18699
18326
18645
18706
18709
18712
18327
18646
18707
18710
18713
18647
18708
18711
18714
18671
18728
18672
18673
18724
18728
18729
18730
18331
18679
18680
18688
18689
18726
18729
18681
18690
18727
18730
18333
18764
18767
18334
18765
18767
18766
18768
18774
18775
18774
18778
18779
18780
18778
18783
18784
18785
18339
18341
18746
18752
18797
18340
18342
18747
18753
18798
18343
18748
18754
18799
18342
18797
18803
18807
18810
18343
18798
18804
18808
18811
18799
18805
18809
18812
18345
18346
18347
18825
18346
18347
18834
18835
18347
18826
18834
18908
18827
18835
18909
18775
18839
18842
18843
18844
18845
18350
18779
18842
18848
18850
18351
18779
18842
18848
18851
18780
18843
18849
18852
18353
18784
18848
18855
18856
18785
18849
18855
18856
18355
18356
18789
18861
18871
18872
18357
18790
18861
18873
18357
18861
18866
18868
18869
18861
18867
18870
18359
18794
18800
18871
18874
18877
18880
18360
18795
18801
18872
18875
18878
18881
18796
18802
18873
18876
18879
18882
18362
18810
18813
18889
18894
18363
18811
18814
18890
18895
18812
18815
18891
18896
18365
18366
18806
18892
18908
18367
18806
18892
18909
18367
18893
18908
18910
18893
18909
18911
18369
18822
18831
18903
18906
18370
18823
18832
18904
18906
18824
18833
18905
18907
18840
18920
18921
18922
18373
18844
18920
18924
18926
18845
18921
18925
18926
18375
18850
18851
18924
18928
18930
18852
18925
18929
18930
18856
18928
18929
18933
18378
18380
18880
18958
18379
18381
18881
18959
18382
18882
18960
18381
18883
18382
18884
18885
18893
18974
18975
18978
18385
18900
18968
18386
18901
18969
18902
18970
18919
18994
18930
18996
18390
18933
18996
18998
18933
18996
18998
18392
18394
18397
18940
19004
18393
18395
18398
18941
19005
18396
18399
18942
19006
18395
18397
18943
19007
18396
18398
18944
19008
18399
18945
19009
18398
19004
19010
18399
19005
19011
19006
19012
18401
18403
18962
19022
18402
18404
18963
19023
18405
18964
19024
18404
18965
18405
18966
18967
18407
18987
18989
18990
19032
19034
19042
19044
18988
18991
19033
19034
19043
19045
18409
19025
19052
18410
19026
19053
19027
19054
19060
19061
18413
18415
18416
18418
18419
18423
18424
18437
18447
18422
18423
18437
18440
18424
18437
18441
18424
18425
18426
18448
18427
18449
18426
18440
18461
18427
18440
18462
18441
18463
18429
18431
18440
19596
18430
18432
18440
19597
18433
18441
19598
18432
18434
18464
19625
18433
18434
18465
19626
18435
18466
19627
18435
19130
19628
19131
19628
18437
18439
18440
19596
19597
19606
18441
19598
19607
18441
18446
18475
18444
18445
18446
18478
18479
19649
18445
18446
18475
18477
18478
18446
18475
18477
18479
18448
18449
18490
18491
18449
18461
18462
18463
18451
18461
18467
18452
18462
18468
18463
18469
18454
18458
18467
18507
18455
18458
18468
18508
18459
18469
18509
18457
18458
18460
18467
18468
18459
18460
18469
18459
18513
18514
18516
18518
18519
18515
18517
18520
18470
18471
18516
18517
18462
18495
18463
18496
18497
18465
18467
18466
18468
18469
18468
18469
19628
18472
18473
18474
19635
18474
18476
18477
18480
18481
18479
18480
18481
18481
18484
18485
18536
18486
18537
18483
18487
18488
19142
19650
18489
19143
19650
18485
18487
18486
18488
18489
18488
18541
19673
18489
18542
19673
18543
19674
18491
18493
18494
18493
18494
18494
18498
18499
18548
18500
18549
18496
18501
18497
18502
18503
18499
18501
18500
18502
18503
18502
18504
18554
18503
18505
18555
18506
18556
18505
18507
18506
18508
18509
18508
18510
18518
18509
18511
18519
18512
18520
18511
18562
18512
18563
18564
18514
18516
18518
18521
18565
18515
18516
18519
18522
18566
18517
18520
18523
18567
18517
18519
18520
18522
18523
18525
18533
18526
18534
18535
18528
18533
18590
18593
18599
18529
18534
18591
18594
18600
18535
18592
18595
18601
18531
18533
19654
19683
18532
18534
19655
19684
18535
19656
19685
18534
18593
19683
18535
18594
19684
18595
19685
18537
18539
18540
18539
18540
18540
18544
18605
18545
18606
18542
18546
19159
18543
18546
19160
18547
19161
18545
18546
18547
18547
18610
19706
18610
19707
18549
18550
18583
18550
18583
18557
18558
18583
18617
18552
18554
18557
18559
18620
18553
18555
18557
18560
18620
18556
18558
18561
18621
18555
18556
18558
18617
18617
18560
18562
18561
18563
18564
18563
18568
18624
18564
18569
18625
18570
18626
18566
18571
18567
18572
18573
18569
18571
18570
18572
18573
18572
18574
18577
18573
18575
18578
18576
18579
18575
18630
18576
18631
18632
18578
18587
18579
18588
18589
18581
18587
18590
18582
18588
18591
18589
18592
18585
18587
18586
18588
18589
18588
18633
18589
18634
18635
18591
18599
18592
18600
18601
18594
18596
18599
19683
18595
18597
18600
19684
18598
18601
19685
18597
18602
19163
19686
18598
18603
19164
19687
18604
19165
19688
18600
18602
18648
18601
18603
18649
18604
18650
18603
18648
19163
18604
18649
19164
18650
19165
18606
18608
18609
18608
18609
18609
18611
18663
18612
18663
18613
18612
18613
18613
18664
18615
18622
18627
18616
18622
18628
18623
18629
18618
18619
18622
18623
18621
18622
18623
18623
18669
18670
18625
18627
18626
18628
18629
18628
18674
18629
18675
18676
18631
18636
18682
18632
18637
18683
18638
18684
18634
18639
18635
18640
18641
18637
18639
18638
18640
18641
18640
18697
18641
18698
18699
18643
18645
18644
18646
18647
18646
18703
18647
18704
18705
18649
18651
18654
18650
18652
18655
18653
18656
18652
18706
18653
18707
18708
18655
19163
19718
18656
19164
19719
19165
19720
18658
18660
18718
18659
18661
18719
18662
18720
18661
19718
19751
18662
19719
19752
19720
19753
18666
19195
19196
19739
18668
18669
18671
18672
18728
18670
18671
18673
18728
18670
18673
18677
18678
18675
18677
18676
18677
18678
18678
18679
18680
18729
18681
18730
18680
18685
18688
18681
18686
18689
18687
18690
18683
18685
18684
18686
18687
18686
18688
18691
18687
18689
18692
18690
18693
18689
18731
18690
18732
18733
18692
18700
18693
18701
18702
18695
18700
18703
18743
18696
18701
18704
18744
18702
18705
18745
18698
18700
18699
18701
18702
18701
18737
18702
18738
18739
18704
18709
18743
18705
18710
18744
18711
18745
18707
18712
18708
18713
18714
18710
18712
18711
18713
18714
18713
18715
18758
18714
18716
18759
18717
18760
18716
18717
18719
18721
18720
18722
18723
18722
18769
19771
19774
18723
18770
19772
19775
18771
19773
19776
18725
18726
18727
18729
18730
18788
18727
18731
18732
18733
18730
18732
18740
18791
18733
18741
18792
18742
18793
18735
18737
18740
18746
18797
18736
18738
18741
18747
18798
18739
18742
18748
18799
18738
18739
18741
18742
18744
18749
18745
18750
18751
18747
18749
18752
18748
18750
18753
18751
18754
18750
18752
18755
18751
18753
18756
18754
18757
18753
18807
18813
18754
18808
18814
18809
18815
18756
18757
18759
18760
18762
18764
18763
18765
18766
18765
18767
18828
18766
18767
18829
18768
18830
18768
18772
18773
18770
18772
19223
18771
18772
19224
18773
19225
18773
18836
18836
18776
18777
18776
18777
18777
18779
18842
18780
18843
18781
18782
18780
18781
18782
18782
18784
18848
18785
18849
18786
18785
18786
18786
18855
18788
18789
18790
18861
18790
18794
18795
18796
18792
18794
18793
18795
18796
18795
18800
18871
18796
18801
18872
18802
18873
18798
18803
18799
18804
18805
18801
18803
18802
18804
18805
18804
18874
18805
18875
18876
18825
18826
18827
18892
18808
18810
18813
18809
18811
18814
18812
18815
18811
18886
18889
18812
18887
18890
18888
18891
18814
18819
18894
18815
18820
18895
18821
18896
18817
18819
18818
18820
18821
18820
18822
18894
18821
18823
18895
18824
18896
18823
18831
18824
18832
18833
18826
18827
18827
18908
18909
18829
18831
18830
18832
18833
18832
18833
18835
18838
18912
18838
18913
18837
19064
18914
18841
18841
18844
18845
18920
18921
18843
18846
18847
18845
18846
18847
18847
18850
18851
18924
18852
18925
18849
18853
18854
18851
18853
18852
18853
18854
18854
18856
18928
18856
18929
18857
18857
18859
18860
18862
18863
18864
18865
18934
18866
18867
18863
18864
18866
18865
18867
18865
18935
18936
18938
18937
18939
18867
18935
18936
18937
18869
18871
18877
18946
18870
18872
18878
18947
18873
18879
18948
18872
18873
18875
18880
18876
18881
18882
18878
18880
18879
18881
18882
18881
18883
18882
18884
18885
18884
18886
18885
18887
18888
18887
18889
18888
18890
18891
18890
18897
18968
18891
18898
18969
18899
18970
18893
18974
18975
18895
18897
18900
18896
18898
18901
18899
18902
18898
18900
18968
18899
18901
18969
18902
18970
18901
18903
18902
18904
18905
18904
18906
18905
18906
18907
18907
18909
18910
18911
18911
18917
18984
18918
18985
18913
18914
18915
18914
18916
18915
18916
18919
18916
18917
18919
18986
18994
18918
18919
18986
18994
18918
18986
18986
18921
18923
18923
18923
18926
18925
18927
18927
18927
18930
18929
18931
18932
18931
18932
18932
18933
18996
18933
18996
18938
18939
19000
18936
18940
18943
18937
18941
18944
18942
18945
18939
18940
18941
18942
18941
18943
18942
18944
18945
18944
18949
18945
18950
18951
18947
18949
18948
18950
18951
18950
18952
18955
19007
18951
18953
18956
19008
18954
18957
19009
18953
18955
18958
18954
18956
18959
18957
18960
18956
19007
19013
19016
19019
18957
19008
19014
19017
19020
19009
19015
19018
19021
18959
19013
18960
19014
19015
18978
19028
18963
18965
18964
18966
18967
18966
18971
18967
18972
18973
18969
18971
18970
18972
18973
18972
18973
18975
18976
18977
18977
18978
18989
18990
19032
18978
18991
19033
18980
18982
19036
18981
18982
19036
18983
19037
18983
18993
18993
18985
18986
18987
18986
18988
18987
18988
18994
18995
18988
18989
18990
18995
19042
18991
18995
19043
18990
18991
19039
18997
18998
18999
19001
19002
19003
19003
19004
19005
19006
19005
19006
19008
19010
19009
19011
19012
19011
19016
19012
19017
19018
19014
19019
19015
19020
19021
19017
19019
19018
19020
19021
19020
19052
19021
19053
19054
19023
19025
19024
19026
19027
19026
19027
19035
19030
19031
19055
19031
19056
19033
19034
19034
19035
19044
19045
19037
19039
19041
19042
19044
19047
19043
19045
19048
19043
19045
19049
19050
19048
19049
19050
19050
19051
19051
19053
19054
19056
19059
19061
19063
19066
19067
19067
19069
19307
19309
19314
19315
19320
19307
19310
19316
19321
19071
19072
19309
19311
19325
19073
19310
19311
19325
19073
19074
19317
19318
19326
19075
19319
19326
19075
19336
19344
19345
19350
19337
19346
19350
19077
19314
19322
19338
19341
19354
19078
19315
19322
19339
19342
19354
19316
19323
19340
19343
19355
19328
19359
19376
19377
19382
19362
19383
19384
19385
19378
19379
19393
19394
19395
19396
19382
19394
19395
19399
19400
19401
19399
19404
19087
19388
19390
19412
19414
19389
19391
19413
19414
19396
19417
19418
19419
19090
19400
19417
19422
19424
19401
19418
19423
19425
19404
19422
19423
19427
19094
19096
19409
19412
19446
19095
19096
19410
19412
19447
19097
19411
19413
19448
19097
19098
19407
19445
19449
19098
19408
19445
19450
19416
19445
19419
19453
19454
19455
19101
19102
19103
19104
19106
19103
19104
19114
19115
19104
19507
19508
19424
19425
19453
19454
19457
19458
19108
19439
19468
19477
19480
19109
19439
19469
19478
19481
19440
19470
19479
19482
19443
19444
19487
19451
19495
19498
19499
19500
19501
19113
19455
19500
19504
19505
19455
19501
19504
19505
19115
19507
19509
19508
19509
19507
19508
19118
19471
19472
19512
19522
19525
19473
19513
19523
19525
19498
19499
19531
19534
19505
19534
19509
19542
19548
19549
19552
19552
19566
19567
19570
19564
19589
19578
19592
19604
19605
19590
19624
19131
19599
19600
19602
19625
19626
19601
19603
19627
19133
19134
19623
19633
19634
19641
19134
19631
19633
19636
19632
19634
19637
19136
19144
19645
19657
19663
19137
19145
19645
19658
19664
19146
19646
19659
19665
19139
19645
19648
19646
19648
19141
19666
19667
19147
19148
19666
19667
19668
19669
19143
19652
19673
19652
19674
19145
19689
19146
19690
19691
19148
19149
19150
19666
19668
19151
19667
19669
19150
19172
19695
19698
19151
19173
19696
19699
19174
19697
19700
19153
19154
19156
19157
19670
19155
19158
19670
19155
19156
19157
19671
19158
19672
19157
19701
19158
19702
19703
19160
19673
19704
19706
19161
19673
19704
19706
19674
19705
19707
19164
19715
19718
19165
19716
19719
19717
19720
19167
19188
19692
19715
19721
19168
19189
19693
19716
19722
19190
19694
19717
19723
19170
19172
19175
19695
19171
19173
19176
19696
19174
19177
19697
19173
19175
19695
19698
19727
19174
19176
19696
19699
19728
19177
19697
19700
19729
19176
19724
19727
19177
19725
19728
19726
19729
19738
19740
19741
19742
19180
19182
19184
19181
19182
19185
19183
19186
19183
19743
19744
19185
19186
19189
19721
19724
19748
19190
19722
19725
19749
19723
19726
19750
19192
19733
19193
19734
19735
19196
19197
19198
19198
19741
19769
19742
19769
19200
19201
19201
19770
19770
19747
19204
19757
19783
19205
19758
19784
19759
19785
19207
19763
19766
19208
19764
19767
19765
19768
19210
19211
19213
19214
19212
19215
19212
19216
19217
19218
19214
19216
19250
19215
19217
19251
19218
19252
19217
19250
19218
19251
19252
19220
19221
19786
19787
19224
19774
19780
19788
19225
19775
19781
19788
19776
19782
19789
19227
19229
19232
19228
19230
19233
19231
19234
19230
19235
19238
19231
19236
19239
19237
19240
19233
19235
19259
19234
19236
19259
19237
19260
19236
19244
19261
19237
19245
19261
19246
19262
19239
19241
19244
19240
19242
19245
19243
19246
19242
19247
19250
19243
19248
19251
19249
19252
19245
19247
19264
19246
19248
19264
19249
19265
19248
19250
19264
19249
19251
19264
19252
19265
19251
19252
19268
19269
19256
19257
19258
19258
19790
19791
19792
19260
19261
19263
19262
19263
19262
19264
19265
19265
19267
19269
19270
19271
19272
19271
19272
19274
19796
19797
19278
19280
19281
19283
19284
19287
19291
19292
19293
19293
19296
19298
19300
19302
19304
19303
19305
19306
19305
19306
19308
19312
19309
19310
19311
19310
19317
19318
19319
19313
19320
19321
19325
19315
19317
19322
19316
19318
19322
19319
19323
19318
19344
19319
19345
19346
19321
19322
19323
19323
19324
19354
19324
19355
19327
19354
19355
19356
19357
19326
19350
19356
19357
19358
19329
19330
19330
19332
19334
19336
19344
19347
19366
19335
19336
19345
19348
19366
19337
19346
19349
19367
19337
19351
19351
19339
19341
19347
19373
19340
19342
19348
19373
19343
19349
19374
19342
19352
19354
19343
19352
19354
19353
19355
19345
19347
19346
19348
19349
19348
19349
19351
19369
19353
19354
19356
19359
19376
19355
19357
19359
19377
19355
19356
19357
19357
19358
19359
19358
19359
19360
19360
19363
19364
19365
19373
19374
19375
19365
19366
19370
19383
19367
19371
19384
19367
19369
19370
19371
19372
19371
19392
19374
19375
19375
19378
19379
19393
19377
19378
19380
19379
19381
19379
19380
19381
19381
19382
19394
19382
19395
19384
19385
19386
19385
19387
19386
19387
19406
19387
19388
19390
19389
19391
19389
19390
19407
19409
19410
19391
19408
19411
19391
19392
19392
19414
19395
19397
19398
19397
19398
19398
19400
19417
19401
19418
19402
19403
19401
19402
19403
19403
19404
19422
19404
19423
19415
19438
19416
19408
19409
19410
19416
19411
19416
19410
19412
19411
19412
19413
19413
19415
19415
19415
19428
19429
19418
19420
19421
19420
19421
19421
19424
19453
19425
19454
19423
19426
19426
19425
19426
19426
19427
19457
19429
19430
19431
19432
19431
19433
19439
19459
19468
19432
19434
19439
19460
19469
19435
19440
19461
19470
19434
19446
19459
19435
19447
19460
19448
19461
19437
19438
19439
19441
19443
19477
19478
19438
19440
19442
19444
19479
19440
19442
19443
19444
19444
19477
19478
19485
19487
19479
19486
19487
19449
19450
19488
19447
19449
19462
19448
19449
19463
19450
19464
19450
19452
19455
19500
19501
19454
19456
19456
19456
19458
19504
19460
19462
19468
19471
19461
19463
19469
19472
19464
19470
19473
19463
19465
19464
19466
19467
19466
19471
19491
19522
19467
19472
19491
19522
19473
19492
19523
19469
19474
19470
19475
19476
19472
19474
19522
19473
19475
19522
19476
19523
19475
19480
19512
19476
19481
19512
19482
19513
19478
19483
19479
19483
19484
19481
19483
19482
19483
19484
19484
19485
19515
19486
19516
19486
19487
19487
19489
19490
19490
19491
19493
19526
19492
19494
19527
19492
19494
19496
19497
19496
19497
19497
19498
19531
19499
19531
19499
19502
19503
19501
19502
19503
19503
19505
19534
19505
19534
19506
19506
19508
19510
19511
19510
19511
19511
19513
19514
19514
19517
19518
19525
19535
19516
19519
19520
19518
19519
19520
19520
19521
19799
19521
19799
19523
19524
19524
19525
19529
19530
19536
19527
19528
19528
19529
19530
19532
19540
19530
19533
19533
19537
19538
19539
19543
19539
19541
19541
19541
19542
19548
19549
19544
19545
19546
19547
19546
19547
19550
19547
19551
19565
19549
19550
19551
19551
19552
19566
19552
19567
19554
19574
19555
19556
19557
19558
19560
19561
19558
19575
19576
19562
19561
19562
19562
19563
19587
19588
19568
19567
19569
19569
19569
19570
19572
19593
19604
19611
19614
19573
19594
19604
19612
19614
19595
19605
19613
19615
19577
19576
19577
19578
19579
19577
19578
19580
19580
19581
19582
19582
19583
19585
19584
19586
19584
19604
19605
19586
19587
19588
19588
19589
19614
19589
19615
19591
19591
19618
19619
19606
19607
19594
19596
19606
19608
19595
19597
19606
19609
19598
19607
19610
19597
19625
19598
19626
19627
19600
19608
19616
19618
19620
19601
19609
19616
19618
19621
19610
19617
19619
19622
19603
19620
19621
19628
19629
19622
19628
19630
19605
19606
19607
19607
19609
19611
19625
19610
19612
19626
19613
19627
19612
19614
19616
19613
19614
19616
19615
19617
19615
19617
19618
19619
19619
19620
19621
19622
19621
19622
19624
19633
19634
19626
19627
19629
19630
19630
19631
19632
19632
19633
19635
19636
19634
19635
19637
19634
19637
19638
19639
19640
19639
19654
19660
19640
19655
19661
19656
19662
19643
19644
19647
19644
19645
19663
19664
19646
19665
19646
19648
19650
19652
19671
19672
19653
19655
19660
19656
19661
19662
19658
19660
19663
19680
19659
19661
19664
19681
19662
19665
19682
19661
19662
19664
19665
19667
19669
19671
19672
19672
19677
19678
19674
19675
19676
19676
19704
19705
19678
19681
19686
19682
19687
19688
19684
19686
19685
19687
19688
19687
19688
19690
19692
19691
19693
19694
19693
19715
19694
19716
19717
19696
19697
19699
19727
19700
19728
19729
19702
19703
19705
19707
19711
19710
19711
19711
19738
19713
19745
19746
19716
19718
19721
19717
19719
19722
19720
19723
19719
19721
19720
19722
19723
19722
19748
19751
19723
19749
19752
19750
19753
19725
19754
19726
19755
19756
19728
19760
19729
19761
19762
19731
19763
19732
19764
19765
19734
19736
19735
19736
19737
19737
19742
19744
19746
19747
19747
19749
19751
19771
19750
19752
19772
19753
19773
19752
19753
19755
19757
19756
19758
19759
19758
19760
19759
19761
19762
19761
19762
19764
19766
19765
19767
19768
19767
19768
19772
19774
19773
19775
19776
19775
19776
19778
19780
19783
19779
19781
19784
19782
19785
19781
19788
19782
19788
19789
19784
19785
19787
19789
19791
19792
19794
19795
19795
19797
19835
19837
19835
19840
19841
19843
19841
19847
19848
19850
19852
19853
19852
19855
19856
19855
19858
19859
19807
19808
19809
19809
19810
19811
19811
19815
19812
19816
19813
19817
19861
19864
19865
19814
19818
19868
19871
19872
19819
19875
19878
19879
19816
19820
19817
19821
19862
19864
19866
19882
19885
19886
19861
19862
19864
19861
19868
19869
19871
19868
19875
19876
19878
19821
19824
19883
19885
19887
19903
19882
19883
19885
19862
19882
19889
19890
19892
19869
19889
19896
19897
19899
19903
19904
19883
19903
19906
19907
19890
19906
19909
19910
19828
19829
19830
19830
19831
19832
19832
19833
19834
19834
19836
19838
19839
19841
19838
19839
19843
19845
19842
19844
19842
19845
19846
19847
19844
19845
19846
19846
19848
19849
19849
19849
19851
19853
19925
19854
19854
19919
19856
19916
19857
19857
19922
19859
19860
19860
19863
19865
19863
19866
19867
19869
19889
19865
19866
19867
19871
19867
19892
19873
19893
19870
19872
19870
19873
19874
19876
19896
19872
19873
19874
19878
19874
19899
19880
19900
19877
19879
19877
19880
19912
19881
19879
19880
19881
19881
19914
19884
19886
19884
19887
19888
19890
19906
19886
19887
19888
19892
19888
19894
19891
19893
19891
19894
19895
19897
19909
19893
19894
19895
19899
19895
19901
19898
19900
19912
19898
19901
19913
19902
19915
19900
19901
19902
19914
19902
19905
19905
19907
19908
19908
19910
19911
19913
19911
19914
19915
19917
19919
19922
19918
19920
19923
19921
19924
19920
19925
19921
19925
19926
19923
19924
19926
)


// ************************************************************************* //
