/*--------------------------------*- C++ -*----------------------------------*\
  =========                 |
  \\      /  F ield         | OpenFOAM: The Open Source CFD Toolbox
   \\    /   O peration     | Website:  https://openfoam.org
    \\  /    A nd           | Version:  8
     \\/     M anipulation  |
\*---------------------------------------------------------------------------*/
FoamFile
{
    version     2.0;
    format      ascii;
    class       labelList;
    note        "nPoints: 25543 nCells: 20170 nFaces: 65018 nInternalFaces: 60139";
    location    "constant/polyMesh";
    object      neighbour;
}
// * * * * * * * * * * * * * * * * * * * * * * * * * * * * * * * * * * * * * //


60139
(
27
29
32
33
1131
38
40
41
43
470
41
47
48
50
471
4
48
49
52
53
473
530
1579
1581
1583
477
533
537
7
8
7
853
10
851
854
9
10
71
878
11
12
72
879
11
288
883
14
881
884
13
14
73
914
15
16
75
915
15
294
919
17
917
920
17
57
935
18
301
939
19
77
937
940
80
308
943
21
23
997
22
24
998
27
29
999
1001
24
25
327
26
27
1002
26
330
1003
28
330
1004
28
328
1008
32
1006
1009
1022
30
1128
31
33
34
1128
1130
35
370
1132
34
35
36
1131
1136
36
370
370
1132
1138
38
62
470
1403
39
69
43
65
42
44
470
2554
42
45
470
46
47
470
1566
44
45
46
2341
46
50
51
1567
49
51
471
529
49
52
471
53
471
1569
51
52
53
1571
53
1573
55
59
80
83
56
60
81
84
61
82
85
58
59
60
67
75
77
78
2179
2180
61
68
76
79
2181
60
67
77
61
67
78
68
79
63
69
2121
2530
64
69
2122
2531
70
2123
2532
69
70
2341
73
74
86
87
68
87
87
70
2554
2555
72
2454
73
74
86
2640
2641
74
75
2455
76
2456
76
87
2647
2648
87
2649
78
80
2650
79
81
2651
82
2652
81
83
2091
2656
82
84
2092
2657
85
2093
2658
84
2199
2656
85
2200
2657
2201
2658
99
114
115
117
5567
103
114
121
122
124
107
121
128
129
111
128
133
134
133
138
195
143
144
146
5762
95
99
213
5526
96
100
215
97
103
218
98
104
221
107
198
100
101
203
5536
102
103
114
227
102
117
5540
5541
5630
105
118
5542
5631
104
105
205
106
107
121
229
106
124
5543
5637
109
125
5544
5638
108
109
207
110
111
128
224
110
129
5545
5644
112
130
231
5645
112
210
113
134
237
5650
135
240
5651
116
118
116
119
155
5569
120
122
155
118
119
2868
5571
120
124
5695
120
155
5573
5696
126
155
5697
123
125
123
126
156
127
156
125
126
2869
127
129
5702
127
156
5703
131
156
5704
130
130
131
2870
132
134
5709
132
5710
136
5711
135
234
135
136
2871
137
138
5716
137
5717
140
5718
139
140
243
2872
141
201
5723
141
5724
142
5725
246
5730
145
147
145
148
171
5764
149
150
179
147
148
2930
5735
5766
149
5968
149
182
5768
5969
151
183
5970
151
172
189
5975
173
174
13533
174
176
177
13545
13552
177
178
13148
13554
13555
13570
13572
13574
13576
156
157
2879
13144
158
2880
158
159
2890
13149
160
2891
160
161
13154
13191
162
13192
162
163
13159
13202
164
13203
164
165
13164
13211
166
13212
166
167
13169
13220
168
13221
168
169
13174
13229
170
13230
170
13178
13182
13237
13183
13238
179
180
182
5783
179
186
187
189
175
13534
175
13529
13535
176
13536
178
13553
178
13547
13554
13555
181
183
181
184
5785
185
187
183
184
2944
5787
185
189
5998
185
5789
5999
191
6000
188
190
188
191
192
193
190
191
2945
192
6005
192
6006
194
6007
194
6012
196
201
234
243
197
201
235
244
202
236
245
199
207
221
224
200
208
222
225
209
223
226
202
243
244
246
14631
17435
245
246
14631
17436
204
213
227
16709
17368
214
228
16709
17369
206
218
219
227
229
17356
220
228
230
17356
208
224
229
16710
209
225
229
16711
226
230
16712
211
224
234
237
240
212
225
235
238
241
226
236
239
242
214
215
216
17355
217
17355
216
218
227
217
219
227
220
228
219
221
220
222
223
222
229
223
229
230
225
231
226
232
233
228
17371
17371
230
17372
17373
232
237
16710
17405
233
238
16711
17406
239
16712
17407
235
240
236
241
242
238
240
16716
239
241
16717
242
16718
241
243
16719
17430
242
244
16720
17431
245
16721
17432
244
16719
245
16720
16721
14631
670
684
688
689
691
11451
674
688
695
696
698
11458
680
695
702
703
705
11465
689
709
713
714
716
4966
252
262
696
697
700
701
713
715
717
719
4967
5110
263
703
704
707
708
4968
5104
5111
676
725
726
728
725
732
734
2082
691
720
744
748
749
751
698
726
748
2075
2076
2078
705
732
755
756
758
2075
738
755
762
763
765
11814
742
762
769
770
772
11821
769
776
778
2083
11827
716
749
781
785
786
788
263
268
295
785
787
789
791
2076
2077
2080
2081
264
269
296
756
757
760
761
265
270
297
763
764
767
768
5104
266
271
298
770
771
774
775
793
795
797
5105
776
792
793
795
11835
786
799
801
802
804
11859
269
274
302
801
803
805
807
813
816
817
5110
270
275
303
5111
271
276
304
5112
272
305
5113
5231
306
793
794
797
798
5114
5228
5232
802
808
810
2085
11884
808
813
814
816
11891
276
278
310
813
815
817
819
5120
279
311
5121
5231
814
820
822
823
825
11916
279
281
314
822
824
826
828
834
837
838
5130
282
315
5131
5238
823
829
831
2086
11939
829
834
835
837
11946
284
319
834
836
838
840
5142
5246
835
841
843
844
846
11976
322
843
845
847
849
980
981
982
5154
5255
5266
12276
12279
12280
728
850
855
856
858
2087
734
855
862
863
865
2088
862
869
871
751
851
878
880
881
856
880
885
886
888
2078
291
296
758
759
760
761
863
864
867
868
885
887
889
891
893
895
897
765
869
892
893
895
772
875
892
899
900
902
778
899
906
908
2090
788
881
914
916
917
296
302
886
887
890
891
916
918
919
920
297
303
298
304
330
893
894
897
898
299
305
331
900
901
904
905
922
924
926
1019
1020
1021
795
906
921
922
924
912
921
928
929
931
12173
804
917
935
936
937
303
309
936
938
939
940
945
948
949
304
310
305
311
334
306
312
335
307
336
922
923
926
927
5322
337
929
930
933
934
5228
5320
5323
810
937
941
2091
816
941
945
946
948
311
314
945
947
949
951
312
315
338
316
339
5231
5322
825
946
952
954
955
957
315
318
343
954
956
958
960
966
969
970
316
319
344
320
345
5238
5328
831
955
961
963
2094
837
961
966
967
969
320
322
350
966
968
970
972
980
983
984
1058
1059
1060
323
351
5246
5335
846
967
973
974
976
2097
973
980
981
983
325
356
980
982
984
986
5255
5343
981
987
989
990
992
12279
360
989
991
993
995
1088
1089
1090
5267
5352
5363
12539
12542
12543
871
996
997
895
997
1002
1003
902
999
1002
1005
1006
908
1005
1010
1011
1013
2100
331
334
1003
1004
1020
1022
1024
1006
1019
1020
1022
924
1011
1019
1026
1027
1029
931
1017
1026
1033
1034
1036
335
338
373
336
339
374
1020
1021
1024
1025
337
340
375
1027
1028
1031
1032
341
376
1034
1035
1038
1039
1160
1161
1162
5400
12669
12671
12673
339
344
379
340
345
380
341
346
381
5322
347
382
5323
5402
957
1040
1041
1042
344
349
1041
1043
1045
1051
1054
1055
345
350
385
1058
1061
1062
346
351
386
347
352
387
5328
353
388
5329
5405
963
1042
1046
1048
2101
969
1046
1051
1052
1054
1051
1058
1059
1061
352
356
392
1058
1060
1062
1064
353
357
393
5335
358
394
5336
5410
976
1052
1065
1066
1068
2104
983
1059
1065
1072
1073
1075
357
360
397
1072
1074
1076
1078
1088
1091
1092
358
361
398
5343
362
399
5344
5416
992
1073
1079
1081
1082
1084
1081
1088
1089
1091
362
364
402
1088
1090
1092
1094
1104
1107
1108
5352
365
403
5353
5423
1089
1095
1097
1098
1100
12542
1097
1104
1105
1107
5364
367
406
1104
1106
1108
1110
1120
1122
1123
5365
5431
1105
1111
1113
1114
1116
12564
1113
1120
1121
1122
12571
1121
1125
1127
12598
12808
12809
1013
1129
1131
1133
1134
1136
371
374
1022
1023
1024
1025
1132
1143
1145
1147
1029
1134
1142
1143
1145
1036
1140
1142
1149
1150
1152
374
379
375
380
376
381
413
1143
1144
1147
1148
1161
1163
1165
1150
1160
1161
1163
1156
1160
1167
1168
1170
12671
1167
1174
1176
2107
12677
380
385
381
386
382
387
417
383
388
418
1161
1162
1165
1166
384
389
419
1168
1169
1172
1173
1180
1182
1184
5402
1174
1179
1180
1182
12685
386
391
1186
1189
1190
387
392
388
393
422
389
394
423
390
424
5405
5463
425
1180
1181
1184
1185
5406
5460
5464
1061
1186
1187
1189
393
397
429
1186
1188
1190
1192
394
398
430
399
431
5463
1068
1193
1194
2110
1075
1187
1193
1198
1199
1201
398
401
437
1198
1200
1202
1204
399
402
438
403
439
5469
1084
1199
1205
1207
1208
1210
402
404
445
1091
1092
1093
1094
1207
1209
1211
1213
1216
1219
1220
403
405
446
1223
1226
1227
406
447
5476
1100
1214
1216
1217
1219
1107
1216
1223
1224
1226
408
454
1223
1225
1227
1229
1239
1241
1242
1335
1336
1337
5484
1116
1224
1230
1232
1233
1235
1122
1232
1239
1240
1241
1127
1240
1244
1246
12967
1136
1247
1249
1250
1252
412
413
1145
1146
1147
1148
1250
1251
1254
1255
1259
1261
1263
1152
1256
1258
1259
1261
414
417
415
418
471
1163
1164
1165
1166
1259
1260
1263
1264
1268
1270
1272
1170
1265
1267
1268
1270
1176
1267
1274
1276
2113
418
422
419
423
473
420
424
474
1268
1269
1272
1273
421
425
475
1182
1183
1184
1185
1274
1275
1277
1278
1280
1282
1284
1417
1418
1419
1279
1280
1282
2116
12868
423
430
424
431
477
425
432
478
426
433
479
1289
1291
1293
1280
1288
1289
1291
5460
1286
1288
1295
1296
1298
12877
429
436
1189
1190
1191
1192
1304
1307
1308
430
437
431
438
432
439
482
433
440
483
5463
434
441
484
5464
435
442
485
1289
1290
1293
1294
5465
443
486
1296
1297
1300
1301
5466
5508
13016
13018
13020
1201
1304
1305
1307
438
445
1304
1306
1308
1310
439
446
440
447
489
441
448
490
5469
442
449
491
5470
443
450
492
5471
451
493
5472
5510
1210
1305
1311
1312
1313
1315
446
452
1312
1314
1316
1318
1321
1324
1325
447
453
497
1328
1331
1332
448
454
498
1335
1338
1339
449
455
499
5476
450
456
500
5477
451
457
501
5478
458
502
5479
5513
1219
1319
1321
1322
1324
1226
1321
1328
1329
1331
1328
1335
1336
1338
456
461
508
1335
1337
1339
1341
1358
1361
1362
5484
457
462
509
5485
458
463
510
5486
464
511
1365
1368
1369
5487
5516
1235
1329
1342
1344
1345
1347
1241
1336
1344
1351
1352
1354
1351
1358
1359
1361
12944
463
467
518
1358
1360
1362
1364
1383
1386
1387
5493
464
468
519
1366
1368
1370
1390
1393
1394
1519
1520
1521
5494
1365
1366
1368
5495
1246
1352
1372
1374
2119
1359
1372
1376
1377
1379
12974
1376
1383
1384
1386
12981
1383
1390
1391
1393
12988
1366
1390
1397
1398
1400
12995
471
1261
1262
1263
1264
1403
1404
1405
2121
472
473
1407
1409
1411
1270
1404
1406
1407
1409
474
477
475
478
530
1407
1408
1411
1412
1418
1420
1422
1578
1579
1580
1413
1417
1418
1420
1282
1417
1424
1426
2124
478
482
479
483
533
480
484
534
1418
1419
1422
1423
1432
1434
1436
1291
1424
1431
1432
1434
1298
1429
1431
1438
1439
1441
483
489
537
484
490
538
485
491
539
486
492
540
1432
1433
1436
1437
487
493
541
1439
1440
1443
1444
1450
1452
1454
1614
1615
1616
1445
1449
1450
1452
13018
1449
1456
1458
2127
13024
490
498
543
491
499
544
492
500
545
493
501
546
494
502
547
495
503
548
1450
1451
1454
1455
1462
1464
1466
1630
1631
1632
5510
1456
1461
1462
1464
13030
1461
1468
1469
13036
498
506
1481
1484
1485
499
507
550
500
508
551
501
509
552
502
510
553
503
511
554
504
512
555
1472
1474
1476
5513
1462
1471
1472
1474
13042
1468
1471
1478
1479
13049
13090
1331
1481
1482
1484
508
516
558
1338
1339
1340
1341
1481
1483
1485
1487
1505
1508
1509
509
517
559
1512
1515
1516
510
518
560
511
519
561
1519
1522
1523
512
520
562
1526
1529
1530
513
521
563
1489
1491
1493
1533
1536
1537
1655
1656
1657
5516
1472
1488
1489
1491
13058
1478
1488
1495
1496
13065
13094
1347
1482
1498
1499
1501
1354
1498
1505
1506
1508
1361
1505
1512
1513
1515
519
525
568
1512
1514
1516
1518
1520
1522
1524
1553
1556
1557
1682
1683
1684
1519
1520
1522
1368
1519
1526
1527
1529
1526
1533
1534
1536
13074
1489
1533
1540
1541
1542
13081
1374
1506
1544
1545
2128
1379
1513
1544
1547
1548
1550
1386
1547
1553
1554
1556
1393
1520
1553
1559
1560
1561
1400
1527
1559
1563
1564
2130
1534
1563
2132
13088
1409
1566
1568
1569
1571
1569
1578
1579
1581
1420
1575
1578
1585
1586
1588
1426
1585
1592
1594
2133
534
538
582
1579
1580
1583
1584
535
539
583
1586
1587
1590
1591
1599
1601
1603
1434
1592
1598
1599
1601
1441
1597
1598
1605
1606
1608
538
543
539
544
586
540
545
587
541
546
588
1599
1600
1603
1604
1615
1617
1619
1606
1614
1615
1617
1452
1612
1614
1621
1622
1624
544
550
545
551
591
546
552
592
547
553
593
548
554
594
1615
1616
1619
1620
1631
1633
1635
1772
1773
1774
1622
1630
1631
1633
1464
1628
1630
1637
1638
1640
551
558
552
559
597
553
560
598
554
561
599
555
562
600
556
563
601
1631
1632
1635
1636
1646
1648
1650
1655
1658
1659
1790
1791
1792
1474
1638
1645
1646
1648
1479
1644
1645
1652
1653
559
566
603
1668
1671
1672
560
567
604
1675
1678
1679
561
568
605
1682
1685
1686
562
569
606
1689
1692
1693
563
570
607
1656
1658
1660
1696
1699
1700
1802
1803
1804
1655
1656
1658
1491
1646
1655
1662
1663
1665
1496
1652
1662
1508
1668
1669
1671
1515
1668
1675
1676
1678
1675
1682
1683
1685
1522
1682
1689
1690
1692
1529
1689
1696
1697
1699
1536
1656
1696
1703
1704
1705
1542
1663
1703
1545
1669
1707
1708
2136
1550
1676
1707
1710
1711
2137
1556
1683
1710
1713
1714
2138
1561
1690
1713
1716
1717
2139
1564
1697
1716
2141
1571
1719
1720
1721
1581
1721
1727
1728
1588
1725
1727
1732
1733
1735
1594
1732
1739
1741
2142
583
586
1728
1729
1731
584
587
1733
1734
1737
1738
1745
1747
1749
1870
1871
1601
1739
1744
1745
1747
1608
1744
1751
1752
1754
2145
587
591
588
592
622
589
593
623
1745
1746
1749
1750
1759
1761
1763
1886
1887
1888
1617
1752
1758
1759
1761
1624
1757
1758
1765
1766
1768
592
597
593
598
626
594
599
627
1773
1775
1777
1759
1772
1773
1775
1633
1766
1772
1779
1780
1782
1640
1771
1779
1786
1788
598
604
599
605
630
600
606
631
601
607
632
1773
1774
1777
1778
1791
1793
1795
1802
1805
1806
1918
1919
1920
1780
1790
1791
1793
1648
1786
1790
1797
1798
1800
604
610
635
1819
1822
1823
605
611
636
1826
1829
1830
606
612
637
1833
1836
1837
607
613
638
1803
1805
1807
1840
1843
1844
1933
1934
1935
1802
1803
1805
1658
1791
1802
1809
1810
1812
1665
1798
1809
1816
1817
1818
1671
1819
1820
1822
1678
1819
1826
1827
1829
1685
1826
1833
1834
1836
1692
1833
1840
1841
1843
1699
1803
1840
1847
1848
1850
1705
1810
1847
1853
1708
1820
1854
1855
2146
1711
1827
1854
1857
1858
2148
1714
1834
1857
1860
1861
2151
1717
1841
1860
2154
1747
1867
1870
1874
1875
1877
1754
1874
1881
1883
2156
623
626
1871
1873
1887
1889
1891
1875
1886
1887
1889
1761
1881
1886
1893
1894
1896
1768
1893
1900
627
630
652
628
631
653
1887
1888
1891
1892
1904
1906
1908
2013
2014
2015
1775
1894
1903
1904
1906
1782
1900
1903
1910
1911
1913
631
637
656
632
638
657
1919
1921
1923
1933
1936
1937
1904
1918
1919
1921
1793
1911
1918
1925
1926
1928
1800
1917
1925
1932
636
641
1951
1954
1955
637
642
1958
1961
1962
638
643
660
1934
1936
1938
1965
1968
1969
1933
1934
1936
1805
1919
1933
1940
1941
1943
1812
1926
1940
1947
1948
1949
1822
1951
1952
1954
1829
1951
1958
1959
1961
1836
1958
1965
1966
1968
1843
1934
1965
1972
1973
1975
1850
1941
1972
1978
1979
1855
1952
1980
1981
2157
1858
1959
1980
1983
1984
2160
1861
1966
1983
1986
1987
2163
1877
1988
1990
1991
1993
1889
1991
1999
2000
2002
1896
1997
1999
2006
2007
2009
653
656
2014
2016
2018
2000
2013
2014
2016
1906
2007
2013
2020
2021
2023
1913
2012
2020
2027
657
660
658
661
2014
2015
2018
2019
2030
2032
2034
2039
2042
2043
1921
2021
2029
2030
2032
1928
2027
2029
2036
2037
661
664
2040
2042
2044
2052
2055
2056
1936
2039
2040
2042
1943
2030
2039
2046
2047
2049
1949
2036
2046
1968
2052
2053
2055
1975
2040
2052
2059
2060
2061
2009
2063
2023
2063
2065
2066
2068
2032
2066
2070
2071
2073
2049
2071
671
672
11431
673
674
688
2584
11432
673
691
720
678
692
721
675
678
2445
11435
679
680
695
2585
11436
677
678
679
725
679
698
726
682
699
727
681
682
2446
11439
683
702
2586
11440
11807
683
705
732
2587
706
733
2588
11809
685
686
11446
687
689
709
11447
687
691
744
693
711
745
2589
690
692
11452
690
693
11453
694
696
713
11454
692
693
694
698
748
694
716
749
700
717
750
697
699
11459
697
700
11460
701
703
11461
699
700
701
705
2075
701
2076
707
2077
704
706
5101
11466
704
707
11467
708
11468
11812
706
707
708
755
11814
708
756
757
11816
710
711
11492
712
714
11493
11853
712
716
781
2590
718
782
2591
11855
715
717
4966
715
718
4966
5109
719
4966
11856
717
718
719
785
719
786
11859
787
11860
721
723
724
726
748
724
728
850
724
751
851
730
752
852
727
729
2447
727
730
731
732
2075
729
730
731
734
855
2448
731
856
2078
736
857
2079
733
736
737
738
755
2596
735
736
2592
737
862
2594
737
758
863
740
759
864
739
740
2449
11809
741
742
762
11810
741
765
869
2598
743
766
870
743
772
875
745
746
747
749
781
2601
747
751
878
2595
753
783
879
2602
750
752
750
753
754
785
2076
752
753
754
880
2078
754
788
881
789
882
2080
757
759
757
760
2077
761
763
759
760
2079
761
765
761
2081
767
764
766
11815
764
767
11816
768
770
11817
766
767
768
772
892
768
893
774
894
771
773
2599
11822
771
774
11823
775
776
11824
773
774
775
778
899
2600
775
900
779
901
777
779
11828
780
792
2603
11829
12168
779
2168
780
795
906
796
907
2605
12169
782
783
2450
784
786
799
2607
784
788
914
2608
790
800
915
2610
787
789
787
790
791
801
789
790
791
916
791
804
917
805
918
794
796
5226
11836
794
797
11837
798
11838
12171
796
797
798
921
12173
798
922
923
12175
800
2170
11855
804
935
2171
803
805
11860
803
806
2612
11861
807
808
11862
805
806
807
936
807
810
937
2613
811
938
809
811
11885
812
814
820
2615
11887
811
2173
812
816
941
818
821
942
2616
815
817
11892
815
818
11893
819
822
11894
817
818
819
945
819
825
946
826
947
821
2452
11911
825
952
2619
824
826
11917
824
827
2618
11918
828
829
11919
826
827
828
954
828
831
955
2621
832
956
830
832
11940
833
835
841
2625
11942
832
2623
833
837
961
839
842
962
2626
836
838
11947
836
839
11948
840
843
11949
838
839
840
966
840
846
967
847
968
842
2453
11971
846
2175
845
847
11977
845
848
2628
5265
11978
849
11979
12272
847
848
849
973
849
974
2629
975
12274
852
853
852
854
856
880
854
858
2631
860
883
857
859
2632
857
860
861
863
885
859
860
2633
861
865
2634
861
888
867
889
864
866
2636
864
867
868
869
866
867
2637
868
871
2638
868
873
870
873
874
875
892
872
873
874
996
874
895
997
876
896
998
876
877
902
999
903
1000
879
2454
881
914
2640
882
883
882
884
886
916
884
888
890
919
887
889
2079
887
890
2080
891
2081
889
890
891
891
894
896
894
897
898
900
896
897
898
902
1002
898
1003
904
1004
901
903
2639
901
904
905
906
903
904
905
908
1005
905
1006
910
1007
907
910
911
912
921
2642
909
910
911
1010
911
924
1011
913
925
1012
913
2177
12169
931
1017
2178
915
2455
917
935
2647
918
919
918
920
936
920
939
923
925
923
926
927
929
925
926
927
931
1026
927
1027
933
1028
930
932
2643
5319
12174
930
933
12175
934
12176
12448
932
933
934
1033
2645
12450
934
1034
1035
12451
2179
938
939
938
2650
940
941
940
943
942
943
944
946
952
2653
944
948
950
953
2656
947
949
947
950
951
954
949
950
951
951
957
958
953
2182
957
1040
2662
956
958
956
959
2659
960
961
958
959
960
1041
960
963
1042
2665
964
1043
962
964
965
967
2668
964
2185
965
969
1046
971
1047
2671
968
970
968
971
972
973
970
971
972
1051
972
976
1052
977
1053
975
977
975
978
2457
979
981
987
977
978
2674
979
983
1065
979
1066
2188
985
988
1067
982
984
982
985
986
989
984
985
986
1072
986
992
1073
993
1074
988
2460
12274
992
1079
2191
991
993
12280
991
994
2677
5362
12281
995
12282
12535
993
994
995
1081
995
1082
2194
1083
12537
998
998
999
1002
1000
1001
1005
1008
1128
1004
1004
1006
1007
1008
1007
1009
1011
1019
1009
1013
1131
1015
1023
1132
1012
1014
2463
1012
1015
1016
1017
1026
1014
1015
2680
1016
1133
2197
1016
1029
1134
1018
1030
1135
1018
2464
1036
1140
2683
1021
1023
1021
1024
1025
1027
1023
1024
1025
1029
1025
1031
1028
1030
1028
1031
1032
1034
1030
1031
1032
1036
1142
1032
1143
1038
1144
1035
1037
2681
1035
1038
1039
12664
1037
1038
1039
1149
2685
1039
1150
1151
12666
2199
1043
1043
1044
2687
1045
1046
1045
1048
2690
1049
1047
1049
1050
1052
2202
1049
2693
1050
1054
1056
2696
1053
1055
1053
1056
1057
1059
1065
1055
1056
1057
1061
1057
1068
1063
1069
1060
1062
1060
1063
1064
1072
1062
1063
1064
1186
1064
1075
1187
1076
1188
1067
1069
1067
1070
2699
1071
1073
1079
1069
1070
2702
1071
1075
1193
1071
1194
2205
1077
1080
1195
1074
1076
1074
1077
1078
1081
1076
1077
1078
1198
1078
1084
1199
1085
1200
1080
2465
1084
1205
2208
1083
1085
1083
1086
2468
1087
1089
1095
1085
1086
1087
1091
1207
1087
1208
2211
1093
1096
1209
1090
1092
1090
1093
1094
1097
1092
1093
1094
1094
1100
1101
1096
2471
12537
1100
1214
2214
1099
1101
12543
1099
1102
2474
12544
1103
1105
1111
12545
1101
1102
1103
1107
1216
1103
1217
2705
1109
1112
1218
1106
1108
5364
1106
1109
5364
1110
1113
5364
1108
1109
1110
1223
1110
1116
1224
1117
1225
1112
2477
12559
1116
1230
2217
1115
1117
12565
1115
1118
2708
12566
1119
1121
1125
12567
1117
1118
1119
1122
1232
1119
1233
2219
1124
1126
1234
1123
5439
12572
12784
1124
12573
12784
1123
1124
1239
12785
12789
1127
1240
12785
1126
2220
12593
1127
1244
2221
12811
12812
1129
1131
1130
2222
1136
1247
2223
1132
1134
1135
1137
2479
1135
1138
1139
1140
1142
1137
1138
1139
1249
2224
1139
1145
1250
1141
1146
1251
1141
2481
1152
1256
2713
1144
1146
1144
1147
1148
1150
1146
1147
1148
1152
1148
1154
1151
1153
2710
1151
1154
1155
1156
1160
1153
1154
1155
1258
2716
1155
1163
1259
1158
1164
1260
1157
1158
2484
12666
1159
1167
2719
12667
1159
1170
1265
2722
1171
2725
1162
1164
1162
1165
1166
1168
1164
1165
1166
1170
1166
1172
1169
1171
12672
1169
1172
12673
1173
1174
12674
1171
1172
1173
1176
1267
1173
1268
1177
1269
1175
1177
12678
1178
1179
2226
12679
1177
2728
1178
1182
1274
1183
1275
2229
1181
1183
5459
12686
1181
1184
12687
1185
12688
12866
1183
1184
1185
12868
1185
12870
1188
1190
1188
1191
1192
1198
1190
1191
1192
1192
1201
1202
1195
1195
1196
2487
1197
1199
1205
1197
1302
2232
1203
1206
1303
1200
1202
1200
1203
1204
1207
1202
1203
1204
1304
1204
1210
1305
1211
1306
1206
2490
1210
1311
2731
1209
1211
1209
1212
2493
1213
1214
1211
1212
1213
1312
1213
1313
2235
1215
1314
1215
2238
1219
1319
2241
1218
1220
1218
1221
2734
1222
1224
1230
1220
1221
1222
1226
1321
1222
1322
2244
1228
1231
1323
1225
1227
1225
1228
1229
1232
1227
1228
1229
1328
1229
1235
1329
1236
1330
1231
2496
1235
1342
2247
1234
1236
1234
1237
2498
1238
1240
1244
1236
1237
1238
1241
1344
1238
1345
2249
1243
1245
1346
1242
5492
12939
1243
12939
1242
1243
1351
12940
12944
1246
1352
12940
1245
1246
12969
1248
2250
1252
2251
1251
1253
2738
1251
1254
1255
1256
1253
1254
1255
2740
1255
1257
1257
2253
1261
1403
2256
1260
1262
2500
1260
1263
1264
1265
1262
1263
1264
2742
1264
1266
1266
2503
1270
1404
2748
1269
1271
2745
1269
1272
1273
1274
1271
1272
1273
1276
1406
2751
1273
1407
1277
1408
1275
1277
1278
2259
1277
2754
1278
1413
1414
2262
1281
1283
2757
12869
1281
1284
12870
1285
1286
1288
12871
1283
1284
2760
1285
2763
1285
1291
1424
1287
1292
1425
1287
2265
12873
1298
1429
2769
1290
1292
5460
1290
1293
5460
1294
1296
5460
1292
1293
1294
1298
1431
1294
1432
1300
1433
1297
1299
2766
5507
12878
1297
1300
12879
1301
12880
13010
1299
1300
1301
1438
2772
13012
1301
1439
1440
13013
1303
2506
1305
1311
1306
1308
1306
1309
1310
1312
1308
1309
1310
1310
1315
1316
2509
1314
1316
1314
1317
2512
1318
1319
1316
1317
1318
1318
2775
1320
1320
2515
1324
2781
1323
1325
1323
1326
2778
1327
1329
1342
1325
1326
1327
1331
1327
2784
1333
1343
1330
1332
1330
1333
1334
1336
1344
1332
1333
1334
1338
1481
1334
1347
1482
1340
1348
1483
1337
1339
1337
1340
1341
1351
1339
1340
1341
1341
1354
1355
1343
2268
1347
2270
1346
1348
1346
1349
2787
1350
1352
2272
1348
1349
1350
1354
1498
1350
1499
2273
1356
1500
2275
1353
1355
1353
1356
1357
1359
1372
12940
1355
1356
1357
1361
1505
1357
1374
1506
1363
1375
1507
1360
1362
12945
1360
1363
12946
1364
1376
12947
1362
1363
1364
1512
1364
1379
1513
1380
1514
1367
1369
5495
5520
1367
1370
5495
1371
1397
5495
13072
1369
1370
1371
1526
13074
1371
1400
1527
1401
1528
13076
1373
1375
12969
1377
12970
1375
2788
1379
1544
2277
1378
1380
12975
1378
1381
2518
12976
1382
1384
2278
12977
1380
1381
1382
1386
1547
1382
1548
2789
1388
1549
2280
1385
1387
12982
1385
1388
2519
12983
1389
1391
2282
12984
1387
1388
1389
1393
1553
1389
1554
2284
1395
1555
2286
1392
1394
12989
1392
1395
2521
12990
1396
1398
2288
12991
1394
1395
1396
1400
1559
1396
1560
2291
1402
2293
1399
1401
5523
12996
1399
1402
2524
12997
2296
12998
1401
1402
1563
2299
13088
2301
2530
1405
2533
1409
1566
2790
1408
1410
2536
1408
1411
1412
1413
1410
1411
1412
1568
2306
1412
1569
1415
1570
1414
1415
2539
1416
1417
2793
1416
1420
1575
2796
1421
1576
2309
1419
1421
1419
1422
1423
1424
1421
1422
1423
1426
1585
1423
1586
1427
1587
1425
1427
1428
1429
1431
2802
1427
2799
1428
1434
1592
1430
1435
1593
2805
1430
2542
1441
1597
2312
1433
1435
1433
1436
1437
1439
1435
1436
1437
1441
1598
1437
1599
1443
1600
1440
1442
2808
1440
1443
1444
1445
1442
1443
1444
1605
2811
1444
1606
1447
1607
1446
1447
2545
13013
1448
1449
2315
13014
1448
1452
1612
2814
1453
2817
1451
1453
13019
1451
1454
13020
1455
1456
13021
1453
1454
1455
1458
1621
1455
1622
1459
1623
1457
1459
13025
1460
1461
13026
1459
2819
1460
1464
1628
1465
1463
1465
13031
1463
1466
13032
1467
1468
1471
13033
1465
1466
1467
1469
1637
1467
1474
1638
1470
1475
1639
1470
13037
1470
1479
1644
1473
1475
13043
1473
1476
13044
1477
1478
1488
13045
1475
1476
1477
1479
1645
1477
1491
1646
1480
1492
1647
1480
13051
13091
1480
13092
1496
1652
13093
1483
1485
1483
1486
1487
1498
1485
1486
1487
1487
1501
1502
1490
1492
13059
1490
1493
13060
1494
1495
1540
13061
1492
1493
1494
1496
1662
1494
1542
1663
1497
1543
1664
1497
13067
1497
13095
1500
1502
1500
1503
2548
1504
1506
2317
1502
1503
1504
1508
1504
2820
1510
2319
1507
1509
1507
1510
1511
1513
1544
1509
1510
1511
1515
1668
1511
1545
1669
1517
1546
1670
1514
1516
1514
1517
1518
1547
1516
1517
1518
1675
1518
1550
1676
1551
1677
1521
1523
1521
1524
1525
1527
1559
1523
1524
1525
1529
1689
1525
1561
1690
1531
1562
1691
1528
1530
1528
1531
1532
1534
1563
1530
1531
1532
1536
1696
1532
1564
1697
1538
1565
1698
1535
1537
13075
1535
1538
13076
1539
1541
13077
1537
1538
1539
1542
1703
1539
1704
1543
13082
13083
1543
1546
2320
1546
2322
1550
1707
2323
1549
1551
1549
2550
1552
1554
2325
1551
2326
1552
1556
1710
1558
1555
1557
1555
1558
2551
1560
2327
1557
1558
1561
1713
2328
1562
2329
2552
1562
2332
1564
1716
2334
1565
2336
1565
2338
2340
1567
2556
1571
1719
2823
1570
1572
2821
1570
1573
1574
1575
1578
1572
1573
1574
1720
2824
1574
1581
1721
1577
1582
1722
1576
1577
2558
1585
2342
1588
1725
2345
1580
1582
1580
1583
1584
1586
1582
1583
1584
1588
1727
1584
1728
1590
1729
1587
1589
1587
1590
1591
1592
1589
1590
1591
1594
1732
2826
1591
1733
1595
1734
1593
1595
1596
1597
1598
2829
1595
2348
1596
1601
1739
1602
1740
2351
2353
1600
1602
1600
1603
1604
1606
1602
1603
1604
1608
1744
1604
1745
1610
1746
1607
1609
2561
1607
1610
1611
1612
1614
1609
1610
2832
1611
1751
2833
1611
1617
1752
1613
1618
1753
1613
2563
1624
1757
2355
1616
1618
1616
1619
1620
1622
1618
1619
1620
1624
1758
1620
1759
1626
1760
1623
1625
2834
1623
1626
1627
1628
1630
1625
1626
1627
1765
2835
1627
1633
1766
1629
1634
1767
1629
1640
1771
1632
1634
1632
1635
1636
1638
1634
1635
1636
1640
1779
1636
1780
1642
1781
1639
1641
1639
1642
1643
1644
1645
1641
1642
1643
1643
1648
1786
1649
1787
1647
1649
1647
1650
1651
1652
1662
1649
1650
1651
1653
1797
1651
1665
1798
1654
1666
1799
1654
1654
1657
1659
1657
1660
1661
1663
1703
1659
1660
1661
1665
1809
1661
1705
1810
1667
1706
1811
1664
1666
1664
1667
1666
1667
1816
1817
1670
1672
1670
1673
1674
1676
1707
1672
1673
1674
1678
1819
1674
1708
1820
1680
1709
1821
1677
1679
1677
1680
1681
1683
1710
1679
1680
1681
1685
1826
1681
1711
1827
1687
1712
1828
1684
1686
1684
1687
1688
1690
1713
1686
1687
1688
1692
1833
1688
1714
1834
1694
1715
1835
1691
1693
1691
1694
1695
1697
1716
1693
1694
1695
1699
1840
1695
1717
1841
1701
1718
1842
1698
1700
1698
1701
1702
1704
1700
1701
1702
1705
1847
1702
1848
1849
1706
1706
1709
2356
1709
2358
1711
1854
2359
1712
2361
1712
2362
1714
1857
2364
1715
2366
1715
2367
1717
1860
2369
1718
2371
1718
2373
2375
2565
1722
1723
2566
1722
1724
1725
1727
1724
2376
1726
1730
1726
2568
1735
2378
1729
1730
1729
1731
1733
1731
1735
1737
1734
1736
2836
1734
1737
1738
1739
1736
1737
1738
1741
1863
2839
1738
1742
1864
1740
1742
1743
1744
2842
1742
2381
1743
1747
1867
1748
1868
2384
1746
1748
1746
1749
1750
1752
1748
1749
1750
1754
1874
1750
1875
1755
1876
1753
1753
1755
1756
1757
1758
1755
2386
1756
1761
1881
1762
1882
1760
1762
1760
1763
1764
1766
1772
1762
1763
1764
1768
1893
1764
1775
1894
1769
1776
1895
1767
1767
1769
1770
1771
1779
1769
1770
1782
1900
1783
1901
1774
1776
1774
1777
1778
1780
1776
1777
1778
1782
1903
1778
1904
1784
1905
1781
1783
1781
1784
1785
1786
1790
1783
1784
1785
1788
1910
1785
1793
1911
1789
1794
1912
1787
1789
1797
1789
1800
1917
1792
1794
1792
1795
1796
1798
1809
1794
1795
1796
1800
1925
1796
1812
1926
1801
1813
1927
1799
1799
1801
1816
1801
1818
1932
1804
1806
1804
1807
1808
1810
1847
1806
1807
1808
1812
1940
1808
1850
1941
1814
1851
1942
1811
1813
1811
1814
1815
1817
1813
1814
1815
1818
1947
1815
1853
1948
1821
1823
1821
1824
1825
1827
1854
1823
1824
1825
1829
1951
1825
1855
1952
1831
1856
1953
1828
1830
1828
1831
1832
1834
1857
1830
1831
1832
1836
1958
1832
1858
1959
1838
1859
1960
1835
1837
1835
1838
1839
1841
1860
1837
1838
1839
1843
1965
1839
1861
1966
1845
1862
1967
1842
1844
1842
1845
1846
1848
2387
1844
1845
1846
1850
1972
1846
1973
2388
1852
1974
2390
1849
1851
1849
1852
1851
1852
1853
1978
1856
2391
1856
2393
1858
1980
2396
1859
2399
1859
2402
1861
1983
2405
1862
2408
1862
2411
1986
2414
1864
1865
2571
1866
1867
1870
1866
2844
1869
1872
1868
1869
2574
1874
2846
1877
1988
2848
1871
1872
1873
1875
1873
1877
1879
1876
1878
1876
1879
1880
1881
1886
1878
1879
1880
1883
1990
2850
1880
1889
1991
1884
1890
1992
1882
1884
1885
1893
1884
2580
1885
1896
1997
1897
1888
1890
1888
1891
1892
1894
1890
1891
1892
1896
1999
1892
2000
1898
2001
1895
1897
1895
1898
1899
1900
1903
1897
1898
1899
2006
1899
1906
2007
1902
1907
2008
1901
1902
1910
1913
2012
1905
1907
1905
1908
1909
1911
1918
1907
1908
1909
1913
2020
1909
1921
2021
1915
1922
2022
1912
1914
1912
1915
1916
1917
1925
1914
1915
1916
1916
1928
2027
1929
1920
1922
1920
1923
1924
1926
1940
1922
1923
1924
1928
2029
1924
1943
2030
1930
1944
2031
1927
1929
1927
1930
1931
1932
1947
1929
1930
1931
1931
1949
2036
1935
1937
1935
1938
1939
1941
1972
1937
1938
1939
1943
2039
1939
1975
2040
1945
1976
2041
1942
1944
1942
1945
1946
1948
1978
1944
1945
1946
1949
2046
1946
1979
2047
1950
2048
1950
1950
1953
1955
1953
1956
1957
1959
1980
1955
1956
1957
1961
1957
1981
1963
1982
1960
1962
1960
1963
1964
1966
1983
1962
1963
1964
1968
1964
1984
1970
1985
1967
1969
1967
1970
1971
1973
1986
1969
1970
1971
1975
2052
1971
1987
2053
1977
2054
2417
1974
1976
1974
1977
2577
2419
1976
1977
1979
2059
2060
2420
1982
2421
1982
2424
1984
2426
1985
2428
1985
2431
1987
2433
2435
2437
1989
2579
1993
1992
1994
2581
1992
1995
1996
1997
1999
1994
1995
1996
1996
2002
1998
2003
1998
2009
2001
2003
2001
2004
2005
2007
2013
2003
2004
2005
2009
2005
2016
2010
2017
2008
2008
2010
2011
2012
2020
2010
2011
2023
2063
2024
2015
2017
2015
2018
2019
2021
2017
2018
2019
2023
2019
2025
2022
2024
2022
2025
2026
2027
2029
2024
2025
2026
2065
2026
2032
2066
2028
2033
2067
2028
2037
2031
2033
2031
2034
2035
2036
2046
2033
2034
2035
2037
2070
2035
2049
2071
2038
2050
2072
2038
2038
2041
2043
2041
2044
2045
2047
2059
2043
2044
2045
2049
2045
2061
2051
2062
2048
2050
2048
2051
2050
2051
2054
2056
2054
2057
2582
2058
2060
2439
2056
2057
2058
2061
2058
2441
2442
2062
2443
2062
2064
2068
2067
2067
2069
2070
2069
2073
2072
2072
2074
2074
2077
2079
2077
2080
2081
2079
2080
2081
2081
2447
2587
2592
2593
2594
2596
2597
2084
2168
2599
2603
19109
2169
2599
2604
19109
2173
2174
2612
2615
2618
2623
2624
2625
2632
2633
2089
2592
2632
2636
2637
2593
2632
2636
2637
2168
2169
2639
2642
2092
2173
2650
2653
2093
2173
2651
2654
2174
2652
2655
2095
2185
2623
2659
2668
2096
2186
2623
2660
2669
2187
2624
2661
2670
2098
2175
2457
2668
2674
2099
2175
2458
2669
2675
2176
2459
2670
2676
2463
2680
2102
2185
2202
2687
2693
2103
2186
2203
2688
2694
2187
2204
2689
2695
2105
2202
2674
2699
2702
2106
2203
2675
2700
2703
2204
2676
2701
2704
2108
2226
2719
2728
19275
2109
2227
2720
2729
19276
2228
2721
2730
19277
2111
2487
2702
2112
2488
2703
2489
2704
2114
2259
2728
2745
2754
2115
2260
2729
2746
2755
2261
2730
2747
2756
2117
2259
2757
2760
19312
2118
2260
2758
2761
19313
2261
2759
2762
19314
2272
2788
2251
2252
2304
2305
2737
2122
2530
2533
2554
2742
2790
2123
2531
2534
2554
2743
2791
2532
2535
2555
2744
2792
2125
2760
2763
2793
2799
2802
2126
2761
2764
2794
2800
2803
2762
2765
2795
2801
2804
2315
2316
2819
16695
2129
2317
2320
2322
2788
2318
2321
2322
2788
2131
2301
2302
2329
2330
2336
2338
2303
2331
2337
2339
2336
2337
2340
16698
16699
16700
2134
2342
2348
2799
2829
2135
2343
2349
2800
2830
2344
2350
2801
2831
2322
2356
2357
2358
2326
2356
2357
2361
2362
2363
2361
2366
2367
2368
2140
2332
2366
2371
2373
2333
2366
2372
2374
2338
2339
2340
2371
2372
2375
2143
2348
2381
2836
2842
2144
2349
2382
2837
2842
2350
2383
2838
2843
2386
2832
2842
2843
2147
2358
2391
2393
2394
2358
2392
2395
2149
2362
2391
2399
2402
2150
2362
2391
2400
2403
2363
2392
2401
2404
2152
2367
2399
2408
2411
2153
2367
2400
2409
2412
2368
2401
2410
2413
2155
2373
2375
2387
2388
2408
2409
2414
2415
2374
2375
2387
2389
2410
2416
2386
2580
2846
2847
2158
2393
2421
2424
2159
2394
2422
2424
2395
2423
2425
2161
2402
2421
2428
2431
2162
2403
2422
2429
2431
2404
2423
2430
2432
2164
2411
2428
2435
2437
2165
2412
2429
2435
2437
2413
2430
2436
2438
2424
2425
2444
2431
2432
2444
2583
2169
2600
2605
2600
2606
2171
2172
2607
2612
2172
2179
2180
2610
2613
2181
2611
2614
2174
2613
2616
2614
2617
2176
2453
2626
2629
2668
2669
2453
2627
2630
2670
2178
2642
2643
2644
16458
16459
2464
2645
2646
2180
2647
2650
2181
2648
2651
2649
2652
2183
2619
2653
2659
2662
2184
2619
2654
2660
2663
2620
2655
2661
2664
2186
2665
2671
2187
2666
2672
2667
2673
2189
2191
2457
2674
2699
2190
2192
2458
2675
2700
2193
2459
2676
2701
2192
2194
2460
2465
2193
2195
2461
2466
2196
2462
2467
2195
2468
2677
15143
19256
2196
2469
2678
15144
19257
2470
2679
15145
19258
2198
2463
2479
2680
2683
2463
2480
2680
2684
2200
2662
2687
2201
2663
2688
2664
2689
2203
2671
2696
2204
2672
2697
2673
2698
2206
2208
2487
2699
2702
2207
2209
2488
2700
2703
2210
2489
2701
2704
2209
2211
2465
2490
2210
2212
2466
2491
2213
2467
2492
2212
2214
2468
2493
2213
2215
2469
2494
2216
2470
2495
2215
2238
2471
2705
2216
2239
2472
2706
2240
2473
2707
2218
2219
2477
2496
2705
2706
2219
2478
2497
2707
2221
2498
2708
2709
2221
2708
2709
17337
2223
2479
2480
2680
2224
2225
2250
2225
2479
2713
2714
2738
2480
2715
2739
2227
2229
15176
19281
19284
2228
2230
15177
19282
19285
2231
15178
19283
19286
2230
2259
2728
19312
2231
2260
2729
19313
2261
2730
19314
2233
2487
2506
2731
2234
2488
2507
2732
2489
2508
2733
2236
2241
2493
2512
2731
2237
2242
2494
2513
2732
2243
2495
2514
2733
2239
2241
2493
2734
2240
2242
2494
2735
2243
2495
2736
2242
2244
2515
2243
2245
2516
2246
2517
2245
2247
2734
2778
2246
2247
2735
2779
2248
2736
2780
2248
2249
2268
2496
2249
2269
2497
2498
2787
2251
2252
2499
2738
2739
2252
2304
2737
2740
2305
2737
2741
2254
2256
2500
2713
2738
2255
2257
2501
2714
2738
2258
2502
2715
2739
2257
2530
2740
2742
2258
2531
2740
2743
2532
2741
2744
2260
2262
2261
2263
2264
2263
2754
2760
2793
2264
2755
2761
2794
2756
2762
2795
2266
2757
2766
2769
19321
2267
2758
2767
2770
19322
2759
2768
2771
19323
2269
2270
2778
2779
2787
2271
2780
2787
2271
2273
2784
2785
2274
2786
2275
2276
2787
2274
2275
2548
2787
2276
2549
2787
2276
2317
2788
2318
2788
2320
2321
2788
2789
2279
2280
2518
2519
16666
2281
2518
2520
16666
2281
2284
2325
2789
2285
2325
2789
2283
2286
2519
2521
2522
16668
2287
2520
2523
16669
2285
2286
2519
2551
2287
2520
2551
2287
2291
2327
2292
2327
2289
2293
2521
2524
16673
2290
2294
2522
2525
16674
2295
2523
2526
16675
2292
2293
2294
2521
2522
2552
2295
2523
2553
2294
2301
2329
2552
2295
2302
2330
2552
2303
2331
2553
2297
2299
2301
2524
15197
16682
16689
2298
2299
2302
2525
15197
16683
16690
2300
2303
2526
15198
16684
16691
2300
2301
2302
2336
16698
2303
2337
16699
2302
2524
2303
2525
2526
2305
2527
2528
2529
2307
2536
2790
2796
2821
2308
2537
2791
2797
2821
2538
2792
2798
2822
2310
2342
2793
2796
2799
2311
2343
2794
2797
2800
2344
2795
2798
2801
2313
2353
2542
2805
2811
2314
2353
2543
2806
2812
2354
2544
2807
2813
2316
2545
2546
2817
19335
2547
2818
19336
2318
2319
2548
2319
2549
2322
2820
2321
2323
2550
2324
2550
2323
2324
2324
2326
2356
2326
2357
2550
2551
2550
2328
2551
2552
2553
2332
2333
2366
2330
2334
2552
2331
2334
2552
2335
2553
2333
2334
2552
2335
2553
2335
2338
2371
2339
2372
2337
2340
2340
2339
2340
2340
2554
2555
2823
2343
2345
2558
2826
2344
2346
2559
2827
2347
2560
2828
2346
2558
2568
2824
2826
2347
2559
2569
2824
2827
2560
2570
2825
2828
2349
2351
2826
2350
2351
2827
2352
2828
2352
2353
2829
2830
2832
2842
2354
2831
2832
2843
2354
2561
2829
2830
2832
2562
2831
2832
2563
2564
2833
2835
2357
2359
2360
2359
2360
2360
2362
2391
2363
2392
2364
2365
2363
2364
2365
2365
2367
2399
2400
2368
2401
2369
2370
2368
2369
2370
2370
2373
2408
2409
2374
2410
2372
2375
2375
2374
2375
2375
2387
2377
2378
2379
2566
2380
2567
2379
2568
2839
2380
2569
2840
2570
2841
2382
2384
2571
2574
2839
2383
2384
2572
2575
2840
2385
2573
2576
2841
2385
2386
2842
2846
2386
2843
2847
2390
2389
2390
2414
2415
2577
2390
2416
2578
2419
2392
2396
2397
2398
2394
2396
2395
2397
2398
2397
2402
2421
2398
2403
2422
2404
2423
2400
2405
2401
2406
2407
2403
2405
2404
2406
2407
2406
2411
2428
2407
2412
2429
2413
2430
2409
2414
2410
2415
2416
2412
2414
2413
2415
2416
2415
2435
2416
2435
2436
2418
2420
2435
2437
2439
2420
2436
2438
2440
2420
2577
2578
2443
2577
2578
2422
2426
2423
2426
2427
2425
2426
2427
2427
2431
2444
2432
2444
2429
2433
2430
2433
2434
2432
2433
2434
2434
2437
2583
2438
2583
2436
2437
2577
2438
2578
2438
2582
2583
2582
2583
2440
2442
2443
2582
2442
2443
2582
2442
2582
2443
2584
2585
19031
19032
2585
2586
19036
19037
2448
2592
2593
2632
2596
2597
2598
19107
2451
2590
2601
2607
2608
2590
2601
2607
2609
2615
2618
2619
2620
2625
2628
2595
2640
2641
2456
2608
2640
2647
2648
2609
2641
2649
2458
2460
2629
2459
2461
2629
2462
2630
2461
2677
19207
19209
2462
2678
19207
19209
2679
19208
19210
2464
2681
2682
2683
2684
2466
2468
2699
2467
2469
2700
2470
2701
2469
2471
2470
2472
2473
2472
2474
16557
19256
2473
2475
16558
19257
2476
16559
19258
2475
2477
2705
16557
19259
2476
2477
2706
16558
19260
2478
2707
16559
19261
2478
2708
19259
19260
19264
2709
19261
19265
2480
2481
2482
2483
2482
2683
2710
2713
2483
2683
2711
2714
2684
2712
2715
2485
2710
2719
2722
19269
2486
2711
2720
2723
19270
2712
2721
2724
19271
2488
2490
2489
2491
2492
2491
2493
2731
2492
2494
2732
2495
2733
2494
2495
2497
2498
2734
2735
2498
2736
2737
2501
2503
2716
2742
2502
2504
2717
2743
2505
2718
2744
2504
2722
2725
2745
2748
2505
2723
2726
2746
2749
2724
2727
2747
2750
2507
2509
2508
2510
2511
2510
2512
2731
2511
2513
2732
2514
2733
2513
2515
2775
2514
2516
2776
2517
2777
2516
2778
2781
2517
2779
2782
2780
2783
2789
16665
2520
16667
16667
2522
16670
2523
16671
16672
2525
16679
2526
16680
16681
2528
2530
2740
2529
2531
2740
2532
2741
2531
2532
2534
2536
2748
2790
2535
2537
2749
2791
2538
2750
2792
2537
2539
2751
2754
2538
2540
2752
2755
2541
2753
2756
2540
2754
2793
2796
2541
2755
2794
2797
2756
2795
2798
2543
2769
2802
2808
2544
2770
2803
2809
2771
2804
2810
2546
2808
2814
17351
2547
2809
2815
17352
2810
2816
17353
2549
2820
2820
2789
2553
2555
2556
2557
2557
2790
2791
2821
2823
2792
2822
2823
2559
2796
2821
2560
2797
2821
2798
2822
2562
2563
2811
2812
2833
2564
2813
2833
2564
2814
2815
2817
2834
2816
2818
2834
2566
2567
2823
2567
2568
2569
2824
2570
2825
2569
2836
2570
2837
2838
2572
2574
2839
2844
2573
2575
2840
2844
2576
2841
2845
2575
2846
2848
2576
2846
2848
2847
2849
2578
2581
2848
2849
2852
2581
2850
2851
2850
2851
2583
19028
19033
19034
19038
2588
2596
2597
19107
2590
2601
2591
2607
2593
2594
2594
2596
2597
2598
2636
2602
2597
2600
19108
2639
2602
2608
2609
2640
2641
2604
2605
17274
19111
2606
17275
19111
2606
2642
16458
2642
16459
2610
2611
2609
2610
2611
2611
2647
2648
2649
2613
2614
2614
2650
2651
2652
2616
2617
2617
2619
2653
2654
2620
2655
2621
2622
2620
2621
2622
2622
2623
2659
2660
2624
2661
2624
2626
2627
2626
2627
2627
2668
2669
2670
2629
2630
15120
2630
15120
19207
15120
19208
2633
2634
2635
2634
2635
2635
2637
2637
2638
2638
2641
2644
2645
15131
15132
19172
2646
15133
19173
2646
2681
16533
16534
2682
16535
2648
2649
2651
2652
2654
2656
2655
2657
2658
2657
2662
2658
2663
2664
2660
2665
2661
2666
2667
2663
2665
2664
2666
2667
2666
2687
2667
2688
2689
2669
2671
2670
2672
2673
2672
2674
2673
2675
2676
2675
2676
2678
15143
19209
2679
15144
19209
15145
19210
2682
2685
16533
16534
17325
17326
2686
16535
17327
2684
2685
2686
2686
2710
2711
19269
19270
2712
19271
2688
2690
2689
2691
2692
2691
2693
2692
2694
2695
2694
2696
2695
2697
2698
2697
2702
2698
2703
2704
2700
2701
2703
2704
2706
2734
2707
2735
2736
2709
17337
19264
17337
19265
2711
2716
2712
2717
2718
2714
2716
2715
2717
2718
2717
2722
2718
2723
2724
2720
2725
19272
2721
2726
19273
2727
19274
2723
2725
2724
2726
2727
2726
2728
2745
2727
2729
2746
2730
2747
2729
2730
2732
2733
2735
2736
2739
2740
2741
2741
2743
2748
2744
2749
2750
2746
2751
2747
2752
2753
2749
2751
2750
2752
2753
2752
2754
2753
2755
2756
2755
2756
2758
2763
19315
2759
2764
19316
2765
19317
2761
2763
2762
2764
2765
2764
2769
2802
2765
2770
2803
2771
2804
2767
2772
15192
19324
2768
2773
15193
19325
2774
15194
19326
2770
2772
2771
2773
2774
2773
2808
17351
2774
2809
17352
2810
17353
2776
2781
2777
2782
2783
2779
2784
2780
2785
2786
2782
2784
2783
2785
2786
2785
2786
2791
2792
2794
2795
2797
2798
2800
2805
2801
2806
2807
2803
2805
2804
2806
2807
2806
2829
2807
2830
2831
2809
2811
17351
2810
2812
17352
2813
17353
2812
2814
2813
2815
2816
2815
2817
2816
2817
2818
2818
2819
2834
2819
2834
2834
2822
2824
2825
2824
2825
2825
2827
2836
2828
2837
2838
2830
2831
2833
2835
2837
2839
2838
2840
2841
2840
2841
2843
2845
2848
2852
2849
2852
2847
2848
2850
2849
2851
2849
2850
2851
2851
5553
5554
5556
5530
5553
5560
5561
5563
13533
5535
5560
5567
5568
5570
5547
5574
5581
5582
5584
13541
5554
5581
5588
5589
5591
13548
2877
5561
5562
5565
5566
5588
5590
5592
5594
13144
13148
13552
13553
13554
13555
5608
5615
5616
5618
14621
5537
5615
5622
5623
5625
14623
5541
5598
5622
5629
5630
5632
5543
5629
5636
5637
5639
14625
5545
5636
5643
5644
5646
14626
5549
5660
5667
5668
5670
14629
5556
5609
5667
5674
5675
5677
5563
5616
5674
5681
5682
5684
5570
5623
5681
5688
5689
5691
5630
5688
5695
5696
5698
5637
5695
5702
5703
5705
5644
5702
5709
5710
5712
5650
5709
5716
5717
5719
5656
5716
5723
5724
5726
5723
5730
5732
14631
5577
5661
5736
5741
5742
5744
5584
5668
5741
5748
5749
5751
2877
2887
2921
5591
5592
5593
5594
5675
5676
5679
5680
5748
5750
5752
5754
2878
2888
2922
5682
5683
5686
5687
2879
2889
2923
5689
5690
5693
5694
13144
2880
2890
2924
5696
5697
5700
5701
2881
2891
2925
5703
5704
5707
5708
2882
2892
2926
5710
5711
5714
5715
2883
2893
2927
5717
5718
5721
5722
5756
5758
5760
5724
5755
5756
5758
5730
5755
5762
5763
5765
5742
5769
5776
5777
5779
13641
2887
2934
5749
5750
5753
5754
5776
5778
5780
5782
13187
13648
13649
13650
13651
2888
2935
13147
13188
2889
2936
13148
13189
2890
2937
13149
13190
2891
2938
13191
2892
2939
13192
2893
2940
13193
2894
2941
13194
2895
2942
5756
5757
5760
5761
5784
5786
5788
13195
5763
5783
5784
5786
2946
5784
5785
5788
5789
13195
5805
5806
5808
5830
5831
5833
14632
5611
5830
5837
5838
5840
14635
5618
5794
5837
5844
5845
5847
5625
5799
5844
5851
5852
5854
5632
5806
5851
5858
5859
5861
5639
5812
5858
5865
5866
5868
5646
5818
5865
5872
5873
5875
5652
5872
5879
5880
5882
14638
5879
5886
5888
14641
5663
5825
5892
5899
5900
5902
5670
5831
5899
5906
5907
5909
5677
5838
5906
5913
5914
5916
2911
2922
2970
5684
5685
5686
5687
5845
5846
5849
5850
5913
5915
5917
5919
2912
2923
2971
5691
5692
5693
5694
5852
5853
5856
5857
2913
2924
2972
5698
5699
5700
5701
5859
5860
5863
5864
2914
2925
2973
5705
5706
5707
5708
5866
5867
5870
5871
2915
2926
2974
5712
5713
5714
5715
5873
5874
5877
5878
5921
5923
5925
5719
5880
5920
5921
5923
5726
5886
5920
5927
5928
5930
5732
5927
5934
5935
5937
14644
5893
5947
5948
5950
14646
5744
5900
5947
5954
5955
5957
2921
2934
2981
5751
5752
5753
5754
5907
5908
5911
5912
5954
5956
5958
5960
2922
2935
2982
5914
5915
5918
5919
2923
2936
2983
2924
2937
2984
2925
2938
2985
2926
2939
2986
2927
2940
2987
2928
2941
2988
5921
5922
5925
5926
2929
2942
2989
5758
5759
5760
5761
5928
5929
5932
5933
5962
5964
5966
5765
5935
5961
5962
5964
5941
5961
5968
5969
5971
5968
5975
5977
5772
5948
5980
5984
5985
5987
5779
5955
5984
5991
5992
5994
2935
2995
5991
5993
5995
5997
13256
2936
2996
13257
2937
2997
13258
2938
2998
13259
2939
2999
13260
2940
3000
13261
2941
3001
13262
2942
3002
13263
2943
3003
13264
2944
2946
3004
5786
5787
5788
5789
5962
5963
5966
5967
5999
6001
6003
5969
5998
5999
6001
5975
5998
6005
6006
6008
2947
3019
13264
13276
2948
3020
5999
6000
6003
6004
6016
6018
6020
13277
6006
6015
6016
6018
6012
6015
6022
6024
6045
6046
6048
14648
6045
6052
6053
6055
14651
5801
6052
6059
6060
6062
14654
5808
6059
6066
6067
6069
14656
5814
6066
6073
6074
6076
14658
5820
6073
6080
6081
6083
14660
6094
6101
6102
6104
14663
5833
6039
6101
6108
6109
6111
5840
6046
6108
6115
6116
6118
5847
6053
6115
6122
6123
6125
5854
6060
6122
6129
6130
6132
5861
6067
6129
6136
6137
6139
5868
6074
6136
6143
6144
6146
5875
6081
6143
6150
6151
6153
5882
6087
6150
6157
6158
6160
5888
6157
6164
6165
6167
14664
5895
6095
6176
6181
6182
6184
5902
6102
6181
6188
6189
6191
2969
2981
3052
5909
5910
5911
5912
6109
6110
6113
6114
6188
6190
6192
6194
2970
2982
3053
5916
5917
5918
5919
6116
6117
6120
6121
2971
2983
3054
6123
6124
6127
6128
2972
2984
3055
6130
6131
6134
6135
2973
2985
3056
6137
6138
6141
6142
2974
2986
3057
6144
6145
6148
6149
2975
2987
3058
6151
6152
6155
6156
2976
2988
3059
5923
5924
5925
5926
6158
6159
6162
6163
6196
6198
6200
5930
6165
6195
6196
6198
5937
6171
6195
6202
6203
6205
5942
6202
6209
6211
14667
5950
6182
6216
6222
6223
6225
2981
2994
3065
5957
5958
5959
5960
6189
6190
6193
6194
6222
6224
6226
6228
2982
2995
3066
2983
2996
3067
2984
2997
3068
2985
2998
3069
2986
2999
3070
2987
3000
3071
2988
3001
3072
2989
3002
3073
2990
3003
3074
6196
6197
6200
6201
2991
3004
3075
5964
5965
5966
5967
6203
6204
6207
6208
6230
6232
6234
5971
6209
6229
6230
6232
5977
6229
6236
6238
14669
5987
6223
6242
6248
6249
6251
2995
3009
3080
5994
5995
5996
5997
6248
6250
6252
6254
2996
3010
3081
2997
3011
3082
2998
3012
3083
2999
3013
3084
3000
3014
3085
3001
3015
3086
3002
3016
3087
3003
3017
3088
3004
3018
3089
3005
3019
3090
6256
6258
6260
6001
6230
6255
6256
6258
6008
6236
6255
6262
6263
6265
6013
6262
6269
6270
6249
6273
6278
6279
6281
13941
3010
3024
3096
6278
6280
6282
6284
13255
3011
3097
13256
13351
3012
3098
13257
13352
3013
3099
13258
13353
3014
3100
13259
13354
3015
3101
13260
13355
3016
3102
13261
13356
3017
3103
13262
13357
3018
3104
13263
13358
3019
3105
13264
13359
3020
3106
13360
3021
3107
6256
6257
6260
6261
6286
6288
6290
13361
6018
6263
6285
6286
6288
6024
6269
6285
6292
6293
6295
6279
6299
6301
6302
6304
13949
3111
6301
6303
6305
6307
13266
13351
13363
14150
14153
14154
3026
3112
6286
6287
6290
6291
6309
6311
6313
13361
13375
13956
13957
13958
13959
6293
6308
6309
6311
13963
3115
6309
6310
6313
6314
6316
13294
13375
13389
6356
6357
6359
6041
6356
6363
6364
6366
14670
6048
6320
6363
6370
6371
6373
6055
6324
6370
6377
6378
6380
6062
6329
6377
6384
6385
6387
6069
6335
6384
6391
6392
6394
6076
6341
6391
6398
6399
6401
6083
6346
6398
6405
6406
6408
6089
6405
6412
6413
6415
14672
6097
6350
6424
6431
6432
6434
6104
6357
6431
6438
6439
6441
6111
6364
6438
6445
6446
6448
6118
6371
6445
6452
6453
6455
3042
3054
3141
6125
6126
6127
6128
6378
6379
6382
6383
6452
6454
6456
6458
3043
3055
3142
6132
6133
6134
6135
6385
6386
6389
6390
3044
3056
3143
6139
6140
6141
6142
6392
6393
6396
6397
3045
3057
3144
6146
6147
6148
6149
6399
6400
6403
6404
6460
6462
6464
6153
6406
6459
6460
6462
6160
6413
6459
6466
6467
6469
6167
6419
6466
6473
6474
6476
6173
6473
6480
6482
14675
6425
6490
6491
6493
14678
6184
6432
6490
6497
6498
6500
3052
3065
3151
6191
6192
6193
6194
6439
6440
6443
6444
6497
6499
6501
6503
3053
3066
3152
6446
6447
6450
6451
3054
3067
3153
6453
6454
6457
6458
3055
3068
3154
3056
3069
3155
3057
3070
3156
3058
3071
3157
3059
3072
3158
6460
6461
6464
6465
3060
3073
3159
6467
6468
6471
6472
3061
3074
3160
6198
6199
6200
6201
6474
6475
6478
6479
6505
6507
6509
6205
6480
6504
6505
6507
6211
6486
6504
6511
6512
6514
6218
6491
6522
6523
6525
14679
6225
6498
6522
6529
6530
6532
3066
3080
3166
6529
6531
6533
6535
3067
3081
3167
3068
3082
3168
3069
3083
3169
3070
3084
3170
3071
3085
3171
3072
3086
3172
3073
3087
3173
3074
3088
3174
3075
3089
3175
3076
3090
3176
6505
6506
6509
6510
6537
6539
6541
6232
6512
6536
6537
6539
6238
6518
6536
6543
6544
6546
6244
6523
6553
6554
6556
14681
6251
6530
6553
6560
6561
6563
3081
3096
3181
6560
6562
6564
6566
3082
3097
3182
3083
3098
3183
3084
3099
3184
3085
3100
3185
3086
3101
3186
3087
3102
3187
3088
3103
3188
3089
3104
3189
3090
3105
3190
3091
3106
3191
3092
3107
3192
6258
6259
6260
6261
6537
6538
6541
6542
6568
6570
6572
6265
6544
6567
6568
6570
6270
6550
6567
6574
6576
6275
6554
6579
6581
6281
6561
6579
6585
6586
6588
3097
3111
3197
6585
6587
6589
6591
3098
3198
13424
3099
3199
13425
3100
3200
13426
3101
3201
13427
3102
3202
13428
3103
3203
13429
3104
3204
13430
3105
3205
13431
3106
3206
13432
3107
3207
13433
3108
3208
6593
6595
6597
13434
6288
6568
6592
6593
6595
6295
6574
6592
6599
6600
6602
6304
6586
6606
6610
6611
6613
3212
6610
6612
6614
6616
13424
13436
14300
14303
14304
3113
3114
3224
6593
6594
6597
6598
13434
3115
3225
6311
6312
6313
6314
6600
6601
6604
6605
6617
6618
3115
3117
3239
13375
13447
3116
3118
3240
6619
6620
6623
6624
6316
6617
6619
3118
3249
6621
6623
6625
6968
6969
6970
13388
13459
13471
14352
14355
14356
6620
6621
6623
13389
6640
6647
6648
6650
14682
6647
6654
6655
6657
14685
6331
6654
6661
6662
6664
14688
6337
6661
6668
6669
6671
14691
6343
6668
6675
6676
6678
14694
6693
6694
6696
6352
6629
6693
6700
6701
6703
6359
6634
6700
6707
6708
6710
6366
6641
6707
6714
6715
6717
6373
6648
6714
6721
6722
6724
6380
6655
6721
6728
6729
6731
6387
6662
6728
6735
6736
6738
6394
6669
6735
6742
6743
6745
6401
6676
6742
6749
6750
6752
6408
6682
6749
6756
6757
6759
6415
6687
6756
6763
6764
6766
6763
6770
6772
14697
6427
6694
6777
6783
6784
6786
6434
6701
6783
6790
6791
6793
3139
3151
3277
6441
6442
6443
6444
6708
6709
6712
6713
6790
6792
6794
6796
3140
3152
3278
6448
6449
6450
6451
6715
6716
6719
6720
3141
3153
3279
6455
6456
6457
6458
6722
6723
6726
6727
3142
3154
3280
6729
6730
6733
6734
3143
3155
3281
6736
6737
6740
6741
3144
3156
3282
6743
6744
6747
6748
3145
3157
3283
6750
6751
6754
6755
3146
3158
3284
6462
6463
6464
6465
6757
6758
6761
6762
6798
6800
6802
6469
6764
6797
6798
6800
6476
6770
6797
6804
6805
6807
6482
6775
6804
6811
6812
6814
6493
6784
6823
6829
6830
6832
3151
3165
3291
6500
6501
6502
6503
6791
6792
6795
6796
6829
6831
6833
6835
3152
3166
3292
3153
3167
3293
3154
3168
3294
3155
3169
3295
3156
3170
3296
3157
3171
3297
3158
3172
3298
3159
3173
3299
3160
3174
3300
6798
6799
6802
6803
3161
3175
3301
6805
6806
6809
6810
6837
6839
6841
6507
6812
6836
6837
6839
6514
6818
6836
6843
6844
6846
6843
6850
6852
14700
6525
6830
6855
6860
6861
6863
3166
3180
3307
6532
6533
6534
6535
6860
6862
6864
6866
3167
3181
3308
3168
3182
3309
3169
3183
3310
3170
3184
3311
3171
3185
3312
3172
3186
3313
3173
3187
3314
3174
3188
3315
3175
3189
3316
3176
3190
3317
3177
3191
3318
6837
6838
6841
6842
6868
6870
6872
6539
6844
6867
6868
6870
6546
6850
6867
6874
6875
6877
6556
6861
6884
6888
6889
6891
3181
3196
3323
6563
6564
6565
6566
6888
6890
6892
6894
6915
6918
6919
3182
3197
3324
3183
3198
3325
3184
3199
3326
3185
3200
3327
3186
3201
3328
3187
3202
3329
3188
3203
3330
3189
3204
3331
3190
3205
3332
3191
3206
3333
3192
3207
3334
3193
3208
3335
6868
6869
6872
6873
6896
6898
6900
6570
6875
6895
6896
6898
6576
6881
6895
6902
6904
6581
6889
6908
6909
6911
14701
6588
6908
6915
6916
6918
3198
3212
3340
6915
6917
6919
6921
3199
3213
3341
3200
3214
3342
3201
3215
3343
3202
3216
3344
3203
3217
3345
3204
3218
3346
3205
3219
3347
3206
3220
3348
3207
3221
3349
3208
3222
3350
3209
3223
3351
6923
6925
6927
6595
6896
6922
6923
6925
6602
6902
6922
6929
6930
6932
6613
6916
6936
6940
6941
6943
3213
3227
3355
6940
6942
6944
6946
6954
6957
6958
3214
3228
3356
6961
6964
6965
13424
3215
3229
3357
13425
3216
3230
3358
13426
3217
3231
3359
13427
3218
3232
3360
13428
3219
3233
3361
13429
3220
3234
3362
13430
3221
3235
3363
13431
3222
3236
3364
13432
3223
3237
3365
13433
3224
3238
3366
13434
3225
3239
3367
6923
6924
6927
6928
3240
3368
6930
6931
6934
6935
6947
6948
6941
6949
6951
14297
14702
6949
6954
6955
6957
14303
6954
6961
6962
6964
14310
3230
3373
6961
6963
6965
6967
13438
13495
14475
14478
14479
3231
3374
13439
13496
3232
3241
3375
13440
3233
3242
3376
13441
3234
3243
3377
13442
3235
3244
3378
13443
3236
3245
3379
13444
3237
3246
3380
13445
3238
3247
3381
13446
3239
3248
3382
13447
3240
3249
3383
6968
6971
6972
3250
3384
6975
6978
6979
3242
3389
13452
13496
13500
3243
3390
13453
13501
3244
3391
13454
13502
3245
3392
13455
13503
3246
3393
13456
13504
3247
3394
13457
13505
3248
3395
13458
13506
3249
3396
6969
6971
6973
13459
13507
14502
14505
14506
6968
6969
6971
6623
6968
6975
6976
6978
7014
7015
7017
7014
7021
7022
7024
6636
6985
7021
7028
7029
7031
6643
6989
7028
7035
7036
7038
6650
6993
7035
7042
7043
7045
6657
6997
7042
7049
7050
7052
6664
7001
7049
7056
7057
7059
6671
7005
7056
7063
7064
7066
6678
7063
7070
7071
7073
14704
6684
7070
7077
7078
7080
14707
7089
7090
7092
6696
7015
7089
13117
13118
13120
6703
7022
7096
7097
7099
13117
6710
7029
7096
7103
7104
7106
6717
7036
7103
7110
7111
7113
6724
7043
7110
7117
7118
7120
3268
3280
3449
6731
6732
6733
6734
7050
7051
7054
7055
7117
7119
7121
7123
3269
3281
3450
6738
6739
6740
6741
7057
7058
7061
7062
3270
3282
3451
6745
6746
6747
6748
7064
7065
7068
7069
3271
3283
3452
6752
6753
6754
6755
7071
7072
7075
7076
7125
7127
7129
6759
7078
7124
7125
7127
6766
7084
7124
7131
7132
7134
6772
7131
7138
7139
7141
14710
6779
7090
7150
7151
7153
6786
7150
7157
7158
7160
13118
3277
3291
3458
6793
6794
6795
6796
7097
7098
7101
7102
7157
7159
7161
7163
3278
3292
3459
7104
7105
7108
7109
3279
3293
3460
7111
7112
7115
7116
3280
3294
3461
7118
7119
7122
7123
3281
3295
3462
3282
3296
3463
3283
3297
3464
3284
3298
3465
3285
3299
3466
7125
7126
7129
7130
3286
3300
3467
6800
6801
6802
6803
7132
7133
7136
7137
7165
7167
7169
6807
7139
7164
7165
7167
6814
7145
7164
7171
7172
7174
6820
7171
7178
7180
14713
6825
7151
7183
7184
7186
6832
7158
7183
7190
7191
7193
3292
3307
3473
7190
7192
7194
7196
3293
3308
3474
3294
3309
3475
3295
3310
3476
3296
3311
3477
3297
3312
3478
3298
3313
3479
3299
3314
3480
3300
3315
3481
3301
3316
3482
3302
3317
3483
7165
7166
7169
7170
3303
3318
3484
6839
6840
6841
6842
7172
7173
7176
7177
7198
7200
7202
6846
7178
7197
7198
7200
6852
7197
7204
7206
14715
6857
7184
7209
7210
7212
6863
7191
7209
7216
7217
7219
3308
3323
3489
7216
7218
7220
7222
3309
3324
3490
3310
3325
3491
3311
3326
3492
3312
3327
3493
3313
3328
3494
3314
3329
3495
3315
3330
3496
3316
3331
3497
3317
3332
3498
3318
3333
3499
3319
3334
3500
7224
7226
7228
6870
7198
7223
7224
7226
6877
7204
7223
7230
7231
7233
6882
7230
7237
7238
6891
7217
7240
7244
7245
7247
3324
3339
3505
7244
7246
7248
7250
7272
7275
7276
7709
7710
7711
3325
3340
3506
3326
3341
3507
3327
3342
3508
3328
3343
3509
3329
3344
3510
3330
3345
3511
3331
3346
3512
3332
3347
3513
3333
3348
3514
3334
3349
3515
3335
3350
3516
3336
3351
3517
7224
7225
7228
7229
7252
7254
7256
6898
7231
7251
7252
7254
6904
7237
7251
7258
7259
7261
6911
7245
7265
7266
7268
14716
6918
7265
7272
7273
7275
3341
3355
3522
7272
7274
7276
7278
3342
3356
3523
3343
3357
3524
3344
3358
3525
3345
3359
3526
3346
3360
3527
3347
3361
3528
3348
3362
3529
3349
3363
3530
3350
3364
3531
3351
3365
3532
3352
3366
3533
3353
3367
3534
6925
6926
6927
6928
7252
7253
7256
7257
7280
7282
7284
6932
7259
7279
7280
7282
6943
7273
7287
7290
7291
7293
3356
3371
3538
7290
7292
7294
7296
7305
7308
7309
3357
3372
3539
3358
3373
3540
3359
3374
3541
3360
3375
3542
3361
3376
3543
3362
3377
3544
3363
3378
3545
3364
3379
3546
3365
3380
3547
3366
3381
3548
3367
3382
3549
3368
3383
3550
3369
3384
3551
7280
7281
7284
7285
7297
7298
7299
6947
7297
7298
6951
7291
7300
7302
14718
6957
7300
7305
7306
7308
3373
3386
3555
6964
6965
6966
6967
7305
7307
7309
7311
7317
7320
7321
3374
3387
3556
3375
3388
3557
3376
3389
3558
3377
3390
3559
3378
3391
3560
3379
3392
3561
3380
3393
3562
3381
3394
3563
3382
3395
3564
3383
3396
3565
3384
3397
3566
7324
7327
7328
3398
3567
7331
7333
7334
7769
7770
7771
7306
7312
7314
14465
14721
7312
7317
7318
7320
14471
3388
3400
3570
7317
7319
7321
7323
7341
7344
7345
7788
7789
7790
14478
14479
14480
14481
3389
3401
3571
7348
7351
7352
13496
3390
3402
3572
7355
7358
7359
3391
3403
3573
3392
3404
3574
3393
3405
3575
3394
3406
3576
3395
3407
3577
3396
3408
3578
3397
3409
3579
7325
7327
7329
7362
7365
7366
6971
7324
7325
7327
6978
7324
7331
7332
7333
7318
7336
7338
14485
14724
7336
7341
7342
7344
14491
7341
7348
7349
7351
14498
7348
7355
7356
7358
13500
3404
3415
3586
7355
7357
7359
7361
7390
7393
7394
13501
3405
3416
3587
7397
7400
7401
13502
3406
3417
3588
7404
7407
7408
13503
3407
3418
3589
7411
7414
7415
13504
3408
3419
3590
7418
7421
7422
7831
7832
7833
13505
3409
3420
3591
7363
7365
7367
7425
7428
7429
7838
7839
7840
13506
7362
7363
7365
14505
7325
7362
7369
7370
7372
14512
7332
7369
14516
7342
7375
14519
14727
7349
7375
7377
7378
7380
14524
7356
7377
7383
7384
7386
14531
7383
7390
7391
7393
14538
7390
7397
7398
7400
14545
7397
7404
7405
7407
14552
7404
7411
7412
7414
14559
7411
7418
7419
7421
14566
7418
7425
7426
7428
14573
7363
7425
7431
7432
7433
14580
7370
7431
14584
14730
7391
7435
14588
14731
7398
7435
7436
14591
14734
7405
7436
7437
14594
14737
7412
7437
14597
14740
7444
7451
7452
7454
14743
7451
7458
7459
7461
14744
7458
7465
7466
7468
14746
7465
7472
7473
7475
14748
7496
7497
7499
7017
7439
7496
7503
7504
7506
7024
7445
7503
7510
7511
7513
7031
7452
7510
7517
7518
7520
7038
7459
7517
7524
7525
7527
7045
7466
7524
7531
7532
7534
7052
7473
7531
7538
7539
7541
7059
7479
7538
7545
7546
7548
7066
7485
7545
7552
7553
7555
7073
7490
7552
7559
7560
7562
7080
7559
7566
7567
7569
14751
7566
7573
7575
14754
7092
7497
7579
7583
7584
7586
7504
7583
7590
7591
7593
13120
3446
3458
3625
7099
7100
7101
7102
7511
7512
7515
7516
7590
7592
7594
7596
3447
3459
3626
7106
7107
7108
7109
7518
7519
7522
7523
3448
3460
3627
7113
7114
7115
7116
7525
7526
7529
7530
3449
3461
3628
7120
7121
7122
7123
7532
7533
7536
7537
3450
3462
3629
7539
7540
7543
7544
3451
3463
3630
7546
7547
7550
7551
3452
3464
3631
7553
7554
7557
7558
3453
3465
3632
7560
7561
7564
7565
7598
7600
7602
7127
7567
7597
7598
7600
7134
7573
7597
7604
7605
7607
7141
7604
7611
7612
7614
14757
7153
7584
7622
7626
7627
7629
3458
3472
3638
7160
7161
7162
7163
7591
7592
7595
7596
7626
7628
7630
7632
3459
3473
3639
3460
3474
3640
3461
3475
3641
3462
3476
3642
3463
3477
3643
3464
3478
3644
3465
3479
3645
3466
3480
3646
3467
3481
3647
7598
7599
7602
7603
3468
3482
3648
7605
7606
7609
7610
7634
7636
7638
7167
7612
7633
7634
7636
7174
7618
7633
7640
7641
7643
7180
7640
7647
7649
14760
7186
7627
7655
7657
7658
7660
3473
3488
3653
7193
7194
7195
7196
7657
7659
7661
7663
3474
3489
3654
3475
3490
3655
3476
3491
3656
3477
3492
3657
3478
3493
3658
3479
3494
3659
3480
3495
3660
3481
3496
3661
3482
3497
3662
3483
3498
3663
3484
3499
3664
7634
7635
7638
7639
3485
3500
3665
7641
7642
7645
7646
7665
7667
7669
7200
7647
7664
7665
7667
7206
7653
7664
7671
7672
7674
3488
3668
7212
7213
7214
7215
7658
7659
7662
7663
7698
7700
8156
8157
8158
16838
3489
3504
3669
7219
7220
7221
7222
7702
7705
7706
3490
3505
3670
7709
7712
7713
3491
3506
3671
3492
3507
3672
3493
3508
3673
3494
3509
3674
3495
3510
3675
3496
3511
3676
3497
3512
3677
3498
3513
3678
3499
3514
3679
3500
3515
3680
3501
3516
3681
7680
7682
7684
7226
7665
7679
7680
7682
7233
7672
7679
7686
7687
7689
7238
7686
7693
7695
7247
7698
7702
7703
7705
7702
7709
7710
7712
3507
3522
3687
7709
7711
7713
7715
3508
3523
3688
3509
3524
3689
3510
3525
3690
3511
3526
3691
3512
3527
3692
3513
3528
3693
3514
3529
3694
3515
3530
3695
3516
3531
3696
3517
3532
3697
3518
3533
3698
7680
7681
7684
7685
7717
7719
7721
7254
7687
7716
7717
7719
7261
7693
7716
7723
7724
7726
7268
7703
7730
7731
7733
14761
7275
7710
7730
7737
7738
7740
3523
3538
3703
7737
7739
7741
7743
3524
3539
3704
3525
3540
3705
3526
3541
3706
3527
3542
3707
3528
3543
3708
3529
3544
3709
3530
3545
3710
3531
3546
3711
3532
3547
3712
3533
3548
3713
3534
3549
3714
3535
3550
3715
7717
7718
7721
7722
3536
3551
3716
7282
7283
7284
7285
7724
7725
7728
7729
7744
7745
7746
7744
7745
7293
7738
7747
7749
7750
7752
3539
3554
3719
7749
7751
7753
7755
7762
7765
7766
8226
8227
8228
3540
3555
3720
3541
3556
3721
3542
3557
3722
3543
3558
3723
3544
3559
3724
3545
3560
3725
3546
3561
3726
3547
3562
3727
3548
3563
3728
3549
3564
3729
3550
3565
3730
3551
3566
3731
3552
3567
3732
7756
7757
7769
7772
7773
7298
7744
7756
7757
7302
7750
7758
14764
7308
7758
7762
7763
7765
3556
3569
3735
7762
7764
7766
7768
7781
7784
7785
8243
8244
8245
3557
3570
3736
7788
7791
7792
3558
3571
3737
3559
3572
3738
3560
3573
3739
3561
3574
3740
3562
3575
3741
3563
3576
3742
3564
3577
3743
3565
3578
3744
3566
3579
3745
3567
3580
3746
7770
7772
7774
7795
7798
7799
8250
8251
8252
7769
7770
7772
7314
7763
7776
7778
14767
7320
7776
7781
7782
7784
7781
7788
7789
7791
3572
3584
3750
7788
7790
7792
7794
7817
7820
7821
8280
8281
8282
3573
3585
3751
7824
7827
7828
3574
3586
3752
3575
3587
3753
3576
3588
3754
3577
3589
3755
3578
3590
3756
7831
7834
7835
3579
3591
3757
7838
7841
7842
3580
3592
3758
7796
7798
7800
7845
7848
7849
8287
8288
8289
7327
7795
7796
7798
7333
7770
7795
7802
7803
7804
7338
7782
7806
7808
14770
7344
7789
7806
7810
7811
7813
7351
7810
7817
7818
7820
7358
7817
7824
7825
7827
3587
3596
3764
7824
7826
7828
7830
7869
7872
7873
8325
8326
8327
3588
3597
3765
7876
7879
7880
3589
3598
3766
7883
7886
7887
3590
3599
3767
7832
7834
7836
7890
7893
7894
8332
8333
8334
7831
7832
7834
7831
7838
7839
7841
7365
7838
7845
7846
7848
7372
7796
7845
7852
7853
7854
7380
7818
7856
7858
7860
14773
7386
7825
7858
7862
7863
7865
7393
7862
7869
7870
7872
7400
7869
7876
7877
7879
7407
7876
7883
7884
7886
7414
7883
7890
7891
7893
7421
7832
7890
7897
7898
7900
7428
7839
7897
7902
7903
14776
7433
7846
7902
14779
7925
7926
7928
7447
7925
7932
7933
7935
7454
7909
7932
7939
7940
7942
7461
7913
7939
7946
7947
7949
7468
7946
7953
7954
7956
14782
7475
7953
7960
7961
7963
14783
7481
7960
7967
7968
7970
14786
7487
7967
7974
7975
7977
14789
7499
7990
7991
7993
7506
7926
7990
7997
7998
8000
7513
7933
7997
8004
8005
8007
7520
7940
8004
8011
8012
8014
7527
7947
8011
8018
8019
8021
7534
7954
8018
8025
8026
8028
7541
7961
8025
8032
8033
8035
7548
7968
8032
8039
8040
8042
7555
7975
8039
8046
8047
8049
7562
7981
8046
8053
8054
8056
7569
7986
8053
8060
8061
8063
7575
8060
8067
8069
14792
7586
7991
8074
8078
8079
8081
3625
3638
3802
7593
7594
7595
7596
7998
7999
8002
8003
8078
8080
8082
8084
3626
3639
3803
8005
8006
8009
8010
3627
3640
3804
8012
8013
8016
8017
3628
3641
3805
8019
8020
8023
8024
3629
3642
3806
8026
8027
8030
8031
3630
3643
3807
8033
8034
8037
8038
3631
3644
3808
8040
8041
8044
8045
3632
3645
3809
8047
8048
8051
8052
3633
3646
3810
8054
8055
8058
8059
3634
3647
3811
7600
7601
7602
7603
8061
8062
8065
8066
8086
8088
8090
7607
8067
8085
8086
8088
7614
8072
8085
8092
8093
8095
8092
8099
8101
14795
7629
8079
8104
8108
8109
8111
3639
3653
3816
8108
8110
8112
8114
3640
3654
3817
3641
3655
3818
3642
3656
3819
3643
3657
3820
3644
3658
3821
3645
3659
3822
3646
3660
3823
3647
3661
3824
3648
3662
3825
3649
3663
3826
8086
8087
8090
8091
3650
3664
3827
7636
7637
7638
7639
8093
8094
8097
8098
8116
8118
8120
7643
8099
8115
8116
8118
7649
8115
8122
8123
8125
14797
7660
8109
8131
8133
8134
8136
3654
3669
3831
8133
8135
8137
8139
3655
3670
3832
3656
3671
3833
3657
3672
3834
3658
3673
3835
3659
3674
3836
3660
3675
3837
3661
3676
3838
3662
3677
3839
3663
3678
3840
3664
3679
3841
3665
3680
3842
3666
3681
3843
8116
8117
8120
8121
8141
8143
8145
7667
8123
8140
8141
8143
7674
8129
8140
8147
8148
8150
8134
8156
8157
8159
16889
3670
3685
3847
8156
8158
8160
8162
8179
8182
8183
8622
8623
8624
3671
3686
3848
3672
3687
3849
3673
3688
3850
3674
3689
3851
3675
3690
3852
3676
3691
3853
3677
3692
3854
3678
3693
3855
3679
3694
3856
3680
3695
3857
3681
3696
3858
3682
3697
3859
3683
3698
3860
7682
7683
7684
7685
8141
8142
8145
8146
8164
8166
8168
7689
8148
8163
8164
8166
7695
8154
8163
8170
8172
7705
8175
8179
8180
8182
3687
3702
3864
7712
7713
7714
7715
8179
8181
8183
8185
8207
8210
8211
3688
3703
3865
3689
3704
3866
3690
3705
3867
3691
3706
3868
3692
3707
3869
3693
3708
3870
3694
3709
3871
3695
3710
3872
3696
3711
3873
3697
3712
3874
3698
3713
3875
3699
3714
3876
8187
8189
8191
7719
8164
8186
8187
8189
7726
8170
8186
8193
8194
8196
7733
8180
8201
8202
8204
14798
7740
8201
8207
8208
8210
3704
3719
3881
8207
8209
8211
8213
8226
8229
8230
8681
8682
8683
3705
3720
3882
3706
3721
3883
3707
3722
3884
3708
3723
3885
3709
3724
3886
3710
3725
3887
3711
3726
3888
3712
3727
3889
3713
3728
3890
3714
3729
3891
3715
3730
3892
3716
3731
3893
8187
8188
8191
8192
3717
3732
3894
8194
8195
8198
8199
8214
8215
8216
7745
8214
8215
7752
8208
8217
8219
8220
8222
8219
8226
8227
8229
3721
3735
3898
8226
8228
8230
8232
8243
8246
8247
3722
3736
3899
3723
3737
3900
3724
3738
3901
3725
3739
3902
3726
3740
3903
3727
3741
3904
3728
3742
3905
3729
3743
3906
3730
3744
3907
3731
3745
3908
3732
3746
3909
8250
8253
8254
3733
3747
3910
8233
8257
8260
8261
7757
8214
8233
7765
8227
8234
8236
8237
8239
8236
8243
8244
8246
3737
3749
3914
8243
8245
8247
8249
8273
8276
8277
3738
3750
3915
8280
8283
8284
3739
3751
3916
3740
3752
3917
3741
3753
3918
3742
3754
3919
3743
3755
3920
3744
3756
3921
3745
3757
3922
3746
3758
3923
8251
8253
8255
8287
8290
8291
8250
8251
8253
7772
8250
8257
8258
8260
7784
8244
8264
8266
8267
8269
7791
8266
8273
8274
8276
8273
8280
8281
8283
3752
3763
3929
8280
8282
8284
8286
8318
8321
8322
3753
3764
3930
8325
8328
8329
3754
3765
3931
3755
3766
3932
3756
3767
3933
8332
8335
8336
3757
3768
3934
8339
8342
8343
3758
3769
3935
8288
8290
8292
8346
8349
8350
8287
8288
8290
7798
8251
8287
8294
8295
8297
7804
8258
8294
8301
7813
8274
8302
8304
8305
8307
7820
8281
8304
8311
8312
8314
7827
8311
8318
8319
8321
8318
8325
8326
8328
3766
3775
3943
8325
8327
8329
8331
8372
8375
8376
8797
8798
8799
3767
3776
3944
8333
8335
8337
8377
8380
8381
8804
8805
8806
8332
8333
8335
7834
8332
8339
8340
8342
7841
8339
8346
8347
8349
7848
8288
8346
8353
8354
8356
7854
8295
8353
8359
14801
7860
8312
8360
8361
14803
7865
8319
8360
8363
8365
14806
7872
8326
8363
8367
8368
8370
7879
8367
8372
8373
8375
7886
8372
8377
8378
8380
7893
8333
8377
8382
8383
14809
7900
8340
8382
8385
8386
14812
7903
8347
8385
14815
7928
8388
8424
8431
8432
8434
7935
8392
8431
8438
8439
8441
7942
8398
8438
8445
8446
8448
7949
8404
8445
8452
8453
8455
7956
8410
8452
8459
8460
8462
7963
8415
8459
8466
8467
8469
7970
8419
8466
8473
8474
8476
7977
8473
8480
8481
8483
14818
7983
8480
8487
8489
14821
7993
8425
8497
8501
8502
8504
8000
8432
8501
8508
8509
8511
3792
3803
3972
8007
8008
8009
8010
8439
8440
8443
8444
8508
8510
8512
8514
3793
3804
3973
8014
8015
8016
8017
8446
8447
8450
8451
3794
3805
3974
8021
8022
8023
8024
8453
8454
8457
8458
3795
3806
3975
8028
8029
8030
8031
8460
8461
8464
8465
3796
3807
3976
8035
8036
8037
8038
8467
8468
8471
8472
3797
3808
3977
8042
8043
8044
8045
8474
8475
8478
8479
3798
3809
3978
8049
8050
8051
8052
8481
8482
8485
8486
8516
8518
8520
8056
8487
8515
8516
8518
8063
8493
8515
8522
8523
8525
8069
8522
8529
8530
8532
14824
8081
8502
8538
8542
8543
8545
3803
3816
3983
8509
8510
8513
8514
8542
8544
8546
8548
3804
3817
3984
3805
3818
3985
3806
3819
3986
3807
3820
3987
3808
3821
3988
3809
3822
3989
3810
3823
3990
3811
3824
3991
8516
8517
8520
8521
3812
3825
3992
8523
8524
8527
8528
8550
8552
8554
8088
8530
8549
8550
8552
8095
8536
8549
8556
8557
8559
8101
8556
8563
8565
14827
8111
8543
8570
8574
8575
8577
3817
3831
3997
8574
8576
8578
8580
3818
3832
3998
3819
3833
3999
3820
3834
4000
3821
3835
4001
3822
3836
4002
3823
3837
4003
3824
3838
4004
3825
3839
4005
3826
3840
4006
3827
3841
4007
8550
8551
8554
8555
3828
3842
4008
8557
8558
8561
8562
8582
8584
8586
8118
8563
8581
8582
8584
8125
8568
8581
8588
8589
8591
8136
8575
8597
8599
8600
8602
3832
3847
4012
8599
8601
8603
8605
8622
8625
8626
3833
3848
4013
3834
3849
4014
3835
3850
4015
3836
3851
4016
3837
3852
4017
3838
3853
4018
3839
3854
4019
3840
3855
4020
3841
3856
4021
3842
3857
4022
3843
3858
4023
3844
3859
4024
8582
8583
8586
8587
3845
3860
4025
8143
8144
8145
8146
8589
8590
8593
8594
8607
8609
8611
8150
8595
8606
8607
8609
8159
8600
8615
8616
8618
14830
8615
8622
8623
8625
3849
3864
4029
8622
8624
8626
8628
3850
3865
4030
3851
3866
4031
3852
3867
4032
3853
3868
4033
3854
3869
4034
3855
3870
4035
3856
3871
4036
3857
3872
4037
3858
3873
4038
3859
3874
4039
3860
3875
4040
3861
3876
4041
8630
8632
8634
8166
8607
8629
8630
8632
8172
8613
8629
8636
8637
8639
8182
8623
8643
8646
8647
8649
3865
3880
4045
8646
8648
8650
8652
8674
8677
8678
3866
3881
4046
8681
8684
8685
3867
3882
4047
3868
3883
4048
3869
3884
4049
3870
3885
4050
3871
3886
4051
3872
3887
4052
3873
3888
4053
3874
3889
4054
3875
3890
4055
3876
3891
4056
3877
3892
4057
8654
8656
8658
8189
8630
8653
8654
8656
8196
8637
8653
8660
8661
8663
8204
8647
8669
8671
14833
8210
8669
8674
8675
8677
8674
8681
8682
8684
3883
3898
4064
8681
8683
8685
8687
3884
3899
4065
3885
3900
4066
3886
3901
4067
3887
3902
4068
3888
3903
4069
3889
3904
4070
3890
3905
4071
3891
3906
4072
3892
3907
4073
3893
3908
4074
3894
3909
4075
8654
8655
8658
8659
3895
3910
4076
8661
8662
8665
8666
8688
8689
8690
8215
8667
8688
8689
8222
8675
8691
8692
8693
8695
8229
8682
8692
8699
8700
8702
3899
3913
4080
8699
8701
8703
8705
8715
8718
8719
9150
9151
9152
3900
3914
4081
3901
3915
4082
3902
3916
4083
3903
3917
4084
3904
3918
4085
3905
3919
4086
3906
3920
4087
3907
3921
4088
3908
3922
4089
3909
3923
4090
3910
3924
4091
8722
8725
8726
3911
3925
4092
8729
8731
8732
9157
9158
9159
8233
8688
8239
8700
8706
8708
8709
8711
8246
8708
8715
8716
8718
3915
3927
4095
8715
8717
8719
8721
8743
8746
8747
9177
9178
9179
3916
3928
4096
8750
8753
8754
3917
3929
4097
3918
3930
4098
3919
3931
4099
3920
3932
4100
3921
3933
4101
3922
3934
4102
3923
3935
4103
3924
3936
4104
8723
8725
8727
8757
8760
8761
8253
8722
8723
8725
8260
8722
8729
8730
8731
8269
8716
8734
8736
8737
8739
8276
8736
8743
8744
8746
8283
8743
8750
8751
8753
3930
3941
4110
8750
8752
8754
8756
8783
8786
8787
3931
3942
4111
8790
8793
8794
3932
3943
4112
8797
8800
8801
3933
3944
4113
8804
8807
8808
3934
3945
4114
8811
8814
8815
3935
3946
4115
8818
8821
8822
3936
3947
4116
8758
8760
8762
8825
8828
8829
9215
9216
9217
8290
8757
8758
8760
8297
8723
8757
8764
8765
8767
8301
8730
8764
8307
8744
8770
8771
8773
14836
8314
8751
8771
8776
8777
8779
8321
8776
8783
8784
8786
8328
8783
8790
8791
8793
8790
8797
8798
8800
8797
8804
8805
8807
8335
8804
8811
8812
8814
8342
8811
8818
8819
8821
8349
8818
8825
8826
8828
8356
8758
8825
8831
8832
14839
8365
8784
8834
8835
8836
14841
8370
8791
8835
8838
8839
14844
8375
8798
8838
8841
8842
14847
8380
8805
8841
8844
8845
14850
8383
8812
8844
8847
8848
14853
8386
8819
8847
14856
8394
8856
8863
8864
8866
8400
8863
8870
8871
8873
14859
8406
8870
8877
8878
8880
14860
8412
8877
8884
8885
8887
8884
8891
8893
14861
8427
8907
8908
8910
8434
8857
8907
8914
8915
8917
8441
8864
8914
8921
8922
8924
8448
8871
8921
8928
8929
8931
8455
8878
8928
8935
8936
8938
8462
8885
8935
8942
8943
8945
8469
8891
8942
8949
8950
8952
8476
8897
8949
8956
8957
8959
8483
8902
8956
8963
8964
8966
8489
8963
8970
8971
8973
14863
8504
8908
8981
8985
8986
8988
3972
3983
4153
8511
8512
8513
8514
8915
8916
8919
8920
8985
8987
8989
8991
3973
3984
4154
8922
8923
8926
8927
3974
3985
4155
8929
8930
8933
8934
3975
3986
4156
8936
8937
8940
8941
3976
3987
4157
8943
8944
8947
8948
3977
3988
4158
8950
8951
8954
8955
3978
3989
4159
8957
8958
8961
8962
3979
3990
4160
8964
8965
8968
8969
8993
8995
8997
8518
8971
8992
8993
8995
8525
8977
8992
8999
9000
9002
8532
8999
9006
9007
9009
14866
8545
8986
9017
9021
9022
9024
3984
3997
4165
9021
9023
9025
9027
3985
3998
4166
3986
3999
4167
3987
4000
4168
3988
4001
4169
3989
4002
4170
3990
4003
4171
3991
4004
4172
3992
4005
4173
8993
8994
8997
8998
3993
4006
4174
9000
9001
9004
9005
3994
4007
4175
8552
8553
8554
8555
9007
9008
9011
9012
9029
9031
9033
8559
9013
9028
9029
9031
8565
9028
9035
9037
14869
8577
9022
9042
9046
9047
9049
3998
4012
4179
9046
9048
9050
9052
3999
4013
4180
4000
4014
4181
4001
4015
4182
4002
4016
4183
4003
4017
4184
4004
4018
4185
4005
4019
4186
4006
4020
4187
4007
4021
4188
4008
4022
4189
4009
4023
4190
9029
9030
9033
9034
9054
9056
9058
8584
9035
9053
9054
9056
8591
9040
9053
9060
9061
9063
8602
9047
9069
9070
9071
9073
4013
4028
4194
9070
9072
9074
9076
9084
9087
9088
4014
4029
4195
4015
4030
4196
4016
4031
4197
4017
4032
4198
4018
4033
4199
4019
4034
4200
4020
4035
4201
4021
4036
4202
4022
4037
4203
4023
4038
4204
4024
4039
4205
4025
4040
4206
9054
9055
9058
9059
4026
4041
4207
9061
9062
9065
9066
13097
13099
13101
8609
9067
13096
13097
13099
8618
9071
9079
9081
14872
8625
9079
9084
9085
9087
4030
4045
4210
9084
9086
9088
9090
4031
4046
4211
4032
4047
4212
4033
4048
4213
4034
4049
4214
4035
4050
4215
4036
4051
4216
4037
4052
4217
4038
4053
4218
4039
4054
4219
4040
4055
4220
4041
4056
4221
4042
4057
4222
9092
9094
9096
8632
9091
9092
9094
13097
8639
9077
9091
9098
9099
9101
8649
9085
9105
9107
9108
9110
4046
4062
4226
9107
9109
9111
9113
9128
9131
9132
9550
9551
9552
4047
4063
4227
4048
4064
4228
4049
4065
4229
4050
4066
4230
4051
4067
4231
4052
4068
4232
4053
4069
4233
4054
4070
4234
4055
4071
4235
4056
4072
4236
4057
4073
4237
4058
4074
4238
4059
4075
4239
8656
8657
8658
8659
9092
9093
9096
9097
9115
9117
9119
9557
9558
9559
8663
9099
9114
9115
9117
9114
9121
9122
8671
9108
9124
14875
8677
9124
9128
9129
9131
4064
4079
4242
8684
8685
8686
8687
9128
9130
9132
9134
9143
9146
9147
4065
4080
4243
9150
9153
9154
4066
4081
4244
4067
4082
4245
4068
4083
4246
4069
4084
4247
4070
4085
4248
4071
4086
4249
4072
4087
4250
4073
4088
4251
4074
4089
4252
4075
4090
4253
4076
4091
4254
4077
4092
4255
9115
9116
9119
9120
9135
9136
9137
9157
9160
9161
8689
9121
9135
9136
8695
9129
9138
9140
14878
8702
9138
9143
9144
9146
9143
9150
9151
9153
4082
4095
4260
9150
9152
9154
9156
9177
9180
9181
4083
4096
4261
4084
4097
4262
4085
4098
4263
4086
4099
4264
4087
4100
4265
4088
4101
4266
4089
4102
4267
4090
4103
4268
4091
4104
4269
4092
4105
4270
9158
9160
9162
9184
9187
9188
9592
9593
9594
9157
9158
9160
8711
9144
9164
9165
9167
14881
8718
9151
9164
9170
9171
9173
9170
9177
9178
9180
4097
4109
4275
9177
9179
9181
9183
9208
9211
9212
4098
4110
4276
4099
4111
4277
4100
4112
4278
4101
4113
4279
4102
4114
4280
4103
4115
4281
4104
4116
4282
9215
9218
9219
4105
4117
4283
9185
9187
9189
9222
9225
9226
9617
9618
9619
8725
9184
9185
9187
8731
9158
9184
9191
9192
9193
8739
9171
9194
9195
9196
9198
8746
9178
9195
9201
9202
9204
8753
9201
9208
9209
9211
4111
4121
4289
9208
9210
9212
9214
9244
9247
9248
9651
9652
9653
4112
4122
4290
9251
9254
9255
4113
4123
4291
9258
9261
9262
4114
4124
4292
9265
9268
9269
4115
4125
4293
9272
9275
9276
4116
4126
4294
9216
9218
9220
9279
9282
9283
9658
9659
9660
9215
9216
9218
8760
9215
9222
9223
9225
8767
9185
9222
9229
9230
9231
8773
9202
9233
9235
14884
8779
9209
9233
9237
9238
9240
8786
9237
9244
9245
9247
8793
9244
9251
9252
9254
8800
9251
9258
9259
9261
8807
9258
9265
9266
9268
8814
9265
9272
9273
9275
8821
9272
9279
9280
9282
8828
9216
9279
9286
9287
9288
8832
9223
9286
14887
8836
9245
9290
14889
8839
9252
9290
9292
9293
14892
8842
9259
9292
9295
9296
14894
8845
9266
9295
9298
9299
14896
8848
9273
9298
14898
8859
9318
9324
9325
9327
8866
9303
9324
9331
9332
9334
8873
9307
9331
9338
9339
9341
8880
9311
9338
9345
9346
9348
8887
9315
9345
9352
9353
9355
8893
9352
9359
9360
9362
14901
8899
9359
9366
9367
9369
14903
8910
9319
9382
9383
9385
8917
9325
9382
9389
9390
9392
4144
4154
4321
8924
8925
8926
8927
9332
9333
9336
9337
9389
9391
9393
9395
4145
4155
4322
8931
8932
8933
8934
9339
9340
9343
9344
4146
4156
4323
8938
8939
8940
8941
9346
9347
9350
9351
4147
4157
4324
8945
8946
8947
8948
9353
9354
9357
9358
4148
4158
4325
8952
8953
8954
8955
9360
9361
9364
9365
9397
9399
9401
8959
9367
9396
9397
9399
8966
9373
9396
9403
9404
9406
8973
9377
9403
9410
9411
9413
9410
9417
9419
14906
8988
9383
9423
9427
9428
9430
4154
4165
4331
9390
9391
9394
9395
9427
9429
9431
9433
4155
4166
4332
4156
4167
4333
4157
4168
4334
4158
4169
4335
4159
4170
4336
4160
4171
4337
9397
9398
9401
9402
4161
4172
4338
9404
9405
9408
9409
4162
4173
4339
8995
8996
8997
8998
9411
9412
9415
9416
9435
9437
9439
9002
9417
9434
9435
9437
9009
9434
9441
9442
9444
14909
9024
9428
9452
9456
9457
9459
4166
4179
4343
9456
9458
9460
9462
4167
4180
4344
4168
4181
4345
4169
4182
4346
4170
4183
4347
4171
4184
4348
4172
4185
4349
4173
4186
4350
4174
4187
4351
4175
4188
4352
9435
9436
9439
9440
4176
4189
4353
9442
9443
9446
9447
9464
9466
9468
9900
9901
9902
9031
9448
9463
9464
9466
9037
9463
9470
9472
14912
9049
9457
9477
9480
9481
9483
4180
4194
4357
9480
9482
9484
9486
4181
4195
4358
4182
4196
4359
4183
4197
4360
4184
4198
4361
4185
4199
4362
4186
4200
4363
4187
4201
4364
4188
4202
4365
4189
4203
4366
4190
4204
4367
4191
4205
4368
9464
9465
9468
9469
9488
9490
9492
9056
9470
9487
9488
9490
9063
9475
9487
9494
9495
9497
9073
9481
9503
9504
9506
14915
4195
4209
4372
9503
9505
9507
9509
9523
9526
9527
9948
9949
9950
4196
4210
4373
4197
4211
4374
4198
4212
4375
4199
4213
4376
4200
4214
4377
4201
4215
4378
4202
4216
4379
4203
4217
4380
4204
4218
4381
4205
4219
4382
4206
4220
4383
4207
4221
4384
9488
9489
9492
9493
4208
4222
4385
9495
9496
9499
9500
9511
9513
9515
9501
9510
9511
9513
13099
9087
9519
9523
9524
9526
4211
4226
4388
9523
9525
9527
9529
9550
9553
9554
4212
4227
4389
4213
4228
4390
4214
4229
4391
4215
4230
4392
4216
4231
4393
4217
4232
4394
4218
4233
4395
4219
4234
4396
4220
4235
4397
4221
4236
4398
4222
4237
4399
4223
4238
4400
9531
9533
9535
9094
9511
9530
9531
9533
9101
9517
9530
9537
9538
9540
9110
9524
9544
9545
9547
14918
9544
9550
9551
9553
4228
4242
4405
9550
9552
9554
9556
4229
4243
4406
4230
4244
4407
4231
4245
4408
4232
4246
4409
4233
4247
4410
4234
4248
4411
4235
4249
4412
4236
4250
4413
4237
4251
4414
4238
4252
4415
4239
4253
4416
9558
9560
9562
9531
9557
9558
9560
9117
9538
9557
9564
9565
9567
9131
9551
9572
9574
9575
9577
4243
4258
4420
9574
9576
9578
9580
9585
9588
9589
10017
10018
10019
4244
4259
4421
4245
4260
4422
4246
4261
4423
4247
4262
4424
4248
4263
4425
4249
4264
4426
4250
4265
4427
4251
4266
4428
4252
4267
4429
4253
4268
4430
4254
4269
4431
4255
4270
4432
9558
9559
9562
9563
9592
9595
9596
4256
4271
4433
9565
9566
9569
9570
9599
9602
9603
10024
10025
10026
9136
9571
9140
9575
9581
14921
9146
9581
9585
9586
9588
4260
4273
4435
9153
9154
9155
9156
9585
9587
9589
9591
9610
9613
9614
10040
10041
10042
4261
4274
4436
4262
4275
4437
4263
4276
4438
4264
4277
4439
4265
4278
4440
4266
4279
4441
4267
4280
4442
4268
4281
4443
4269
4282
4444
4270
4283
4445
9593
9595
9597
9617
9620
9621
9592
9593
9595
9160
9592
9599
9600
9602
9167
9586
9605
9607
14924
9173
9605
9610
9611
9613
4275
4287
4449
9180
9181
9182
9183
9610
9612
9614
9616
9637
9640
9641
10067
10068
10069
4276
4288
4450
9644
9647
9648
4277
4289
4451
9651
9654
9655
4278
4290
4452
4279
4291
4453
4280
4292
4454
4281
4293
4455
4282
4294
4456
9658
9661
9662
4283
4295
4457
9618
9620
9622
9665
9668
9669
10074
10075
10076
9617
9618
9620
9187
9593
9617
9624
9625
9627
9193
9600
9624
9631
9198
9611
9632
9634
14927
9204
9632
9637
9638
9640
9211
9637
9644
9645
9647
9644
9651
9652
9654
4291
4301
4463
9651
9653
9655
9657
9694
9697
9698
4292
4302
4464
9701
9704
9705
4293
4303
4465
9708
9711
9712
4294
4304
4466
9659
9661
9663
9715
9718
9719
10116
10117
10118
9658
9659
9661
9218
9658
9665
9666
9668
9225
9618
9665
9672
9673
9675
9231
9625
9672
9678
14930
9235
9638
9679
14931
9240
9645
9679
9681
9682
9684
9247
9652
9681
9687
9688
9690
9254
9687
9694
9695
9697
9261
9694
9701
9702
9704
9268
9701
9708
9709
9711
9275
9708
9715
9716
9718
9282
9659
9715
9722
9723
9724
9288
9666
9722
9726
9727
14934
9296
9702
9728
9737
9738
9740
9737
9744
9745
9747
9765
9766
9768
9327
9731
9765
9772
9773
9775
9334
9738
9772
9779
9780
9782
9341
9745
9779
9786
9787
9789
9348
9751
9786
9793
9794
9796
9355
9757
9793
9800
9801
9803
9362
9761
9800
9807
9808
9810
9369
9807
9814
9815
9817
14937
9814
9821
9823
14940
9385
9766
9828
9832
9833
9835
4321
4331
4492
9392
9393
9394
9395
9773
9774
9777
9778
9832
9834
9836
9838
4322
4332
4493
9780
9781
9784
9785
4323
4333
4494
9787
9788
9791
9792
4324
4334
4495
9794
9795
9798
9799
4325
4335
4496
9801
9802
9805
9806
4326
4336
4497
9808
9809
9812
9813
4327
4337
4498
9399
9400
9401
9402
9815
9816
9819
9820
9840
9842
9844
9406
9821
9839
9840
9842
9413
9826
9839
9846
9847
9849
9419
9846
9853
9855
14943
9430
9833
9860
9864
9865
9867
4332
4343
4503
9864
9866
9868
9870
4333
4344
4504
4334
4345
4505
4335
4346
4506
4336
4347
4507
4337
4348
4508
4338
4349
4509
4339
4350
4510
9840
9841
9844
9845
4340
4351
4511
9847
9848
9851
9852
9872
9874
9876
9437
9853
9871
9872
9874
9444
9858
9871
9878
9879
9881
9459
9865
9889
9893
9894
9896
4344
4357
4515
9893
9895
9897
9899
4345
4358
4516
4346
4359
4517
4347
4360
4518
4348
4361
4519
4349
4362
4520
4350
4363
4521
4351
4364
4522
4352
4365
4523
4353
4366
4524
9872
9873
9876
9877
9901
9903
9905
9879
9900
9901
9903
9466
9885
9900
9907
9908
9910
9472
9907
9914
9916
14946
9483
9894
9921
9922
9924
14949
4358
4372
4529
9921
9923
9925
9927
9948
9951
9952
10354
10355
10356
4359
4373
4530
4360
4374
4531
4361
4375
4532
4362
4376
4533
4363
4377
4534
4364
4378
4535
4365
4379
4536
4366
4380
4537
4367
4381
4538
4368
4382
4539
9901
9902
9905
9906
4369
4383
4540
9908
9909
9912
9913
9929
9931
9933
9490
9914
9928
9929
9931
9497
9919
9928
9935
9936
9938
9506
9922
9944
14950
9944
9948
9949
9951
4374
4388
4544
9948
9950
9952
9954
4375
4389
4545
4376
4390
4546
4377
4391
4547
4378
4392
4548
4379
4393
4549
4380
4394
4550
4381
4395
4551
4382
4396
4552
4383
4397
4553
4384
4398
4554
4385
4399
4555
9929
9930
9933
9934
4386
4400
4556
9936
9937
9940
9941
9956
9958
9960
9513
9942
9955
9956
9958
9526
9949
9964
9965
9966
9968
4389
4404
4559
9965
9967
9969
9971
9990
9993
9994
10398
10399
10400
4390
4405
4560
4391
4406
4561
4392
4407
4562
4393
4408
4563
4394
4409
4564
4395
4410
4565
4396
4411
4566
4397
4412
4567
4398
4413
4568
4399
4414
4569
4400
4415
4570
4401
4416
4571
9973
9975
9977
9533
9956
9972
9973
9975
9540
9962
9972
9979
9980
9982
9547
9966
9986
14952
9553
9986
9990
9991
9993
4406
4420
4575
9990
9992
9994
9996
10017
10020
10021
4407
4421
4576
4408
4422
4577
4409
4423
4578
4410
4424
4579
4411
4425
4580
4412
4426
4581
4413
4427
4582
4414
4428
4583
4415
4429
4584
4416
4430
4585
4417
4431
4586
9998
10000
10002
9560
9973
9997
9998
10000
9567
9980
9997
10004
10005
10007
9577
9991
10011
10012
10014
14955
10011
10017
10018
10020
4422
4435
4591
10017
10019
10021
10023
10040
10043
10044
4423
4436
4592
4424
4437
4593
4425
4438
4594
4426
4439
4595
4427
4440
4596
4428
4441
4597
4429
4442
4598
4430
4443
4599
4431
4444
4600
4432
4445
4601
4433
4446
4602
9998
9999
10002
10003
10025
10027
10029
10047
10050
10051
10450
10451
10452
10005
10024
10025
10027
9588
10018
10031
10033
10034
10036
10033
10040
10041
10043
4437
4449
4606
10040
10042
10044
10046
10067
10070
10071
10475
10476
10477
4438
4450
4607
4439
4451
4608
4440
4452
4609
4441
4453
4610
4442
4454
4611
4443
4455
4612
4444
4456
4613
4445
4457
4614
10074
10077
10078
4446
4458
4615
10048
10050
10052
10081
10084
10085
10482
10483
10484
9595
10047
10048
10050
9602
10025
10047
10054
10055
10056
9613
10041
10058
10060
10061
10063
10060
10067
10068
10070
4451
4461
4620
10067
10069
10071
10073
10102
10105
10106
4452
4462
4621
10109
10112
10113
4453
4463
4622
4454
4464
4623
4455
4465
4624
4456
4466
4625
10116
10119
10120
4457
4467
4626
10075
10077
10079
10123
10126
10127
10074
10075
10077
9620
10074
10081
10082
10084
9627
10048
10081
10088
10089
10090
9640
10068
10093
10095
10096
10098
9647
10095
10102
10103
10105
9654
10102
10109
10110
10112
4464
4472
4633
10109
10111
10113
10115
10151
10154
10155
10546
10547
10548
4465
4473
4634
4466
4474
4635
10117
10119
10121
10158
10161
10162
10553
10554
10555
10116
10117
10119
9661
10116
10123
10124
10126
9668
10075
10123
10130
10131
10133
9675
10082
10130
10137
10138
14958
9684
10103
10139
10140
10142
14961
9690
10110
10140
10144
10145
10147
9697
10144
10151
10152
10154
4474
4643
9704
9705
9706
9707
10151
10153
10155
10157
10159
10161
10163
10590
10591
10592
14964
9711
10158
10159
10161
9718
10117
10158
10165
10166
10167
9724
10124
10165
10169
10170
14966
9733
10178
10179
10181
9740
10178
10185
10186
10188
9747
10185
10192
10193
10195
9753
10192
10199
10200
10202
10199
10206
10208
9768
10173
10218
10219
10221
9775
10179
10218
10225
10226
10228
4485
4493
4653
9782
9783
9784
9785
10186
10187
10190
10191
10225
10227
10229
10231
4486
4494
4654
9789
9790
9791
9792
10193
10194
10197
10198
10233
10235
10237
9796
10200
10232
10233
10235
9803
10206
10232
10239
10240
10242
9810
10211
10239
10246
10247
10249
9817
10246
10253
10254
10256
14969
9823
10253
10260
10262
14970
9835
10219
10267
10271
10272
10274
4493
4503
4661
10226
10227
10230
10231
10271
10273
10275
10277
4494
4504
4662
4495
4505
4663
4496
4506
4664
10233
10234
10237
10238
4497
4507
4665
10240
10241
10244
10245
4498
4508
4666
10247
10248
10251
10252
4499
4509
4667
10254
10255
10258
10259
10279
10281
10283
9842
10260
10278
10279
10281
9849
10265
10278
10285
10286
10288
9855
10285
10292
10294
14972
9867
10272
10299
10303
10304
10306
4504
4515
4672
10303
10305
10307
10309
4505
4516
4673
4506
4517
4674
4507
4518
4675
4508
4519
4676
4509
4520
4677
4510
4521
4678
4511
4522
4679
10279
10280
10283
10284
4512
4523
4680
10286
10287
10290
10291
10311
10313
10315
9874
10292
10310
10311
10313
9881
10297
10310
10317
10318
10320
9896
10304
10328
10329
10330
10332
4516
4529
4684
10329
10331
10333
10335
10354
10357
10358
10751
10752
10753
4517
4530
4685
4518
4531
4686
4519
4532
4687
4520
4533
4688
4521
4534
4689
4522
4535
4690
4523
4536
4691
4524
4537
4692
4525
4538
4693
10311
10312
10315
10316
4526
4539
4694
9903
9904
9905
9906
10318
10319
10322
10323
10337
10339
10341
10758
10759
10760
9910
10324
10336
10337
10339
9916
10336
10343
10345
14975
9924
10330
10350
10350
10354
10355
10357
4531
4544
4698
10354
10356
10358
10360
4532
4545
4699
4533
4546
4700
4534
4547
4701
4535
4548
4702
4536
4549
4703
4537
4550
4704
4538
4551
4705
4539
4552
4706
4540
4553
4707
4541
4554
4708
10337
10338
10341
10342
10362
10364
10366
9931
10343
10361
10362
10364
9938
10348
10361
10368
10369
10371
9951
10355
10377
10378
10379
10381
4545
4559
4712
10378
10380
10382
10384
10398
10401
10402
10806
10807
10808
4546
4560
4713
4547
4561
4714
4548
4562
4715
4549
4563
4716
4550
4564
4717
4551
4565
4718
4552
4566
4719
4553
4567
4720
4554
4568
4721
4555
4569
4722
4556
4570
4723
10362
10363
10366
10367
4557
4571
4724
10369
10370
10373
10374
10386
10388
10390
10813
10814
10815
9958
10375
10385
10386
10388
9968
10379
10394
14977
10394
10398
10399
10401
4561
4575
4727
10398
10400
10402
10404
4562
4576
4728
4563
4577
4729
4564
4578
4730
4565
4579
4731
4566
4580
4732
4567
4581
4733
4568
4582
4734
4569
4583
4735
4570
4584
4736
4571
4585
4737
4572
4586
4738
10406
10408
10410
9975
10386
10405
10406
10408
9982
10392
10405
10412
10414
9993
10399
10417
10418
10419
10421
4576
4590
4742
10418
10420
10422
10424
10443
10446
10447
10850
10851
10852
4577
4591
4743
4578
4592
4744
4579
4593
4745
4580
4594
4746
4581
4595
4747
4582
4596
4748
4583
4597
4749
4584
4598
4750
4585
4599
4751
4586
4600
4752
4587
4601
4753
10426
10428
10430
10000
10406
10425
10426
10428
10007
10412
10425
10432
10433
10435
10014
10419
10439
14979
10020
10439
10443
10444
10446
4592
4605
4757
10443
10445
10447
10449
10468
10471
10472
10877
10878
10879
4593
4606
4758
10475
10478
10479
4594
4607
4759
4595
4608
4760
4596
4609
4761
4597
4610
4762
4598
4611
4763
4599
4612
4764
4600
4613
4765
4601
4614
4766
4602
4615
4767
10451
10453
10455
10482
10485
10486
10426
10450
10451
10453
10027
10433
10450
10457
10458
10459
10036
10444
10462
10463
10465
14982
10043
10462
10468
10469
10471
10468
10475
10476
10478
4608
4620
4772
10475
10477
10479
10481
4609
4621
4773
4610
4622
4774
4611
4623
4775
4612
4624
4776
4613
4625
4777
4614
4626
4778
4615
4627
4779
10483
10485
10487
10511
10514
10515
10482
10483
10485
10050
10451
10482
10489
10490
10492
10056
10458
10489
10496
10063
10469
10497
10498
10499
10501
10070
10476
10498
10504
10505
10507
4621
4631
4784
10504
10506
10508
10510
10532
10535
10536
10932
10933
10934
4622
4632
4785
10539
10542
10543
4623
4633
4786
10546
10549
10550
4624
4634
4787
4625
4635
4788
10553
10556
10557
4626
4636
4789
10560
10563
10564
4627
4637
4790
10512
10514
10516
10567
10570
10571
10939
10940
10941
10077
10511
10512
10514
10084
10483
10511
10518
10519
10521
10090
10490
10518
10525
14985
10098
10505
10526
10527
10529
14987
10105
10527
10532
10533
10535
10112
10532
10539
10540
10542
10539
10546
10547
10549
4635
4643
4797
10546
10548
10550
10552
10554
10556
10558
10590
10593
10594
10980
10981
10982
10553
10554
10556
10119
10553
10560
10561
10563
10126
10560
10567
10568
10570
10133
10512
10567
10574
10575
10576
10138
10519
10574
14990
10142
10533
10578
14993
10147
10540
10578
10580
10582
14996
10154
10547
10580
10584
10585
10587
10584
10590
10591
10593
10161
10554
10590
10596
10597
10598
10167
10561
10596
10600
10601
14999
10181
10613
10619
10620
10622
10188
10606
10619
10626
10627
10629
10195
10610
10626
10633
10634
10636
10202
10633
13103
13104
13106
15002
10208
10640
10641
10643
13103
10221
10614
10655
10656
10658
4653
4661
4813
10228
10229
10230
10231
10620
10621
10624
10625
10655
10657
10659
10661
4654
4662
4814
10627
10628
10631
10632
4655
4663
4815
10634
10635
10638
10639
4656
4664
4816
10235
10236
10237
10238
10663
10665
10667
13104
13105
13108
13109
10242
10641
10662
10663
10665
10249
10647
10662
10669
10670
10672
10256
10651
10669
10676
10677
10679
10262
10676
10683
10685
15004
10274
10656
10690
10693
10694
10696
4662
4672
4822
10693
10695
10697
10699
4663
4673
4823
4664
4674
4824
4665
4675
4825
4666
4676
4826
10663
10664
10667
10668
4667
4677
4827
10670
10671
10674
10675
4668
4678
4828
10677
10678
10681
10682
10701
10703
10705
10281
10683
10700
10701
10703
10288
10688
10700
10707
10708
10710
10294
10707
10714
10716
15006
10306
10694
10721
10722
10723
10725
4673
4684
4833
10722
10724
10726
10728
10751
10754
10755
11132
11133
11134
4674
4685
4834
4675
4686
4835
4676
4687
4836
4677
4688
4837
4678
4689
4838
4679
4690
4839
4680
4691
4840
10701
10702
10705
10706
4681
4692
4841
10708
10709
10712
10713
10730
10732
10734
10313
10714
10729
10730
10732
10320
10719
10729
10736
10737
10739
10332
10723
10747
10747
10751
10752
10754
4686
4698
4845
10751
10753
10755
10757
4687
4699
4846
4688
4700
4847
4689
4701
4848
4690
4702
4849
4691
4703
4850
4692
4704
4851
4693
4705
4852
4694
4706
4853
10730
10731
10734
10735
10759
10761
10763
10737
10758
10759
10761
10339
10743
10758
10765
10766
10768
10345
10765
10772
10774
15009
10357
10752
10778
10779
10780
10782
4699
4712
4858
10779
10781
10783
10785
10806
10809
10810
11179
11180
11181
4700
4713
4859
4701
4714
4860
4702
4715
4861
4703
4716
4862
4704
4717
4863
4705
4718
4864
4706
4719
4865
4707
4720
4866
4708
4721
4867
10759
10760
10763
10764
4709
4722
4868
10766
10767
10770
10771
10787
10789
10791
10364
10772
10786
10787
10789
10371
10777
10786
10793
10794
10796
10381
10780
10802
10802
10806
10807
10809
4714
4727
4872
10806
10808
10810
10812
4715
4728
4873
4716
4729
4874
4717
4730
4875
4718
4731
4876
4719
4732
4877
4720
4733
4878
4721
4734
4879
4722
4735
4880
4723
4736
4881
4724
4737
4882
10787
10788
10791
10792
10814
10816
10818
11209
11210
11211
10794
10813
10814
10816
10388
10800
10813
10820
10821
10823
10401
10807
10828
10829
10830
10832
4728
4742
4886
10829
10831
10833
10835
10850
10853
10854
11234
11235
11236
4729
4743
4887
4730
4744
4888
4731
4745
4889
4732
4746
4890
4733
4747
4891
4734
4748
4892
4735
4749
4893
4736
4750
4894
4737
4751
4895
4738
4752
4896
4739
4753
4897
10814
10815
10818
10819
10837
10839
10841
11241
11242
11243
10408
10821
10836
10837
10839
10414
10827
10836
10843
10844
10421
10830
10846
15010
10846
10850
10851
10853
4744
4757
4901
10850
10852
10854
10856
10877
10880
10881
4745
4758
4902
4746
4759
4903
4747
4760
4904
4748
4761
4905
4749
4762
4906
4750
4763
4907
4751
4764
4908
4752
4765
4909
4753
4766
4910
4754
4767
4911
10858
10860
10862
10428
10837
10857
10858
10860
10435
10843
10857
10864
10865
10867
10446
10851
10869
10870
10871
10873
10870
10877
10878
10880
4759
4771
4916
10877
10879
10881
10883
10903
10906
10907
11287
11288
11289
4760
4772
4917
4761
4773
4918
4762
4774
4919
4763
4775
4920
4764
4776
4921
4765
4777
4922
4766
4778
4923
4767
4779
4924
4768
4780
4925
10885
10887
10889
10910
10913
10914
11294
11295
11296
10453
10858
10884
10885
10887
10459
10865
10884
10891
10892
10471
10878
10893
10896
10897
10899
10478
10896
10903
10904
10906
4773
4784
4930
10903
10905
10907
10909
10932
10935
10936
11321
11322
11323
4774
4785
4931
4775
4786
4932
4776
4787
4933
4777
4788
4934
4778
4789
4935
4779
4790
4936
10939
10942
10943
4780
4791
4937
10911
10913
10915
10946
10949
10950
11328
11329
11330
10485
10910
10911
10913
10492
10885
10910
10917
10918
10919
10501
10897
10922
15013
10507
10904
10922
10925
10926
10928
10925
10932
10933
10935
4786
4795
4942
10932
10934
10936
10938
10966
10969
10970
11357
11358
11359
4787
4796
4943
10973
10976
10977
4788
4797
4944
10980
10983
10984
4789
4798
4945
10987
10990
10991
4790
4799
4946
10940
10942
10944
10994
10997
10998
11364
11365
11366
10939
10940
10942
10514
10939
10946
10947
10949
10521
10911
10946
10953
10954
10955
10529
10926
10957
15016
10535
10933
10957
10959
10960
10962
10542
10959
10966
10967
10969
10549
10966
10973
10974
10976
10973
10980
10981
10983
10556
10980
10987
10988
10990
10563
10987
10994
10995
10997
10570
10940
10994
11001
11002
11003
10576
10947
11001
11006
15019
10582
10967
11007
11008
11009
15021
10587
10974
11008
11011
11012
15023
10593
10981
11011
11014
11015
15024
10598
10988
11014
11017
11018
15025
10601
10995
11017
15027
10622
11020
11033
11039
11040
11042
10629
11024
11039
11046
11047
11049
10636
11028
11046
11053
11054
11056
11053
11060
11061
11063
13106
15030
10643
11060
11067
11068
11070
15032
10658
11034
13110
13111
13113
4814
4822
4966
11040
11041
11044
11045
13110
13112
13114
13116
4815
4823
4967
11047
11048
11051
11052
4816
4824
4968
11054
11055
11058
11059
4817
4825
4969
11061
11062
11065
11066
4818
4826
4970
10665
10666
10667
10668
11068
11069
11072
11073
11081
11083
11085
10672
11074
11080
11081
11083
10679
11078
11080
11087
11088
11090
10685
11087
11094
11096
15034
10696
11101
11102
11104
13111
4823
4833
4975
11101
11103
11105
11107
11132
11135
11136
11519
11520
11521
4824
4834
4976
4825
4835
4977
4826
4836
4978
4827
4837
4979
4828
4838
4980
11081
11082
11085
11086
4829
4839
4981
11088
11089
11092
11093
11109
11111
11113
10703
11094
11108
11109
11111
10710
11099
11108
11115
11116
11118
10716
11115
11122
11124
15037
10725
11102
11128
11128
11132
11133
11135
4835
4845
4986
11132
11134
11136
11138
4836
4846
4987
4837
4847
4988
4838
4848
4989
4839
4849
4990
4840
4850
4991
4841
4851
4992
11109
11110
11113
11114
4842
4852
4993
11116
11117
11120
11121
11140
11142
11144
10732
11122
11139
11140
11142
10739
11127
11139
11146
11147
11149
10754
11133
11155
11156
11157
11159
4846
4858
4997
11156
11158
11160
11162
11179
11182
11183
11567
11568
11569
4847
4859
4998
4848
4860
4999
4849
4861
5000
4850
4862
5001
4851
4863
5002
4852
4864
5003
4853
4865
5004
4854
4866
5005
11140
11141
11144
11145
4855
4867
5006
10761
10762
10763
10764
11147
11148
11151
11152
11164
11166
11168
11574
11575
11576
10768
11153
11163
11164
11166
10774
11163
11170
11172
15040
10782
11157
11175
11175
11179
11180
11182
4860
4872
5010
11179
11181
11183
11185
4861
4873
5011
4862
4874
5012
4863
4875
5013
4864
4876
5014
4865
4877
5015
4866
4878
5016
4867
4879
5017
4868
4880
5018
4869
4881
5019
11164
11165
11168
11169
11187
11189
11191
10789
11170
11186
11187
11189
10796
11186
11193
11194
11196
10809
11180
11201
11202
11203
11205
4873
4886
5023
11202
11204
11206
11208
11234
11237
11238
11620
11621
11622
4874
4887
5024
4875
4888
5025
4876
4889
5026
4877
4890
5027
4878
4891
5028
4879
4892
5029
4880
4893
5030
4881
4894
5031
4882
4895
5032
11210
11212
11214
11187
11209
11210
11212
10816
11194
11209
11216
11217
11219
10823
11199
11216
11223
11224
11226
10832
11203
11229
11231
15042
11229
11234
11235
11237
4888
4901
5037
11234
11236
11238
11240
4889
4902
5038
4890
4903
5039
4891
4904
5040
4892
4905
5041
4893
4906
5042
4894
4907
5043
4895
4908
5044
4896
4909
5045
4897
4910
5046
11210
11211
11214
11215
11242
11244
11246
11217
11241
11242
11244
10839
11224
11241
11248
11249
11251
10844
11248
11255
11256
10853
11235
11258
11259
11260
11262
4902
4915
5050
11259
11261
11263
11265
11280
11283
11284
11663
11664
11665
4903
4916
5051
11287
11290
11291
4904
4917
5052
4905
4918
5053
4906
4919
5054
4907
4920
5055
4908
4921
5056
4909
4922
5057
4910
4923
5058
4911
4924
5059
4912
4925
5060
11242
11243
11246
11247
11267
11269
11271
11294
11297
11298
10860
11249
11266
11267
11269
10867
11255
11266
11273
11274
10873
11260
11276
15043
10880
11276
11280
11281
11283
11280
11287
11288
11290
4918
4930
5065
11287
11289
11291
11293
11321
11324
11325
4919
4931
5066
4920
4932
5067
4921
4933
5068
4922
4934
5069
4923
4935
5070
4924
4936
5071
4925
4937
5072
11295
11297
11299
11328
11331
11332
11294
11295
11297
10887
11267
11294
11301
11302
11304
10892
11273
11301
10899
11281
11308
11309
11311
15046
10906
11288
11308
11314
11315
11317
11314
11321
11322
11324
4932
4942
5077
11321
11323
11325
11327
11357
11360
11361
4933
4943
5078
4934
4944
5079
4935
4945
5080
4936
4946
5081
11364
11367
11368
4937
4947
5082
11329
11331
11333
11371
11374
11375
11328
11329
11331
10913
11295
11328
11335
11336
11338
10919
11302
11335
11342
10928
11315
11343
11344
11345
11347
10935
11322
11344
11350
11351
11353
11350
11357
11358
11360
4944
4952
5089
11357
11359
11361
11363
11397
11400
11401
11754
11755
11756
4945
4953
5090
11404
11407
11408
4946
4954
5091
11365
11367
11369
11411
11414
11415
11364
11365
11367
10942
11364
11371
11372
11374
10949
11329
11371
11378
11379
11381
10955
11336
11378
11384
15049
10962
11351
11385
11386
11388
15050
10969
11358
11386
11390
11391
11393
10976
11390
11397
11398
11400
10983
11397
11404
11405
11407
10990
11404
11411
11412
11414
10997
11365
11411
11418
11419
11421
11003
11372
11418
11424
11425
15053
11012
11398
11427
11015
11405
11427
11428
15056
11018
11412
11428
15058
11042
11429
11443
11448
11449
11451
11049
11433
11448
11455
11456
11458
11056
11437
11455
11462
11463
11465
11063
11441
11462
11469
11470
11472
11070
11469
11476
11477
11479
15061
11444
11489
11490
13113
4967
4975
11449
11450
11453
11454
11489
11491
11492
11493
11519
11522
11523
4968
4976
11456
11457
11460
11461
4969
4977
11463
11464
11467
11468
4970
4978
5104
11470
11471
11474
11475
4971
4979
5105
11477
11478
11481
11482
11495
11497
11499
11083
11483
11494
11495
11497
11090
11487
11494
11501
11502
11504
11096
11501
11508
11510
15063
11104
11490
11515
11515
11519
11520
11522
4977
4986
5110
11519
11521
11523
11525
4978
4987
5111
4979
4988
5112
4980
4989
5113
4981
4990
5114
11495
11496
11499
11500
4982
4991
5115
11502
11503
11506
11507
11527
11529
11531
11111
11508
11526
11527
11529
11118
11513
11526
11533
11534
11536
11124
11533
11540
11542
15066
11135
11520
11545
11547
11548
11550
4987
4997
5119
11547
11549
11551
11553
11567
11570
11571
11888
11889
11890
4988
4998
5120
4989
4999
5121
4990
5000
5122
4991
5001
5123
4992
5002
5124
4993
5003
5125
11527
11528
11531
11532
4994
5004
5126
11534
11535
11538
11539
4995
5005
5127
11142
11143
11144
11145
11540
11541
11543
11544
11555
11557
11558
11895
11896
11897
11149
11554
11555
11557
15069
11159
11548
11562
11564
11562
11567
11568
11570
4999
5010
5130
11567
11569
11571
11573
5000
5011
5131
5001
5012
5132
5002
5013
5133
5003
5014
5134
5004
5015
5135
5005
5016
5136
5006
5017
5137
11575
11577
11579
11555
11574
11575
11577
11166
11560
11574
11581
11582
11584
11172
11581
11588
15072
11182
11568
11592
11595
11596
11598
5011
5023
5141
11595
11597
11599
11601
11620
11623
11624
11943
11944
11945
5012
5024
5142
5013
5025
5143
5014
5026
5144
5015
5027
5145
5016
5028
5146
5017
5029
5147
5018
5030
5148
5019
5031
5149
11575
11576
11579
11580
5020
5032
5150
11582
11583
11586
11587
11603
11605
11607
11950
11951
11952
11189
11588
11602
11603
11605
11196
11602
11609
11611
15074
11205
11596
11614
11615
11617
11614
11620
11621
11623
5025
5037
5154
11620
11622
11624
11626
5026
5038
5155
5027
5039
5156
5028
5040
5157
5029
5041
5158
5030
5042
5159
5031
5043
5160
5032
5044
5161
5033
5045
5162
5034
5046
5163
11212
11213
11214
11215
11603
11604
11607
11608
11628
11630
11632
11219
11609
11627
11628
11630
11226
11627
11634
11636
11237
11621
11639
11642
11643
11645
5038
5050
5167
11642
11644
11646
11648
11663
11666
11667
11997
11998
11999
5039
5051
5168
5040
5052
5169
5041
5053
5170
5042
5054
5171
5043
5055
5172
5044
5056
5173
5045
5057
5174
5046
5058
5175
5047
5059
5176
5048
5060
5177
11244
11245
11246
11247
11628
11629
11632
11633
11650
11652
11654
12004
12005
12006
11251
11634
11649
11650
11652
11262
11643
11658
11660
15075
11658
11663
11664
11666
5052
5064
5180
11663
11665
11667
11669
11687
11690
11691
12028
12029
12030
5053
5065
5181
5054
5066
5182
5055
5067
5183
5056
5068
5184
5057
5069
5185
5058
5070
5186
5059
5071
5187
5060
5072
5188
5061
5073
5189
11671
11673
11675
11694
11697
11698
11269
11650
11670
11671
11673
11274
11656
11670
11677
11678
11283
11664
11679
11680
11681
11683
11290
11680
11687
11688
11690
5066
5076
5193
11687
11689
11691
11693
11717
11720
11721
12053
12054
12055
5067
5077
5194
5068
5078
5195
5069
5079
5196
5070
5080
5197
5071
5081
5198
5072
5082
5199
5073
5083
5200
11695
11697
11699
11724
11727
11728
11297
11694
11695
11697
11304
11671
11694
11701
11702
11704
11317
11688
11707
11710
11711
11713
11324
11710
11717
11718
11720
5078
5088
5205
11717
11719
11721
11723
11747
11750
11751
12083
12084
12085
5079
5089
5206
11754
11757
11758
5080
5090
5207
5081
5091
5208
5082
5092
5209
11761
11764
11765
5083
5093
5210
11725
11727
11729
11768
11771
11772
12090
12091
12092
11331
11724
11725
11727
11338
11695
11724
11731
11732
11734
11342
11702
11731
11347
11711
11737
15076
11353
11718
11737
11740
11741
11743
11360
11740
11747
11748
11750
11747
11754
11755
11757
5091
5097
5216
11754
11756
11758
11760
11791
11794
11795
12127
12128
12129
5092
5098
5217
11762
11764
11766
11798
11801
11802
12134
12135
12136
11367
11761
11762
11764
11374
11761
11768
11769
11771
11381
11725
11768
11775
11776
11777
11393
11748
11779
11780
11782
15079
11400
11755
11780
11784
11785
11787
11407
11784
11791
11792
11794
11414
11791
11798
11799
11801
11421
11762
11798
11804
11805
15080
11425
11769
11804
15083
11472
11807
11811
11812
11814
11479
11811
11818
11819
11821
11818
11825
11827
5105
5112
11812
11813
11816
11817
5106
5113
11819
11820
11823
11824
11833
11835
11837
11497
11825
11832
11833
11835
11504
11830
11832
11839
11840
11842
11510
11839
11846
11848
15086
11522
11853
11856
11857
11859
5111
5119
11856
11858
11860
11862
11888
11891
11892
5112
5120
5113
5121
5114
5122
5115
5123
11833
11834
11837
11838
5116
5124
5228
11840
11841
11844
11845
11864
11866
11868
11529
11846
11863
11864
11866
11536
11851
11863
11870
11871
11873
11550
11857
11881
11882
11884
11881
11888
11889
11891
5121
5130
11888
11890
11892
11894
5122
5131
5123
5132
5231
5124
5133
5232
5125
5134
5233
5126
5135
5234
11864
11865
11868
11869
5127
5136
5235
11871
11872
11875
11876
11896
11898
11900
12198
12199
12200
11877
11895
11896
11898
11557
11895
11902
11904
15089
11570
11889
11909
11913
11914
11916
5131
5141
11913
11915
11917
11919
11943
11946
11947
5132
5142
5133
5143
5238
5134
5144
5239
5135
5145
5240
5136
5146
5241
5137
5147
5242
5138
5148
5243
11896
11897
11900
11901
11921
11923
11925
11577
11902
11920
11921
11923
11584
11907
11920
11927
11928
11930
11598
11914
11936
11937
11939
11936
11943
11944
11946
5143
5154
11943
11945
11947
11949
5144
5155
5246
5145
5156
5247
5146
5157
5248
5147
5158
5249
5148
5159
5250
5149
5160
5251
5150
5161
5252
11921
11922
11925
11926
11951
11953
11955
12233
12234
12235
11928
11950
11951
11953
11605
11934
11950
11957
11958
11960
11611
11957
11964
11966
15092
11623
11944
11969
11973
11974
11976
5155
5167
11973
11975
11977
11979
11997
12000
12001
5156
5168
5255
5157
5169
5256
5158
5170
5257
5159
5171
5258
5160
5172
5259
5161
5173
5260
5162
5174
5261
5163
5175
5262
11951
11952
11955
11956
5164
5176
5263
11958
11959
11962
11963
11981
11983
11985
12256
12257
12258
11630
11964
11980
11981
11983
11636
11980
11987
11989
11645
11974
11991
11992
11994
11991
11997
11998
12000
5169
5180
5267
11997
11999
12001
12003
12028
12031
12032
5170
5181
5268
5171
5182
5269
5172
5183
5270
5173
5184
5271
5174
5185
5272
5175
5186
5273
5176
5187
5274
5177
5188
5275
12005
12007
12009
11981
12004
12005
12007
11652
11987
12004
12011
12012
12014
11666
11998
12018
12021
12022
12024
12021
12028
12029
12031
5182
5193
5280
12028
12030
12032
12034
12053
12056
12057
12309
12310
12311
5183
5194
5281
5184
5195
5282
5185
5196
5283
5186
5197
5284
5187
5198
5285
5188
5199
5286
5189
5200
5287
5190
5201
5288
12005
12006
12009
12010
12036
12038
12040
12060
12063
12064
12316
12317
12318
11673
12012
12035
12036
12038
11683
12022
12042
15094
11690
12029
12042
12046
12047
12049
12046
12053
12054
12056
5195
5205
5292
12053
12055
12057
12059
12083
12086
12087
12344
12345
12346
5196
5206
5293
5197
5207
5294
5198
5208
5295
5199
5209
5296
5200
5210
5297
12090
12093
12094
5201
5211
5298
12061
12063
12065
12097
12100
12101
12351
12352
12353
11697
12060
12061
12063
11704
12036
12060
12067
12068
12069
11713
12047
12071
12073
15096
11720
12054
12071
12076
12077
12079
12076
12083
12084
12086
5207
5215
5303
12083
12085
12087
12089
12120
12123
12124
12383
12384
12385
5208
5216
5304
12127
12130
12131
5209
5217
5305
12134
12137
12138
5210
5218
5306
12091
12093
12095
12141
12144
12145
12090
12091
12093
11727
12090
12097
12098
12100
11734
12061
12097
12104
12105
12106
11743
12077
12109
12111
15098
11750
12084
12109
12113
12114
12116
11757
12113
12120
12121
12123
12120
12127
12128
12130
12127
12134
12135
12137
11764
12134
12141
12142
12144
11771
12091
12141
12148
12149
12151
11777
12098
12148
12154
12155
15099
11782
12114
12156
11787
12121
12156
12157
12158
11794
12128
12157
12160
12161
15101
11801
12135
12160
12163
12164
15102
11805
12142
12163
12166
12167
15105
11842
12168
12170
12171
12173
11848
12170
12177
12179
15108
5229
5233
12171
12172
12175
12176
12183
12185
12187
11866
12177
12182
12183
12185
11873
12182
12189
12190
12192
15111
5232
5238
5233
5239
5322
5234
5240
5323
5235
5241
5324
12183
12184
12187
12188
12199
12201
12203
12190
12198
12199
12201
11898
12196
12198
12205
12206
12208
11904
12205
12212
12214
15114
5239
5246
5240
5247
5328
5241
5248
5329
5242
5249
5330
5243
5250
5331
12199
12200
12203
12204
5244
5251
5332
12206
12207
12210
12211
12218
12220
12222
11923
12212
12217
12218
12220
11930
12217
12224
12225
12227
15117
5247
5255
5248
5256
5335
5249
5257
5336
5250
5258
5337
5251
5259
5338
5252
5260
5339
12234
12236
12238
12218
12233
12234
12236
11953
12225
12233
12240
12241
12243
11960
12231
12240
12247
12248
12250
5256
5267
5257
5268
5343
5258
5269
5344
5259
5270
5345
5260
5271
5346
5261
5272
5347
5262
5273
5348
12234
12235
12238
12239
5263
5274
5349
12241
12242
12245
12246
12257
12259
12261
12248
12256
12257
12259
11983
12254
12256
12263
12264
12266
11994
12272
15120
12000
12272
12276
12277
12279
5268
5279
12276
12278
12280
12282
12302
12305
12306
5269
5280
5352
12309
12312
12313
5270
5281
5353
5271
5282
5354
5272
5283
5355
5273
5284
5356
5274
5285
5357
5275
5286
5358
5276
5287
5359
12257
12258
12261
12262
12284
12286
12288
12007
12264
12283
12284
12286
12014
12270
12283
12290
12291
12293
12024
12277
12296
12297
12299
15121
12031
12296
12302
12303
12305
12302
12309
12310
12312
5282
5292
5365
12309
12311
12313
12315
12344
12347
12348
5283
5293
5366
5284
5294
5367
5285
5295
5368
5286
5296
5369
5287
5297
5370
5288
5298
5371
12317
12319
12321
12351
12354
12355
12284
12316
12317
12319
12038
12291
12316
12323
12324
12326
12049
12303
12329
12330
12331
12333
12056
12310
12330
12337
12338
12340
12337
12344
12345
12347
5294
5303
5377
12344
12346
12348
12350
12383
12386
12387
5295
5304
5378
5296
5305
5379
5297
5306
5380
5298
5307
5381
12352
12354
12356
12390
12393
12394
12351
12352
12354
12063
12317
12351
12358
12359
12361
12069
12324
12358
12365
12366
12079
12338
12367
12369
12370
12372
12086
12345
12369
12376
12377
12379
12376
12383
12384
12386
5305
5312
5388
12383
12385
12387
12389
12420
12423
12424
12609
12610
12611
5306
5313
5389
12427
12430
12431
5307
5314
5390
12391
12393
12395
12434
12437
12438
12616
12617
12618
12093
12390
12391
12393
12100
12352
12390
12397
12398
12400
12106
12359
12397
12404
12405
15123
12116
12377
12406
12407
12408
12410
12123
12384
12407
12413
12414
12416
12130
12413
12420
12421
12423
12137
12420
12427
12428
12430
12144
12427
12434
12435
12437
12151
12391
12434
12441
12442
12443
12155
12398
12441
15125
12161
12421
12445
12446
15128
12164
12428
12446
12447
15129
12179
12448
12450
15131
5321
5324
5400
12185
12186
12187
12188
12448
12449
12451
12452
12454
12456
12457
12668
12669
12670
12192
12453
12454
12456
15134
5323
5328
5324
5329
5325
5330
5402
12462
12464
12466
12201
12454
12461
12462
12464
12208
12459
12461
12468
12469
12471
12214
12468
12475
15137
5329
5335
5330
5336
5331
5337
5405
5332
5338
5406
12462
12463
12466
12467
5333
5339
5407
12469
12470
12473
12474
12480
12482
12484
12700
12701
12702
12220
12475
12479
12480
12482
12227
12479
12486
12488
15140
5336
5343
5337
5344
5338
5345
5410
5339
5346
5411
5340
5347
5412
5341
5348
5413
12236
12237
12238
12239
12480
12481
12484
12485
12494
12496
12498
12243
12486
12493
12494
12496
12250
12491
12493
12500
12501
12503
5344
5352
5345
5353
5346
5354
5416
5347
5355
5417
5348
5356
5418
5349
5357
5419
5350
5358
5420
12494
12495
12498
12499
12510
12512
12514
12736
12737
12738
12259
12501
12509
12510
12512
12266
12507
12509
12516
12517
12519
5353
5364
5354
5365
5355
5366
5423
5356
5367
5424
5357
5368
5425
5358
5369
5426
5359
5370
5427
5360
5371
5428
12510
12511
12514
12515
12526
12528
12530
12757
12758
12759
12286
12517
12525
12526
12528
12293
12523
12525
12532
12533
12299
12535
15143
12305
12535
12539
12540
12542
5365
5375
12312
12313
12314
12315
12539
12541
12543
12545
12561
12564
12565
5366
5376
12568
12571
12572
5367
5377
5431
5368
5378
5432
5369
5379
5433
5370
5380
5434
5371
5381
5435
5372
5382
5436
12547
12549
12551
12575
12578
12579
12319
12526
12546
12547
12549
12326
12532
12546
12553
12554
14609
12333
12540
12556
12558
15146
12340
12556
12561
12562
12564
12347
12561
12568
12569
12571
5378
5387
5439
12568
12570
12572
12574
12602
12605
12606
12786
12787
12788
5379
5388
5440
12609
12612
12613
5380
5389
5441
5381
5390
5442
12616
12619
12620
5382
5391
5443
12576
12578
12580
12623
12626
12627
12354
12575
12576
12578
12361
12547
12575
12582
12583
12585
12366
12553
12582
12589
15149
12372
12562
12590
12592
15151
12379
12569
12590
12595
12596
12598
12386
12595
12602
12603
12605
12602
12609
12610
12612
5390
5397
5449
12609
12611
12613
12615
12617
12619
12621
12651
12654
12655
12828
12829
12830
12616
12617
12619
12393
12616
12623
12624
12626
12400
12576
12623
12630
12631
12633
12405
12583
12630
12636
15152
12410
12596
12637
12416
12603
12637
12639
12640
12642
12423
12610
12639
12644
12645
12647
12430
12644
12651
12652
12654
12437
12617
12651
12658
12659
12660
12443
12624
12658
12662
12663
15154
12664
12668
12669
12671
12456
12668
12675
12677
15157
5403
5405
12669
12670
12673
12674
12683
12685
12687
12464
12675
12682
12683
12685
12471
12680
12682
12689
12690
12692
5406
5410
5407
5411
12683
12684
12687
12688
12701
12703
12705
12690
12700
12701
12703
12482
12696
12700
12707
12708
12710
12488
12707
12714
12716
15160
5411
5416
5463
5412
5417
5464
5413
5418
5465
12701
12702
12705
12706
5414
5419
5466
12708
12709
12712
12713
12721
12723
12725
12496
12714
12720
12721
12723
12503
12719
12720
12727
12728
12730
5417
5423
5469
5418
5424
5470
5419
5425
5471
5420
5426
5472
12737
12739
12741
12721
12736
12737
12739
12512
12728
12736
12743
12744
12746
12519
12734
12743
12750
12751
12753
5424
5431
5476
5425
5432
5477
5426
5433
5478
5427
5434
5479
5428
5435
5480
12737
12738
12741
12742
12758
12760
12762
12744
12757
12758
12760
12528
12751
12757
12764
12765
12767
12533
12764
12771
12772
15163
5432
5439
5484
12786
12789
12790
5433
5440
5485
5434
5441
5486
5435
5442
5487
5436
5443
5488
5437
5444
5489
12758
12759
12762
12763
12775
12777
12779
12793
12796
12797
12549
12765
12774
12775
12777
12554
12771
12774
12781
12782
15164
12786
12787
12789
5441
5448
5493
12786
12788
12790
12792
12821
12824
12825
5442
5449
5494
12828
12831
12832
5443
5450
5495
12835
12838
12839
5444
5451
5496
12794
12796
12798
12842
12845
12846
12948
12949
12950
12578
12793
12794
12796
12585
12775
12793
12800
12801
12803
12589
12781
12800
12807
15165
12605
12787
12808
12814
12815
12817
12612
12814
12821
12822
12824
12821
12828
12829
12831
12619
12828
12835
12836
12838
12626
12835
12842
12843
12845
12633
12794
12842
12849
12850
12851
12636
12801
12849
15166
12642
12815
12853
12854
12647
12822
12853
12856
12857
15167
12654
12829
12856
12859
12860
15168
12660
12836
12859
12862
12863
15170
12663
12843
12862
15173
12692
12865
12866
12868
15176
5461
5465
12703
12704
12705
12706
12866
12867
12870
12871
12875
12877
12879
12710
12872
12874
12875
12877
12716
12874
12881
12883
15179
5464
5469
5465
5470
5466
5471
5467
5472
12875
12876
12879
12880
12887
12889
12891
12723
12881
12886
12887
12889
12730
12886
12893
12894
12896
15182
5470
5476
5471
5477
5472
5478
5473
5479
12901
12903
12905
12739
12887
12900
12901
12903
12746
12894
12900
12907
12908
12910
12753
12899
12907
12914
12916
5477
5484
5478
5485
5479
5486
5480
5487
5481
5488
5513
12901
12902
12905
12906
5482
5489
5514
12760
12761
12762
12763
12908
12909
12912
12913
12920
12922
12924
13039
13040
13041
12767
12914
12919
12920
12922
12772
12919
12926
12927
15184
5485
5492
12941
12944
12945
5486
5493
5487
5494
5488
5495
5489
5496
5516
12948
12951
12952
5490
5497
5517
12930
12932
12934
12955
12958
12959
13055
13056
13057
12777
12920
12929
12930
12932
12782
12926
12929
12936
12937
15185
12789
12941
12942
12944
5494
5500
12941
12943
12945
12947
12978
12981
12982
5495
5501
12985
12988
12989
5496
5502
12949
12951
12953
12992
12995
12996
12948
12949
12951
12796
12948
12955
12956
12958
12803
12930
12955
12962
12963
12964
12817
12942
12967
12971
12972
12974
12824
12971
12978
12979
12981
12831
12978
12985
12986
12988
12838
12985
12992
12993
12995
12845
12949
12992
12999
13000
13002
12851
12956
12999
13005
13006
15186
12857
12979
13007
13008
15188
12860
12986
13008
13009
15189
12883
13010
13012
15192
12889
13010
13015
13016
13018
12896
13015
13022
13024
15195
5511
5513
12903
12904
12905
12906
13016
13017
13020
13021
13028
13030
13032
12910
13022
13027
13028
13030
12916
13027
13034
13036
5514
5516
13040
13042
13044
13028
13039
13040
13042
12922
13034
13039
13046
13047
13049
5517
5520
13056
13058
13060
13071
13074
13075
13040
13055
13056
13058
12932
13047
13055
13062
13063
13065
12937
13053
13062
13069
13070
12951
13071
13072
13074
12958
13056
13071
13078
13079
13081
12964
13063
13078
13085
13086
13002
13072
13087
13088
15197
13006
13079
13087
15199
5526
5535
17354
5536
17355
5548
13531
13542
5529
5556
5609
17358
5533
5557
5610
17359
5531
5533
16704
5534
5535
5560
17362
5534
5537
5615
17364
5534
5563
5616
17366
5539
5564
5617
5536
5539
16705
5540
5567
17368
5538
5539
16707
5540
5541
5622
17370
5540
5570
5623
5571
5624
5542
16709
5543
5629
17371
5544
17356
5545
5636
17372
16710
5551
5578
5662
17374
5548
5551
5552
5554
5581
5550
5551
17375
5552
5556
5667
17357
5552
5584
5668
5558
5585
5669
5555
5557
13530
5555
5558
13531
5559
5561
5588
13532
5557
5558
5559
5563
5674
5559
5591
5675
5565
5592
5676
5562
5564
13534
5562
5565
13535
5566
5568
13536
5564
5565
5566
5570
5681
5566
5682
5572
5683
5569
5571
5569
5572
13144
5573
13144
5571
5572
5573
5688
5573
5689
13144
5690
13144
5576
5578
5576
5579
13145
5580
5582
13537
13638
5578
5579
16713
5580
5584
5741
5580
5742
13641
17376
5586
5743
13642
5583
5585
13542
5583
5586
13146
13543
5587
5589
13544
13645
5585
5586
5587
5591
5748
5587
5749
13648
5593
5750
13649
5590
5592
13549
5590
5593
13147
13550
5594
13147
13551
5592
5593
5594
5594
13147
13147
5596
5619
5795
17387
5597
5625
5799
17393
5600
5626
5800
17396
5599
5600
5601
5629
5601
5632
5806
5602
5633
5807
5603
5639
5812
17399
5604
5640
5813
17400
5646
5818
17402
5607
5609
5667
17422
5607
5670
5831
17424
5613
5671
5832
17427
5610
5612
17360
5610
5613
16714
5614
5616
5674
5612
5613
17378
5614
5618
5837
17381
5614
5677
5838
5620
5678
5839
5617
5619
17384
5617
5620
5621
5623
5681
5619
5620
17390
5621
5625
5844
5621
5684
5845
5627
5685
5846
5624
5626
17395
5624
5627
5628
5630
5688
5626
5627
5628
5632
5851
5628
5691
5852
5634
5692
5853
5631
5633
5631
5634
5635
5637
5695
5633
5634
5635
5639
5858
5635
5698
5859
5641
5699
5860
5638
5640
17397
5638
5641
5642
5644
5702
5640
5641
5642
5646
5865
5642
5705
5866
5648
5706
5867
5645
5647
17405
5645
5648
5649
5650
5709
5647
5648
5649
5652
5872
17408
5649
5712
5873
5654
5713
5874
5651
5654
16716
5655
5656
5716
17430
5653
5654
17411
5655
5879
17414
5655
5719
5880
5657
5720
5881
5657
16719
5658
5726
5886
17437
5727
5887
17433
5665
5738
5894
17440
5662
5664
17417
5662
5665
16722
5666
5668
5741
5664
5665
17443
5666
5670
5899
17419
5666
5744
5900
5672
5745
5901
5669
5671
5669
5672
5673
5675
5748
5671
5672
5673
5677
5906
5673
5751
5907
5679
5752
5908
5676
5678
5676
5679
5680
5682
5678
5679
5680
5684
5913
5680
5914
5686
5915
5683
5685
5683
5686
5687
5689
5685
5686
5687
5691
5687
5693
5690
5692
5690
5693
5694
5696
5692
5693
5694
5698
5694
5700
5697
5699
5697
5700
5701
5703
5699
5700
5701
5705
5701
5707
5704
5706
5704
5707
5708
5710
5706
5707
5708
5712
5708
5714
5711
5713
5711
5714
5715
5717
5713
5714
5715
5719
5715
5721
5718
5720
5718
5721
5722
5724
5720
5721
5722
5726
5920
5722
5921
5728
5922
5725
5727
17435
5725
5728
5729
5730
5755
5727
5728
5729
5732
5927
5729
5758
5928
5733
5759
5929
5731
5733
5734
5762
5733
15200
5734
5765
5935
5735
5766
5936
5941
5737
5738
16724
5740
5742
5769
17377
5740
5744
5947
17449
5740
5772
5948
17451
5746
5773
5949
5743
5745
5743
5746
5747
5749
5776
5745
5746
5747
5751
5954
5747
5779
5955
5753
5780
5956
5750
5752
5750
5753
5754
5752
5753
5754
5754
5757
5759
5757
5760
5761
5763
5759
5760
5761
5765
5761
5767
5764
5766
5764
5767
5768
5783
5766
5767
5768
5961
5768
5786
5962
5787
5963
5771
5773
13636
5771
5774
13185
5775
5777
13637
13761
5773
5774
5775
5779
5984
5775
5985
13764
5781
5986
13765
5778
5780
13642
5778
5781
13186
13643
5782
13644
13768
5780
5781
5782
5991
5782
5992
13771
5993
13772
5785
5787
5785
5788
5789
5787
5788
5789
5789
5792
5834
6040
17465
5793
5794
5837
17476
5793
5840
6046
17479
5797
5841
6047
17482
5795
5797
16726
5798
5799
5844
17485
5798
5801
6052
17488
5798
5847
6053
17491
5803
5848
6054
5800
5803
16729
5804
5806
5851
17494
5802
5803
17452
5804
5808
6059
17454
5804
5854
6060
5810
5855
6061
5807
5809
5807
5810
5811
5812
5858
5809
5810
17455
5811
5814
6066
17456
5811
5861
6067
5816
5862
6068
5813
5816
16731
5817
5818
5865
17495
5815
5816
17457
5817
5820
6073
17497
5817
5868
6074
5821
5869
6075
5819
5821
16732
5822
5872
15201
5821
17458
5822
5875
6081
5823
5876
6082
17499
5882
6087
15204
5828
5896
6096
17511
5826
5828
17513
5829
5831
5899
17519
5829
5833
6101
17461
5829
5902
6102
17522
5835
5903
6103
5832
5834
17468
5832
5835
5836
5838
5906
5834
5835
17471
5836
5840
6108
5836
5909
6109
5842
5910
6110
5839
5841
5839
5842
5843
5845
5913
5841
5842
5843
5847
6115
5843
5916
6116
5849
5917
6117
5846
5848
5846
5849
5850
5852
5848
5849
5850
5854
6122
5850
6123
5856
6124
5853
5855
5853
5856
5857
5859
5855
5856
5857
5861
6129
5857
6130
5863
6131
5860
5862
5860
5863
5864
5866
5862
5863
5864
5868
6136
5864
6137
5870
6138
5867
5869
5867
5870
5871
5873
5869
5870
5871
5875
6143
5871
6144
5877
6145
5874
5876
5874
5877
5878
5880
5876
5877
5878
5882
6150
5878
6151
5884
6152
5881
5883
17505
5881
5884
5885
5886
5920
5883
5884
5885
5888
6157
17508
5885
5923
6158
5889
5924
6159
5887
5889
5890
5927
15207
5889
15209
5890
5930
6165
5891
5931
6166
17524
5937
6171
17528
5894
5896
17516
5894
5897
17446
5898
5900
5947
5896
5897
16735
5898
5902
6181
5898
5950
6182
17535
5904
5951
6183
5901
5903
5901
5904
5905
5907
5954
5903
5904
5905
5909
6188
5905
5957
6189
5911
5958
6190
5908
5910
5908
5911
5912
5914
5910
5911
5912
5916
5912
5918
5915
5917
5915
5918
5919
5917
5918
5919
5919
5922
5924
5922
5925
5926
5928
5924
5925
5926
5930
5926
5932
5929
5931
5929
5932
5933
5935
5931
5932
5933
5937
6195
5933
6196
5939
6197
5936
5938
17527
5936
5939
5940
5941
5961
5938
5939
5940
5942
6202
17530
5940
5964
6203
5943
5965
6204
5943
15212
5943
16737
5944
5971
6209
5972
6210
17541
5946
5950
6216
17537
5952
5982
6217
17542
5949
5951
5949
5952
17543
5953
5955
5984
5951
5952
5953
5957
6222
5953
5987
6223
5959
5988
6224
5956
5958
5956
5959
5960
5991
5958
5959
5960
5960
5994
5995
5963
5965
5963
5966
5967
5969
5965
5966
5967
5971
5967
5973
5970
5972
5970
5973
5974
5975
5998
5972
5973
5974
5977
6229
5974
6001
6230
5978
6002
6231
5976
5978
5979
6005
5978
15213
5979
6008
6236
6009
6237
5981
5982
5983
5985
13935
5983
5987
6242
5989
6243
13936
5986
5988
5986
5989
13254
5990
5992
13938
5988
5989
5990
5994
6248
5990
6249
13941
5996
6250
13942
5993
5995
5993
5996
13255
5997
13255
5995
5996
5997
5997
13255
13255
6000
6002
6000
6003
6004
6006
6002
6003
6004
6008
6255
6004
6256
6010
6257
6007
6009
6007
6010
6011
6012
6015
6009
6010
6011
6013
6262
6011
6018
6263
6014
6019
6264
6014
6014
6024
6269
6017
6019
6017
6020
13278
6021
6022
13953
6019
6020
6021
6024
6285
6021
6286
13956
6026
6287
13957
6023
6026
13279
6027
13960
6025
6026
6027
6292
6027
6293
13963
6294
13964
6029
6056
6325
17562
6030
6062
6329
17571
6031
6063
6330
17574
6032
6069
6335
17579
6033
6070
6336
17582
6034
6076
6341
17589
6077
6342
15214
6037
6098
6351
6038
6039
6101
17463
6038
6104
6357
17599
6043
6105
6358
17600
6040
6043
17474
6044
6046
6108
17603
6042
6043
17601
6044
6048
6363
17544
6044
6111
6364
6050
6112
6365
6047
6049
17547
6047
6050
6051
6053
6115
6049
6050
17550
6051
6055
6370
17553
6051
6118
6371
6057
6119
6372
6054
6056
17559
6054
6057
6058
6060
6122
6056
6057
17565
6058
6062
6377
6058
6125
6378
6064
6126
6379
6061
6063
17577
6061
6064
6065
6067
6129
6063
6064
6065
6069
6384
6065
6132
6385
6071
6133
6386
6068
6070
17585
6068
6071
6072
6074
6136
6070
6071
6072
6076
6391
6072
6139
6392
6078
6140
6393
6075
6077
17587
6075
6078
6079
6081
6143
6077
6078
6079
6083
6398
6079
6146
6399
6085
6147
6400
6082
6084
17502
6082
6085
6086
6087
6150
6084
6085
17592
6086
6089
6405
17595
6086
6153
6406
6090
6154
6407
6088
6090
16739
6091
6157
15217
6090
16742
6091
6160
6413
6092
6161
6414
17606
6167
6419
17609
6099
6178
6426
6096
6098
17598
6096
6099
17618
6100
6102
6181
6098
6099
6100
6104
6431
6100
6184
6432
6106
6185
6433
6103
6105
6103
6106
6107
6109
6188
6105
6106
6107
6111
6438
6107
6191
6439
6113
6192
6440
6110
6112
6110
6113
6114
6116
6112
6113
6114
6118
6445
6114
6446
6120
6447
6117
6119
6117
6120
6121
6123
6119
6120
6121
6125
6452
6121
6453
6127
6454
6124
6126
6124
6127
6128
6130
6126
6127
6128
6132
6128
6134
6131
6133
6131
6134
6135
6137
6133
6134
6135
6139
6135
6141
6138
6140
6138
6141
6142
6144
6140
6141
6142
6146
6142
6148
6145
6147
6145
6148
6149
6151
6147
6148
6149
6153
6149
6155
6152
6154
6152
6155
6156
6158
6154
6155
6156
6160
6459
6156
6460
6162
6461
6159
6161
6159
6162
6163
6165
6161
6162
6163
6167
6466
6163
6467
6169
6468
6166
6168
17612
6166
6169
6170
6171
6195
6168
6169
6170
6173
6473
17615
6170
6198
6474
6174
6199
6475
6172
6174
16745
6175
6202
17532
6174
15220
6175
6205
6480
6206
6481
17619
6177
6178
16748
6180
6182
6216
17539
6180
6184
6490
17625
6180
6218
6491
17626
6186
6219
6492
6183
6185
6183
6186
6187
6189
6222
6185
6186
6187
6191
6497
6187
6225
6498
6193
6226
6499
6190
6192
6190
6193
6194
6192
6193
6194
6194
6197
6199
6197
6200
6201
6203
6199
6200
6201
6205
6201
6207
6204
6206
6204
6207
6208
6209
6206
6207
6208
6211
6504
6208
6505
6213
6506
6210
6213
6214
6229
17628
6212
6213
17622
6214
6511
15223
6214
6232
6512
6215
6233
6513
6238
6518
15225
6217
6219
16749
6221
6223
6242
17630
6219
6220
16751
6221
6225
6522
6221
6244
6523
17631
6227
6245
6524
6224
6226
6224
6227
6228
6248
6226
6227
6228
6529
6228
6251
6530
6252
6531
6231
6233
6231
6234
6235
6236
6255
6233
6234
6235
6238
6536
6235
6258
6537
6240
6259
6538
6237
6240
6241
6262
6239
6240
6241
6543
6241
6265
6544
6266
6545
6243
6245
16753
6247
6249
6273
6245
6246
16754
6247
6251
6553
6247
6275
6554
6253
6276
6555
6250
6252
6250
6253
6254
6278
6252
6253
6254
6560
6254
6281
6561
6282
6562
6257
6259
6257
6260
6261
6263
6259
6260
6261
6265
6261
6267
6264
6266
6264
6267
6268
6269
6285
6266
6267
6268
6270
6567
6268
6288
6568
6271
6289
6569
6271
6271
6272
6295
6574
6296
6575
6274
6276
13936
6277
6279
6299
13937
6276
6277
6281
6579
6283
6300
6580
6280
6282
13942
6280
6283
13943
6284
6301
13944
6282
6283
6284
6585
6284
6304
6586
6305
6587
6287
6289
6287
6290
6291
6293
6289
6290
6291
6295
6592
6291
6593
6297
6594
6294
6296
6294
6297
6298
6308
6296
6297
6298
6599
6298
6311
6600
6312
6601
6300
13945
6304
6606
6303
6305
13950
6303
6306
13362
13951
17633
6307
13952
14145
6305
6306
6307
6610
6307
6611
14147
17634
6612
14148
6310
6312
13964
6310
6313
13965
6314
13966
6312
6313
6314
6314
6315
6316
6617
6318
6360
6635
17641
6319
6366
6641
17649
6322
6367
6642
17651
6321
6322
17643
6323
6324
6370
17556
6323
6373
6648
17654
6327
6374
6649
17657
6325
6327
17568
6328
6329
6377
17663
6328
6331
6654
17666
6328
6380
6655
17669
6333
6381
6656
6330
6333
16755
6334
6335
6384
17672
6332
6333
16758
6334
6337
6661
17635
6334
6387
6662
6339
6388
6663
6336
6339
16761
6340
6341
6391
17675
6338
6339
17638
6340
6343
6668
17678
6340
6394
6669
6344
6395
6670
6342
6344
16764
6345
6346
6398
17681
6344
16767
6345
6401
6676
6347
6402
6677
17684
6347
16770
6348
6408
6682
17696
6409
6683
17690
6354
6428
6695
6351
6354
6355
6357
6431
6353
6354
6355
6359
6700
6355
6434
6701
6361
6435
6702
6358
6360
17642
6358
6361
6362
6364
6438
6360
6361
6362
6366
6707
6362
6441
6708
6368
6442
6709
6365
6367
17646
6365
6368
6369
6371
6445
6367
6368
6369
6373
6714
6369
6448
6715
6375
6449
6716
6372
6374
6372
6375
6376
6378
6452
6374
6375
6376
6380
6721
6376
6455
6722
6382
6456
6723
6379
6381
6379
6382
6383
6385
6381
6382
6383
6387
6728
6383
6729
6389
6730
6386
6388
6386
6389
6390
6392
6388
6389
6390
6394
6735
6390
6736
6396
6737
6393
6395
6393
6396
6397
6399
6395
6396
6397
6401
6742
6397
6743
6403
6744
6400
6402
6400
6403
6404
6406
6402
6403
6404
6408
6749
6404
6750
6410
6751
6407
6409
17693
6407
6410
6411
6413
6459
6409
6410
6411
6415
6756
6411
6462
6757
6417
6463
6758
6414
6416
17699
6414
6417
6418
6419
6466
6416
6417
17702
6418
6763
15226
6418
6469
6764
6421
6470
6765
6420
6421
16773
6422
6473
17708
6422
6476
6770
17711
6477
6771
15229
6429
6488
6778
6426
6428
6426
6429
6430
6432
6490
6428
6429
6430
6434
6783
6430
6493
6784
6436
6494
6785
6433
6435
6433
6436
6437
6439
6497
6435
6436
6437
6441
6790
6437
6500
6791
6443
6501
6792
6440
6442
6440
6443
6444
6446
6442
6443
6444
6448
6444
6450
6447
6449
6447
6450
6451
6453
6449
6450
6451
6455
6451
6457
6454
6456
6454
6457
6458
6456
6457
6458
6458
6461
6463
6461
6464
6465
6467
6463
6464
6465
6469
6465
6471
6468
6470
6468
6471
6472
6474
6470
6471
6472
6476
6797
6472
6798
6478
6799
6475
6477
6475
6478
6479
6480
6477
6478
6479
6482
6804
6479
6805
6484
6806
6481
6484
6485
6486
6504
17717
6483
6484
17714
6485
6811
15232
6485
6507
6812
6487
6508
6813
6487
15235
6514
6818
15238
6489
6493
6823
17722
6495
6520
6824
17723
6492
6494
6492
6495
17725
6496
6498
6522
6494
6495
6496
6500
6829
6496
6525
6830
6502
6526
6831
6499
6501
6499
6502
6503
6529
6501
6502
6503
6503
6532
6533
6506
6508
6506
6509
6510
6512
6508
6509
6510
6514
6836
6510
6837
6516
6838
6513
6515
16776
6513
6516
6517
6518
6536
6515
6516
6517
6843
17720
6517
6539
6844
6519
6540
6845
6519
16778
6546
6850
17727
6521
6525
6855
17728
6527
6552
6856
17730
6524
6526
6524
6527
17731
6528
6530
6553
6526
6527
6528
6532
6860
6528
6556
6861
6534
6557
6862
6531
6533
6531
6534
6535
6560
6533
6534
6535
6535
6563
6564
6538
6540
6538
6541
6542
6544
6540
6541
6542
6546
6867
6542
6868
6548
6869
6545
6547
6545
6548
6549
6550
6567
6547
6548
6549
6874
6549
6570
6875
6551
6571
6876
6551
6576
6881
6556
6884
6555
6557
6555
6558
6559
6561
6579
6557
6558
6559
6563
6888
6559
6581
6889
6565
6582
6890
6562
6564
6562
6565
6566
6585
6564
6565
6566
6566
6588
6589
6569
6571
6569
6572
6573
6574
6592
6571
6572
6573
6576
6895
6573
6595
6896
6577
6596
6897
6575
6577
6578
6599
6577
6578
6602
6902
6603
6903
6580
6582
6584
6586
6606
6582
6583
6584
6588
6908
6584
6909
6590
6608
6910
6587
6589
6587
6590
6591
6610
6589
6590
6591
6915
6591
6613
6916
6614
6917
6594
6596
6594
6597
6598
6600
6596
6597
6598
6602
6922
6598
6923
6604
6924
6601
6603
6601
6604
6605
6603
6604
6605
6929
6605
6930
6931
6607
6608
6609
6611
6609
6613
6936
17732
6615
6937
16701
6612
6614
6612
6615
13435
6616
14295
6614
6615
6616
6940
6616
6941
14297
6942
14298
6618
6619
6622
6624
13389
6622
6625
13389
13472
6626
13389
14359
6624
6625
6626
6975
6626
6976
14361
6977
6628
6696
7015
6632
6697
7016
6630
6632
6633
6634
6700
6633
6636
7021
6633
6703
7022
6638
6704
7023
6635
6638
6639
6641
6707
17789
6637
6638
6639
6643
7028
17733
6639
6710
7029
6645
6711
7030
6642
6644
16779
6642
6645
16782
6646
6648
6714
6644
6645
16784
6646
6650
7035
17735
6646
6717
7036
6652
6718
7037
6649
6651
17660
6649
6652
6653
6655
6721
6651
6652
17738
6653
6657
7042
17744
6653
6724
7043
6659
6725
7044
6656
6658
17747
6656
6659
6660
6662
6728
6658
6659
17750
6660
6664
7049
17756
6660
6731
7050
6666
6732
7051
6663
6665
17759
6663
6666
6667
6669
6735
6665
6666
17762
6667
6671
7056
17765
6667
6738
7057
6673
6739
7058
6670
6672
17771
6670
6673
6674
6676
6742
6672
6673
17774
6674
6678
7063
17777
6674
6745
7064
6680
6746
7065
6677
6679
17687
6677
6680
6681
6682
6749
6679
6680
17780
6681
6684
7070
17783
6681
6752
7071
6685
6753
7072
6683
6685
16786
6686
6687
6756
17790
6685
17786
6686
6759
7078
6688
6760
7079
17793
6688
17705
6766
7084
15241
6692
6694
6777
6692
6696
7089
6692
6779
7090
6698
6780
7091
6695
6697
6695
6698
6699
6701
6783
6697
6698
6699
6703
13117
6699
6786
13118
6705
6787
13119
6702
6704
6702
6705
6706
6708
6790
6704
6705
6706
6710
7096
6706
6793
7097
6712
6794
7098
6709
6711
6709
6712
6713
6715
6711
6712
6713
6717
7103
6713
7104
6719
7105
6716
6718
6716
6719
6720
6722
6718
6719
6720
6724
7110
6720
7111
6726
7112
6723
6725
6723
6726
6727
6729
6725
6726
6727
6731
7117
6727
7118
6733
7119
6730
6732
6730
6733
6734
6736
6732
6733
6734
6738
6734
6740
6737
6739
6737
6740
6741
6743
6739
6740
6741
6745
6741
6747
6744
6746
6744
6747
6748
6750
6746
6747
6748
6752
6748
6754
6751
6753
6751
6754
6755
6757
6753
6754
6755
6759
6755
6761
6758
6760
6758
6761
6762
6764
6760
6761
6762
6766
7124
6762
7125
6768
7126
6765
6767
17796
6765
6768
6769
6770
6797
6767
6768
6769
6772
7131
17799
6769
6800
7132
6773
6801
7133
6771
6773
6774
6775
6804
17802
6773
15244
6774
6807
7139
6776
6808
7140
17805
6776
16789
6814
7145
15247
6778
6780
6782
6784
6823
6780
6781
6782
6786
7150
6782
6825
7151
6788
6826
7152
6785
6787
6785
6788
6789
6791
6829
6787
6788
6789
6793
7157
6789
6832
7158
6795
6833
7159
6792
6794
6792
6795
6796
6794
6795
6796
6796
6799
6801
6799
6802
6803
6805
6801
6802
6803
6807
6803
6809
6806
6808
6806
6809
6810
6812
6808
6809
6810
6814
7164
6810
7165
6816
7166
6813
6815
17811
6813
6816
6817
6818
6836
6815
6816
6817
6820
7171
17814
6817
6839
7172
6821
6840
7173
6819
6821
16792
6822
6843
17817
6821
15250
6822
6846
7178
6847
7179
15253
6824
6826
16795
6828
6830
6855
17820
6826
6827
6828
6832
7183
6828
6857
7184
6834
6858
7185
6831
6833
6831
6834
6835
6860
6833
6834
6835
7190
6835
6863
7191
6864
7192
6838
6840
6838
6841
6842
6844
6840
6841
6842
6846
6842
6848
6845
6847
6845
6848
6849
6850
6867
6847
6848
6849
6852
7197
6849
6870
7198
6853
6871
7199
6851
6853
6854
6874
6853
17819
6854
6877
7204
6878
7205
6856
6858
16796
6859
6861
6884
17821
6858
6859
6863
7209
6865
6886
7211
6862
6864
6862
6865
6866
6888
6864
6865
6866
7216
6866
6891
7217
6892
7218
6869
6871
6869
6872
6873
6875
6871
6872
6873
6877
7223
6873
7224
6879
7225
6876
6878
6876
6879
6880
6881
6895
6878
6879
6880
6882
7230
6880
6898
7231
6883
6899
7232
6883
6883
6904
7237
6885
6886
6887
6889
6887
6891
7240
17822
6893
7241
17823
6890
6892
6890
6893
6894
6908
6892
6893
6894
7244
6894
6911
7245
6912
7246
6897
6899
6897
6900
6901
6902
6922
6899
6900
6901
6904
7251
6901
6925
7252
6906
6926
7253
6903
6906
6907
6929
6905
6906
6907
7258
6907
6932
7259
6933
7260
6910
6912
6910
6913
17824
6914
6916
6936
6912
6913
17825
6914
6918
7265
6914
7266
15255
6920
6938
7267
6917
6919
6917
6920
6921
6940
6919
6920
6921
7272
6921
6943
7273
6944
7274
6924
6926
6924
6927
6928
6930
6926
6927
6928
6932
6928
6934
6931
6933
6931
6934
6935
6933
6934
6935
7279
6935
7280
7281
6937
6938
16797
6939
6941
17826
6939
6943
7287
17828
6945
7288
17830
6942
6944
6942
6945
6946
6949
6944
6945
6946
7290
6946
6951
7291
6952
7292
6948
7297
6950
6952
14298
6953
6955
14299
16702
6952
17832
6953
6957
7300
6959
7301
17835
6956
6958
14304
6956
6959
13493
14305
6960
6962
14306
14463
6958
6959
6960
6964
7305
6960
7306
14465
6966
7307
14466
6963
6965
14311
6963
6966
13494
14312
6967
14313
14468
6965
6966
6967
6967
14471
14472
6970
6972
6970
6973
13508
6974
6976
14509
6972
6973
6974
6978
7324
6974
7325
14512
6980
7326
14513
6977
6979
6977
6980
13509
6981
6979
6980
6981
7331
6981
7332
14516
6983
7018
7440
6984
7024
7445
6987
7025
7446
6986
6987
6988
6989
7028
17734
6988
7031
7452
6991
7032
7453
17838
6990
6991
16798
6992
6993
7035
17840
6992
7038
7459
17843
6995
7039
7460
17845
6994
6995
17741
6996
6997
7042
17848
6996
7045
7466
17851
6999
7046
7467
17854
6998
6999
17753
7000
7001
7049
17857
7000
7052
7473
17860
7003
7053
7474
17863
7002
7003
16800
7004
7005
7056
17768
7004
7059
7479
17866
7007
7060
7480
17869
7006
7007
16803
7008
7063
17872
7008
7066
7485
17875
7009
7067
7486
17878
7073
7490
17881
7013
7015
7089
7013
7017
7496
7013
7092
7497
7019
7093
7498
7016
7018
7016
7019
7020
7022
13117
7018
7019
7020
7024
7503
7020
7504
13120
7026
7505
13121
7023
7025
7023
7026
7027
7029
7096
7025
7026
7027
7031
7510
7027
7099
7511
7033
7100
7512
7030
7032
7030
7033
7034
7036
7103
7032
7033
7034
7038
7517
7034
7106
7518
7040
7107
7519
7037
7039
7037
7040
7041
7043
7110
7039
7040
7041
7045
7524
7041
7113
7525
7047
7114
7526
7044
7046
7044
7047
7048
7050
7117
7046
7047
7048
7052
7531
7048
7120
7532
7054
7121
7533
7051
7053
7051
7054
7055
7057
7053
7054
7055
7059
7538
7055
7539
7061
7540
7058
7060
7058
7061
7062
7064
7060
7061
7062
7066
7545
7062
7546
7068
7547
7065
7067
7065
7068
7069
7071
7067
7068
7069
7073
7552
7069
7553
7075
7554
7072
7074
17884
7072
7075
7076
7078
7074
7075
7076
7080
7559
17887
7076
7560
7082
7561
7079
7081
17890
7079
7082
7083
7084
7124
7081
7082
17893
7083
7566
17896
7083
7127
7567
7086
7128
7568
7085
7086
16806
7087
7131
17899
7087
7134
7573
17902
7135
7574
15257
7094
7148
7580
7091
7093
7091
7094
7095
7150
13118
7093
7094
7095
7583
13120
7095
7153
7584
7154
7585
13122
7098
7100
7098
7101
13119
7102
7104
7100
7101
13121
7102
7106
7102
13123
7108
7105
7107
7105
7108
7109
7111
7107
7108
7109
7113
7109
7115
7112
7114
7112
7115
7116
7118
7114
7115
7116
7120
7116
7122
7119
7121
7119
7122
7123
7121
7122
7123
7123
7126
7128
7126
7129
7130
7132
7128
7129
7130
7134
7597
7130
7598
7136
7599
7133
7135
7133
7136
7137
7139
7135
7136
7137
7141
7604
7137
7605
7143
7606
7140
7142
17808
7140
7143
7144
7145
7164
7142
7143
17905
7144
7611
15260
7144
7167
7612
7146
7168
7613
7146
15263
7147
7174
7618
17910
7175
7619
17912
7149
7153
7622
7155
7623
7152
7154
7152
7155
7156
7158
7183
7154
7155
7156
7160
7626
7156
7186
7627
7162
7187
7628
7159
7161
13119
7159
7162
7163
7190
7161
7162
13122
7163
13123
7163
7193
7194
7166
7168
7166
7169
7170
7172
7168
7169
7170
7174
7633
7170
7634
7176
7635
7173
7175
17908
7173
7176
7177
7178
7175
7176
7177
7180
7640
7177
7641
7181
7642
7179
7181
7182
7197
17915
7181
17914
7182
7200
7647
7201
7648
17917
7185
7187
7185
7188
7189
7191
7209
7187
7188
7189
7193
7657
7189
7212
7658
7195
7213
7659
7192
7194
7192
7195
7196
7216
7194
7195
7196
7196
7219
7220
7199
7201
7199
7202
7203
7204
7223
7201
7202
7203
7206
7664
7203
7226
7665
7207
7227
7666
7205
7207
7208
7230
7207
15266
7208
7233
7672
7234
7673
7211
7213
7211
7214
7215
7217
7240
7213
7214
7215
7219
7215
7221
7242
7218
7220
7218
7221
7222
7244
7220
7221
7222
7222
7247
7248
7225
7227
7225
7228
7229
7231
7227
7228
7229
7233
7679
7229
7680
7235
7681
7232
7234
7232
7235
7236
7237
7251
7234
7235
7236
7238
7686
7236
7254
7687
7239
7255
7688
7239
7239
7261
7693
7241
7242
16809
7243
7245
17918
7243
7247
7698
17920
7249
7699
15267
7246
7248
7246
7249
7250
7265
7248
7249
7250
7702
7250
7268
7703
7269
7704
7253
7255
7253
7256
7257
7259
7255
7256
7257
7261
7716
7257
7717
7263
7718
7260
7262
7260
7263
7264
7279
7262
7263
7264
7723
7264
7282
7724
7283
7725
7267
7269
7267
7270
16810
7271
7273
7287
7269
7270
17921
7271
7275
7730
7271
7731
15269
7277
7289
7732
7274
7276
7274
7277
7278
7290
7276
7277
7278
7737
7278
7293
7738
7294
7739
7281
7283
7281
7284
7285
7283
7284
7285
7285
7286
7298
7744
7288
7289
16812
7291
15272
7293
7747
15275
7292
7294
7292
7295
7296
7300
7294
7295
7296
7749
7296
7302
7750
17924
7303
7751
7299
7299
7756
7301
7303
7304
7306
17927
7303
15278
7304
7308
7758
7310
7759
15281
7307
7309
7307
7310
7311
7312
7309
7310
7311
7762
7311
7314
7763
7315
7764
7313
7315
14466
7316
7318
14467
17933
7315
17930
7316
7320
7776
7322
7777
17936
7319
7321
14472
7319
7322
14473
7323
7336
14474
7321
7322
7323
7781
7323
7338
7782
7339
7783
7326
7328
7326
7329
7330
7332
7369
7328
7329
7330
7333
7795
7330
7372
7796
7335
7373
7797
7334
7335
7334
7335
7802
7803
7337
7339
14486
7340
7342
14487
15284
7339
17939
7340
7344
7806
7346
7807
15287
7343
7345
14492
7343
7346
14493
7347
7349
7375
14494
7345
7346
7347
7351
7810
7347
7811
15290
7353
7376
7812
7350
7352
14499
7350
7353
14500
7354
7356
7377
14501
7352
7353
7354
7358
7817
7354
7380
7818
7360
7381
7819
7357
7359
13500
7357
7360
13500
7361
7383
13500
7359
7360
7361
7824
7361
7386
7825
7387
7826
7364
7366
14506
7364
7367
14507
7368
7370
7431
14508
7366
7367
7368
7372
7845
7368
7433
7846
7374
7434
7847
7371
7373
14513
7371
7374
14514
14515
7373
7374
7852
15293
7853
15294
7376
14520
15295
7380
7856
17942
7379
7381
14525
7379
14526
15298
7382
7384
14527
15301
7381
15304
7382
7386
7858
7388
7859
15307
7385
7387
14532
7385
7388
14533
16815
7389
7391
14534
15310
7387
7388
7389
7393
7862
7389
7863
15313
7395
7864
15316
7392
7394
14539
7392
7395
14540
7396
7398
7435
14541
7394
7395
7396
7400
7869
7396
7870
15319
7402
7871
15322
7399
7401
14546
7399
7402
14547
7403
7405
7436
14548
7401
7402
7403
7407
7876
7403
7877
15325
7409
7878
15328
7406
7408
14553
7406
7409
14554
7410
7412
7437
14555
7408
7409
7410
7414
7883
7410
7884
15331
7416
7885
15334
7413
7415
14560
7413
7416
14561
7417
7419
14562
15337
7415
7416
7417
7421
7890
7417
7891
15340
7423
7892
15343
7420
7422
14567
7420
7423
14568
16818
7424
7426
14569
15346
7422
7423
7424
7428
7897
7424
7898
15349
7430
7899
15352
7427
7429
14574
7427
7430
14575
16821
7432
14576
15355
7429
7430
7433
7902
15358
15361
7434
14581
15364
14582
15366
7434
15369
15372
14589
15374
14592
15377
14595
15380
7442
7500
7921
7440
7442
7443
7445
7503
7443
7447
7925
7443
7506
7926
7449
7507
7927
7446
7448
7446
7449
7450
7452
7510
7448
7449
7450
7454
7932
7450
7513
7933
7456
7514
7934
7453
7455
17839
7453
7456
7457
7459
7517
7455
7456
17945
7457
7461
7939
17947
7457
7520
7940
7463
7521
7941
7460
7462
17951
7460
7463
7464
7466
7524
7462
7463
17953
7464
7468
7946
17954
7464
7527
7947
7470
7528
7948
7467
7469
17955
7467
7470
7471
7473
7531
7469
7470
17957
7471
7475
7953
17958
7471
7534
7954
7477
7535
7955
7474
7476
17960
7474
7477
7478
7479
7538
7476
7477
17963
7478
7481
7960
17966
7478
7541
7961
7483
7542
7962
7480
7483
16824
7484
7485
7545
17972
7482
7483
16827
7484
7487
7967
17975
7484
7548
7968
7488
7549
7969
7486
7488
16830
7489
7490
7552
17978
7488
17969
7489
7555
7975
7492
7556
7976
17981
7491
7492
16833
7493
7559
17984
7493
7562
7981
17987
7494
7563
7982
17990
7569
7986
15383
7501
7581
7988
7498
7500
7498
7501
7502
7504
7583
7500
7501
7502
7506
7990
7502
7586
7991
7508
7587
7992
7505
7507
7505
7508
7509
7511
7590
7507
7508
7509
7513
7997
7509
7593
7998
7515
7594
7999
7512
7514
7512
7515
7516
7518
7514
7515
7516
7520
8004
7516
8005
7522
8006
7519
7521
7519
7522
7523
7525
7521
7522
7523
7527
8011
7523
8012
7529
8013
7526
7528
7526
7529
7530
7532
7528
7529
7530
7534
8018
7530
8019
7536
8020
7533
7535
7533
7536
7537
7539
7535
7536
7537
7541
8025
7537
8026
7543
8027
7540
7542
7540
7543
7544
7546
7542
7543
7544
7548
8032
7544
8033
7550
8034
7547
7549
7547
7550
7551
7553
7549
7550
7551
7555
8039
7551
8040
7557
8041
7554
7556
7554
7557
7558
7560
7556
7557
7558
7562
8046
7558
8047
7564
8048
7561
7563
7561
7564
7565
7567
7563
7564
7565
7569
8053
7565
8054
7571
8055
7568
7570
17993
7568
7571
7572
7573
7597
7570
7571
7572
7575
8060
17996
7572
7600
8061
7576
7601
8062
7574
7576
7577
7604
15386
7576
15389
7577
7607
8067
7578
7608
8068
17999
7614
8072
18002
7580
7581
7582
7584
7622
7582
7586
8074
7588
7624
8075
18011
7585
7587
7585
7588
7589
7591
7626
7587
7588
7589
7593
8078
7589
7629
8079
7595
7630
8080
7592
7594
13121
7592
7595
13122
7596
13123
7594
7595
7596
7596
7599
7601
7599
7602
7603
7605
7601
7602
7603
7607
7603
7609
7606
7608
7606
7609
7610
7612
7608
7609
7610
7614
8085
7610
8086
7616
8087
7613
7615
18005
7613
7616
7617
7618
7633
7615
7616
7617
8092
18008
7617
7636
8093
7620
7637
8094
7619
7620
16836
7621
7640
15392
7621
7643
8099
18012
7644
8100
18014
7623
7624
7625
7627
7655
7625
7629
8104
18015
7631
7656
8105
18016
7628
7630
7628
7631
7632
7657
7630
7631
7632
8108
7632
7660
8109
7661
8110
7635
7637
7635
7638
7639
7641
7637
7638
7639
7643
7639
7645
7642
7644
7642
7645
7646
7647
7644
7645
7646
7649
8115
7646
8116
7651
8117
7648
7651
7652
7653
7664
7650
7651
7652
8122
7652
7667
8123
7654
7668
8124
7654
7674
8129
7656
7660
8131
15393
7659
7661
7659
7662
7663
7661
7662
7663
8133
7663
8134
18017
8135
7666
7668
7666
7669
7670
7672
7679
7668
7669
7670
7674
8140
7670
7682
8141
7676
7683
8142
7673
7675
7673
7676
7677
7686
7675
7676
7677
8147
7677
7689
8148
7678
7690
8149
7695
8154
7681
7683
7681
7684
7685
7687
7683
7684
7685
7689
7685
7691
7688
7690
7688
7691
7692
7693
7716
7690
7691
7692
7695
8163
7692
7719
8164
7696
7720
8165
7694
7696
7697
7723
7696
7697
7726
8170
7727
8171
7699
7700
16839
7701
7703
15394
7701
7705
8175
18018
7707
8176
15396
7704
7706
7704
7707
7708
7710
7730
7706
7707
7708
7712
8179
7708
7733
8180
7714
7734
8181
7711
7713
7711
7714
7715
7737
7713
7714
7715
7715
7740
7741
7718
7720
7718
7721
7722
7724
7720
7721
7722
7726
8186
7722
8187
7728
8188
7725
7727
7725
7728
7729
7727
7728
7729
8193
7729
8194
8195
7732
7734
7732
7735
18020
7736
7738
7747
7734
7735
18023
7736
7740
8201
7736
8202
18026
7742
7748
8203
7739
7741
7739
7742
7743
7749
7741
7742
7743
8207
7743
7752
8208
7753
8209
7746
7746
7757
8214
7748
16840
7752
8217
18032
7751
7753
7751
7754
18029
7755
7758
7753
7754
7755
8219
7755
8220
18035
7760
8221
7759
7760
7761
7763
15398
7761
7765
8234
18038
7767
15401
7764
7766
7764
7767
7768
7776
7766
7767
7768
8236
7768
7778
8237
7779
8238
7771
7773
7771
7774
7775
7802
7773
7774
7775
8257
7775
7804
8258
8259
7777
7779
7780
7782
18044
7779
18041
7780
7784
8264
7786
18047
7783
7785
7783
7786
7787
7789
7806
7785
7786
7787
7791
8266
7787
7808
8267
7793
7809
8268
7790
7792
7790
7793
7794
7810
7792
7793
7794
8273
7794
7813
8274
7814
8275
7797
7799
7797
7800
7801
7803
7852
7799
7800
7801
7804
8294
7801
7854
8295
7805
7855
8296
7805
7805
7807
7809
7811
15404
7809
18050
7813
8302
15407
7812
7814
7812
7815
16844
7816
7818
7856
7814
7815
7816
7820
8304
7816
8305
15410
7822
7857
8306
7819
7821
7819
7822
7823
7825
7858
7821
7822
7823
7827
8311
7823
7860
8312
7829
7861
8313
7826
7828
7826
7829
7830
7862
7828
7829
7830
8318
7830
7865
8319
7866
8320
7833
7835
7833
7836
7837
7839
7897
7835
7836
7837
7841
8339
7837
7900
8340
7843
7901
8341
7840
7842
7840
7843
7844
7846
7902
7842
7843
7844
7848
8346
7844
7903
8347
7850
7904
8348
7847
7849
7847
7850
7851
7853
15413
7849
7850
7851
7854
8353
7851
8354
15415
8355
15418
7855
16843
16847
7855
15421
15423
7857
15424
7860
15427
7859
7861
7863
15430
7861
15433
7865
8360
15436
7864
7866
7864
7867
16849
7868
7870
15439
7866
7867
7868
7872
8363
7868
18053
7874
8364
15442
7871
7873
7871
7874
16852
7875
7877
15445
7873
7874
7875
7879
8367
7875
8368
15448
7881
8369
15451
7878
7880
7878
7881
16855
7882
7884
15454
7880
7881
7882
7886
8372
7882
8373
15457
7888
8374
15460
7885
7887
7885
7888
16858
7889
7891
15463
7887
7888
7889
7893
8377
7889
8378
15466
7895
8379
15469
7892
7894
7892
7895
16861
7896
7898
15472
7894
7895
7896
7900
8382
7896
15475
15478
7899
7901
7899
16864
15481
7901
15484
7903
8385
15487
7904
15490
7904
15493
15496
7907
7929
8389
7908
7909
7932
7908
7935
8392
7911
7936
8393
18056
7910
7911
17946
7912
7913
7939
17949
7912
7942
8398
18057
7915
7943
8399
18058
7914
7915
16867
7916
7946
7916
7949
8404
18060
7917
7950
8405
18061
7918
7956
8410
18062
7919
7957
8411
18063
7920
7963
8415
18067
7964
8416
18069
7924
7926
7990
7924
7928
8424
7924
7993
8425
7930
7994
8426
7927
7929
7927
7930
7931
7933
7997
7929
7930
7931
7935
8431
7931
8000
8432
7937
8001
8433
7934
7936
7934
7937
7938
7940
8004
7936
7937
7938
7942
8438
7938
8007
8439
7944
8008
8440
7941
7943
7941
7944
7945
7947
8011
7943
7944
7945
7949
8445
7945
8014
8446
7951
8015
8447
7948
7950
7948
7951
7952
7954
8018
7950
7951
7952
7956
8452
7952
8021
8453
7958
8022
8454
7955
7957
18065
7955
7958
7959
7961
8025
7957
7958
7959
7963
8459
7959
8028
8460
7965
8029
8461
7962
7964
18072
7962
7965
7966
7968
8032
7964
7965
7966
7970
8466
7966
8035
8467
7972
8036
8468
7969
7971
18075
7969
7972
7973
7975
8039
7971
7972
18078
7973
7977
8473
18081
7973
8042
8474
7979
8043
8475
7976
7978
16868
7976
7979
7980
7981
8046
7978
7979
18087
7980
7983
8480
18090
7980
8049
8481
7984
8050
8482
7982
7984
16871
7985
7986
8053
18093
7984
16874
7985
8056
8487
7987
8057
8488
18096
7987
16877
8063
8493
18102
7989
7991
8074
7995
8076
8498
7992
7994
7992
7995
7996
7998
8078
7994
7995
7996
8000
8501
7996
8081
8502
8002
8082
8503
7999
8001
7999
8002
8003
8005
8001
8002
8003
8007
8508
8003
8509
8009
8510
8006
8008
8006
8009
8010
8012
8008
8009
8010
8014
8010
8016
8013
8015
8013
8016
8017
8019
8015
8016
8017
8021
8017
8023
8020
8022
8020
8023
8024
8026
8022
8023
8024
8028
8024
8030
8027
8029
8027
8030
8031
8033
8029
8030
8031
8035
8031
8037
8034
8036
8034
8037
8038
8040
8036
8037
8038
8042
8038
8044
8041
8043
8041
8044
8045
8047
8043
8044
8045
8049
8045
8051
8048
8050
8048
8051
8052
8054
8050
8051
8052
8056
8052
8058
8055
8057
8055
8058
8059
8061
8057
8058
8059
8063
8515
8059
8516
8065
8517
8062
8064
18099
8062
8065
8066
8067
8064
8065
8066
8069
8522
18105
8066
8523
8070
8524
8068
8070
8071
8072
8085
18111
8070
18108
8071
8088
8530
8073
8089
8531
18114
8073
16880
8095
8536
15499
8075
8076
16883
8077
8079
8104
18128
8077
8081
8538
18129
8083
8106
8539
18130
8080
8082
8080
8083
8084
8108
8082
8083
8084
8542
8084
8111
8543
8112
8544
8087
8089
8087
8090
8091
8093
8089
8090
8091
8095
8549
8091
8550
8097
8551
8094
8096
18120
8094
8097
8098
8099
8096
8097
8098
8101
8556
18123
8098
8557
8102
8558
8100
8102
8103
8115
15502
8102
18126
8103
8118
8563
8119
8564
15503
8105
8106
16884
8107
8109
8131
18139
8107
8111
8570
18141
8113
8132
8571
18143
8110
8112
8110
8113
8114
8133
8112
8113
8114
8574
8114
8136
8575
8137
8576
8117
8119
8117
8120
8121
8123
8119
8120
8121
8125
8581
8121
8582
8127
8583
8124
8126
16886
8124
8127
8128
8129
8140
8126
8127
18132
8128
8588
18137
8128
8143
8589
8130
8144
8590
8130
16887
8150
8595
18146
8132
14610
8136
8597
18148
8135
8137
8135
8138
19339
8139
8156
8137
8138
8139
8599
8139
8159
8600
18151
8160
8601
8142
8144
8142
8145
8146
8148
8144
8145
8146
8150
8146
8152
8149
8151
16888
8149
8152
8153
8154
8163
8151
8152
8153
8606
15505
8153
8166
8607
8155
8167
8608
8155
8172
8613
8158
8160
8158
8161
16897
8162
8175
8160
8161
16891
8162
8615
8162
8616
16894
8177
8617
8165
8167
8165
8168
8169
8170
8186
8167
8168
8169
8172
8629
8169
8189
8630
8173
8190
8631
8171
8173
8174
8193
8173
8174
8196
8637
8197
8638
8176
8177
16899
8178
8180
18154
8178
8182
8643
18157
8184
8644
18160
8181
8183
8181
8184
8185
8201
8183
8184
8185
8646
8185
8204
8647
8205
8648
8188
8190
8188
8191
8192
8194
8190
8191
8192
8196
8653
8192
8654
8198
8655
8195
8197
8195
8198
8199
8197
8198
8199
8660
8199
8661
8200
8662
8215
8667
8203
8205
8203
18163
8206
8208
8217
8205
18166
8206
8210
8669
8212
8218
8670
18169
8209
8211
8209
8212
8213
8219
8211
8212
8213
8674
8213
8222
8675
8223
8676
8216
8216
8233
8688
8218
15506
8222
8691
18175
8221
8223
8221
8224
18172
8225
8227
8234
8223
8224
8225
8229
8692
8225
8693
18178
8231
8235
8694
8228
8230
8228
8231
8232
8236
8230
8231
8232
8699
8232
8239
8700
8240
8701
8235
15509
8239
8706
18184
8238
8240
8238
8241
18181
8242
8244
8264
8240
8241
8242
8246
8708
8242
8709
15512
8248
8265
8710
8245
8247
8245
8248
8249
8266
8247
8248
8249
8715
8249
8269
8716
8270
8717
8252
8254
8252
8255
8256
8258
8294
8254
8255
8256
8260
8722
8256
8297
8723
8262
8298
8724
8259
8261
8259
8262
8263
8261
8262
8263
8729
8263
8301
8730
8265
16901
8269
8734
15515
8268
8270
8268
8271
18187
8272
8274
8302
8270
8271
8272
8276
8736
8272
8737
15518
8278
8303
8738
8275
8277
8275
8278
8279
8281
8304
8277
8278
8279
8283
8743
8279
8307
8744
8285
8308
8745
8282
8284
8282
8285
8286
8311
8284
8285
8286
8750
8286
8314
8751
8315
8752
8289
8291
8289
8292
8293
8295
8353
8291
8292
8293
8297
8757
8293
8356
8758
8299
8357
8759
8296
8298
8296
8299
8300
15521
8298
8299
8300
8301
8764
8300
8359
8765
8766
15522
8303
15523
8307
8770
18193
8306
8308
8306
8309
18190
8310
8312
15526
8308
8309
8310
8314
8771
8310
18196
8316
8772
15529
8313
8315
8313
8316
8317
8319
8360
8315
8316
8317
8321
8776
8317
8361
8777
8323
8362
8778
8320
8322
8320
8323
8324
8326
8363
8322
8323
8324
8328
8783
8324
8365
8784
8330
8366
8785
8327
8329
8327
8330
8331
8367
8329
8330
8331
8790
8331
8370
8791
8371
8792
8334
8336
8334
8337
8338
8340
8382
8336
8337
8338
8342
8811
8338
8383
8812
8344
8384
8813
8341
8343
8341
8344
8345
8347
8385
8343
8344
8345
8349
8818
8345
8386
8819
8351
8387
8820
8348
8350
8348
8351
8352
8354
15532
8350
8351
8352
8356
8825
8352
8826
15535
8358
8827
15538
8355
8357
8355
8358
16904
15541
8357
8358
8359
8831
15544
15547
15550
8362
15552
8362
16953
8365
8834
15555
8364
8366
8368
18199
8366
15558
8370
8835
15561
8369
8371
8369
16907
8373
15564
8371
15567
8375
8838
15570
8374
8376
8374
14612
8378
16910
8376
14615
8380
8841
15573
8379
8381
8379
15576
15579
8381
15582
8383
8844
15585
8384
15588
8384
15591
8386
8847
15594
8387
15597
8387
15600
15603
8389
8390
8391
8392
8431
8391
8434
8857
8396
8435
8858
8393
8396
8397
8398
8438
18206
8395
8396
8397
8400
8863
18202
8397
8441
8864
8402
8442
8865
8399
8402
16913
8403
8404
8445
18207
8401
8402
16915
8403
8406
8870
18209
8403
8448
8871
8408
8449
8872
8405
8408
16917
8409
8410
8452
18211
8407
8408
18203
8409
8412
8877
18205
8409
8455
8878
8413
8456
8879
8411
8413
16919
8414
8415
8459
18212
8413
8414
8462
8885
8417
8463
8886
18213
8416
8417
16920
8418
8419
8466
18214
8418
8469
8891
18217
8421
8470
8892
18219
8420
8421
16922
8422
8473
18084
8422
8476
8897
18222
8423
8477
8898
18225
8483
8902
18228
8426
8428
8426
8429
8430
8432
8501
8428
8429
8430
8434
8907
8430
8504
8908
18243
8436
8505
8909
8433
8435
8433
8436
8437
8439
8508
8435
8436
8437
8441
8914
8437
8511
8915
8443
8512
8916
8440
8442
8440
8443
8444
8446
8442
8443
8444
8448
8921
8444
8922
8450
8923
8447
8449
8447
8450
8451
8453
8449
8450
8451
8455
8928
8451
8929
8457
8930
8454
8456
8454
8457
8458
8460
8456
8457
8458
8462
8935
8458
8936
8464
8937
8461
8463
8461
8464
8465
8467
8463
8464
8465
8469
8942
8465
8943
8471
8944
8468
8470
8468
8471
8472
8474
8470
8471
8472
8476
8949
8472
8950
8478
8951
8475
8477
8475
8478
8479
8481
8477
8478
8479
8483
8956
8479
8957
8485
8958
8482
8484
18231
8482
8485
8486
8487
8484
8485
8486
8489
8963
18234
8486
8964
8491
8965
8488
8491
8492
8493
8515
18244
8490
8491
18240
8492
8970
15606
8492
8518
8971
8495
8519
8972
8494
8495
16925
8496
8522
15609
8496
8525
8977
18247
8526
8978
15612
8498
8499
8500
8502
8538
18256
8500
8504
8981
18257
8506
8540
8982
18258
8503
8505
8503
8506
8507
8509
8542
8505
8506
8507
8511
8985
8507
8545
8986
8513
8546
8987
8510
8512
8510
8513
8514
8512
8513
8514
8514
8517
8519
8517
8520
8521
8523
8519
8520
8521
8525
8992
8521
8993
8527
8994
8524
8526
8524
8527
8528
8530
8526
8527
8528
8532
8999
8528
9000
8534
9001
8531
8533
18117
8531
8534
8535
8536
8549
8533
8534
18250
8535
9006
18253
8535
8552
9007
8537
8553
9008
8537
15615
8559
9013
18262
8539
8540
16928
8541
8543
8570
18271
8541
8545
9017
18273
8547
8572
9018
18275
8544
8546
8544
8547
8548
8574
8546
8547
8548
9021
8548
8577
9022
8578
9023
8551
8553
8551
8554
8555
8557
8553
8554
8555
8559
8555
8561
8558
8560
18259
8558
8561
8562
8563
8560
8561
8562
8565
9028
18265
8562
9029
8566
9030
8564
8566
8567
8568
8581
18277
8566
18268
8567
8584
9035
8569
8585
9036
18280
8569
18134
8591
9040
15618
8571
8572
16929
8573
8575
8597
18286
8573
8577
9042
18289
8579
8598
9043
18292
8576
8578
8576
8579
8580
8599
8578
8579
8580
9046
8580
8602
9047
8603
9048
8583
8585
8583
8586
8587
8589
8585
8586
8587
8591
9053
8587
9054
8593
9055
8590
8592
16932
8590
8593
8594
8595
8592
8593
8594
9060
18283
8594
9061
8596
9062
8596
15621
8609
9067
15623
8598
15625
8602
9069
18301
8601
8603
8601
8604
18298
8605
8615
8603
8604
8605
9070
8605
8618
9071
18304
8619
9072
8608
8610
18295
8608
8611
8612
8613
8629
8610
8611
8612
13096
18296
8612
8632
13097
8614
8633
13098
8614
16935
8639
9077
15628
8617
8619
8617
8620
16936
8621
8623
8643
8619
8620
18308
8621
8625
9079
8621
15629
8627
8645
9080
8624
8626
8624
8627
8628
8646
8626
8627
8628
9084
8628
8649
9085
8650
9086
8631
8633
8631
8634
8635
8637
8653
8633
8634
8635
8639
9091
8635
8656
9092
8641
8657
9093
8638
8640
8638
8641
8642
8660
8640
8641
8642
9098
18307
8642
8663
9099
8664
9100
15632
8644
8645
16939
8647
18311
8649
9105
15633
8648
8650
8648
8651
8652
8669
8650
8651
8652
9107
8652
8671
9108
18314
8672
9109
8655
8657
8655
8658
8659
8661
8657
8658
8659
8663
8659
8665
8662
8664
8662
8665
8666
8667
8664
8665
8666
9114
8666
9115
8668
9116
8668
8689
9121
8670
8672
8673
8675
8691
18320
8672
18317
8673
8677
9124
8679
9125
15636
8676
8678
8676
8679
8680
8682
8692
8678
8679
8680
8684
9128
8680
8695
9129
8686
8696
9130
8683
8685
8683
8686
8687
8699
8685
8686
8687
8687
8702
8703
8690
8690
9135
15639
8694
8696
8694
8697
16942
8698
8700
8706
8696
8697
18323
8698
8702
9138
8698
18326
8704
8707
9139
8701
8703
8701
8704
8705
8708
8703
8704
8705
9143
8705
8711
9144
8712
9145
8707
15642
8711
15645
8710
8712
8710
8713
16945
8714
8716
8734
8712
8713
8714
8718
9164
8714
9165
15648
8720
8735
9166
8717
8719
8717
8720
8721
8736
8719
8720
8721
9170
8721
8739
9171
8740
9172
8724
8726
8724
8727
8728
8730
8764
8726
8727
8728
8731
9184
8728
8767
9185
8733
8768
9186
8732
8733
8732
8733
9191
9192
8735
15651
8739
9194
15654
8738
8740
8738
8741
16948
8742
8744
8770
8740
8741
8742
8746
9195
8742
9196
15657
8748
9197
15660
8745
8747
8745
8748
8749
8751
8771
8747
8748
8749
8753
9201
8749
8773
9202
8755
8774
9203
8752
8754
8752
8755
8756
8776
8754
8755
8756
9208
8756
8779
9209
8780
9210
8759
8761
8759
8762
8763
8765
8831
8761
8762
8763
8767
9222
8763
8832
9223
8769
8833
9224
8766
8768
8766
8769
16951
15663
8768
8769
9229
9230
15664
15665
8772
8774
8775
8777
18332
8774
18329
8775
8779
9233
8781
9234
18335
8778
8780
8778
8781
16956
8782
8784
8834
8780
8781
8782
8786
9237
8782
9238
15668
8788
9239
15671
8785
8787
8785
8788
8789
8791
8835
8787
8788
8789
8793
9244
8789
8836
9245
8795
8837
9246
8792
8794
8792
8795
8796
8798
8838
8794
8795
8796
8800
9251
8796
8839
9252
8802
8840
9253
8799
8801
8799
8802
8803
8805
8841
8801
8802
8803
8807
9258
8803
8842
9259
8809
8843
9260
8806
8808
8806
8809
8810
8812
8844
8808
8809
8810
8814
9265
8810
8845
9266
8816
8846
9267
8813
8815
8813
8816
8817
8819
8847
8815
8816
8817
8821
9272
8817
8848
9273
8823
8849
9274
8820
8822
8820
8823
8824
8826
15674
8822
8823
8824
8828
9279
8824
9280
15677
8830
9281
15680
8827
8829
8827
8830
16959
15683
8829
8830
8832
9286
15686
9287
15689
8833
15692
8833
15694
15696
15697
8837
15700
8837
18338
8839
9290
15703
8840
15706
8840
15709
8842
9292
15712
8843
15715
8843
15718
8845
9295
15721
8846
15724
8846
15727
8848
9298
15730
8849
15733
8849
15736
15739
8851
8867
9304
8852
8873
9307
8853
8874
9308
8880
9311
8855
8857
8907
8861
8911
9320
8858
8860
8858
8861
8862
8864
8914
8860
8861
8862
8866
9324
8862
8917
9325
8868
8918
9326
8865
8867
18341
8865
8868
8869
8871
8921
8867
8868
8869
8873
9331
8869
8924
9332
8875
8925
9333
8872
8874
18342
8872
8875
8876
8878
8928
8874
8875
8876
8880
9338
8876
8931
9339
8882
8932
9340
8879
8881
18343
8879
8882
8883
8885
8935
8881
8882
8883
8887
9345
8883
8938
9346
8889
8939
9347
8886
8888
18344
8886
8889
8890
8891
8942
8888
8889
8890
8893
9352
18345
8890
8945
9353
8895
8946
9354
8892
8895
8896
8897
8949
18348
8894
8895
18346
8896
8899
9359
18351
8896
8952
9360
8900
8953
9361
8898
8900
16962
8901
8902
8956
18354
8900
16965
8901
8959
9367
8904
8960
9368
18357
8903
8904
16968
8905
8963
18237
8905
8966
9373
18360
8967
9374
18363
8912
8983
9379
18376
8909
8911
8909
8912
18375
8913
8915
8985
8911
8912
8913
8917
9382
8913
8988
9383
8919
8989
9384
8916
8918
8916
8919
8920
8922
8918
8919
8920
8924
9389
8920
9390
8926
9391
8923
8925
8923
8926
8927
8929
8925
8926
8927
8931
8927
8933
8930
8932
8930
8933
8934
8936
8932
8933
8934
8938
8934
8940
8937
8939
8937
8940
8941
8943
8939
8940
8941
8945
8941
8947
8944
8946
8944
8947
8948
8950
8946
8947
8948
8952
8948
8954
8951
8953
8951
8954
8955
8957
8953
8954
8955
8959
8955
8961
8958
8960
8958
8961
8962
8964
8960
8961
8962
8966
9396
8962
9397
8968
9398
8965
8967
8965
8968
8969
8971
8967
8968
8969
8973
9403
8969
9404
8975
9405
8972
8974
16971
8972
8975
8976
8977
8992
8974
8975
18366
8976
9410
18372
8976
8995
9411
8979
8996
9412
8978
8979
16974
8980
8999
15742
8980
9002
9417
18377
9003
9418
15745
8982
8983
16977
8984
8986
9017
18386
8984
8988
9423
18388
8990
9019
9424
18390
8987
8989
8987
8990
8991
9021
8989
8990
8991
9427
8991
9024
9428
9025
9429
8994
8996
8994
8997
8998
9000
8996
8997
8998
9002
8998
9004
9001
9003
9001
9004
9005
9007
9003
9004
9005
9009
9434
9005
9435
9011
9436
9008
9010
18380
9008
9011
9012
9013
9010
9011
18383
9012
9441
15748
9012
9442
9015
9443
9014
9015
16979
9016
9028
18393
9016
9031
9448
18396
9032
9449
18399
9018
9019
16982
9020
9022
9042
18405
9020
9024
9452
18408
9026
9044
9453
18411
9023
9025
9023
9026
9027
9046
9025
9026
9027
9456
9027
9049
9457
9050
9458
9030
9032
9030
9033
9034
9035
9032
9033
9034
9037
9463
9034
9464
9038
9465
9036
9038
9039
9040
9053
18414
9038
18402
9039
9056
9470
9041
9057
9471
18417
9041
16984
9063
9475
18420
9043
9044
16987
9045
9047
9069
18423
9045
9049
9477
18426
9051
9478
18429
9048
9050
9048
9051
9052
9070
9050
9051
9052
9480
9052
9073
9481
9074
9482
9055
9057
9055
9058
9059
9061
9057
9058
9059
9063
9487
9059
9488
9065
9489
9062
9064
16990
9062
9065
9066
9067
9064
9065
9066
9494
15751
9066
9495
9068
9496
9068
15754
9501
13099
18434
16993
9072
9074
9072
9075
18437
9076
9079
9074
9075
18440
9076
9503
9076
9081
9504
18443
9082
9505
9078
13098
16996
9101
9517
13102
18448
9080
9082
9083
9085
9105
18456
9082
15757
9083
9087
9519
9089
9106
9520
18459
9086
9088
9086
9089
9090
9107
9088
9089
9090
9523
9090
9110
9524
9111
9525
9093
9095
13098
9093
9096
9097
9099
9095
9096
13101
9097
9101
9530
13102
9097
9531
9103
9532
9100
9102
18446
9100
9103
9104
9114
15760
9102
9103
9104
9537
18454
9104
9117
9538
9118
9539
15761
9106
16998
9110
18465
9109
9111
9109
9112
18462
9113
9124
9111
9112
9113
9544
9113
9545
18468
9126
9546
9116
9118
9116
9119
9120
9121
9118
9119
9120
9122
9564
9120
9565
9123
9566
9123
9123
9136
9571
9125
9126
9127
9129
18471
9127
9131
9572
18474
9133
18477
9130
9132
9130
9133
9134
9138
9132
9133
9134
9574
9134
9140
9575
9141
9576
9137
9137
9139
9141
9142
9144
15762
9141
15765
9142
9146
9581
9148
9582
15768
9145
9147
9145
9148
9149
9151
9164
9147
9148
9149
9153
9585
9149
9167
9586
9155
9168
9587
9152
9154
9152
9155
9156
9170
9154
9155
9156
9156
9173
9174
9159
9161
9159
9162
9163
9191
9161
9162
9163
9599
9163
9193
9600
9601
9166
9168
9166
18480
9169
9171
9194
9168
18483
9169
9173
9605
9175
9606
18486
9172
9174
9172
9175
9176
9178
9195
9174
9175
9176
9180
9610
9176
9198
9611
9182
9199
9612
9179
9181
9179
9182
9183
9201
9181
9182
9183
9183
9204
9205
9186
9188
9186
9189
9190
9192
9229
9188
9189
9190
9193
9624
9190
9231
9625
9232
9626
15771
9197
9199
9197
17001
9200
9202
15774
9199
15777
9200
9204
9632
9206
9633
15780
9203
9205
9203
9206
9207
9209
9233
9205
9206
9207
9211
9637
9207
9235
9638
9213
9236
9639
9210
9212
9210
9213
9214
9237
9212
9213
9214
9644
9214
9240
9645
9241
9646
9217
9219
9217
9220
9221
9223
9286
9219
9220
9221
9225
9665
9221
9288
9666
9227
9289
9667
9224
9226
9224
9227
9228
9230
15783
9226
9227
9228
9231
9672
9228
9673
15784
9674
15786
9232
9232
9234
9236
9238
15787
9236
18489
9240
9679
15790
9239
9241
9239
9242
17004
9243
9245
15793
9241
9242
9243
9247
9681
9243
9682
18492
9249
9683
15796
9246
9248
9246
9249
9250
9252
9290
9248
9249
9250
9254
9687
9250
9688
15799
9256
9291
9689
9253
9255
9253
9256
9257
9259
9292
9255
9256
9257
9261
9694
9257
9293
9695
9263
9294
9696
9260
9262
9260
9263
9264
9266
9295
9262
9263
9264
9268
9701
9264
9296
9702
9270
9297
9703
9267
9269
9267
9270
9271
9273
9298
9269
9270
9271
9275
9708
9271
9299
9709
9277
9710
15802
9274
9276
9274
9277
9278
9280
15805
9276
9277
9278
9282
9715
9278
9716
15808
9284
9717
15811
9281
9283
9281
9284
17007
9285
9287
15814
9283
9284
9285
9288
9722
9285
9723
15817
15820
9289
15823
15826
9289
15829
9726
15832
9291
15835
9293
18495
9294
15837
9294
15839
9296
9728
15840
9297
15841
9297
15843
9299
15844
15845
15848
9302
9303
9324
9302
9327
9731
9305
9328
9732
9304
9305
9306
9307
9331
9306
9334
9738
9309
9335
9739
9308
9309
9310
9311
9338
9310
9341
9745
9313
9342
9746
9312
9313
9314
9315
9345
9314
9348
9751
9316
9349
9752
9316
9317
9355
9757
18498
9356
9758
18499
9320
9321
9320
9322
9323
9325
9382
9323
9327
9765
9323
9385
9766
9329
9386
9767
9326
9328
9326
9329
9330
9332
9389
9328
9329
9330
9334
9772
9330
9392
9773
9336
9393
9774
9333
9335
9333
9336
9337
9339
9335
9336
9337
9341
9779
9337
9780
9343
9781
9340
9342
9340
9343
9344
9346
9342
9343
9344
9348
9786
9344
9787
9350
9788
9347
9349
9347
9350
9351
9353
9349
9350
9351
9355
9793
9351
9794
9357
9795
9354
9356
18497
9354
9357
9358
9360
9356
9357
9358
9362
9800
9358
9801
9364
9802
9361
9363
18500
9361
9364
9365
9367
9363
9364
18503
9365
9369
9807
18505
9365
9808
9371
9809
9368
9370
17010
9368
9371
9372
9373
9396
9370
9371
18508
9372
9814
18511
9372
9399
9815
9375
9400
9816
9374
9375
17013
9376
9377
9403
18514
9376
9406
9821
18517
9378
9407
9822
18520
9378
18369
9413
9826
18526
9381
9383
9423
18532
9381
9385
9828
9387
9425
9829
18533
9384
9386
9384
9387
9388
9390
9427
9386
9387
9388
9392
9832
9388
9430
9833
9394
9431
9834
9391
9393
9391
9394
9395
9393
9394
9395
9395
9398
9400
9398
9401
9402
9404
9400
9401
9402
9406
9402
9408
9405
9407
9405
9408
9409
9411
9407
9408
9409
9413
9839
9409
9840
9415
9841
9412
9414
18523
9412
9415
9416
9417
9414
9415
9416
9419
9846
18529
9416
9847
9420
9848
9418
9420
9421
9434
18534
9420
15850
9421
9437
9853
9422
9438
9854
18537
9444
9858
15853
9424
9425
17016
9426
9428
9452
18543
9426
9430
9860
18546
9432
9454
9861
18548
9429
9431
9429
9432
9433
9456
9431
9432
9433
9864
9433
9459
9865
9460
9866
9436
9438
9436
9439
9440
9442
9438
9439
9440
9444
9871
9440
9872
9446
9873
9443
9445
18540
9443
9446
9447
9448
9445
9446
9447
9878
15856
9447
9879
9450
9880
9449
9450
17018
9451
9463
18550
9451
9466
9885
18553
9467
9886
15859
9453
9454
17021
9455
9457
9477
18556
9455
9459
9889
18559
9461
9479
9890
18561
9458
9460
9458
9461
9462
9480
9460
9461
9462
9893
9462
9483
9894
9484
9895
9465
9467
9465
9468
9469
9470
9467
9468
9469
9472
9907
9469
9908
9473
9909
9471
9473
9474
9475
9487
18563
9473
15862
9474
9490
9914
9476
9491
9915
18566
9476
17024
9497
9919
18572
9478
9479
17027
9481
15865
9483
18575
9482
9484
9482
9485
9486
9503
9484
9485
9486
9921
9486
9506
9922
18577
9507
9923
9489
9491
9489
9492
9493
9495
9491
9492
9493
9497
9928
9493
9929
9499
9930
9496
9498
18569
9496
9499
9500
9501
9498
9499
9500
9935
15868
9500
9936
9502
9937
9502
14618
9513
9942
18579
9505
9507
9505
9508
17030
9509
9519
9507
9508
18581
9509
9944
9509
18584
9521
9945
9512
9514
13100
19341
9512
9515
13101
9516
9517
9530
13102
9514
9515
9516
9955
15871
9516
9533
9956
9518
9534
9957
9518
15873
9540
9962
18587
9520
9521
17033
9522
9524
18591
9522
9526
9964
18594
9528
18597
9525
9527
9525
9528
9529
9544
9527
9528
9529
9965
9529
9547
9966
9548
9967
9532
9534
9532
9535
9536
9538
9557
9534
9535
9536
9540
9972
9536
9560
9973
9542
9561
9974
9539
9541
17036
9539
9542
9543
9564
15876
9541
9542
9543
9979
18589
9543
9567
9980
9568
9981
15877
9546
9548
9546
15879
9549
9551
9572
9548
15882
9549
9553
9986
9555
9573
9987
18600
9552
9554
9552
9555
9556
9574
9554
9555
9556
9990
9556
9577
9991
9578
9992
9559
9561
9559
9562
9563
9565
9561
9562
9563
9567
9997
9563
9998
9569
9999
9566
9568
17038
9566
9569
9570
9571
9568
9569
9570
10004
15885
9570
10005
10006
9573
17039
9577
15886
9576
9578
9576
9579
18603
9580
9581
9578
9579
9580
10011
9580
10012
18606
9583
10013
9582
9583
9584
9586
18609
9584
9588
10031
18612
9590
15889
9587
9589
9587
9590
9591
9605
9589
9590
9591
10033
9591
9607
10034
9608
10035
9594
9596
9594
9597
9598
9600
9624
9596
9597
9598
9602
10047
9598
9627
10048
9604
9628
10049
9601
9603
9601
9604
9603
9604
10054
9631
10055
9606
9608
9609
9611
15892
9608
17081
9609
9613
10058
9615
18615
9612
9614
9612
9615
9616
9632
9614
9615
9616
10060
9616
9634
10061
9635
10062
9619
9621
9619
9622
9623
9625
9672
9621
9622
9623
9627
10081
9623
9675
10082
9629
9676
10083
9626
9628
9626
9629
9630
15895
9628
9629
9630
9631
10088
9630
9678
10089
15896
9633
9635
9636
9638
18618
9635
17087
9636
9640
10093
9642
15897
9639
9641
9639
9642
9643
9645
9679
9641
9642
9643
9647
10095
9643
10096
15900
9649
9680
10097
9646
9648
9646
9649
9650
9652
9681
9648
9649
9650
9654
10102
9650
9684
10103
9656
9685
10104
9653
9655
9653
9656
9657
9687
9655
9656
9657
10109
9657
9690
10110
9691
10111
9660
9662
9660
9663
9664
9666
9722
9662
9663
9664
9668
10123
9664
9724
10124
9670
9725
10125
9667
9669
9667
9670
9671
9673
9726
9669
9670
9671
9675
10130
9671
9727
10131
9677
10132
15903
9674
9676
9674
9677
17042
15906
9676
9677
9678
10137
15907
15909
17096
9680
15911
9684
10139
18621
9683
9685
9683
15914
9686
9688
15917
9685
15920
9686
9690
10140
9692
10141
15923
9689
9691
9689
9692
17044
9693
9695
15926
9691
9692
9693
9697
10144
9693
10145
15928
9699
10146
15931
9696
9698
9696
9699
17047
9700
9702
9728
9698
9699
9700
9704
10151
9700
10152
15933
9706
10153
15934
9703
9705
9703
9706
9707
9709
15935
9705
9706
9707
9711
9707
15936
9713
15937
9710
9712
9710
9713
17048
9714
9716
15938
9712
9713
9714
9718
10158
9714
10159
15941
9720
10160
15943
9717
9719
9717
9720
17050
9721
9723
15946
9719
9720
9721
9724
10165
9721
10166
15949
15952
9725
15955
17053
9725
15958
9727
10169
15961
15964
17100
9730
9731
9765
9735
9769
10174
9732
9735
9736
9738
9772
9734
9735
9736
9740
10178
9736
9775
10179
9742
9776
10180
9739
9741
9739
9742
9743
9745
9779
9741
9742
9743
9747
10185
9743
9782
10186
9749
9783
10187
9746
9748
9746
9749
9750
9751
9786
9748
9749
9750
9753
10192
9750
9789
10193
9755
9790
10194
9752
9755
9756
9757
9793
9754
9755
9756
10199
9756
9796
10200
9759
9797
10201
9758
9759
17056
9760
9761
9800
18624
9760
9803
10206
18626
9762
9804
10207
18627
9762
15967
9763
9810
10211
18631
9811
10212
15969
9770
9830
10216
18640
9767
9769
9767
9770
9771
9773
9832
9769
9770
9771
9775
10218
9771
9835
10219
9777
9836
10220
9774
9776
9774
9777
9778
9780
9776
9777
9778
9782
10225
9778
10226
9784
10227
9781
9783
9781
9784
9785
9787
9783
9784
9785
9789
9785
9791
9788
9790
9788
9791
9792
9794
9790
9791
9792
9796
9792
9798
9795
9797
9795
9798
9799
9801
9797
9798
9799
9803
10232
9799
10233
9805
10234
9802
9804
9802
9805
9806
9808
9804
9805
9806
9810
10239
9806
10240
9812
10241
9809
9811
18628
9809
9812
9813
9815
9811
9812
9813
9817
10246
9813
10247
9819
10248
9816
9818
18633
9816
9819
9820
9821
9818
9819
18636
9820
9823
10253
18638
9820
10254
9824
10255
9822
9824
9825
9826
9839
18641
9824
15971
9825
9842
10260
9827
9843
10261
18644
9827
15973
9849
10265
18650
9829
9830
17057
9831
9833
9860
18659
9831
9835
10267
18660
9837
9862
10268
18662
9834
9836
9834
9837
9838
9864
9836
9837
9838
10271
9838
9867
10272
9868
10273
9841
9843
9841
9844
9845
9847
9843
9844
9845
9849
10278
9845
10279
9851
10280
9848
9850
18647
9848
9851
9852
9853
9850
9851
9852
9855
10285
18653
9852
10286
9856
10287
9854
9856
9857
9858
9871
18664
9856
18656
9857
9874
10292
9859
9875
10293
18667
9859
17058
9881
10297
18673
9861
9862
17061
9863
9865
9889
18676
9863
9867
10299
18678
9869
9891
10300
18680
9866
9868
9866
9869
9870
9893
9868
9869
9870
10303
9870
9896
10304
9897
10305
9873
9875
9873
9876
9877
9879
9875
9876
9877
9881
10310
9877
10311
9883
10312
9880
9882
18670
9880
9883
9884
9885
9900
9882
9883
9884
10317
15976
9884
9903
10318
9887
9904
10319
9886
9887
17063
9888
9907
15979
9888
9910
10324
18681
9911
10325
18684
9890
9891
17066
9892
9894
18690
9892
9896
10328
18691
9898
9895
9897
9895
9898
9899
9921
9897
9898
9899
10329
9899
9924
10330
9925
10331
9902
9904
9902
9905
9906
9908
9904
9905
9906
9910
9906
9912
9909
9911
9909
9912
9913
9914
9911
9912
9913
9916
10336
9913
10337
9917
10338
9915
9917
9918
9919
9928
18692
9917
18687
9918
9931
10343
9920
9932
10344
18695
9920
17067
9938
10348
18698
9923
9925
9923
9926
18704
9927
9944
9925
9926
18706
9927
10350
9927
15982
9946
10351
9930
9932
9930
9933
9934
9936
9932
9933
9934
9938
10361
9934
10362
9940
10363
9937
9939
17070
9937
9940
9941
9942
9939
9940
9941
10368
18701
9941
10369
9943
10370
9943
15983
9958
10375
15985
9945
9946
9947
9949
9964
18708
9947
9951
10377
18711
9953
18713
9950
9952
9950
9953
9954
9965
9952
9953
9954
10378
9954
9968
10379
9969
10380
9957
9959
18707
9957
9960
9961
9962
9972
9959
9960
9961
10385
15987
9961
9975
10386
9963
9976
10387
9963
15988
9982
10392
17073
9967
9969
9967
9970
18715
9971
9986
9969
9970
18718
9971
10394
9971
18721
9988
10395
9974
9976
9974
9977
9978
9980
9997
9976
9977
9978
9982
10405
9978
10000
10406
9984
10001
10407
9981
9983
17076
9981
9984
9985
10004
15989
9983
9984
9985
9985
10007
10412
10008
10413
9987
9988
9989
9991
18724
9989
9993
10417
18727
9995
18730
9992
9994
9992
9995
9996
10011
9994
9995
9996
10418
9996
10014
10419
10015
10420
9999
10001
9999
10002
10003
10005
10001
10002
10003
10007
10425
10003
10426
10009
10427
10006
10008
17077
10006
10009
10010
10024
10008
10009
10010
10432
10010
10027
10433
10028
10434
10013
10015
10013
15990
10016
10018
10031
10015
15993
10016
10020
10439
10022
10032
10440
18733
10019
10021
10019
10022
10023
10033
10021
10022
10023
10443
10023
10036
10444
10037
10445
10026
10028
10026
10029
10030
10054
10028
10029
10030
10457
10030
10056
10458
10032
17078
10036
18736
10035
10037
10035
10038
17084
10039
10041
10058
10037
10038
10039
10043
10462
10039
10463
15996
10045
10059
10464
10042
10044
10042
10045
10046
10060
10044
10045
10046
10468
10046
10063
10469
10064
10470
10049
10051
10049
10052
10053
10055
10088
10051
10052
10053
10056
10489
10053
10090
10490
10057
10091
10491
10057
10057
10059
15999
10063
10497
16002
10062
10064
10062
10065
17090
10066
10068
10093
10064
10065
10066
10070
10498
10066
10499
16005
10072
10094
10500
10069
10071
10069
10072
10073
10095
10071
10072
10073
10504
10073
10098
10505
10099
10506
10076
10078
10076
10079
10080
10082
10130
10078
10079
10080
10084
10511
10080
10133
10512
10086
10134
10513
10083
10085
10083
10086
10087
10089
10137
10085
10086
10087
10090
10518
10087
10138
10519
10092
10520
16008
10091
16011
10092
17098
10091
10092
16012
16013
10094
17093
10098
10526
16015
10097
10099
10097
10100
18739
10101
10103
10139
10099
10100
10101
10105
10527
10101
16018
10107
10528
16021
10104
10106
10104
10107
10108
10110
10140
10106
10107
10108
10112
10532
10108
10142
10533
10114
10143
10534
10111
10113
10111
10114
10115
10144
10113
10114
10115
10539
10115
10147
10540
10148
10541
10118
10120
10118
10121
10122
10124
10165
10120
10121
10122
10126
10560
10122
10167
10561
10128
10168
10562
10125
10127
10125
10128
10129
10131
10169
10127
10128
10129
10133
10567
10129
10170
10568
10135
10569
16024
10132
10134
10132
10135
17103
10136
16027
10134
10135
10136
10138
10574
10136
10575
16030
16033
16036
16039
16042
10141
10143
10145
18745
10143
18742
10147
10578
16045
10146
10148
10146
10149
17109
10150
10152
16048
10148
10149
10150
10154
10580
10150
18748
10156
10581
16050
10153
10155
10153
10156
17112
10157
17114
10155
10156
10157
10584
10157
10585
17116
10586
17118
10160
10162
10160
10163
17120
10164
10166
17122
10162
10163
10164
10167
10596
10164
10597
17125
17127
10168
16052
16055
10168
16058
10170
10600
16061
17106
16064
10172
10188
10606
10189
10607
10174
10176
10177
10179
10218
10177
10181
10613
10177
10221
10614
10183
10222
10615
10180
10182
10180
10183
10184
10186
10225
10182
10183
10184
10188
10619
10184
10228
10620
10190
10229
10621
10187
10189
10187
10190
10191
10193
10189
10190
10191
10195
10626
10191
10627
10197
10628
10194
10196
10194
10197
10198
10200
10196
10197
10198
10202
10633
18751
10198
10634
10204
10635
10201
10203
10201
10204
10205
10206
10232
10203
10204
18752
10205
10208
13103
18753
10205
10235
13104
10209
10236
13105
10207
10209
10210
10211
10239
18754
10209
10210
10242
10641
10213
10243
10642
10212
10213
17130
10214
10246
16067
10214
10249
10647
10215
10250
10648
10256
10651
10217
10219
10267
18757
10223
10269
10653
10220
10222
10220
10223
10224
10226
10271
10222
10223
10224
10228
10655
10224
10274
10656
10230
10275
10657
10227
10229
10227
10230
10231
10229
10230
10231
10231
10234
10236
10234
10237
10238
10240
10236
10237
10238
10242
10238
10244
10241
10243
10241
10244
10245
10247
10243
10244
10245
10249
10662
10245
10663
10251
10664
10248
10250
10248
10251
10252
10254
10250
10251
10252
10256
10669
10252
10670
10258
10671
10255
10257
18755
10255
10258
10259
10260
10257
10258
10259
10262
10676
18756
10259
10677
10263
10678
10261
10263
10264
10265
10278
18758
10263
16068
10264
10281
10683
10266
10282
10684
18761
10266
16070
10288
10688
18767
10268
10269
17131
10270
10272
10299
18773
10270
10274
10690
18775
10276
10301
10691
18776
10273
10275
10273
10276
10277
10303
10275
10276
10277
10693
10277
10306
10694
10307
10695
10280
10282
10280
10283
10284
10286
10282
10283
10284
10288
10700
10284
10701
10290
10702
10287
10289
18764
10287
10290
10291
10292
10289
10290
10291
10294
10707
18770
10291
10708
10295
10709
10293
10295
10296
10297
10310
18777
10295
16073
10296
10313
10714
10298
10314
10715
18780
10298
17132
10320
10719
18783
10300
10301
17135
10302
10304
10328
18789
10302
10306
10721
18790
10308
10305
10307
10305
10308
10309
10329
10307
10308
10309
10722
10309
10332
10723
10333
10724
10312
10314
10312
10315
10316
10318
10314
10315
10316
10320
10729
10316
10730
10322
10731
10319
10321
17136
10319
10322
10323
10324
10321
10322
10323
10736
18786
10323
10737
10326
10738
10325
10326
17139
10327
10336
18791
10327
10339
10743
18793
10340
10744
18796
10331
10333
10331
10334
10335
10350
10333
10334
10335
10747
10335
10352
10748
10338
10340
10338
10341
10342
10343
10340
10341
10342
10345
10765
10342
10766
10346
10767
10344
10346
10347
10348
10361
18799
10346
18798
10347
10364
10772
10349
10365
10773
18801
10349
16076
10371
10777
16078
10351
10352
10353
10355
10377
18805
10353
10357
10778
10359
10356
10358
10356
10359
10360
10378
10358
10359
10360
10779
10360
10381
10780
10382
10781
10363
10365
10363
10366
10367
10369
10365
10366
10367
10371
10786
10367
10787
10373
10788
10370
10372
18802
10370
10373
10374
10375
10372
10373
10374
10793
18804
10374
10794
10376
10795
10376
17142
10388
10800
16079
17144
10380
10382
10380
10383
18806
10384
10394
10382
10383
18808
10384
10802
10384
18809
10396
10803
10387
10389
17145
10387
10390
10391
10392
10405
10389
10390
10391
10820
16080
10391
10408
10821
10393
10409
10822
10393
10414
10827
10395
10396
10397
10399
10417
18810
10397
10401
10828
18813
10403
16081
10400
10402
10400
10403
10404
10418
10402
10403
10404
10829
10404
10421
10830
10422
10831
10407
10409
10407
10410
10411
10412
10425
10409
10410
10411
10414
10836
10411
10428
10837
10415
10429
10838
10413
10415
10416
10432
10415
10416
10435
10843
10436
16084
10420
10422
10420
10423
18815
10424
10439
10422
10423
18818
10424
10846
10424
18821
10441
10847
10427
10429
10427
10430
10431
10433
10450
10429
10430
10431
10435
10857
10431
10453
10858
10437
10454
10859
10434
10436
10434
10437
10438
10457
10436
10437
10438
10864
10438
10459
10865
10460
10866
10440
10441
10442
10444
16087
10442
10446
10869
18824
10448
16090
10445
10447
10445
10448
10449
10462
10447
10448
10449
10870
10449
10465
10871
10466
10872
10452
10454
10452
10455
10456
10458
10489
10454
10455
10456
10459
10884
10456
10492
10885
10461
10493
10886
10460
10461
10460
10461
10496
10891
10464
10466
10464
16093
10467
10469
10497
10466
17173
10467
10471
10893
10473
10894
18827
10470
10472
10470
10473
10474
10476
10498
10472
10473
10474
10478
10896
10474
10501
10897
10480
10502
10898
10477
10479
10477
10480
10481
10504
10479
10480
10481
10903
10481
10507
10904
10508
10905
10484
10486
10484
10487
10488
10490
10518
10486
10487
10488
10492
10910
10488
10521
10911
10494
10522
10912
10491
10493
10491
10494
10495
16096
10493
10494
10495
10496
10917
10495
10525
10918
16097
17146
10500
10502
10500
17149
10503
10505
10526
10502
18830
10503
10507
10922
10509
10923
18833
10506
10508
10506
10509
10510
10527
10508
10509
10510
10925
10510
10529
10926
10530
10927
10513
10515
10513
10516
10517
10519
10574
10515
10516
10517
10521
10946
10517
10576
10947
10523
10577
10948
10520
10522
10520
10523
10524
16098
10522
10523
10524
10525
10953
10524
10954
16101
16104
17182
16107
10528
10530
10531
10533
16110
10530
16113
10531
10535
10957
10537
16116
10534
10536
10534
10537
10538
10540
10578
10536
10537
10538
10542
10959
10538
10960
16119
10544
10579
10961
10541
10543
10541
10544
10545
10547
10580
10543
10544
10545
10549
10966
10545
10582
10967
10551
10583
10968
10548
10550
10548
10551
10552
10584
10550
10551
10552
10973
10552
10587
10974
10588
10975
10555
10557
10555
10558
10559
10561
10596
10557
10558
10559
10563
10987
10559
10598
10988
10565
10599
10989
10562
10564
10562
10565
10566
10568
10600
10564
10565
10566
10570
10994
10566
10601
10995
10572
10602
10996
10569
10571
10569
10572
17152
10573
10575
16122
10571
10572
10573
10576
11001
10573
11002
16125
16128
10577
16131
16134
10577
16137
16140
10579
16143
10582
11007
18836
10581
10583
10585
18839
10583
16146
10587
11008
16149
10586
10588
10586
16151
10589
10591
16152
10588
16153
10589
10593
11011
10595
10592
10594
10592
10595
17158
10597
17159
10594
10595
10598
11014
16154
10599
16155
17160
10599
16158
10601
11017
16160
10602
17155
10602
16163
16166
10605
10606
10619
10605
10622
11020
10608
10623
11021
10607
10608
10609
10610
10626
10609
10629
11024
18841
10611
10630
11025
18842
10611
10612
10636
11028
18844
10637
11029
18845
10615
10616
10615
10617
10618
10620
10655
10618
10622
11033
10618
10658
11034
10624
10659
11035
10621
10623
10621
10624
10625
10627
10623
10624
10625
10629
11039
10625
11040
10631
11041
10628
10630
10628
10631
10632
10634
10630
10631
10632
10636
11046
10632
11047
10638
11048
10635
10637
18843
10635
10638
10639
13104
10637
10638
10639
11053
13106
10639
11054
11055
13108
10642
10644
10642
10645
13105
10646
10647
10662
10644
10645
13107
18850
10646
11067
18851
10646
10665
11068
13109
10649
10666
11069
10648
10649
17162
10650
10651
10669
18852
10650
10672
11074
18853
10652
10673
11075
18854
10652
17163
10679
11078
16169
10654
10656
10690
10660
10692
10657
10659
10657
10660
10661
10693
10659
10660
10661
13110
10661
10696
13111
10697
13112
10664
10666
10664
10667
10668
10670
10666
10667
10668
10672
10668
10674
10671
10673
10671
10674
10675
10677
10673
10674
10675
10679
11080
10675
11081
10681
11082
10678
10680
18856
10678
10681
10682
10683
10680
10681
10682
10685
11087
18857
10682
11088
10686
11089
10684
10686
10687
10688
10700
18861
10686
18859
10687
10703
11094
10689
10704
11095
18864
10689
17164
10710
11099
18870
10691
10692
10694
10721
10696
10695
10697
10695
10698
10699
10722
10697
10698
10699
11101
10699
10725
11102
10726
11103
10702
10704
10702
10705
10706
10708
10704
10705
10706
10710
11108
10706
11109
10712
11110
10709
10711
18867
10709
10712
10713
10714
10711
10712
10713
10716
11115
18873
10713
11116
10717
11117
10715
10717
10718
10719
10729
18879
10717
18876
10718
10732
11122
10720
10733
11123
18882
10720
16171
10739
11127
16174
10724
10726
10724
10727
10728
10747
10726
10727
10728
11128
10728
10749
11129
10731
10733
10731
10734
10735
10737
10733
10734
10735
10739
11139
10735
11140
10741
11141
10738
10740
18885
10738
10741
10742
10743
10758
10740
10741
10742
11146
18888
10742
10761
11147
10745
10762
11148
10744
10745
17167
10746
10765
18891
10746
10768
11153
18893
10769
16177
10748
10749
10750
10752
10778
10750
10754
11155
10756
10753
10755
10753
10756
10757
10779
10755
10756
10757
11156
10757
10782
11157
10783
11158
10760
10762
10760
10763
10764
10766
10762
10763
10764
10768
10764
10770
10767
10769
10767
10770
10771
10772
10769
10770
10771
10774
11163
10771
11164
10775
11165
10773
10775
10776
10777
10786
10775
18896
10776
10789
11170
10790
11171
16179
10781
10783
10781
10784
10785
10802
10783
10784
10785
11175
10785
10804
11176
10788
10790
10788
10791
10792
10794
10790
10791
10792
10796
11186
10792
11187
10798
11188
10795
10797
10795
10798
10799
10800
10813
10797
10798
10799
11193
10799
10816
11194
10801
10817
11195
10801
10823
11199
10803
10804
10805
10807
10828
18897
10805
10809
11201
10811
16180
10808
10810
10808
10811
10812
10829
10810
10811
10812
11202
10812
10832
11203
10833
11204
10815
10817
10815
10818
10819
10821
10817
10818
10819
10823
11216
10819
11217
10825
11218
10822
10824
10822
10825
10826
10827
10836
10824
10825
10826
11223
10826
10839
11224
10840
11225
16181
10831
10833
10831
10834
18898
10835
10846
10833
10834
18901
10835
11229
10835
16183
10848
11230
10838
10840
10838
10841
10842
10843
10857
10840
10841
10842
10844
11248
10842
10860
11249
10845
10861
11250
10845
10845
10867
11255
10847
10848
10849
10851
10869
18903
10849
10853
11258
18906
10855
18908
10852
10854
10852
10855
10856
10870
10854
10855
10856
11259
10856
10873
11260
10874
11261
10859
10861
10859
10862
10863
10865
10884
10861
10862
10863
10867
11266
10863
10887
11267
10868
10888
11268
10866
10866
10868
10868
10892
11273
17170
10872
10874
10872
10875
17176
10876
10878
10893
10874
10875
18911
10876
10880
11276
10876
18914
10882
10895
11277
10879
10881
10879
10882
10883
10896
10881
10882
10883
11280
10883
10899
11281
10900
11282
10886
10888
10886
10889
10890
10891
10917
10888
10889
10890
10892
11301
10890
10919
11302
10920
11303
10894
10895
17179
10897
16185
10899
16188
10898
10900
10898
10901
10902
10904
10922
10900
10901
10902
10906
11308
10902
11309
18917
10908
10924
11310
10905
10907
10905
10908
10909
10925
10907
10908
10909
11314
10909
10928
11315
10929
11316
10912
10914
10912
10915
10916
10918
10953
10914
10915
10916
10919
11335
10916
10955
11336
10921
10956
11337
10920
10921
17184
10920
10921
16191
10923
10924
10926
18920
10928
11343
18923
10927
10929
10927
10930
10931
10933
10957
10929
10930
10931
10935
11344
10931
11345
18926
10937
10958
11346
10934
10936
10934
10937
10938
10959
10936
10937
10938
11350
10938
10962
11351
10963
11352
10941
10943
10941
10944
10945
10947
11001
10943
10944
10945
10949
11371
10945
11003
11372
10951
11004
11373
10948
10950
10948
10951
10952
10954
16192
10950
10951
10952
10955
11378
10952
11006
11379
11380
16194
10956
16195
16197
10956
16199
16200
10958
16202
10962
11385
16205
10961
10963
10961
10964
17185
10965
10967
11007
10963
10964
10965
10969
11386
10965
16208
10971
11387
16211
10968
10970
10968
10971
10972
10974
11008
10970
10971
10972
10976
11390
10972
11009
11391
10978
11010
11392
10975
10977
10975
10978
10979
10981
11011
10977
10978
10979
10983
11397
10979
11012
11398
10985
11013
11399
10982
10984
10982
10985
10986
10988
11014
10984
10985
10986
10990
11404
10986
11015
11405
10992
11016
11406
10989
10991
10989
10992
10993
10995
11017
10991
10992
10993
10997
11411
10993
11018
11412
10999
11019
11413
10996
10998
10996
10999
11000
11002
16214
10998
10999
11000
11003
11418
11000
11419
16217
11005
11420
16220
11004
16223
11005
17188
11004
11005
11006
11424
16225
16227
17215
16230
11010
16233
11010
18929
11012
16235
11013
16236
11013
16237
11015
11427
16238
11016
16239
11016
16240
11018
11428
16242
11019
16244
11019
16247
16249
11021
11022
11023
11024
11039
11023
11042
11429
11026
11043
11430
11025
11026
17191
11027
11028
11046
18931
11027
11049
11433
18933
11030
11050
11434
18934
11029
11030
17192
11031
11053
16252
11031
11056
11437
18936
11032
11057
11438
18938
11063
11441
16254
11035
11036
11035
11037
11038
11040
13110
11038
11042
11443
11038
11444
13113
11044
11445
13114
11041
11043
11041
11044
11045
11047
11043
11044
11045
11049
11448
11045
11449
11051
11450
11048
11050
11048
11051
11052
11054
11050
11051
11052
11056
11455
11052
11456
11058
11457
11055
11057
11055
11058
11059
11061
11057
11058
11059
11063
11462
11059
11463
11065
11464
11062
11064
13107
18940
11062
11065
13108
11066
11068
13109
11064
11065
11066
11070
11469
18942
11066
11470
11072
11471
11069
11071
17194
11069
11072
11073
11074
11071
11072
18944
11073
11476
18946
11073
11477
11076
11478
11075
11076
17196
11077
11078
11080
18949
11077
11083
11483
18951
11079
11084
11484
18954
11079
17198
11090
11487
16256
11082
11084
11082
11085
11086
11088
11084
11085
11086
11090
11494
11086
11495
11092
11496
11089
11091
18957
11089
11092
11093
11094
11091
11092
11093
11096
11501
18960
11093
11502
11097
11503
11095
11097
11098
11099
11108
18966
11097
18963
11098
11111
11508
11100
11112
11509
18969
11100
17201
11118
11513
18975
11103
11105
13112
11103
11106
11107
11128
11105
11106
13115
11107
11515
13116
11107
11130
11516
11110
11112
11110
11113
11114
11116
11112
11113
11114
11118
11526
11114
11527
11120
11528
11117
11119
18972
11117
11120
11121
11122
11119
11120
11121
11124
11533
18978
11121
11534
11125
11535
11123
11125
11126
11127
11139
18984
11125
18981
11126
11142
11540
11143
11541
18987
17204
11129
11130
11131
11133
11155
11131
11135
11545
11137
11134
11136
11134
11137
11138
11156
11136
11137
11138
11547
11138
11159
11548
11160
11549
11141
11143
11141
11144
11145
11147
11143
11144
11145
11149
11145
11151
11148
11150
17207
11148
11151
11152
11153
11150
11151
18990
11152
11554
18993
11152
11555
11154
11556
11154
16259
11166
11560
16262
11158
11160
11158
11161
11162
11175
11160
11161
11162
11562
11162
11177
11563
11165
11167
18996
11165
11168
11169
11170
11167
11168
11169
11172
11581
18998
11169
11582
11173
11583
11171
11173
11174
11186
16265
11173
16266
11174
11189
11588
11190
11589
16268
11176
11177
11178
11180
11201
11178
11182
11592
11184
11593
11181
11183
11181
11184
11185
11202
11183
11184
11185
11595
11185
11205
11596
11206
11597
11188
11190
11188
11191
11192
11194
11209
11190
11191
11192
11196
11602
11192
11212
11603
11197
11213
11604
11195
11195
11197
11198
11199
11216
11197
19001
11198
11219
11609
11200
11220
11610
11200
11226
11204
11206
11204
11207
19002
11208
11229
11206
11207
11208
11614
11208
11231
11615
11232
11616
11211
11213
11211
11214
11215
11217
11213
11214
11215
11219
11215
11221
11218
11220
11218
11221
11222
11224
11241
11220
11221
11222
11226
11627
11222
11244
11628
11227
11245
11629
11225
11225
11227
11228
11248
11227
11228
11251
11634
11252
11635
11230
11232
11233
11235
11258
19003
11232
11233
11237
11639
11239
11640
16269
11236
11238
11236
11239
11240
11259
11238
11239
11240
11642
11240
11262
11643
11263
11644
11243
11245
11243
11246
11247
11249
11245
11246
11247
11251
11247
11253
11250
11252
11250
11253
11254
11255
11266
11252
11253
11254
11256
11649
11254
11269
11650
11257
11270
11651
11257
11257
11274
11656
17210
11261
11263
11261
11264
19004
11265
11276
11263
11264
19006
11265
11658
11265
19007
11278
11659
11268
11270
11268
11271
11272
11273
11301
11270
11271
11272
11274
11670
11272
11304
11671
11275
11305
11672
11275
11275
11677
11277
11278
11279
11281
16270
11279
11283
11679
19009
11285
19011
11282
11284
11282
11285
11286
11288
11308
11284
11285
11286
11290
11680
11286
11311
11681
11292
11312
11682
11289
11291
11289
11292
11293
11314
11291
11292
11293
11687
11293
11317
11688
11318
11689
11296
11298
11296
11299
11300
11302
11335
11298
11299
11300
11304
11694
11300
11338
11695
11306
11339
11696
11303
11305
11303
11306
11307
11305
11306
11307
11701
11307
11342
11702
11703
11310
11312
11310
19014
11313
11315
11343
11312
17236
11313
11317
11707
11319
11708
19017
11316
11318
11316
11319
11320
11322
11344
11318
11319
11320
11324
11710
11320
11347
11711
11326
11348
11712
11323
11325
11323
11326
11327
11350
11325
11326
11327
11717
11327
11353
11718
11354
11719
11330
11332
11330
11333
11334
11336
11378
11332
11333
11334
11338
11724
11334
11381
11725
11340
11382
11726
11337
11339
11337
11340
11341
16273
11339
11340
11341
11342
11731
11341
11384
11732
11733
17212
11346
11348
11346
19020
11349
11351
11385
11348
16274
11349
11353
11737
11355
11738
16277
11352
11354
11352
11355
11356
11358
11386
11354
11355
11356
11360
11740
11356
11388
11741
11362
11389
11742
11359
11361
11359
11362
11363
11390
11361
11362
11363
11747
11363
11393
11748
11394
11749
11366
11368
11366
11369
11370
11372
11418
11368
11369
11370
11374
11761
11370
11421
11762
11376
11422
11763
11373
11375
11373
11376
11377
11379
11424
11375
11376
11377
11381
11768
11377
11425
11769
11383
11426
11770
11380
11382
11380
11383
17216
11382
11383
11384
11775
11776
16280
16281
11387
11389
11391
19025
11389
19023
11393
11779
16284
11392
11394
11392
11395
17217
11396
11398
16286
11394
11395
11396
11400
11780
11396
16287
11402
11781
16288
11399
11401
11399
11402
11403
11405
11427
11401
11402
11403
11407
11784
11403
11785
11409
11786
16289
11406
11408
11406
11409
11410
11412
11428
11408
11409
11410
11414
11791
11410
11792
16290
11416
11793
16292
11413
11415
11413
11416
11417
11419
16295
11415
11416
11417
11421
11798
11417
11799
16298
11423
11800
16301
11420
11422
11420
11423
17219
16304
11422
11423
11425
11804
16307
16310
11426
16313
11426
16315
16318
16320
16321
11430
11431
11432
11433
11448
19027
11432
11451
11435
11452
19028
11434
11435
17222
11436
11437
11455
19029
11436
11458
19031
11439
11459
19033
11438
11439
17223
11440
11441
11462
19035
11440
11465
19036
11442
11466
19038
11442
17225
11472
11807
11445
11446
11445
11447
11449
11489
11447
11451
11453
11492
11450
11452
11450
11453
11454
11456
11452
11453
11454
11458
11454
11460
11457
11459
11457
11460
11461
11463
11459
11460
11461
11465
11461
11467
11464
11466
11464
11467
11468
11470
11466
11467
11468
11472
11468
11474
11471
11473
19039
11471
11474
11475
11477
11473
11474
11475
11479
11811
19040
11475
11812
11481
11813
11478
11480
19041
11478
11481
11482
11483
11480
11481
19043
11482
11818
19044
11482
11819
11485
11820
11484
11485
17226
11486
11487
11494
19045
11486
11497
11825
19047
11488
11498
11826
19048
11488
17228
11504
11830
16324
11491
11492
13114
11491
13115
11493
11515
13116
11493
11517
11496
11498
11496
11499
11500
11502
11498
11499
11500
11504
11832
11500
11833
11506
11834
11503
11505
19049
11503
11506
11507
11508
11505
11506
11507
11510
11839
19052
11507
11840
11511
11841
11509
11511
11512
11513
11526
19055
11511
16326
11512
11529
11846
11514
11530
11847
19058
11514
17230
11536
11851
19064
11516
11517
11518
11520
11545
11518
11522
11853
11524
11546
11854
11521
11523
11521
11524
11525
11547
11523
11524
11525
11856
11525
11550
11857
11551
11858
11528
11530
11528
11531
11532
11534
11530
11531
11532
11536
11863
11532
11864
11538
11865
11535
11537
19061
11535
11538
11539
11540
11537
11538
11539
11542
11870
19067
11539
11871
11543
11872
11541
11543
11544
19070
11543
17256
11544
11877
11878
19073
11546
11550
11549
11551
11549
11552
11553
11562
11551
11552
11553
11881
11553
11564
11882
11565
11883
11556
16329
11556
11558
11559
11560
11574
11558
16332
11559
11577
11902
11561
11578
11903
19076
11561
17233
11584
11907
19082
11563
11565
11566
11568
11592
11565
11566
11570
11909
11572
11594
11910
11569
11571
11569
11572
11573
11595
11571
11572
11573
11913
11573
11598
11914
11599
11915
11576
11578
11576
11579
11580
11582
11578
11579
11580
11584
11920
11580
11921
11586
11922
11583
11585
19079
11583
11586
11587
11588
11585
11586
11587
11927
16335
11587
11928
11590
11929
11589
11590
11591
11602
19085
11591
11605
11934
19087
11606
19090
11593
11594
11596
11598
11597
11599
11597
11600
11601
11614
11599
11600
11601
11936
11601
11617
11937
11618
11938
11604
11606
11604
11607
11608
11609
11606
11607
11608
11611
11957
11608
11958
11612
11959
11610
11612
11613
11627
16338
11612
16339
11613
11630
11964
11631
11965
19092
11616
11618
11616
11619
11621
11639
11618
11619
11623
11969
11625
11641
11970
11622
11624
11622
11625
11626
11642
11624
11625
11626
11973
11626
11645
11974
11646
11975
11629
11631
11629
11632
11633
11634
11631
11632
11633
11636
11980
11633
11981
11637
11982
11635
11637
11638
11649
11637
11638
11652
11987
11653
11988
11640
11641
11643
11645
11644
11646
11644
11647
11648
11658
11646
11647
11648
11991
11648
11660
11992
11661
11993
11651
11653
11651
11654
11655
11656
11670
11653
11654
11655
12011
11655
11673
12012
11657
11674
12013
11657
11678
11659
11661
11662
11664
11679
19093
11661
11662
11666
12018
11668
12019
16341
11665
11667
11665
11668
11669
11680
11667
11668
11669
12021
11669
11683
12022
11684
12023
11672
11674
11672
11675
11676
11677
11701
11674
11675
11676
11678
12035
11676
11704
12036
11705
12037
16342
11682
11684
11682
11685
17239
11686
11688
11707
11684
11685
19094
11686
11690
12042
11686
19096
11692
11709
12043
11689
11691
11689
11692
11693
11710
11691
11692
11693
12046
11693
11713
12047
11714
12048
11696
11698
11696
11699
11700
11702
11731
11698
11699
11700
11704
12060
11700
11734
12061
11706
11735
12062
11703
11705
11703
11706
11705
11706
12067
12068
11708
11709
17242
11711
19099
11713
19102
11712
11714
11712
11715
11716
11718
11737
11714
11715
11716
11720
12071
11716
19105
11722
11739
12072
11719
11721
11719
11722
11723
11740
11721
11722
11723
12076
11723
11743
12077
11744
12078
11726
11728
11726
11729
11730
11732
11775
11728
11729
11730
11734
12097
11730
11777
12098
11736
11778
12099
11733
11735
11733
11736
11735
11736
12104
16344
12105
16345
11738
11739
11741
16346
11743
16348
11742
11744
11742
11745
17245
11746
11748
11779
11744
11745
11746
11750
12109
11746
16350
11752
12110
16351
11749
11751
11749
11752
11753
11755
11780
11751
11752
11753
11757
12113
11753
11782
12114
11759
11783
12115
11756
11758
11756
11759
11760
11784
11758
11759
11760
12120
11760
11787
12121
11788
12122
11763
11765
11763
11766
11767
11769
11804
11765
11766
11767
11771
12141
11767
11805
12142
11773
11806
12143
11770
11772
11770
11773
11774
11776
16352
11772
11773
11774
11777
12148
11774
12149
16354
12150
16357
11778
16359
17248
11778
16360
12154
16362
17247
11781
11783
11785
11783
11787
12156
11786
11788
11786
11789
11790
11792
16363
11788
11789
11790
11794
12157
11790
11796
16364
11793
11795
11793
11796
17249
11797
11799
16365
11795
11796
11797
11801
12160
11797
16368
11803
16370
11800
11802
11800
11803
17251
16372
11802
11803
11805
12163
16375
16378
11806
16381
11806
16384
12166
16387
11808
11809
11810
11811
11810
11814
19107
11815
11813
11815
11813
11816
11817
11819
11815
11816
11817
11821
11817
11823
11820
11822
11820
11823
11824
11825
11822
11823
11824
11827
19108
11824
11828
11826
11828
11829
11830
11832
19110
11828
19109
11829
11835
11831
11836
19111
11831
17254
11842
12168
19115
11834
11836
11834
11837
11838
11840
11836
11837
11838
11842
11838
11844
11841
11843
19112
11841
11844
11845
11846
11843
11844
11845
11848
12170
19117
11845
12171
11849
12172
11847
11849
11850
11851
11863
19120
11849
16390
11850
11866
12177
11852
11867
12178
19123
11852
16393
11873
16396
11854
11855
11857
11859
11858
11860
11858
11861
11862
11881
11860
11861
11862
11862
11884
11885
11865
11867
11865
11868
11869
11871
11867
11868
11869
11873
12182
11869
12183
11875
12184
11872
11874
19126
11872
11875
11876
11877
11874
11875
11876
12189
19129
11876
12190
11879
12191
11878
11879
17259
11880
11895
16399
11880
11898
12196
19132
11899
19135
11883
11885
11883
11886
11887
11889
11909
11885
11886
11887
11891
11887
11893
11911
11890
11892
11890
11893
11894
11913
11892
11893
11894
11894
11916
11917
11897
11899
11897
11900
11901
11902
11899
11900
11901
11904
12205
11901
12206
11905
12207
11903
11905
11906
11907
11920
19141
11905
19138
11906
11923
12212
11908
11924
12213
19144
11908
17262
11930
16402
11910
11911
11912
11914
11912
11916
11918
11915
11917
11915
11918
11919
11936
11917
11918
11919
11919
11939
11940
11922
11924
11922
11925
11926
11928
11924
11925
11926
11930
12217
11926
12218
11932
12219
11929
11931
19147
11929
11932
11933
11934
11950
11931
11932
11933
12224
19150
11933
11953
12225
11935
11954
12226
11935
17265
11960
12231
16405
11938
11940
11938
11941
11942
11944
11969
11940
11941
11942
11946
11942
11948
11971
11945
11947
11945
11948
11949
11973
11947
11948
11949
11949
11976
11977
11952
11954
11952
11955
11956
11958
11954
11955
11956
11960
12240
11956
12241
11962
12242
11959
11961
19153
11959
11962
11963
11964
11961
11962
11963
11966
12247
19156
11963
12248
11967
12249
11965
11967
11968
11980
16408
11967
19159
11968
11983
12254
11984
16409
11970
11971
11972
11974
11972
11976
11978
11975
11977
11975
11978
11979
11991
11977
11978
11979
11979
11994
11995
11982
11984
11982
11985
11986
11987
12004
11984
11985
11986
11989
12263
11986
12007
12264
11990
12008
12265
11988
11990
12011
11990
12014
12270
11993
11995
11993
11996
11998
12018
11995
11996
12000
12272
12002
12020
12273
11999
12001
11999
12002
12003
12021
12001
12002
12003
12276
12003
12024
12277
12025
12278
12006
12008
12006
12009
12010
12012
12008
12009
12010
12014
12283
12010
12284
12016
12285
12013
12015
12013
12016
12017
12035
12015
12016
12017
12290
12017
12038
12291
12039
12292
12019
12020
12022
19161
12024
19162
12023
12025
12023
12026
12027
12029
12042
12025
12026
12027
12031
12296
12027
12297
19163
12033
12044
12298
12030
12032
12030
12033
12034
12046
12032
12033
12034
12302
12034
12049
12303
12050
12304
12037
12039
12037
12040
12041
12067
12039
12040
12041
12323
12041
12069
12324
12325
12043
12044
12045
12047
16410
12045
12049
12329
19165
12051
16413
12048
12050
12048
12051
12052
12054
12071
12050
12051
12052
12056
12330
12052
12073
12331
12058
12074
12332
12055
12057
12055
12058
12059
12076
12057
12058
12059
12337
12059
12079
12338
12080
12339
12062
12064
12062
12065
12066
12068
12104
12064
12065
12066
12069
12358
12066
12106
12359
12070
12107
12360
12070
12070
12365
12072
12074
12075
12077
16416
12074
17290
12075
12079
12367
12081
19168
12078
12080
12078
12081
12082
12084
12109
12080
12081
12082
12086
12369
12082
12111
12370
12088
12112
12371
12085
12087
12085
12088
12089
12113
12087
12088
12089
12376
12089
12116
12377
12117
12378
12092
12094
12092
12095
12096
12098
12148
12094
12095
12096
12100
12390
12096
12151
12391
12102
12152
12392
12099
12101
12099
12102
12103
12105
12154
12101
12102
12103
12106
12397
12103
12155
12398
12108
12399
16417
12107
16420
12108
16421
12107
12108
12404
16423
16424
12110
12112
12114
12112
12116
12406
12115
12117
12115
12118
12119
12121
12156
12117
12118
12119
12123
12407
12119
12408
12125
12409
12122
12124
12122
12125
12126
12128
12157
12124
12125
12126
12130
12413
12126
12158
12414
12132
12159
12415
12129
12131
12129
12132
12133
12135
12160
12131
12132
12133
12137
12420
12133
12161
12421
12139
12162
12422
12136
12138
12136
12139
12140
12142
12163
12138
12139
12140
12144
12427
12140
12164
12428
12146
12165
12429
12143
12145
12143
12146
12147
12149
12166
12145
12146
12147
12151
12434
12147
12167
12435
12153
12436
16426
12150
12152
12150
12153
17268
16429
12152
12153
12155
12441
16432
12442
16435
16438
16440
12159
16443
12159
12161
12445
12162
16444
12162
16446
12164
12446
16447
12165
16449
12165
16452
12167
12447
16455
17271
17297
12169
17274
12173
16458
12172
12174
19169
12172
12175
12176
12177
12174
12175
12176
12179
19172
12176
12180
12178
12180
12181
12182
19177
12180
19174
12181
12185
12448
12186
12449
19180
12184
12186
12184
12187
12188
12190
12186
12187
12188
12192
12188
12194
12191
12193
19183
12191
12194
12195
12196
12198
12193
12194
19186
12195
12453
16460
12195
12201
12454
12197
12202
12455
12197
17276
12208
12459
16463
12200
12202
12200
12203
12204
12206
12202
12203
12204
12208
12461
12204
12462
12210
12463
12207
12209
19189
12207
12210
12211
12212
12209
12210
12211
12214
12468
19192
12211
12469
12215
12470
12213
12215
12216
12217
19195
12215
16466
12216
12220
12475
12221
12476
16469
12219
12221
12219
12222
12223
12225
12233
12221
12222
12223
12227
12479
12223
12236
12480
12229
12237
12481
12226
12228
17279
12226
12229
12230
12231
12240
12228
12229
19198
12230
16472
12230
12243
12486
12232
12244
12487
12232
16475
12250
12491
19201
12235
12237
12235
12238
12239
12241
12237
12238
12239
12243
12239
12245
12242
12244
12242
12245
12246
12248
12244
12245
12246
12250
12493
12246
12494
12252
12495
12249
12251
17282
12249
12252
12253
12254
12256
12251
12252
12253
12500
19204
12253
12259
12501
12255
12260
12502
12255
17285
12266
12507
16478
12258
12260
12258
12261
12262
12264
12260
12261
12262
12266
12509
12262
12510
12268
12511
12265
12267
19206
12265
12268
12269
12270
12283
12267
12268
12269
12516
16480
12269
12286
12517
12271
12287
12518
12271
12293
12523
12273
12274
12275
12277
16481
12275
12279
19207
12281
19209
12278
12280
12278
12281
12282
12296
12280
12281
12282
12282
12299
12300
12285
12287
12285
12288
12289
12291
12316
12287
12288
12289
12293
12525
12289
12319
12526
12294
12320
12527
12292
12292
12294
12295
12323
12294
12295
12326
12532
12327
12298
12300
12298
19211
12301
12303
12329
12300
19213
12301
12305
12535
12307
12536
19215
12304
12306
12304
12307
12308
12310
12330
12306
12307
12308
12312
12539
12308
12333
12540
12314
12334
12541
12311
12313
12311
12314
12315
12337
12313
12314
12315
12315
12340
12341
12318
12320
12318
12321
12322
12324
12358
12320
12321
12322
12326
12546
12322
12361
12547
12328
12362
12548
12325
12327
12325
12328
12327
12328
12366
12553
16482
17287
12332
12334
12332
12335
17292
12336
12338
12367
12334
12335
19218
12336
12340
12556
12336
16483
12342
12368
12557
12339
12341
12339
12342
12343
12345
12369
12341
12342
12343
12347
12561
12343
12372
12562
12349
12373
12563
12346
12348
12346
12349
12350
12376
12348
12349
12350
12568
12350
12379
12569
12380
12570
12353
12355
12353
12356
12357
12359
12397
12355
12356
12357
12361
12575
12357
12400
12576
12363
12401
12577
12360
12362
12360
12363
12364
12365
12404
12362
12363
12364
12366
12582
12364
12405
12583
12584
16486
16487
12368
17295
12372
16488
12371
12373
12371
12374
19221
12375
12377
12406
12373
12374
12375
12379
12590
12375
16490
12381
12591
12378
12380
12378
12381
12382
12384
12407
12380
12381
12382
12386
12595
12382
12410
12596
12388
12411
12597
12385
12387
12385
12388
12389
12413
12387
12388
12389
12602
12389
12416
12603
12417
12604
12392
12394
12392
12395
12396
12398
12441
12394
12395
12396
12400
12623
12396
12443
12624
12402
12444
12625
12399
12401
12399
12402
12403
16491
12401
12402
12403
12405
12630
12403
12631
16494
12632
16497
16500
16501
12409
12411
12409
12412
12414
12411
12412
12416
12637
12418
12415
12417
12415
12418
12419
12421
12445
12417
12418
12419
12423
12639
12419
12640
12425
12641
12422
12424
12422
12425
12426
12428
12446
12424
12425
12426
12430
12644
12426
12645
16503
12432
12646
16504
12429
12431
12429
12432
12433
12435
12447
12431
12432
12433
12437
12651
12433
12652
16505
12439
12653
16507
12436
12438
12436
12439
17300
12440
12442
16510
12438
12439
12440
12443
12658
12440
12659
16513
16516
12444
16519
17303
12444
16522
12662
16525
16528
16530
12449
12451
12452
19222
12451
16533
12452
12664
12665
19225
12455
17306
12455
12457
12458
12459
12461
12457
16536
12458
12464
12675
12460
12465
12676
19228
12460
16539
12471
12680
16542
12463
12465
12463
12466
12467
12469
12465
12466
12467
12471
12682
12467
12683
12473
12684
12470
12472
19231
12470
12473
12474
12475
12472
12473
12474
12689
16545
12474
12690
12477
12691
12476
12477
12478
12479
19234
12478
12482
12696
19237
12483
12697
19240
12481
12483
12481
12484
12485
12486
12483
12484
12485
12488
12707
12485
12708
12489
12709
12487
12489
12490
12491
12493
19246
12489
19243
12490
12496
12714
12492
12497
12715
19249
12492
17309
12503
12719
16548
12495
12497
12495
12498
12499
12501
12497
12498
12499
12503
12720
12499
12721
12505
12722
12502
12504
17312
12502
12505
12506
12507
12509
12504
12505
12506
12727
19252
12506
12512
12728
12508
12513
12729
12508
16550
12519
12734
19255
12511
12513
12511
12514
12515
12517
12513
12514
12515
12519
12743
12515
12744
12521
12745
12518
12520
19254
12518
12521
12522
12523
12525
12520
12521
12522
12750
12522
12528
12751
12524
12529
12752
12524
12533
12527
12529
12527
12530
12531
12532
12546
12529
12530
12531
12533
12764
12531
12549
12765
12534
12550
12766
12534
16551
12534
16552
12554
12771
16553
12536
12537
12538
12540
16554
12538
12542
19256
12544
16557
12541
12543
12541
12544
12545
12556
12543
12544
12545
12545
12558
12559
12548
12550
12548
12551
12552
12553
12582
12550
12551
12552
12554
12774
12552
12585
12775
12555
12586
12776
12555
16560
12555
16561
12589
12781
16563
12557
12559
12560
12562
19262
12559
19259
12560
12564
12566
19264
12563
12565
12563
12566
12567
12569
12590
12565
12566
12567
12571
12567
12592
12573
12593
12570
12572
12570
12573
12574
12595
12572
12573
12574
12574
12598
12599
12784
12577
12579
12577
12580
12581
12583
12630
12579
12580
12581
12585
12793
12581
12633
12794
12587
12634
12795
12584
12586
12584
12587
12588
16565
12586
12587
12588
12589
12800
12588
12636
12801
12802
16567
16569
12591
12593
12594
12596
12593
17337
12594
12598
12600
12597
12599
12597
12600
12601
12603
12637
12599
12600
12601
12605
12808
12601
12809
12607
12638
12810
12604
12606
12604
12607
12608
12610
12639
12606
12607
12608
12612
12814
12608
12642
12815
12614
12643
12816
12611
12613
12611
12614
12615
12644
12613
12614
12615
12821
12615
12647
12822
12648
12823
12618
12620
12618
12621
12622
12624
12658
12620
12621
12622
12626
12835
12622
12660
12836
12628
12661
12837
12625
12627
12625
12628
12629
12631
12662
12627
12628
12629
12633
12842
12629
12663
12843
12635
12844
16571
12632
12634
12632
12635
17314
16574
12634
12635
12636
12849
16577
12850
16579
16582
12638
12642
12641
12643
12641
12645
12643
12647
12853
12646
12648
12646
12649
12650
12652
16584
12648
12649
12650
12654
12856
12650
12656
16585
12653
12655
12653
12656
17320
12657
12659
16586
12655
12656
12657
12660
12859
12657
16589
16591
12661
16594
17322
12661
16597
12663
12862
16600
17317
16603
12665
12666
17325
12667
12668
19266
12667
12671
19269
12672
19272
12670
12672
12670
12673
12674
12675
12672
12673
12674
12677
12674
12678
12676
12678
12679
12680
12682
19278
12678
19275
12679
12685
12681
12686
19281
12681
17328
12692
19284
12684
12686
12684
12687
12688
12690
12686
12687
12688
12692
12688
12694
12691
12693
17331
12691
12694
12695
12696
12700
12693
12694
12695
12865
19287
12695
12703
12866
12698
12704
12867
12697
12698
17334
12699
12707
19290
12699
12710
12872
19293
12711
19296
12702
12704
12702
12705
12706
12708
12704
12705
12706
12710
12706
12712
12709
12711
12709
12712
12713
12714
12711
12712
12713
12716
12874
12713
12875
12717
12876
12715
12717
12718
12719
12720
19302
12717
19299
12718
12723
12881
12724
12882
16606
16609
12722
12724
12722
12725
12726
12728
12736
12724
12725
12726
12730
12886
12726
12739
12887
12732
12740
12888
12729
12731
19305
12729
12732
12733
12734
12743
12731
12732
19306
12733
12893
19308
12733
12746
12894
12735
12747
12895
12735
16611
12753
12899
12738
12740
12738
12741
12742
12744
12740
12741
12742
12746
12900
12742
12901
12748
12902
12745
12747
12745
12748
12749
12751
12757
12747
12748
12749
12753
12907
12749
12760
12908
12755
12761
12909
12752
12754
12752
12755
12756
12764
12754
12755
12756
12756
12767
12914
12768
12915
12759
12761
12759
12762
12763
12765
12761
12762
12763
12767
12763
12769
12766
12768
12766
12769
12770
12771
12774
12768
12769
12770
12772
12919
12770
12777
12920
12773
12778
12921
12773
16612
12773
16614
12782
12926
16615
12776
12778
12776
12779
12780
12781
12800
12778
12779
12780
12782
12929
12780
12803
12930
12783
12804
12931
12783
16617
12783
16618
12807
12936
12785
12787
12808
12791
12811
12939
12788
12790
12788
12791
12792
12814
12790
12791
12792
12941
12792
12817
12942
12818
12943
12795
12797
12795
12798
12799
12801
12849
12797
12798
12799
12803
12955
12799
12851
12956
12805
12852
12957
12802
12804
12802
12805
12806
16619
12804
12805
12806
12807
12962
12806
12963
12810
12811
12810
12812
12813
12815
12813
12817
12967
12813
12819
12968
12816
12818
12816
12819
12820
12822
12853
12818
12819
12820
12824
12971
12820
12854
12972
12826
12855
12973
12823
12825
12823
12826
12827
12829
12856
12825
12826
12827
12831
12978
12827
12857
12979
12833
12858
12980
12830
12832
12830
12833
12834
12836
12859
12832
12833
12834
12838
12985
12834
12860
12986
12840
12861
12987
12837
12839
12837
12840
12841
12843
12862
12839
12840
12841
12845
12992
12841
12863
12993
12847
12864
12994
12844
12846
12844
12847
12848
12850
16620
12846
12847
12848
12851
12999
12848
13000
16623
13001
16626
12852
16629
16631
12852
16633
13005
16635
12855
12855
12857
13007
12858
16636
12858
16637
12860
13008
16638
12861
16640
12861
16643
12863
13009
16645
12864
16648
12864
16651
16654
12867
12869
19309
12867
12870
12871
12872
12869
12870
19312
12871
19315
12871
12873
12873
17338
12877
19321
12876
12878
19318
12876
12879
12880
12881
12878
12879
12880
12883
19324
12880
12884
12882
12884
12885
12886
19330
12884
19327
12885
12889
13010
12890
13011
16657
12888
12890
12888
12891
12892
12894
12900
12890
12891
12892
12896
13015
12892
12903
13016
12897
12904
13017
12895
16660
12895
12897
12898
12899
12907
12897
16661
12898
12910
13022
12911
13023
16663
12902
12904
12902
12905
12906
12908
12904
12905
12906
12910
12906
12912
12909
12911
12909
12912
12913
12914
12911
12912
12913
12916
13027
12913
13028
12917
13029
12915
12917
12918
12919
12917
12918
12922
13034
12923
13035
12921
12923
12921
12924
12925
12926
12929
12923
12924
12925
12927
13046
12925
12932
13047
12928
12933
13048
12928
16664
12928
12937
13053
12931
12933
12931
12934
12935
12936
12962
12933
12934
12935
12937
13062
12935
12964
13063
12938
12965
13064
12938
12938
13069
12940
12942
12967
12946
12969
12943
12945
12943
12946
12947
12971
12945
12946
12947
12947
12974
12975
12950
12952
12950
12953
12954
12956
12999
12952
12953
12954
12958
13071
12954
13002
13072
12960
13003
13073
12957
12959
12957
12960
12961
12963
13005
12959
12960
12961
12964
13078
12961
13006
13079
12966
13080
12965
12966
12965
12966
13085
12968
12969
12970
12972
12970
12974
12976
12973
12975
12973
12976
12977
12979
13007
12975
12976
12977
12981
12977
16665
12983
16666
12980
12982
12980
12983
12984
12986
13008
12982
12983
12984
12988
12984
16667
12990
16668
12987
12989
12987
12990
12991
12993
13009
12989
12990
12991
12995
12991
16670
12997
16673
12994
12996
12994
12997
17342
12998
13000
16676
12996
12997
12998
13002
12998
16679
13004
16682
13001
13003
13001
13004
17348
16685
13003
13004
13006
13087
16687
16689
17341
16692
16693
17345
13011
13013
13014
13015
19333
13013
17351
13014
13018
13019
19335
13017
13019
13017
13020
13021
13022
13019
13020
13021
13024
13021
13025
13023
13025
13026
13027
19337
13025
16695
13026
13030
13031
19338
13029
13031
13029
13032
13033
13034
13039
13031
13032
13033
13036
13033
13042
13037
13043
13035
13037
13038
13046
13037
13038
13049
13050
13041
13043
13041
13044
13045
13047
13055
13043
13044
13045
13049
13045
13058
13051
13059
13048
13050
13048
13051
13052
13053
13062
13050
13051
13052
13090
13052
13065
13054
13066
13091
13054
13070
13057
13059
13057
13060
13061
13063
13078
13059
13060
13061
13065
13061
13081
13067
13082
13064
13066
13064
13067
13068
13069
13085
13066
13067
13068
13070
13094
13068
13086
13073
13075
13073
13076
13077
13079
13087
13075
13076
13077
13081
13077
13088
13083
13089
13080
13082
13080
13083
13084
13082
13083
13084
13086
13084
13089
16696
13089
16698
16700
13091
13092
13093
13094
13093
13095
13095
13098
13100
18432
13098
13101
13102
13100
13101
13102
18451
13102
13105
13107
18846
13105
13108
13109
13107
13108
18847
13109
18849
13109
13112
13114
13112
13115
13116
13114
13115
13116
13116
13119
13121
13119
13122
13123
13121
13122
13123
13123
13528
13538
13545
13546
13548
13539
13556
13563
13564
13566
13546
13563
13570
13571
13573
13557
13579
13580
13582
13564
13579
13586
13587
13589
13132
13152
13571
13572
13575
13576
13586
13588
13590
13592
13580
13596
13597
13599
13132
13134
13156
13587
13588
13591
13592
13596
13598
13600
13602
13135
13157
13597
13603
13606
13607
13609
13135
13137
13161
13606
13608
13610
13612
13138
13162
13137
13139
13165
13607
13608
13611
13612
13613
13615
13616
13687
13688
13689
13138
13140
13166
13618
13621
13622
13141
13167
13613
13615
13613
13618
13619
13621
13143
13172
13618
13620
13622
13624
13619
13625
13628
13629
13631
13176
13628
13630
13632
13634
13715
13716
13717
13149
13559
13638
13639
13641
13566
13638
13645
13646
13648
13148
13152
13573
13574
13575
13576
13645
13647
13649
13651
13149
13153
13154
13582
13639
13652
13656
13657
13659
13152
13156
13187
13589
13590
13591
13592
13646
13647
13650
13651
13656
13658
13660
13662
13153
13157
13188
13154
13158
13189
13159
13190
13599
13657
13663
13667
13668
13670
13157
13161
13198
13667
13669
13671
13673
13158
13162
13199
13159
13163
13200
13164
13201
13609
13668
13674
13678
13679
13681
13162
13166
13207
13678
13680
13682
13684
13163
13167
13208
13164
13168
13209
13169
13210
13679
13685
13687
13688
13690
13167
13171
13216
13687
13689
13691
13693
13699
13702
13703
13168
13172
13217
13169
13173
13218
13174
13219
13615
13688
13694
13696
19344
13621
13694
13699
13700
13702
13173
13176
13226
13699
13701
13703
13705
13715
13718
13719
13174
13177
13227
13178
13228
13631
13700
13706
13708
13709
13711
13708
13715
13716
13718
13178
13180
13235
13715
13717
13719
13721
13731
13734
13735
13835
13836
13837
13181
13236
13738
13741
13742
13716
13722
13724
13725
13727
13724
13731
13732
13734
13731
13738
13739
13741
13183
13244
13738
13740
13742
13744
13753
13754
13862
13863
13864
13245
13757
13758
13869
13870
13871
13732
13745
13747
19345
13761
13762
13764
13659
13761
13768
13769
13771
13188
13198
13256
13768
13770
13772
13774
13189
13199
13257
13190
13200
13258
13191
13201
13259
13192
13202
13260
13193
13203
13261
13194
13204
13262
13195
13205
13263
13264
13762
13775
13776
13778
13670
13769
13775
13782
13783
13785
13199
13207
13267
13782
13784
13786
13788
13200
13208
13268
13201
13209
13269
13202
13210
13270
13203
13211
13271
13204
13212
13272
13205
13213
13273
13214
13274
13681
13783
13789
13794
13795
13797
13208
13216
13282
13794
13796
13798
13800
13209
13217
13283
13210
13218
13284
13211
13219
13285
13212
13220
13286
13213
13221
13287
13214
13222
13288
13223
13289
13690
13795
13801
13803
13804
13806
13217
13225
13296
13803
13805
13807
13809
13815
13818
13819
13988
13989
13990
13218
13226
13297
13219
13227
13298
13220
13228
13299
13221
13229
13300
13222
13230
13301
13223
13231
13302
13232
13303
13696
13804
13810
13812
19346
13702
13810
13815
13816
13818
13227
13234
13310
13815
13817
13819
13821
13828
13831
13832
13228
13235
13311
13835
13838
13839
13229
13236
13312
13230
13237
13313
13231
13238
13314
13232
13239
13315
13240
13316
13711
13816
13822
13823
13825
19348
13718
13822
13828
13829
13831
13828
13835
13836
13838
13237
13243
13325
13835
13837
13839
13841
13855
13858
13859
14044
14045
14046
13238
13244
13326
13862
13865
13866
13239
13245
13327
13869
13872
13873
13240
13246
13328
13876
13879
13880
13247
13329
13883
13886
13887
13727
13829
13842
13843
13845
19351
13734
13836
13843
13848
13849
13851
13741
13848
13855
13856
13858
13855
13862
13863
13865
13862
13869
13870
13872
13869
13876
13877
13879
13876
13883
13884
13886
13747
13849
13902
19354
13749
13856
13902
13904
13905
19357
13753
13863
13904
13907
13908
13910
13757
13870
13907
13912
13913
13915
13877
13912
13918
13919
13921
13884
13918
13925
13926
13928
13764
13935
13938
13939
13941
13256
13266
13771
13772
13773
13774
13938
13940
13942
13944
13257
13267
13258
13268
13259
13269
13260
13270
13261
13271
13262
13272
13263
13273
13264
13274
13275
13778
13939
13946
13947
13949
13267
13281
13785
13786
13787
13788
13946
13948
13950
13952
13972
13975
13976
13268
13282
13351
13269
13283
13352
13270
13284
13353
13271
13285
13354
13272
13286
13355
13273
13287
13356
13274
13288
13357
13275
13289
13358
13276
13290
13359
13277
13291
13360
13278
13292
13361
13954
13956
13958
13953
13954
13956
13953
13960
13961
13963
13791
13947
13967
13969
19360
13797
13967
13972
13973
13975
13283
13296
13364
13972
13974
13976
13978
13988
13991
13992
13284
13297
13365
13285
13298
13366
13286
13299
13367
13287
13300
13368
13288
13301
13369
13289
13302
13370
13290
13303
13371
13291
13304
13372
13292
13305
13373
13293
13306
13374
13294
13307
13375
13954
13955
13958
13959
13308
13961
13962
13965
13966
13806
13973
13979
13981
13982
13984
13981
13988
13989
13991
13298
13310
13378
13988
13990
13992
13994
13299
13311
13379
13300
13312
13380
13301
13313
13381
13302
13314
13382
13303
13315
13383
13304
13316
13384
13305
13317
13385
13306
13318
13386
13307
13319
13387
14006
14009
14010
13308
13320
13388
14013
14016
14017
13321
13389
14020
14022
14023
13818
13989
13995
13999
14000
14002
13311
13323
13391
13999
14001
14003
14005
14030
14033
14034
14182
14183
14184
13312
13324
13392
14037
14040
14041
13313
13325
13393
14044
14047
14048
13314
13326
13394
13315
13327
13395
13316
13328
13396
13317
13329
13397
13318
13330
13398
13319
13331
13399
14007
14009
14011
14006
14007
14009
14006
14013
14014
14016
14013
14020
14021
14022
13825
14000
14025
14027
19361
13831
14025
14030
14031
14033
13838
14030
14037
14038
14040
14037
14044
14045
14047
13327
13337
13406
14044
14046
14048
14050
14081
14084
14085
13328
13338
13407
14088
14091
14092
13329
13339
13408
14095
14098
14099
13330
13340
13409
14102
14105
14106
13331
13341
13410
14109
14112
14113
13332
13342
13411
14052
14054
14056
14116
14119
14120
14007
14051
14052
14054
14014
14051
14058
14059
14061
13845
14031
14065
19364
13851
14038
14065
14067
14068
14070
13858
14045
14067
14074
14075
14077
13865
14074
14081
14082
14084
13872
14081
14088
14089
14091
13879
14088
14095
14096
14098
13886
14095
14102
14103
14105
13890
14102
14109
14110
14112
13894
14109
14116
14117
14119
13898
14052
14116
14123
14124
14126
13905
14075
14129
19367
13910
14082
14129
14130
14131
19370
13915
14089
14130
14133
14134
19373
13921
14096
14133
14136
14137
19376
13928
14103
14136
14139
14140
19379
13931
14110
14139
14142
14143
19382
13933
14117
14142
19385
13352
13364
13424
13353
13365
13425
13354
13366
13426
13355
13367
13427
13356
13368
13428
13357
13369
13429
13358
13370
13430
13359
13371
13431
13360
13372
13432
13361
13373
13433
13374
13434
13969
14145
14147
19388
13975
14145
14150
14151
14153
13365
13377
13437
14150
14152
14154
14156
14166
14169
14170
14307
14308
14309
13366
13378
13438
13367
13379
13439
13368
13380
13440
13369
13381
13441
13370
13382
13442
13371
13383
13443
13372
13384
13444
13373
13385
13445
13374
13386
13446
13375
13387
13447
13388
13984
14151
14157
14159
14160
14162
13991
14159
14166
14167
14169
13379
13391
13450
14166
14168
14170
14172
14182
14185
14186
13380
13392
13451
13381
13393
13452
13382
13394
13453
13383
13395
13454
13384
13396
13455
13385
13397
13456
13386
13398
13457
13387
13399
13458
13388
13400
13459
13389
13401
14189
14192
14193
13402
14196
14198
14199
14002
14167
14173
14175
14176
14178
14175
14182
14183
14185
13393
13404
13462
14182
14184
14186
14188
14210
14213
14214
14345
14346
14347
13394
13405
13463
14217
14220
14221
13395
13406
13464
13396
13407
13465
13397
13408
13466
13398
13409
13467
13399
13410
13468
13400
13411
13469
13401
13412
13470
14009
14010
14011
14012
14190
14192
14194
14224
14227
14228
14016
14189
14190
14192
14022
14189
14196
14197
14198
14033
14183
14201
14203
14204
14206
14040
14203
14210
14211
14213
14047
14210
14217
14218
14220
13407
13416
13476
14217
14219
14221
14223
14249
14252
14253
14385
14386
14387
13408
13417
13477
14256
14259
14260
14392
14393
14394
13409
13418
13478
14263
14266
14267
13410
13419
13479
14270
14273
14274
13411
13420
13480
14277
14280
14281
14399
14400
14401
13412
13421
13481
14225
14227
14229
14284
14287
14288
14406
14407
14408
14054
14224
14225
14227
14061
14190
14224
14231
14232
14234
14070
14211
14237
14238
14240
19390
14077
14218
14238
14242
14243
14245
14084
14242
14249
14250
14252
14091
14249
14256
14257
14259
14098
14256
14263
14264
14266
14105
14263
14270
14271
14273
14112
14270
14277
14278
14280
14119
14277
14284
14285
14287
14126
14225
14284
14291
14292
19393
14137
14264
14294
19396
13425
13437
14307
14310
14311
13426
13438
13427
13439
13428
13440
13429
13441
13430
13442
13431
13443
13432
13444
13433
13445
13434
13446
13447
14147
14295
14297
19399
14153
14295
14300
14301
14303
14300
14307
14308
14310
13439
13450
14307
14309
14311
14313
13440
13451
13441
13452
13442
13453
13443
13454
13444
13455
13445
13456
13446
13457
13447
13458
13459
14162
14301
14314
14315
14316
14318
14169
14308
14315
14322
14323
14325
13451
13461
13495
14322
14324
14326
14328
14338
14341
14342
14475
14476
14477
13452
13462
13496
14345
14348
14349
13453
13463
13454
13464
13455
13465
13456
13466
13457
13467
13458
13468
13459
13469
13470
14178
14323
14329
14331
14332
14334
14185
14331
14338
14339
14341
14338
14345
14346
14348
13464
13475
13500
14345
14347
14349
14351
14378
14381
14382
13465
13476
13501
14385
14388
14389
13466
13477
13502
14392
14395
14396
13467
13478
13503
13468
13479
13504
13469
13480
13505
14399
14402
14403
13470
13481
13506
14406
14409
14410
13471
13482
13507
14353
14355
14357
14413
14416
14417
14502
14503
14504
14192
14352
14353
14355
14198
14352
14359
14360
14361
14206
14339
14363
14365
14366
14368
14213
14346
14365
14371
14372
14374
14220
14371
14378
14379
14381
14378
14385
14386
14388
14385
14392
14393
14395
13479
13488
13515
14392
14394
14396
14398
14441
14444
14445
14549
14550
14551
13480
13489
13516
14400
14402
14404
14448
14451
14452
14556
14557
14558
14399
14400
14402
14399
14406
14407
14409
14227
14406
14413
14414
14416
14234
14353
14413
14420
14421
14422
14240
14372
14425
19400
14245
14379
14425
14427
14428
19403
14252
14386
14427
14430
14431
14433
14259
14393
14430
14435
14436
14438
14266
14435
14441
14442
14444
14273
14441
14448
14449
14451
14280
14400
14448
14454
14455
14457
14287
14407
14454
14459
14460
19406
14292
14414
14459
14462
19409
14318
14463
14465
19412
14325
14463
14468
14469
14471
14468
14475
14476
14478
13499
14475
14477
14479
14481
14495
14498
14499
14334
14469
14482
14483
14485
19415
14341
14476
14483
14488
14489
14491
14348
14488
14495
14496
14498
13501
13512
14495
14497
14499
14501
14528
14531
14532
13502
13513
14535
14538
14539
13503
13514
14542
14545
14546
13504
13515
14549
14552
14553
13505
13516
14556
14559
14560
13506
13517
14563
14566
14567
13507
13518
14503
14505
14507
14570
14573
14574
14502
14503
14505
14355
14502
14509
14510
14512
14361
14509
14516
14368
14489
14517
14519
19418
14374
14496
14517
14521
14522
14524
14381
14521
14528
14529
14531
14388
14528
14535
14536
14538
14395
14535
14542
14543
14545
14542
14549
14550
14552
14549
14556
14557
14559
14402
14556
14563
14564
14566
14409
14563
14570
14571
14573
14416
14503
14570
14577
14578
14580
14422
14510
14577
14583
14584
19421
14428
14529
14585
19422
14433
14536
14585
14587
14588
19425
14438
14543
14587
14590
14591
19428
14444
14550
14590
14593
14594
19431
14451
14557
14593
14596
14597
19434
14457
14564
14596
14599
14600
19437
14460
14571
14599
14602
19440
13529
13531
13532
13545
13532
13533
13532
13548
13535
13549
13534
13535
19931
13536
19930
13536
13552
13553
13543
13560
13540
13542
13540
13543
13544
13546
13563
13542
13543
13544
13548
13544
13566
13550
13567
13547
13549
13547
13550
13551
13570
13549
13550
13551
13552
13551
13573
13554
13574
13553
13554
13555
13555
13558
13560
13558
13561
13562
13564
13579
13560
13561
13562
13566
13638
13562
13582
13639
13568
13583
13640
13565
13567
13565
13568
13569
13571
13586
13567
13568
13569
13573
13645
13569
13589
13646
13575
13590
13647
13572
13574
13572
13575
13576
13574
13575
13576
13576
13578
13582
13652
13584
13594
13653
13581
13583
13581
13584
13585
13587
13596
13583
13584
13585
13589
13656
13585
13599
13657
13591
13600
13658
13588
13590
13588
13591
13592
13590
13591
13592
13592
13595
13597
13603
13595
13599
13663
13601
13604
13664
13598
13600
13598
13601
13602
13606
13600
13601
13602
13667
13602
13609
13668
13610
13669
13604
13605
13609
13674
13611
13675
13608
13610
13608
13611
13612
13610
13611
13612
13678
13612
13679
13680
13614
13616
13617
13619
13625
13616
13617
13621
13694
13623
13627
13695
13620
13622
13620
13623
13624
13628
13622
13623
13624
13699
13624
13631
13700
13632
13701
13626
13627
13629
13631
13706
13630
13632
13630
13633
13634
13632
13633
13634
13708
13634
13709
13710
13637
13639
13652
13637
13641
13643
13654
13640
13642
13640
13643
13644
13646
13656
13642
13643
13644
13648
13644
13659
13650
13660
13647
13649
13647
13650
13651
13649
13650
13651
13651
13653
13654
13655
13657
13663
13655
13659
13761
13661
13665
13763
13658
13660
13658
13661
13662
13667
13660
13661
13662
13768
13662
13670
13769
13671
13770
13664
13665
13666
13668
13674
13666
13670
13775
13672
13676
13777
13669
13671
13669
13672
13673
13678
13671
13672
13673
13782
13673
13681
13783
13682
13784
13675
13676
13677
13679
13685
13677
13681
13789
13683
13686
13790
20038
13680
13682
13680
13683
13684
13687
13682
13683
13684
13794
13684
13690
13795
13691
13796
13686
13690
13801
20040
13689
13691
13689
13692
20039
13693
13694
13691
13692
13693
13803
13693
13696
13804
20041
13697
13805
13695
13697
13698
13700
13706
20044
13697
20042
13698
13702
13810
13704
13707
13811
20045
13701
13703
13701
13704
13705
13708
13703
13704
13705
13815
13705
13711
13816
13712
13817
13707
19941
13711
19443
13710
13712
13710
13713
20047
13714
13716
13722
13712
13713
13714
13718
13822
13714
13823
20048
13720
13723
13824
13717
13719
13717
13720
13721
13724
13719
13720
13721
13828
13721
13727
13829
13728
13830
13723
19942
13727
13842
20051
13726
13728
13726
13729
20050
13730
13732
13745
13728
13729
13730
13734
13843
13730
20053
13736
13746
13844
13733
13735
13733
13736
13737
13739
13735
13736
13737
13741
13848
13737
13747
13849
13743
13748
13850
13740
13742
13740
13743
13744
13742
13743
13744
13855
13744
13749
13856
13750
13857
13746
19445
13747
20055
13748
19446
13749
13902
19448
13750
13751
13752
13753
13904
13752
20057
13755
19450
13754
13755
13756
13757
13907
13756
13908
19453
13759
13909
19456
13758
13759
13760
13912
13760
13913
19459
13914
19462
13763
13765
13763
13766
13767
13769
13775
13765
13766
13767
13771
13938
13767
13778
13939
13773
13779
13940
13770
13772
13770
13773
13774
13782
13772
13773
13774
13774
13785
13786
13777
13779
13777
13780
13781
13783
13789
13779
13780
13781
13785
13946
13781
13791
13947
13787
13792
13948
13784
13786
13784
13787
13788
13794
13786
13787
13788
13788
13797
13798
13790
13792
13793
13795
13801
20060
13792
13793
13797
13967
13799
13802
13968
20061
13796
13798
13796
13799
13800
13803
13798
13799
13800
13972
13800
13806
13973
13807
13974
13802
19943
13806
13979
20064
13805
13807
13805
13808
20062
13809
13810
13807
13808
13809
13981
13809
13812
13982
20066
13813
13983
13811
13813
13814
13816
20069
13813
19465
13814
13818
13995
13820
13996
19468
13817
13819
13817
13820
13821
13822
13819
13820
13821
13999
13821
13825
14000
13826
14001
13824
13826
13824
19471
13827
13829
13842
13826
20072
13827
13831
14025
13833
14026
20075
13830
13832
13830
13833
13834
13836
13843
13832
13833
13834
13838
14030
13834
13845
14031
13840
13846
14032
13837
13839
13837
13840
13841
13848
13839
13840
13841
14037
13841
13851
14038
13852
14039
19945
13844
13846
13847
13849
19475
13846
19478
13847
13851
14065
13853
19481
13850
13852
13850
13853
13854
13856
13902
13852
13853
13854
13858
14067
13854
14068
19484
13860
13903
14069
13857
13859
13857
13860
13861
13863
13904
13859
13860
13861
13865
14074
13861
13905
14075
13867
13906
14076
13864
13866
13864
13867
13868
13870
13907
13866
13867
13868
13872
14081
13868
13910
14082
13874
13911
14083
13871
13873
13871
13874
13875
13877
13912
13873
13874
13875
13879
14088
13875
13915
14089
13881
13916
14090
13878
13880
13878
13881
13882
13884
13918
13880
13881
13882
13886
14095
13882
13921
14096
13888
13922
14097
13885
13887
13885
13888
13889
13925
13887
13888
13889
13890
14102
13889
13928
14103
13892
13929
14104
13891
13892
13893
13894
14109
13893
13931
14110
13896
13932
14111
13895
13896
13897
13898
14116
13897
13933
14117
13900
13934
14118
13899
13900
13901
14123
14606
13901
14124
19487
14125
19490
13903
19492
13905
19495
13906
19498
13906
19501
13910
14129
19504
13909
13911
13909
19507
13913
19510
13911
19513
13915
14130
19516
13914
13916
13914
19948
13917
13919
19519
13916
19522
13917
13921
14133
13923
19525
13920
13922
13920
13923
19951
13924
13926
19528
13922
13923
13924
13928
14136
13924
19531
13930
19534
13927
13929
13927
13930
19954
19537
13929
13930
13931
14139
19540
19543
13932
19546
13933
14142
19549
13934
19552
19555
13936
13937
13941
13943
13945
13940
13942
13940
13943
13944
13946
13942
13943
13944
13944
13949
13950
13949
13948
13950
13948
13951
20078
13952
13967
13950
13951
13952
13952
13969
20079
13970
13955
13957
13955
13958
13959
13961
13957
13958
13959
13963
13959
13965
13962
13964
13962
13965
13966
13964
13965
13966
13966
13968
13970
13971
13973
13979
20082
13970
20080
13971
13975
14145
13977
13980
14146
20083
13974
13976
13974
13977
13978
13981
13976
13977
13978
14150
13978
13984
14151
13985
14152
13980
19558
13984
14157
20085
13983
13985
13983
13986
19957
13987
13989
13995
13985
13986
13987
13991
14159
13987
14160
20087
13993
13997
14161
13990
13992
13990
13993
13994
13999
13992
13993
13994
14166
13994
14002
14167
14003
14168
13996
13997
19960
13998
14000
19560
13998
14002
14173
20090
14004
20093
14001
14003
14001
14004
14005
14025
14003
14004
14005
14175
14005
14027
14176
14028
14177
14008
14010
14008
14011
14012
14014
14051
14010
14011
14012
14016
14012
14054
14018
14055
14015
14017
14015
14018
14019
14021
14058
14017
14018
14019
14022
14189
14019
14061
14190
14024
14062
14191
14023
14024
14603
14023
14024
14196
14197
14607
14026
14028
14029
14031
19563
14028
19969
14029
14033
14201
14035
19566
14032
14034
14032
14035
14036
14038
14065
14034
14035
14036
14040
14203
14036
14204
19569
14042
14066
14205
14039
14041
14039
14042
14043
14045
14067
14041
14042
14043
14047
14210
14043
14070
14211
14049
14071
14212
14046
14048
14046
14049
14050
14074
14048
14049
14050
14217
14050
14077
14218
14078
14219
14053
14055
14053
14056
14057
14059
14123
14055
14056
14057
14061
14224
14057
14126
14225
14063
14127
14226
14060
14062
14603
14060
14063
14604
14064
19572
14062
14063
14064
14231
14607
14064
14232
14608
14233
19573
14066
19574
14070
14237
19577
14069
14071
14069
14072
19963
14073
14075
19580
14071
14072
14073
14077
14238
14073
19583
14079
14239
19586
14076
14078
14076
14079
14080
14082
14129
14078
14079
14080
14084
14242
14080
14243
19589
14086
14244
19592
14083
14085
14083
14086
14087
14089
14130
14085
14086
14087
14091
14249
14087
14131
14250
14093
14132
14251
14090
14092
14090
14093
14094
14096
14133
14092
14093
14094
14098
14256
14094
14134
14257
14100
14135
14258
14097
14099
14097
14100
14101
14103
14136
14099
14100
14101
14105
14263
14101
14137
14264
14107
14138
14265
14104
14106
14104
14107
14108
14110
14139
14106
14107
14108
14112
14270
14108
14140
14271
14114
14141
14272
14111
14113
14111
14114
14115
14117
14142
14113
14114
14115
14119
14277
14115
14143
14278
14121
14144
14279
14118
14120
14118
14121
14122
14124
19595
14120
14121
14122
14126
14284
14122
14285
19598
14128
14286
19601
14125
14127
14604
14125
14128
19604
19607
14127
14128
14291
14608
19609
19612
19615
14132
19618
14132
19981
14134
19621
14135
19624
14135
19987
14137
19627
14138
19630
14138
19633
14140
14294
19636
14141
19639
14141
19993
14143
19642
14144
19645
14144
19999
19648
14146
14148
14149
14151
14157
20097
14148
20096
14149
14153
14295
14155
14158
14296
20099
14152
14154
14152
14155
14156
14159
14154
14155
14156
14300
14156
14162
14301
14163
14302
14158
19651
14162
14314
20104
14161
14163
14161
14164
20101
14165
14167
14173
14163
14164
14165
14169
14315
14165
14316
20107
14171
14174
14317
14168
14170
14168
14171
14172
14175
14170
14171
14172
14322
14172
14178
14323
14179
14324
14174
19966
14178
14329
20110
14177
14179
14177
14180
19972
14181
14183
14201
14179
14180
14181
14185
14331
14181
14332
20113
14187
14202
14333
14184
14186
14184
14187
14188
14203
14186
14187
14188
14338
14188
14206
14339
14207
14340
14191
14193
14191
14194
14195
14197
14231
14193
14194
14195
14198
14352
14195
14234
14353
14200
14235
14354
14199
14200
14605
14199
14200
14359
14360
14202
19975
14206
14363
19654
14205
14207
14205
14208
20116
14209
14211
14237
14207
14208
14209
14213
14365
14209
14366
20119
14215
14367
19657
14212
14214
14212
14215
14216
14218
14238
14214
14215
14216
14220
14371
14216
14240
14372
14222
14241
14373
14219
14221
14219
14222
14223
14242
14221
14222
14223
14378
14223
14245
14379
14246
14380
14226
14228
14226
14229
14230
14232
14291
14228
14229
14230
14234
14413
14230
14292
14414
14236
14293
14415
14233
14235
14605
14233
14236
19660
19662
14235
14236
14420
19663
14421
19664
19666
14239
14241
14243
19669
14241
20122
14245
14425
19672
14244
14246
14244
14247
19978
14248
14250
19675
14246
14247
14248
14252
14427
14248
19678
14254
19681
14251
14253
14251
14254
19984
14255
14257
19684
14253
14254
14255
14259
14430
14255
14431
19687
14261
14432
19690
14258
14260
14258
14261
19990
14262
14264
19693
14260
14261
14262
14266
14435
14262
14436
19696
14268
14437
19699
14265
14267
14265
14268
14269
14271
14294
14267
14268
14269
14273
14441
14269
14442
19702
14275
14443
19705
14272
14274
14272
14275
19996
14276
14278
19708
14274
14275
14276
14280
14448
14276
14449
19711
14282
14450
19714
14279
14281
14279
14282
20002
14283
14285
19717
14281
14282
14283
14287
14454
14283
14455
19720
14289
14456
19723
14286
14288
14286
14289
20005
14290
19726
14288
14289
14290
14292
14459
14290
19729
19732
14293
19735
14293
19738
19741
19744
14296
14298
14299
14301
14314
20125
14298
19747
14299
14303
14305
20127
14302
14304
14302
14305
14306
14308
14315
14304
14305
14306
14310
14306
14318
14312
14319
14309
14311
14309
14312
14313
14322
14311
14312
14313
14313
14325
14326
20008
14317
14319
14317
14320
20011
14321
14323
14329
14319
14320
20129
14321
14325
14463
14321
19748
14327
14330
14464
14324
14326
14324
14327
14328
14331
14326
14327
14328
14468
14328
14334
14469
14335
14470
14330
19751
14334
14482
19754
14333
14335
14333
14336
20014
14337
14339
14363
14335
14336
14337
14341
14483
14337
19757
14343
14364
14484
14340
14342
14340
14343
14344
14346
14365
14342
14343
14344
14348
14488
14344
14368
14489
14350
14369
14490
14347
14349
14347
14350
14351
14371
14349
14350
14351
14495
14351
14374
14496
14375
14497
14354
14356
14354
14357
14358
14360
14420
14356
14357
14358
14361
14509
14358
14422
14510
14362
14423
14511
14362
14362
14364
20017
14368
20135
14367
14369
14367
20132
14370
14372
19760
14369
19763
14370
14374
14517
14376
14518
19766
14373
14375
14373
14376
14377
14379
14425
14375
14376
14377
14381
14521
14377
14522
19769
14383
14426
14523
14380
14382
14380
14383
14384
14386
14427
14382
14383
14384
14388
14528
14384
14428
14529
14390
14429
14530
14387
14389
14387
14390
14391
14393
14430
14389
14390
14391
14395
14535
14391
14433
14536
14397
14434
14537
14394
14396
14394
14397
14398
14435
14396
14397
14398
14542
14398
14438
14543
14439
14544
14401
14403
14401
14404
14405
14407
14454
14403
14404
14405
14409
14563
14405
14457
14564
14411
14458
14565
14408
14410
14408
14411
14412
14414
14459
14410
14411
14412
14416
14570
14412
14460
14571
14418
14461
14572
14415
14417
14415
14418
14419
14421
19772
14417
14418
14419
14422
14577
14419
14462
14578
14424
14579
19774
14423
19776
14424
19777
14423
14424
14583
19779
19780
14426
19781
14428
19784
14429
19787
14429
19790
14433
14585
19793
14432
14434
14432
20138
14436
19796
14434
19799
14438
14587
19802
14437
14439
14437
20020
14440
14442
19805
14439
19808
14440
14444
14590
14446
20141
14443
14445
14443
14446
20023
14447
14449
19811
14445
14446
14447
14451
14593
14447
19814
14453
19817
14450
14452
14450
14453
20026
14455
19820
14452
14453
14457
14596
19823
19826
14456
14458
14456
20029
19829
14458
19832
14460
14599
19835
14461
19838
14461
19841
14462
14602
19844
19847
14464
14466
14467
14469
14482
20147
14466
20144
14467
14471
14473
20150
14470
14472
14470
14473
14474
14476
14483
14472
14473
14474
14478
14474
14485
14480
14486
14477
14479
14477
14480
14481
14488
14479
14480
14481
14481
14491
14492
19850
14484
14486
14487
14489
20156
14486
20153
14487
14491
14493
20159
14490
14492
14490
14493
14494
14496
14517
14492
14493
14494
14498
14494
14519
14500
14520
14497
14499
14497
14500
14501
14521
14499
14500
14501
14501
14524
14525
14504
14506
14504
14507
14508
14510
14577
14506
14507
14508
14512
14508
14580
14514
14581
14511
14513
14511
14514
14515
14583
14513
14514
14515
14516
14515
14584
14518
14520
14522
19853
14520
20162
14524
19856
14523
14525
14523
14526
20032
14527
14529
19859
14525
14526
14527
14531
14527
20165
14533
19862
14530
14532
14530
14533
14534
14536
14585
14532
14533
14534
14538
14534
19865
14540
14586
14537
14539
14537
14540
14541
14543
14587
14539
14540
14541
14545
14541
14588
14547
14589
14544
14546
14544
14547
14548
14550
14590
14546
14547
14548
14552
14548
14591
14554
14592
14551
14553
14551
14554
14555
14557
14593
14553
14554
14555
14559
14555
14594
14561
14595
14558
14560
14558
14561
14562
14564
14596
14560
14561
14562
14566
14562
14597
14568
14598
14565
14567
14565
14568
14569
14571
14599
14567
14568
14569
14573
14569
14600
14575
14601
14572
14574
14572
14575
14576
14578
14602
14574
14575
14576
14580
14576
19868
14582
19871
14579
14581
14579
14582
20035
19874
14581
14582
14584
19876
19878
19881
14586
19882
14588
19935
14589
19885
14589
19888
14591
19891
14592
19894
14592
19897
14594
19900
14595
19903
14595
19906
14597
19909
14598
19912
14598
19915
14600
19938
14601
19918
14601
19921
19932
19924
14607
14606
14608
19927
14607
19929
20168
16551
16560
16561
16562
14611
15393
18139
18148
18149
19339
15393
18140
18150
19340
14613
14615
15457
15564
16910
14614
14616
15458
15565
16911
14617
15459
15566
16912
14616
14847
15570
15573
14617
14848
15571
15574
14849
15572
15575
14619
18434
18569
18579
19341
14620
18435
18570
18579
19342
18436
18571
18580
19343
14622
17360
17364
17366
17384
17385
17390
17391
17361
17365
17367
17386
17392
14624
16707
17384
17385
17393
17395
16708
17386
17394
17395
17356
17397
17398
17399
14627
16710
17397
17402
17405
14628
16711
17397
17403
17406
16712
17398
17404
17407
14630
17375
17417
17422
17424
17425
17375
17418
17423
17426
15200
17435
17436
14633
17424
17461
17468
17471
17519
14634
17425
17461
17469
17472
17520
17426
17462
17470
17473
17521
14636
17378
17468
17476
17479
14637
17379
17469
17477
17480
17380
17470
17478
17481
14639
15201
15204
17411
17505
14640
15202
15205
17412
17506
15203
15206
17413
17507
14642
15207
15209
17414
17437
17505
14643
15207
15210
17415
17438
17506
15208
15211
17416
17439
17507
14645
15200
15207
17527
17528
15200
15208
17527
17529
14647
17446
17447
17449
17451
17537
17543
17448
17450
17451
17538
17543
14649
17479
17544
17547
17550
17603
14650
17480
17545
17548
17551
17604
17481
17546
17549
17552
17605
14652
17488
17491
17547
17559
17565
14653
17489
17492
17548
17560
17566
17490
17493
17549
17561
17567
14655
17452
17559
17560
17571
17572
17577
17453
17561
17573
17578
14657
17455
17577
17579
17580
17585
17455
17578
17581
17586
14659
17457
17585
17587
17589
17590
17457
17586
17588
17591
14661
17458
17502
17587
17592
14662
17459
17503
17587
17593
17460
17504
17588
17594
17461
17462
17463
17464
17522
17523
17598
17599
14665
15209
15217
17609
17612
14666
15210
15218
17610
17613
15211
15219
17611
17614
14668
15223
16737
17532
17533
17622
17623
17628
15224
16738
17534
17624
17629
15213
15225
17628
17629
14671
17601
17642
17646
17647
17649
17602
17642
17648
17650
14673
16742
17693
17699
17702
14674
16743
17694
17700
17703
16744
17695
17701
17704
14676
15220
15232
17708
17714
17717
14677
15221
15233
17709
17715
17718
15222
15234
17710
17716
17719
17625
17626
17627
17722
17725
17726
14680
16751
17725
17728
17731
16752
17726
17729
17731
16754
17731
14683
16779
17654
17660
17738
14684
16780
17655
17661
17739
16781
17656
17662
17740
14686
17660
17666
17669
17747
17750
14687
17661
17667
17670
17748
17751
17662
17668
17671
17749
17752
14689
16758
17747
17759
17762
14690
16759
17748
17760
17763
16760
17749
17761
17764
14692
17638
17759
17771
17774
14693
17639
17760
17772
17775
17640
17761
17773
17776
14695
16767
17687
17771
17780
14696
16768
17688
17772
17781
16769
17689
17773
17782
14698
15226
15244
17711
17796
17802
14699
15227
15245
17712
17797
17803
15228
15246
17713
17798
17804
17720
17721
17727
17817
17818
17819
17824
17825
14703
16702
17826
17832
17833
19747
16703
17827
17834
19747
14705
17780
17872
17881
17884
14706
17781
17873
17882
17885
17782
17874
17883
17886
14708
17786
17884
17890
17893
14709
17787
17885
17891
17894
17788
17886
17892
17895
14711
15244
17808
17899
17905
14712
15245
17809
17900
17906
15246
17810
17901
17907
14714
15250
15251
17908
17914
17915
15252
17909
17914
17916
15266
17819
17915
17916
14717
16810
17825
17918
17921
17922
16811
17825
17919
17923
14719
15272
15278
17832
17927
14720
15273
15279
17833
17928
15274
15280
17834
17929
14722
17927
17930
17933
20144
14723
17928
17931
17934
20145
17929
17932
17935
20146
14725
15284
17933
17939
20153
14726
15285
17934
17940
20154
15286
17935
17941
20155
14728
15284
15290
15295
17942
20162
14729
15285
15291
15296
17943
20163
15286
15292
15297
17944
20164
15294
15364
15365
15372
15373
19881
14732
15310
15319
15374
19888
19935
14733
15311
15320
15375
19889
19936
15312
15321
15376
19890
19937
14735
15325
15374
15377
19897
14736
15326
15375
15378
19898
15327
15376
15379
19899
14738
15331
15377
15380
19906
14739
15332
15378
15381
19907
15333
15379
15382
19908
14741
15337
15340
15380
19915
19938
14742
15338
15341
15381
19916
19939
15339
15342
15382
19917
19940
17839
17945
14745
17839
17843
17951
17953
17839
17844
17952
17953
14747
17851
17852
17951
17955
17957
17853
17952
17956
17957
14749
17860
17955
17960
17963
14750
17861
17955
17961
17964
17862
17956
17962
17965
14752
15383
17893
17984
17993
14753
15384
17894
17985
17994
15385
17895
17986
17995
14755
15386
15389
17896
17902
17993
14756
15387
15390
17897
17903
17994
15388
15391
17898
17904
17995
14758
15386
17905
18002
18005
14759
15387
17906
18003
18006
15388
17907
18004
18007
15392
17914
14762
15394
17921
18020
18023
14763
15394
17922
18021
18024
15395
17923
18022
18025
14765
15278
15398
18029
18035
18038
14766
15279
15399
18030
18036
18039
15280
15400
18031
18037
18040
14768
15398
17930
18041
18044
14769
15399
17931
18042
18045
15400
17932
18043
18046
14771
15404
17939
18044
18050
14772
15405
17940
18045
18051
15406
17941
18046
18052
14774
15304
15424
15430
15433
14775
15305
15425
15431
15434
15306
15426
15432
15435
14777
15361
15481
15490
15493
14778
15362
15482
15491
15494
15363
15483
15492
15495
14780
15369
15372
15413
15415
15490
15496
14781
15370
15372
15413
15416
15491
15497
15371
15373
15414
15417
15492
15498
17957
18062
18065
18066
14784
17963
18065
18067
18072
14785
17964
18065
18067
18073
17965
18066
18068
18074
14787
16827
18072
18075
18078
14788
16828
18073
18076
18079
16829
18074
18077
18080
14790
16868
17969
18075
18087
14791
16869
17970
18076
18088
16870
17971
18077
18089
14793
15389
18099
18108
18111
14794
15390
18100
18109
18112
15391
18101
18110
18113
14796
15502
18008
18009
18012
18120
18121
18126
15502
18010
18013
18122
18127
15502
16886
18132
18133
14799
18023
18154
18163
18166
14800
18024
18155
18164
18167
18025
18156
18165
18168
14802
15421
15423
15521
15541
15542
15550
15422
15423
15521
15543
15551
14804
15427
15433
15526
15552
16953
14805
15428
15434
15527
15553
16954
15429
15435
15528
15554
16955
14807
15552
15558
18053
18199
14808
15553
15559
18054
18200
15554
15560
18055
18201
14810
15475
15579
15588
15591
14811
15476
15580
15589
15592
15477
15581
15590
15593
14813
15484
15588
15597
15600
14814
15485
15589
15598
15601
15486
15590
15599
15602
14816
15493
15496
15532
15535
15597
15603
14817
15494
15497
15533
15536
15598
15604
15495
15498
15534
15537
15599
15605
14819
18084
18087
18228
18231
14820
18085
18088
18229
18232
18086
18089
18230
18233
14822
15606
16874
18231
18240
18244
14823
15607
16875
18232
18241
18245
15608
16876
18233
18242
18246
14825
15609
18108
18117
18250
14826
15610
18109
18118
18251
15611
18110
18119
18252
14828
18126
18259
18268
18277
14829
18126
18260
18269
18278
18127
18261
18270
18279
14831
16891
16936
18298
18308
14832
16892
16937
18299
18309
16893
16938
18300
18310
14834
18166
18311
18317
18320
14835
18167
18312
18318
18321
18168
18313
18319
18322
14837
15665
18196
18329
18332
14838
15666
18197
18330
18333
15667
18198
18331
18334
14840
15547
15548
15683
15684
15692
15694
15549
15685
15693
15695
14842
15558
15697
15700
18338
14843
15559
15698
15701
18339
15560
15699
15702
18340
14845
15567
15700
15706
15709
14846
15568
15701
15707
15710
15569
15702
15708
15711
14848
15706
15715
15718
14849
15707
15716
15719
15708
15717
15720
14851
15582
15715
15724
15727
14852
15583
15716
15725
15728
15584
15717
15726
15729
14854
15591
15724
15733
15736
14855
15592
15725
15734
15737
15593
15726
15735
15738
14857
15600
15603
15674
15677
15733
15739
14858
15601
15604
15675
15678
15734
15740
15602
15605
15676
15679
15735
15741
16915
16916
18341
18342
18203
18204
18342
18343
14862
18217
18344
18346
18348
18349
18351
18352
18218
18344
18347
18350
18353
14864
16971
18237
18240
18366
14865
16972
18238
18241
18367
16973
18239
18242
18368
14867
15742
18250
18380
18383
14868
15743
18251
18381
18384
15744
18252
18382
18385
14870
18268
18393
18402
18414
14871
18269
18394
18403
18415
18270
18395
18404
18416
14873
15629
15757
18308
18437
18456
14874
15630
15758
18309
18438
18457
15631
15759
18310
18439
18458
14876
18317
18462
18468
18471
18474
14877
18318
18463
18469
18472
18475
18319
18464
18470
18473
18476
14879
15762
15765
18323
18326
18471
14880
15763
15766
18324
18327
18472
15764
15767
18325
18328
18473
14882
15645
15762
18480
18483
14883
15646
15763
18481
18484
15647
15764
18482
18485
14885
15774
15787
18329
18489
14886
15775
15788
18330
18490
15776
15789
18331
18491
14888
15694
15696
15783
15784
15823
15824
15832
15833
15695
15696
15783
15785
15825
15834
14890
15793
15799
15835
18338
18495
14891
15794
15800
15835
18339
18495
15795
15801
15836
18340
18496
14893
15709
15710
15835
15837
15839
15711
15836
15838
15839
14895
15718
15719
15837
15841
15843
15720
15838
15842
15843
14897
15727
15728
15841
15845
15846
15848
15729
15842
15847
15849
14899
15736
15739
15805
15808
15845
14900
15737
15740
15806
15809
15846
15738
15741
15807
15810
15847
14902
18346
18497
18500
18501
18503
18347
18497
18502
18504
14904
16965
17010
18500
18508
14905
16966
17011
18501
18509
16967
17012
18502
18510
14907
15850
18372
18377
18523
18534
14908
15851
18373
18378
18524
18535
15852
18374
18379
18525
18536
14910
15853
18383
18534
18540
14911
15854
18384
18535
18541
15855
18385
18536
18542
14913
15862
18402
18550
18563
14914
15863
18403
18551
18564
15864
18404
18552
18565
14916
15865
17030
18440
18581
14917
15866
17031
18441
18582
15867
17032
18442
18583
14919
15879
15882
18465
18591
14920
15880
15883
18466
18592
15881
15884
18467
18593
14922
15765
18603
18606
18609
18612
14923
15766
18604
18607
18610
18613
15767
18605
18608
18611
18614
14925
15892
17081
18483
18609
14926
15893
17082
18484
18610
15894
17083
18485
18611
14928
15777
15892
17087
18618
14929
15778
15893
17088
18619
15779
15894
17089
18620
15895
15906
17096
17097
14932
15900
15911
18489
18618
18621
14933
15901
15912
18490
18619
18622
15902
15913
18491
18620
18623
14935
15829
15955
15964
17100
14936
15830
15956
15965
17101
15831
15957
15966
17102
14938
18508
18628
18633
18636
14939
18509
18629
18634
18636
18510
18630
18635
18637
14941
15971
18511
18517
18633
18641
14942
15971
18512
18518
18634
18642
15972
18513
18519
18635
18643
14944
15850
18647
18656
18664
14945
15851
18648
18657
18665
15852
18649
18658
18666
14947
15862
15979
18687
18692
14948
15863
15980
18688
18693
15864
15981
18689
18694
18575
18576
18690
18704
18705
18706
14951
15982
18581
18582
18584
18585
18704
18708
18709
18711
15982
18583
18586
18705
18710
18712
14953
15882
18715
18721
18724
18727
14954
15883
18716
18722
18725
18728
15884
18717
18723
18726
18729
14956
15886
15990
15993
18724
14957
15887
15991
15994
18725
15888
15992
15995
18726
14959
15909
16027
16036
16039
14960
15909
16028
16037
16040
15910
16029
16038
16041
14962
15920
16042
18742
18745
14963
15921
16043
18743
18746
15922
16044
18744
18747
14965
15936
15937
17114
17118
17120
17125
17158
17159
15936
15937
17115
17119
17121
17126
17158
17159
14967
15958
16052
16064
17106
14968
15959
16053
16065
17107
15960
16054
16066
17108
16067
18636
18637
18755
14971
15971
16068
18755
18758
18759
15972
16069
18755
18760
14973
16073
18656
18764
18777
14974
16074
18657
18765
18778
16075
18658
18766
18779
14976
18687
18688
18791
18798
18799
18689
18792
18798
18800
14978
18718
18719
18721
18722
18806
18809
18810
18811
18813
18720
18723
18807
18809
18812
18814
14980
15993
16087
18815
18821
18824
14981
15994
16088
18816
18822
18825
15995
16089
18817
18823
18826
14983
16087
16093
17173
18736
14984
16088
16094
17174
18737
16089
16095
17175
18738
14986
16012
16013
16096
16098
16099
17182
16012
16014
16096
16100
17183
14988
16018
16107
16110
16113
14989
16019
16108
16111
16114
16020
16109
16112
16115
14991
16039
16098
16101
16131
16140
14992
16040
16099
16102
16132
16141
16041
16100
16103
16133
16142
14994
16110
16119
16143
18742
18836
14995
16111
16120
16144
18743
18837
16112
16121
16145
18744
18838
14997
16143
16146
18748
18839
14998
16144
16147
18749
18839
16145
16148
18750
18840
15000
16058
16155
16163
17155
15001
16059
16156
16164
17156
16060
16157
16165
17157
15003
18752
18843
18846
18847
18752
18843
18846
18848
15005
16068
18856
18859
18861
18862
16069
18856
18860
18863
15007
16073
18867
18876
18879
15008
16074
18868
18877
18880
16075
18869
18878
18881
18798
18891
18892
18896
15011
16183
18818
18821
18898
18903
18906
15012
16183
18819
18822
18899
18904
18906
16184
18820
18823
18900
18905
18907
15014
16185
18830
18917
18920
18923
15015
16186
18831
18918
18921
18924
16187
18832
18919
18922
18925
15017
16113
16202
16205
18920
18926
15018
16114
16203
16206
18921
18927
16115
16204
16207
18922
18928
15020
16137
16138
16140
16141
16192
16223
17215
16139
16142
16193
16224
17215
15022
16146
16147
16230
16231
16233
18929
16148
16232
16234
18930
16153
16233
16234
16237
16236
16239
16240
16241
15026
16158
16239
16244
16245
16247
16159
16239
16246
16248
15028
16163
16166
16214
16217
16244
16249
15029
16164
16167
16215
16218
16245
16250
16165
16168
16216
16219
16246
16251
15031
16252
16254
18847
18940
16253
16255
18848
18941
15033
17194
18850
18940
18944
17195
18850
18941
18945
15035
18859
18957
18963
18966
15036
18859
18958
18964
18967
18860
18959
18965
18968
15038
18876
18972
18981
18984
15039
18877
18973
18982
18985
18878
18974
18983
18986
15041
16265
16266
18896
18996
16265
16267
18896
18997
16183
16184
18901
18902
19002
19003
15044
16270
18911
18914
19004
19007
19009
15045
16271
18912
18915
19004
19007
19009
16272
18913
18916
19005
19008
19010
15047
16188
16270
17236
19014
15048
16189
16271
17237
19015
16190
16272
17238
19016
16199
16200
16201
16273
15051
16208
16281
19023
19025
15052
16209
16282
19023
19025
16210
16283
19024
19026
15054
16227
16304
16313
16315
15055
16228
16305
16313
16316
16229
16306
16314
16317
15057
16240
16290
16320
16321
16322
16241
16291
16320
16323
15059
16247
16249
16295
16298
16321
15060
16247
16250
16296
16299
16322
16248
16251
16297
16300
16323
15062
18944
19039
19041
19043
18945
19039
19042
19043
15064
16326
18963
19049
19055
15065
16327
18964
19050
19056
16328
18965
19051
19057
15067
17256
18981
19061
19070
15068
17257
18982
19062
19071
17258
18983
19063
19072
15070
16329
16332
18990
19070
15071
16330
16333
18991
19071
16331
16334
18992
19072
15073
16266
16335
16336
19079
19080
19085
19087
19088
16267
16337
19081
19086
19089
16338
16339
16340
19001
19085
19086
19006
19007
19008
19093
15077
16274
16346
16348
19099
19105
15078
16275
16346
16348
19100
19105
16276
16347
16349
19101
19106
16287
17247
15081
16310
16372
16381
16384
15082
16311
16373
16382
16385
16312
16374
16383
16386
15084
16315
16318
16352
16354
16381
16387
15085
16316
16318
16352
16355
16382
16388
16317
16319
16353
16356
16383
16389
15087
16326
16390
19112
19120
15088
16327
16391
19113
19121
16328
16392
19114
19122
15090
16332
16399
19138
19141
15091
16333
16400
19139
19142
16334
16401
19140
19143
15093
16339
16408
19153
19154
19159
16340
16408
19155
19160
15095
16410
16411
19094
19096
19097
19161
19163
19165
19166
16412
19095
19098
19161
19164
19167
15097
16410
16411
16416
17290
19102
19103
19105
16412
16416
17291
19104
19106
16348
16349
16350
16416
15100
16360
16429
16430
16438
16440
16441
16361
16431
16439
16442
16368
16369
16443
16444
16445
16446
15103
16378
16444
16449
16452
15104
16379
16444
16450
16453
16380
16445
16451
16454
15106
16384
16449
17271
17297
15107
16385
16450
17272
17298
16386
16451
17273
17299
15109
16390
19169
19174
19177
15110
16391
19170
19175
19178
16392
19171
19176
19179
15112
16396
19177
19183
19186
15113
16397
19178
19184
19187
16398
19179
19185
19188
15115
16466
19138
19189
19195
15116
16467
19139
19190
19196
16468
19140
19191
19197
15118
16402
17279
19195
19198
15119
16403
17280
19196
19199
16404
17281
19197
19200
16481
19207
19208
15122
16481
19162
19211
19213
16481
19162
19212
19214
15124
16424
16491
16492
16500
16501
16425
16493
16500
16502
15126
16440
16491
16494
16519
16525
15127
16441
16492
16495
16520
16526
16442
16493
16496
16521
16527
16446
16503
16528
16529
15130
16452
16453
16505
16528
16530
16531
16454
16506
16529
16532
15132
16533
19174
19222
15133
16534
19175
19223
16535
19176
19224
15135
16536
17306
19186
19222
15136
16537
17307
19187
19223
16538
17308
19188
19224
15138
16466
16545
19231
19234
19237
15139
16467
16546
19232
19235
19238
16468
16547
19233
19236
19239
15141
16472
19198
19234
19243
19246
15142
16473
19199
19235
19244
19247
16474
19200
19236
19245
19248
15144
16554
19213
19256
15145
16555
19213
19257
16556
19214
19258
15147
16483
16554
19218
19259
19262
15148
16484
16555
19219
19260
19262
16485
16556
19220
19261
19263
15150
16487
16560
16565
16569
16487
16560
16566
16570
16488
16489
16490
17337
19262
19263
15153
16501
16565
16574
16575
16582
16502
16566
16576
16583
15155
16522
16594
16603
17317
15156
16523
16595
16604
17318
16524
16596
16605
17319
15158
16536
19266
19275
19278
15159
16537
19267
19276
19279
16538
19268
19277
19280
15161
19243
19290
19299
19302
15162
19244
19291
19300
19303
19245
19292
19301
19304
16552
16612
16613
16614
16561
16562
16612
16613
16617
16618
16569
16570
16617
16619
16582
16583
16619
16629
16630
16635
16636
16637
15169
16589
16636
16640
16641
16643
16590
16636
16642
16644
15171
16597
16640
16648
16651
15172
16598
16641
16649
16652
16599
16642
16650
16653
15174
16603
16620
16623
16648
16654
15175
16604
16621
16624
16649
16655
16605
16622
16625
16650
16656
15177
19284
19309
19312
15178
19285
19310
19313
19286
19311
19314
15180
19299
19318
19327
19330
15181
19300
19319
19328
19331
19301
19320
19329
19332
15183
16660
16661
19306
19330
19331
16660
16662
19307
19332
16614
16664
16618
16664
15187
16633
16685
16692
17341
16634
16686
16692
17341
16637
16667
16693
16694
15190
16643
16670
16693
17345
15191
16643
16671
16693
17346
16644
16672
16694
17347
15193
17351
19327
19333
15194
17352
19328
19333
17353
19329
19334
15196
16661
16695
19333
19337
16662
16695
19334
19337
15198
16689
16690
16696
16698
16691
16697
16699
16692
16696
16697
16700
17433
17434
17527
15202
15204
16732
17402
17408
17499
15203
15205
16733
17403
17409
17500
15206
16734
17404
17410
17501
15205
15217
16739
17499
17508
15206
15218
16740
17500
17509
15219
16741
17501
17510
15208
17433
17524
17525
17528
17434
17526
17529
15210
17508
17524
17612
15211
17509
17525
17613
17510
17526
17614
16737
16738
17527
17541
17541
15215
16770
17587
17589
17592
17681
15216
16771
17587
17590
17593
17682
16772
17588
17591
17594
17683
15218
16739
17508
17606
17609
15219
16740
17509
17607
17610
16741
17510
17608
17611
15221
16745
17612
17615
17619
15222
16746
17613
17616
17620
16747
17614
17617
17621
15224
15225
16776
17622
17623
17628
15225
16777
17624
17629
16778
17628
17629
15227
17699
17702
17711
17796
15228
17700
17703
17712
17797
17701
17704
17713
17798
15230
16789
17708
17711
17714
17802
15231
16790
17709
17712
17715
17803
16791
17710
17713
17716
17804
15233
15238
17714
17717
17811
15234
15239
17715
17718
17812
15240
17716
17719
17813
15236
15238
16776
17619
17622
17717
15237
15239
16776
17620
17623
17718
15240
16777
17621
17624
17719
15239
16792
17720
17817
15240
16793
17720
17817
16794
17721
17818
15242
16806
17705
17793
17799
17899
15243
16807
17706
17794
17800
17900
16808
17707
17795
17801
17901
15245
17799
17805
17808
15246
17800
17806
17809
17801
17807
17810
15248
15263
16789
17805
17814
15249
15264
16790
17806
17815
15265
16791
17807
17816
15251
15253
16792
17811
17814
15252
15253
16793
17812
17815
15254
16794
17813
17816
15254
17817
17819
17915
17818
17819
17916
15256
16810
17824
17825
17828
16811
17824
17825
17829
15258
15386
17899
17902
17905
15259
15387
17900
17903
17906
15388
17901
17904
17907
15261
17808
17905
17910
18005
15262
17809
17906
17910
18006
17810
17907
17911
18007
15264
17808
17908
17910
17912
15265
17809
17908
17910
17912
17810
17909
17911
17913
17917
15268
15394
17918
17920
17921
17922
15395
17919
17920
17923
15270
15275
16810
17921
18020
15271
15276
16810
17922
18021
15277
16811
17923
18022
15273
15275
16812
17830
17924
15274
15276
16813
17830
17925
15277
16814
17831
17926
15276
16812
16840
17924
15277
16813
16841
17925
16814
16842
17926
15279
15281
17924
15280
15282
17925
15283
17926
15282
15398
17927
17930
15283
15399
17928
17931
15400
17929
17932
15285
15287
20159
15286
15288
20160
15289
20161
15288
15290
15404
17939
15289
15291
15405
17940
15292
15406
17941
15291
16844
17942
15292
16845
17943
16846
17944
15294
16843
15372
15373
16847
16848
15296
15298
17942
19856
15297
15299
17943
19857
15300
17944
19858
15299
15301
15304
15307
20165
15300
15302
15305
15308
20166
15303
15306
15309
20167
15302
15307
16815
19862
15303
15308
16816
19863
15309
16817
19864
15305
15307
17942
15306
15308
17943
15309
17944
15308
15313
15430
15309
15314
15431
15315
15432
15311
15316
16815
19935
15312
15317
16816
19936
15318
16817
19937
15314
15316
16815
16849
15315
15317
16816
16850
15318
16817
16851
15317
15319
15439
15318
15320
15440
15321
15441
15320
15322
16852
15321
15323
16853
15324
16854
15323
15325
15374
15445
15324
15326
15375
15446
15327
15376
15447
15326
15328
16855
15327
15329
16856
15330
16857
15329
15331
15377
15454
15330
15332
15378
15455
15333
15379
15456
15332
15334
16858
15333
15335
16859
15336
16860
15335
15340
15380
15463
15336
15341
15381
15464
15342
15382
15465
15338
15343
16818
19938
15339
15344
16819
19939
15345
16820
19940
15341
15343
16861
15342
15344
16862
15345
16863
15344
15349
15472
15345
15350
15473
15351
15474
15347
15352
16818
16821
19932
15348
15353
16819
16822
19933
15354
16820
16823
19934
15350
15352
16818
16864
15351
15353
16819
16865
15354
16820
16866
15353
15361
15481
15354
15362
15482
15363
15483
15356
15358
15361
15366
16821
19871
15357
15359
15362
15367
16822
19872
15360
15363
15368
16823
19873
15359
15361
15369
15490
15360
15362
15370
15491
15363
15371
15492
15362
15481
16821
15363
15482
16822
15483
16823
15365
15366
15367
15372
19876
15368
15373
19877
15367
15369
19878
15368
15370
19879
15371
19880
15370
15372
15371
15372
15373
15373
15413
15414
15375
19891
15376
19892
19893
15378
19900
15379
19901
19902
15381
19909
15382
19910
19911
15384
16877
17984
17990
17996
15385
16878
17985
17991
17997
16879
17986
17992
17998
15387
17999
18002
15388
18000
18003
18001
18004
15390
17996
17999
15391
17997
18000
17998
18001
16836
16837
17912
17913
18014
18016
18017
15395
15396
16839
15397
16839
15397
18018
18023
18024
18154
18155
18019
18025
18156
15399
15401
15400
15402
15403
15402
15509
18038
18041
18181
15403
15510
18039
18042
18182
15511
18040
18043
18183
15405
15407
15410
16844
15406
15408
15411
16845
15409
15412
16846
15408
15410
15523
18050
15409
15411
15524
18051
15412
15525
18052
15411
15427
16844
18190
15412
15428
16845
18191
15429
16846
18192
15414
15418
15419
16847
15420
16848
15416
15418
15496
16904
15417
15419
15497
16905
15420
15498
16906
15419
15421
15541
16847
15420
15421
15542
16847
15422
15543
16848
15422
15423
16847
15423
16848
15521
16843
15425
15427
16844
17942
15426
15428
16845
17943
15429
16846
17944
15428
15433
15526
15429
15434
15527
15435
15528
15431
15436
16849
18053
15432
15437
16850
18054
15438
16851
18055
15434
15436
15435
15437
15438
15437
15552
18053
15438
15553
18054
15554
18055
15440
15442
16849
16852
15441
15443
16850
16853
15444
16851
16854
15443
15448
18053
18199
15444
15449
18054
18200
15450
18055
18201
15446
15451
16852
16855
15447
15452
16853
16856
15453
16854
16857
15449
15451
16852
16907
15450
15452
16853
16908
15453
16854
16909
15452
15457
15564
15453
15458
15565
15459
15566
15455
15460
16855
16858
15456
15461
16856
16859
15462
16857
16860
15458
15460
16855
15459
15461
16856
15462
16857
15461
15466
16910
15462
15467
16911
15468
16912
15464
15469
16858
16861
15465
15470
16859
16862
15471
16860
16863
15467
15469
15576
16858
15468
15470
15577
16859
15471
15578
16860
15470
15475
15579
15471
15476
15580
15477
15581
15473
15478
16861
16864
15474
15479
16862
16865
15480
16863
16866
15476
15478
15579
16861
15477
15479
15580
16862
15480
15581
16863
15479
15484
15588
16864
15480
15485
15589
16865
15486
15590
16866
15482
15487
16864
15483
15488
16865
15489
16866
15485
15487
16864
15486
15488
16865
15489
16866
15488
15493
15597
15489
15494
15598
15495
15599
15491
15496
15492
15497
15498
15494
15496
15495
15497
15498
15497
15532
15498
15533
15534
15500
15615
16880
18114
18123
15501
15616
16881
18115
18124
15617
16882
18116
18125
15503
15504
18014
15504
18126
18132
18134
18135
18277
18278
18127
18133
18136
18279
16888
18146
18147
18295
15507
18032
18163
18172
18175
15508
18033
18164
18173
18176
18034
18165
18174
18177
15510
18038
18172
18181
18184
15511
18039
18173
18182
18185
18040
18174
18183
18186
15513
15515
16945
18181
18184
15514
15516
16946
18182
18185
15517
16947
18183
18186
15516
15518
15651
16901
15517
15519
15652
16902
15520
15653
16903
15519
16948
18187
18193
15520
16949
18188
18194
16950
18189
18195
15522
15550
15551
15663
15524
18050
18187
18190
18193
15525
18051
18188
18191
18194
18052
18189
18192
18195
15527
15529
18190
15528
15530
18191
15531
18192
15530
16953
18196
18332
15531
16954
18197
18333
16955
18198
18334
15533
15538
16904
15534
15539
16905
15540
16906
15536
15538
15603
16959
15537
15539
15604
16960
15540
15605
16961
15539
15547
15683
15540
15548
15684
15549
15685
15542
15544
15547
16904
15543
15545
15548
16905
15546
15549
16906
15545
15547
15550
15692
15546
15548
15550
15692
15549
15551
15693
15548
15683
16904
15549
15684
16905
15685
16906
15551
15692
16951
15693
16952
15553
15555
15554
15556
15557
15556
15558
15697
16953
15557
15559
15698
16954
15560
15699
16955
15559
15561
15560
15562
15563
15562
15567
15700
18199
15563
15568
15701
18200
15569
15702
18201
15565
15570
16907
15566
15571
16908
15572
16909
15568
15570
16907
15569
15571
16908
15572
16909
15571
15706
15572
15707
15708
15574
15582
15715
16910
15575
15583
15716
16911
15584
15717
16912
15577
15579
15582
16910
15578
15580
15583
16911
15581
15584
16912
15580
15585
15581
15586
15587
15583
15585
15584
15586
15587
15586
15591
15724
15587
15592
15725
15593
15726
15589
15594
15590
15595
15596
15592
15594
15593
15595
15596
15595
15600
15733
15596
15601
15734
15602
15735
15598
15603
15599
15604
15605
15601
15603
15602
15604
15605
15604
15674
15605
15675
15676
15607
16971
18240
18244
18247
15608
16972
18241
18245
18248
16973
18242
18246
18249
15610
15612
16925
18102
18105
15611
15613
16926
18103
18106
15614
16927
18104
18107
15613
15742
18247
18250
15614
15743
18248
18251
15744
18249
18252
15616
18117
18259
18262
15617
18118
18260
18263
18119
18261
18264
15619
16984
18134
18280
18283
15620
16985
18135
18281
18284
16986
18136
18282
18285
15622
15623
16932
16933
18146
18295
15624
16934
18147
18295
15624
15754
15755
18283
18284
18296
15756
18285
18297
15626
18148
18286
18298
18301
15627
18149
18287
18299
18302
18150
18288
18300
18303
16935
16996
16997
18296
18297
18307
15630
15633
16936
18308
18456
15631
15634
16937
18309
18457
15635
16938
18310
18458
15760
18307
15634
16939
16998
18311
18314
15635
16940
16999
18312
18315
16941
17000
18313
18316
15637
15639
18317
18320
18323
18471
15638
15640
18318
18321
18324
18472
15641
18319
18322
18325
18473
15640
16942
18175
18320
18323
15641
16943
18176
18321
18324
16944
18177
18322
18325
15643
15645
16942
16945
18184
15644
15646
16943
16946
18185
15647
16944
16947
18186
15646
15648
15762
18326
15647
15649
15763
18327
15650
15764
18328
15649
15654
16945
18480
15650
15655
16946
18481
15656
16947
18482
15652
15654
16945
16948
15653
15655
16946
16949
15656
16947
16950
15655
15657
15771
15656
15658
15772
15659
15773
15658
15660
16948
17001
15659
15661
16949
17002
15662
16950
17003
15661
15665
15774
18329
15662
15666
15775
18330
15667
15776
18331
15664
16951
16952
15696
16951
16952
15666
16948
18193
18329
15667
16949
18194
18330
16950
18195
18331
15669
15671
16956
17004
18335
15670
15672
16957
17005
18336
15673
16958
17006
18337
15672
15697
15793
18338
15673
15698
15794
18339
15699
15795
18340
15675
15680
16959
15676
15681
16960
15682
16961
15678
15680
15739
17007
15679
15681
15740
17008
15682
15741
17009
15681
15689
15814
15682
15690
15815
15691
15816
15684
15686
15689
16959
15685
15687
15690
16960
15688
15691
16961
15687
15689
15694
15823
15688
15690
15694
15824
15691
15695
15825
15690
15826
16959
15691
15827
16960
15828
16961
15693
15696
16951
15696
16952
15695
15696
15696
15783
15698
16953
16956
18338
15699
16954
16957
18339
16955
16958
18340
15701
15703
15702
15704
15705
15704
15709
15835
18338
15705
15710
15835
18339
15711
15836
18340
15707
15712
15708
15713
15714
15710
15712
15711
15713
15714
15713
15718
15837
15714
15719
15837
15720
15838
15716
15721
15717
15722
15723
15719
15721
15720
15722
15723
15722
15727
15841
15723
15728
15841
15729
15842
15725
15730
15726
15731
15732
15728
15730
15729
15731
15732
15731
15736
15845
15732
15737
15846
15738
15847
15734
15739
15735
15740
15741
15737
15739
15738
15740
15741
15740
15805
15741
15806
15807
15743
15745
16974
15744
15746
16975
15747
16976
15746
18377
18383
18534
15747
18378
18384
18535
18379
18385
18536
15749
18380
18383
18396
18540
15750
18381
18384
18397
18541
18382
18385
18398
18542
15752
16990
18420
18434
18569
15753
16991
18421
18435
18570
16992
18422
18436
18571
15755
16990
18432
18434
15756
16991
18432
18435
16992
18433
18436
15758
17030
17033
18443
18459
15759
17031
17034
18444
18460
17032
17035
18445
18461
15761
18446
18447
15876
18454
18455
15763
15768
18326
15764
15769
18327
15770
18328
15766
15768
18477
15767
15769
18478
15770
18479
15769
18483
18609
15770
18484
18610
18485
18611
15772
15777
17001
18480
18486
15773
15778
17002
18481
18487
15779
17003
18482
18488
15775
15780
17001
15776
15781
17002
15782
17003
15778
15780
17001
18486
15779
15781
17002
18487
15782
17003
18488
15781
17001
18489
18618
15782
17002
18490
18619
17003
18491
18620
15786
15785
15786
15832
15833
17042
15786
15834
17043
15906
15788
15790
17004
18335
18492
15789
15791
17005
18336
18493
15792
17006
18337
18494
15791
15911
18489
18492
15792
15912
18490
18493
15913
18491
18494
15794
15796
17004
15795
15797
17005
15798
17006
15797
15799
15917
18492
15798
15800
15918
18493
15801
15919
18494
15800
17044
18495
15801
17045
18495
17046
18496
15803
15808
15845
15848
15938
15804
15809
15846
15848
15939
15810
15847
15849
15940
15806
15811
17007
15807
15812
17008
15813
17009
15809
15811
17050
15810
15812
17051
15813
17052
15812
15817
15946
15813
15818
15947
15819
15948
15815
15820
15826
17007
15816
15821
15827
17008
15822
15828
17009
15818
15820
17007
17053
15819
15821
17008
17054
15822
17009
17055
15821
15826
15829
15955
17053
15822
15827
15830
15956
17054
15828
15831
15957
17055
15824
15826
15832
15825
15827
15833
15828
15834
15827
15829
15828
15830
15831
15830
15832
15831
15833
15834
15833
15964
15834
15965
15966
15836
18495
18496
15838
15840
15840
15840
17047
18495
18496
15843
15842
15844
15844
15844
15848
15849
15935
15846
15848
15847
15848
15849
15849
17048
17049
15851
18529
18537
15852
18530
18538
18531
18539
15854
15856
17058
18534
18537
15855
15857
17059
18535
18538
15858
17060
18536
18539
15857
18540
18553
18670
15858
18541
18554
18671
18542
18555
18672
15860
15862
15979
18550
18553
15861
15863
15980
18551
18554
15864
15981
18552
18555
15863
18566
15864
18567
18568
15866
17027
18429
18575
18577
15867
17028
18430
18575
18577
17029
18431
18576
18578
15869
17070
18569
18572
18579
15870
17071
18570
18573
18579
17072
18571
18574
18580
15872
18579
18587
18707
19341
19342
18580
18588
18707
19343
15874
17036
18448
18587
19341
15875
17036
18449
18587
19342
17037
18450
18588
19343
15877
15878
17036
17037
17038
15878
15885
15989
18589
15885
15989
18590
15880
15882
17039
18468
18600
15881
15883
17040
18469
18601
15884
17041
18470
18602
15883
18597
18600
15884
18598
18601
18599
18602
17038
17077
15887
17039
18600
18606
18724
15888
17040
18601
18607
18725
17041
18602
18608
18726
15890
17078
17081
17084
18609
18612
15891
17079
17082
17085
18610
18613
17080
17083
17086
18611
18614
15893
18486
18615
15894
18487
18616
18488
18617
15896
16011
17096
17097
17098
17099
15898
15900
17087
17093
18618
18739
15899
15901
17088
17094
18619
18740
15902
17089
17095
18620
18741
15901
18621
18739
15902
18622
18740
18623
18741
15904
15909
15964
16027
17100
15905
15909
15965
16028
17101
15910
15966
16029
17102
15907
15908
15909
15910
17042
17043
15908
15909
16036
16037
17096
15910
16038
17097
15910
16027
16028
17042
16029
17043
15912
15914
18621
15913
15915
18622
15916
18623
15915
15917
15920
15923
18492
15916
15918
15921
15924
18493
15919
15922
15925
18494
15918
15923
17044
15919
15924
17045
15925
17046
15921
15923
18621
15922
15924
18622
15925
18623
15924
15928
18745
15925
15929
18746
15930
18747
15927
15931
17044
17045
17047
18495
15932
17046
17047
18496
15929
15931
17044
17109
15930
15931
17045
17110
15932
17046
17111
15932
15933
16048
15933
16049
15934
17047
17112
17113
15936
17114
17115
15937
17048
17049
15937
15941
15942
15939
15943
17048
17050
15940
15944
17048
17051
15945
17049
17052
15942
15943
15944
17048
17120
15945
17049
17121
15944
15949
17122
15945
15950
17123
15951
17124
15947
15952
17050
17053
15948
15953
17051
17054
15954
17052
17055
15950
15952
16055
17050
15951
15953
16056
17051
15954
16057
17052
15953
15958
16052
16055
17053
15954
15959
16053
16056
17054
15960
16054
16057
17055
15956
15961
17053
15957
15962
17054
15963
17055
15959
15961
17053
15960
15962
17054
15963
17055
15962
17100
17106
15963
17101
17107
17102
17108
15965
17042
17100
15966
17042
17101
17043
17102
15968
15969
18499
18503
18624
18628
18629
18631
15970
18499
18504
18625
18630
18632
15970
16067
18628
18629
18631
18636
16067
18630
18632
18637
15972
18638
18644
18645
18639
18646
15974
18526
18641
18647
18650
15975
18527
18642
18648
18651
18528
18643
18649
18652
15977
17136
18670
18673
18681
15978
17137
18671
18674
18682
17138
18672
18675
18683
15980
17063
18684
15981
17064
18685
17065
18686
18704
18705
18706
18711
18712
18805
15984
15985
17070
17071
18579
18707
15986
17072
18580
18707
15986
15987
17142
18701
18702
15987
17143
18703
17145
18707
17076
18587
18588
18707
17076
17077
15991
15993
17078
18606
18733
15992
15994
17079
18607
18734
15995
17080
18608
18735
15994
18730
18733
15995
18731
18734
18732
18735
15997
16002
16093
17084
18736
15998
16003
16094
17085
18737
16004
16095
17086
18738
16000
16002
17081
17084
17090
18615
16001
16003
17082
17085
17091
18616
16004
17083
17086
17092
18617
16003
16005
17146
16004
16006
17147
16007
17148
16006
16015
17090
17149
16007
16016
17091
17150
16017
17092
17151
16009
16013
16036
16039
16098
16010
16013
16037
16040
16099
16014
16038
16041
16100
16012
17098
17099
16013
16014
16096
16014
16098
16099
17098
16100
17099
16016
16018
16107
17093
16017
16019
16108
17094
16020
16109
17095
16019
16021
16110
18739
16020
16022
16111
18740
16023
16112
18741
16022
16042
16110
18742
16023
16043
16111
18743
16044
16112
18744
16025
16030
16064
16122
17106
16026
16031
16065
16123
17107
16032
16066
16124
17108
16028
16033
17103
16029
16034
17104
16035
17105
16031
16033
16134
17103
16032
16034
16135
17104
16035
16136
17105
16034
16039
16131
16134
16035
16040
16132
16135
16041
16133
16136
16037
16039
17096
17098
16038
16040
17096
17098
16041
17097
17099
16040
16041
16043
18621
18739
18742
16044
18622
18740
18743
18623
18741
18744
16046
16143
18742
18745
18748
16047
16144
18743
18746
18749
16145
18744
18747
18750
16049
16050
17109
17110
17112
16051
17111
17113
16051
17116
18748
18749
18839
17117
18750
18840
16053
16055
16061
16054
16056
16062
16057
16063
16056
16058
17122
17127
16057
16059
17123
17128
16060
17124
17129
16059
16061
17127
16060
16062
17128
16063
17129
16062
16064
17155
16063
16065
17156
16066
17157
16065
17106
17152
17155
16066
17107
17153
17156
17108
17154
17157
17130
16069
18756
18761
18762
18756
18763
16071
18650
18758
18764
18767
16072
18651
18759
18765
18768
18652
18760
18766
18769
16074
18770
18780
16075
18771
18781
18772
18782
16077
16078
18698
18699
18799
18802
16078
18700
18800
18803
18801
18804
16080
17142
17143
18804
17145
16082
16084
16181
18810
18813
18818
18898
16083
16085
16181
18811
18813
18819
18899
16086
16182
18812
18814
18820
18900
16085
18727
18730
18810
18815
18818
16086
18728
18731
18811
18816
18819
18729
18732
18812
18817
18820
16088
16090
18733
18736
16089
16091
18734
18737
16092
18735
18738
16091
17170
17173
17176
18824
16092
17171
17174
17177
18825
17172
17175
17178
18826
16094
17146
17173
18827
16095
17147
17174
18828
17148
17175
18829
16097
17182
17183
17184
16099
16104
16100
16105
16106
16102
16104
16140
16197
16103
16105
16141
16197
16106
16142
16198
16105
16195
16197
17182
16106
16195
16197
17182
16196
16198
17183
16108
16113
17149
18833
16109
16114
17150
18834
16115
17151
18835
16111
16116
16112
16117
16118
16114
16116
18833
16115
16117
18834
16118
18835
16117
16119
16202
17185
16118
16120
16203
17186
16121
16204
17187
16120
17185
18836
16121
17186
18837
17187
18838
16123
16128
16134
17152
16124
16129
16135
17153
16130
16136
17154
16126
16128
16166
17152
17188
16127
16129
16167
17153
17189
16130
16168
17154
17190
16129
16134
16137
16223
17188
16130
16135
16138
16223
17189
16136
16139
16224
17190
16132
16134
16140
16133
16135
16141
16136
16142
16135
16137
16136
16138
16139
16138
16140
16139
16141
16142
16141
16192
16142
16192
16193
16144
18836
16145
18837
18838
16147
16149
18836
16148
16149
18837
16150
18838
16150
16153
16233
18839
16153
16234
18840
16152
16153
17116
17117
18839
18840
17118
17119
17158
16158
16159
16239
17159
16156
16160
17127
17160
16157
16161
17128
17160
16162
17129
17161
16159
16160
16161
17160
16162
17161
16161
16163
16244
16162
16164
16245
16165
16246
16164
16166
16165
16167
16168
16167
16214
17155
16168
16215
17156
16216
17157
16170
17163
17198
17199
18854
18857
17163
17200
18855
18858
16172
16174
18783
18879
18885
16173
16175
18784
18880
18886
16176
18785
18881
18887
16175
17204
18882
18888
16176
17205
18883
18889
17206
18884
18890
16178
16259
16260
18891
18893
18894
18896
18996
16261
18892
18895
18896
18997
16265
18896
16181
16182
18897
18901
18902
19002
16182
18813
18897
18898
18899
18901
18814
18897
18900
18902
16184
18898
18899
18901
18906
19003
18900
18902
18907
19003
16186
16188
17179
18827
18917
16187
16189
17180
18828
18918
16190
17181
18829
18919
16189
16270
17179
18914
18917
16190
16271
17180
18915
18918
16272
17181
18916
18919
16200
16201
16273
17184
16193
16194
16197
16194
16198
16197
16198
16199
17215
16196
16197
16200
17182
17184
16198
16201
17183
17184
16198
16199
16199
16200
16201
16201
16273
16273
16203
16205
17185
16204
16206
17186
16207
17187
16206
16208
16281
18926
16207
16209
16282
18927
16210
16283
18928
16209
16211
17185
19025
16210
16212
17186
19025
16213
17187
19026
16212
16230
18929
19025
16213
16231
18929
19025
16232
18930
19026
16215
16220
17188
16216
16221
17189
16222
17190
16218
16220
16249
17219
16219
16221
16250
17220
16222
16251
17221
16221
16227
16304
16222
16228
16305
16229
16306
16224
16225
17188
17189
16226
17190
16226
16227
16228
16313
17215
16229
16314
17215
16228
16304
17188
16229
16305
17189
16306
17190
16231
17185
18836
18929
16232
17186
18837
18929
17187
18838
18930
16234
16235
16235
16237
16286
18929
18930
16238
16240
16241
16320
16242
16243
16241
16242
16243
16243
16247
16321
16322
16248
16323
16245
16249
16246
16250
16251
16248
16249
16250
16251
16250
16295
16251
16296
16297
16253
16254
17192
18845
18938
16255
17193
18845
18939
16255
17225
18938
18942
17225
18939
18943
16257
17198
17228
18954
18960
16258
17199
17228
18955
18961
17200
17229
18956
18962
16260
16262
17207
18893
18996
16261
16263
17208
18894
18996
16264
17209
18895
18997
16263
17233
18993
18998
16264
17234
18994
18999
17235
18995
19000
16268
16267
16268
18998
18999
16268
19000
19001
19085
19086
17210
17211
19003
19006
16271
18914
19011
16272
18915
19012
18916
19013
16275
16277
17212
19017
19020
16276
16278
17213
19018
19021
16279
17214
19019
19022
16278
16281
16346
19020
19023
16279
16282
16346
19021
19023
16283
16347
19022
19024
16318
16319
17216
17248
16282
19020
19023
16283
19021
19023
19022
19024
16285
16287
17247
19023
19025
16287
17247
19024
19026
16288
17217
17218
16288
17217
17218
19025
19026
16290
16291
16320
16363
16291
16292
16293
17249
16294
17250
16293
16298
16321
16365
16294
16299
16322
16366
16300
16323
16367
16296
16301
17219
16297
16302
17220
16303
17221
16299
16301
17251
16300
16302
17252
16303
17253
16302
16310
16372
16303
16311
16373
16312
16374
16305
16307
16310
17219
16306
16308
16311
17220
16309
16312
17221
16308
16310
16315
16381
16309
16311
16316
16382
16312
16317
16383
16311
16372
17219
16312
16373
17220
16374
17221
16314
16318
17215
17216
16319
17215
17216
16316
16318
16317
16318
16319
16319
16352
16353
16322
16323
16325
17228
17254
19048
19052
19053
17229
17255
19048
19054
16327
19052
19058
16328
19053
19059
19054
19060
16330
16332
17233
18993
19076
16331
16333
17234
18994
19077
16334
17235
18995
19078
16333
19073
19076
16334
19074
19077
19075
19078
16336
19079
19082
19087
19147
16337
19080
19083
19088
19148
19081
19084
19089
19149
19092
16340
19090
19092
19091
19092
16342
16343
19093
19094
19095
19161
16343
17239
17240
19009
19011
19012
19093
19094
17241
19010
19013
19093
19095
16345
16420
16362
16421
16422
16347
16348
16350
17245
16349
16350
17246
16349
16350
16416
19105
16350
16416
19106
16351
17245
17246
17247
16353
16357
17248
16358
17248
16355
16357
16387
17268
16356
16357
16388
17269
16358
16389
17270
16358
16360
16429
16430
17248
16361
16431
17248
16362
17248
16361
16362
17248
16362
17248
16438
16439
16364
17249
17250
16368
16369
16443
16366
16370
17249
17251
16367
16370
17249
17252
16371
17250
17253
16369
16370
17249
16371
17250
16371
16378
16379
16444
16380
16445
16373
16375
16378
17251
16374
16376
16379
17252
16377
16380
17253
16376
16378
16384
16449
16377
16379
16385
16450
16380
16386
16451
16379
17251
16380
17252
17253
16382
16387
16383
16388
16389
16385
16387
16386
16388
16389
16388
17271
16389
17272
17273
16391
19117
19123
16392
19118
19124
19119
19125
16394
16396
19064
19120
19126
16395
16397
19065
19121
19127
16398
19066
19122
19128
16397
19123
19129
19177
16398
19124
19130
19178
19125
19131
19179
16400
17259
19073
19135
16401
17260
19074
19136
17261
19075
19137
16403
17262
19144
19150
19195
16404
17263
19145
19151
19196
17264
19146
19152
19197
16406
16475
17265
19150
19156
16407
16476
17266
19151
19157
16477
17267
19152
19158
16409
19092
17285
17286
19159
19160
19206
16411
16413
19096
19102
16412
16414
19097
19103
16415
19098
19104
16414
17287
17290
17292
19165
16415
17288
17290
17293
19166
17289
17291
17294
19167
19105
19106
19168
16418
16424
16438
16440
16491
16419
16424
16438
16441
16492
16425
16439
16442
16493
16421
16422
16423
16422
16424
16438
16425
16439
16424
16425
16500
16425
16491
16492
16493
16427
16435
16510
17271
17297
16428
16436
16511
17272
17298
16437
16512
17273
17299
16430
16432
16435
17268
16431
16433
16436
17269
16434
16437
17270
16433
16435
16440
16519
16434
16436
16441
16520
16437
16442
16521
16436
17268
17303
16437
17269
17304
17270
17305
16439
16440
16441
16442
16441
16442
16445
16447
16448
16447
16448
16448
16452
16453
16528
16454
16529
16450
16455
16451
16456
16457
16453
16455
16454
16456
16457
16456
16530
17297
16457
16531
17298
16532
17299
16459
17274
19172
17275
19173
16461
16463
17306
19183
19186
16462
16464
17307
19184
19187
16465
17308
19185
19188
16464
16539
17276
19192
16465
16540
17277
19193
16541
17278
19194
16467
16469
19192
16468
16470
19193
16471
19194
16470
19195
19198
19234
16471
19196
19199
19235
19197
19200
19236
16473
17279
19198
19201
19246
16474
17280
19199
19202
19247
17281
19200
19203
19248
16476
17279
17282
19201
16477
17280
17283
19202
17281
17284
19203
16479
16480
16550
17285
19204
16480
16550
17286
19205
19206
19254
19162
19209
19210
16487
16560
16484
16488
17292
19218
19262
16485
16488
17293
19219
19262
16489
17294
19220
19263
16487
16500
16501
16502
16565
16566
16489
16490
17295
19262
16490
17296
19263
19221
16492
16497
16493
16498
16499
16495
16497
16525
17314
16496
16498
16526
17315
16499
16527
17316
16498
16501
16574
16499
16501
16575
16502
16576
16501
16502
16502
16504
16505
16506
16528
16529
16584
16506
16507
16508
17320
16509
17321
16508
16513
16530
16586
16509
16514
16531
16587
16515
16532
16588
16511
16516
17300
17303
16512
16517
17301
17304
16518
17302
17305
16514
16516
17300
17322
16515
16517
17301
17323
16518
17302
17324
16517
16522
16594
17303
17322
16518
16523
16595
17304
17323
16524
16596
17305
17324
16520
16525
17303
16521
16526
17304
16527
17305
16523
16525
17303
16524
16526
17304
16527
17305
16526
17317
16527
17318
17319
16529
16531
17297
17300
16532
17298
17301
17299
17302
16534
17325
19225
16535
17326
19226
17327
19227
16537
17306
19225
19228
16538
17307
19226
19229
17308
19227
19230
16540
16542
17306
19231
16541
16543
17307
19232
16544
17308
19233
16543
16545
17328
19228
16544
16546
17329
19229
16547
17330
19230
16546
17331
19231
19237
16547
17332
19232
19238
17333
19233
19239
16549
16609
17309
17310
19249
19250
19252
16610
17311
19251
19253
17312
17313
19254
19255
16553
16553
16561
16562
16612
16613
16555
16557
19215
16556
16558
19216
16559
19217
16558
19256
19259
16559
19257
19260
19258
19261
16563
16564
16562
16563
16564
16564
16569
16617
16570
16617
16566
16567
16568
16568
16569
16582
16619
16570
16583
16619
16570
16572
16579
16603
16620
17317
16573
16580
16604
16621
17318
16581
16605
16622
17319
16575
16577
16579
17314
16576
16577
16580
17315
16578
16581
17316
16578
16579
16580
16582
16629
16581
16583
16630
16580
16631
17314
16581
16631
17315
16632
17316
16583
16585
17320
17321
16589
16590
16636
16587
16591
17320
17322
16588
16592
17320
17323
16593
17321
17324
16590
16591
16592
17320
16593
17321
16592
16597
16640
17322
16593
16598
16641
17323
16599
16642
17324
16595
16600
17322
16596
16601
17323
16602
17324
16598
16600
17322
16599
16601
17323
16602
17324
16601
16603
16648
16602
16604
16649
16605
16650
16604
17317
16605
17318
17319
16607
16609
19299
19302
19306
19330
16608
16609
19300
19303
19306
19331
16610
19301
19304
19307
19332
16610
19302
19303
19305
19306
19304
19305
19307
19255
19305
16613
16615
16616
16615
16616
16616
16618
16664
16618
16664
16621
16626
16631
16622
16627
16631
16628
16632
16624
16626
16654
17348
16625
16627
16655
17349
16628
16656
17350
16627
16631
16633
16685
16628
16631
16633
16685
16632
16634
16686
16630
16631
16635
16632
16635
16632
16633
16634
16634
16635
16635
17341
16638
16639
16638
16639
16639
16643
16693
16644
16694
16641
16645
16642
16646
16647
16644
16645
16646
16647
16646
16651
17345
16647
16652
17346
16653
17347
16649
16654
16650
16655
16656
16652
16654
17342
17345
16653
16655
17343
17346
16656
17344
17347
16655
16676
16656
16677
16678
16658
16661
19327
19330
19333
16659
16661
19328
19331
19333
16662
19329
19332
19334
16661
16662
16663
19308
16662
16663
16663
19337
16666
16667
16668
16669
16669
16670
16671
16693
16672
16694
16671
16673
16672
16674
16675
16674
16679
17345
16675
16680
17346
16681
17347
16677
16682
17342
17348
16678
16683
17343
17349
16684
17344
17350
16680
16682
17342
16681
16683
17343
16684
17344
16683
16689
16684
16690
16691
16686
16687
16689
16690
17348
17349
16688
16691
17350
16688
16689
16690
16692
16696
16691
16692
16697
16690
17348
16691
17349
17350
17341
16694
19335
19336
19338
16697
16700
16700
16699
16700
16700
17732
17826
17827
19747
16703
17835
17836
19412
19413
20127
17837
19414
20128
17359
17362
17363
17366
17367
19931
16706
16707
17354
17362
17368
16708
17354
17363
17369
16708
17364
17370
17365
17370
17370
17371
16711
17372
17405
16712
17372
17406
17373
17407
16722
16723
16724
16725
17374
17376
16715
17358
17360
17378
17379
17422
17358
17361
17380
17423
16717
17405
17411
17430
16718
17406
17412
17431
17407
17413
17432
16720
17430
17433
17435
17437
16721
17431
17433
17435
17438
17432
17434
17436
17439
16723
16724
17374
17417
17440
17441
17443
17444
16725
17374
17418
17442
17445
16725
17377
17440
17441
17449
17377
17442
17450
16727
17387
17390
17476
17485
17491
16728
17388
17391
17477
17486
17492
17389
17392
17478
17487
17493
16730
17393
17452
17485
17486
17494
17394
17453
17487
17494
17399
17457
17495
17496
16733
17402
17458
17495
16734
17403
17459
17495
17404
17460
17496
16736
16748
17446
17447
17511
17516
17517
17535
17618
16748
17448
17512
17518
17536
17618
16738
17527
17530
17541
17527
17531
17541
16740
16742
17502
16741
16743
17503
16744
17504
16743
17502
17595
17606
17699
16744
17503
17596
17607
17700
17504
17597
17608
17701
16746
17528
17532
17612
16747
17528
17533
17613
17529
17534
17614
17539
17540
17618
17625
16750
16751
17537
17539
17630
16752
17538
17540
17630
16752
17626
17631
17627
17632
16754
17630
17631
17632
16756
16758
17571
17663
17672
16757
16759
17572
17664
17673
16760
17573
17665
17674
16759
17635
17666
16760
17636
17667
17637
17668
16762
17579
17638
17672
17675
16763
17580
17639
17673
17676
17581
17640
17674
17677
16765
16767
17589
17675
17681
16766
16768
17590
17676
17682
16769
17591
17677
17683
16768
17678
17684
17687
16769
17679
17685
17688
17680
17686
17689
16771
17592
17681
17690
17693
17696
16772
17593
17682
17691
17694
17697
17594
17683
17692
17695
17698
16774
17609
17699
17708
17711
16775
17610
17700
17709
17712
17611
17701
17710
17713
16777
16778
17720
16778
17721
17727
16780
16782
16784
17651
17735
16781
16782
16784
17652
17736
16783
16785
17653
17737
16783
16784
17649
17789
16785
17650
17789
16785
16798
17733
17735
17736
16799
17733
17737
16787
17687
17696
17786
17790
16788
17688
17697
17787
17791
17689
17698
17788
17792
16790
17714
17802
17811
16791
17715
17803
17812
17716
17804
17813
16793
17811
17817
16794
17812
17817
17813
17818
17722
17820
17728
17729
17820
17821
17732
17824
17826
17827
17828
17829
16799
17734
17840
17841
17843
17734
17842
17844
16801
17762
17768
17857
17866
16802
17763
17769
17858
17867
17764
17770
17859
17868
16804
17768
17774
17872
17875
16805
17769
17775
17873
17876
17770
17776
17874
17877
16807
17890
17899
17902
16808
17891
17900
17903
17892
17901
17904
17822
17918
17919
17920
16811
16812
16813
16814
16813
17828
16814
17828
17829
16816
19865
16817
19866
19867
16819
19921
16820
19922
19923
16822
19868
16823
19869
19870
16825
16827
17866
17960
17972
16826
16828
17867
17961
17973
16829
17868
17962
17974
16828
17960
17966
17975
16829
17961
17967
17976
17962
17968
17977
16831
17875
17969
17972
17978
16832
17876
17970
17973
17979
17877
17971
17974
17980
16834
17881
17978
17984
17987
16835
17882
17979
17985
17988
17883
17980
17986
17989
16837
17910
18005
18006
18012
17911
18007
18013
16839
16889
16890
16897
16898
18017
18018
18019
17920
18018
18019
16841
18020
18029
18032
16842
18021
18030
18033
18022
18031
18034
16847
16848
16845
16846
16848
16850
18053
16851
18054
18055
16853
16854
16856
16857
16859
16860
16862
16863
16865
16866
17949
17950
17953
18060
16869
16871
16874
17969
17981
18090
16870
16872
16875
17970
17982
18091
16873
16876
17971
17983
18092
16872
16874
17987
18093
16873
16875
17988
18094
16876
17989
18095
16875
18090
18096
16876
18091
18097
18092
18098
16878
18093
18099
18102
16879
18094
18100
18103
18095
18101
18104
16881
18002
18111
18120
16882
18003
18112
18121
18004
18113
18122
18128
18129
16885
18015
18128
18139
18141
18015
18128
18140
18142
16887
18137
18138
16888
18146
18147
16890
16891
16892
16897
19339
16893
16898
19340
16892
16894
18151
16893
16895
18152
16896
18153
16895
16897
16936
18157
16896
16897
16937
18158
16898
16938
18159
16898
16899
16900
16900
18018
18154
18155
18157
18158
18019
18156
18159
16902
18041
18047
18181
18187
16903
18042
18048
18182
18188
18043
18049
18183
18189
16905
16906
16908
18199
16909
18200
18201
16911
16912
16914
16915
18057
18206
18207
16916
18057
18206
18208
16916
18202
18209
18202
18210
16918
18060
18203
18207
18211
18060
18204
18208
18211
18062
18212
16921
18067
18212
18214
18215
18217
18068
18212
18216
18218
16923
18069
18078
18084
18214
18222
16924
18070
18079
18085
18215
18223
18071
18080
18086
18216
18224
16926
18102
18244
18247
16927
18103
18245
18248
18104
18246
18249
18129
18256
18271
18272
18273
18274
16930
18141
18271
18286
18289
16931
18141
18271
18287
18290
18142
18272
18288
18291
16933
18134
18137
18283
16934
18135
18137
18284
18136
18138
18285
18295
16937
16939
16938
16940
16941
16940
18157
18311
16941
18158
18312
18159
18313
16943
18178
18326
16944
18179
18327
18180
18328
16946
16947
16949
16950
16952
16954
16956
16955
16957
16958
16957
18332
16958
18333
18334
16960
16961
16963
16965
18222
18348
18354
16964
16966
18223
18349
18355
16967
18224
18350
18356
16966
17010
18351
18357
16967
17011
18352
18358
17012
18353
18359
16969
18228
18237
18354
18360
16970
18229
18238
18355
18361
18230
18239
18356
18362
16972
16974
18372
16973
16975
18373
16976
18374
16975
18247
18377
16976
18248
18378
18249
18379
16978
18257
18375
18376
18386
18388
18257
18375
18376
18387
18389
16980
18262
18380
18393
18396
16981
18263
18381
18394
18397
18264
18382
18395
18398
16983
18273
18386
18405
18406
18408
18409
18274
18387
18407
18410
16985
16990
18414
18420
16986
16991
18415
18421
16992
18416
18422
16988
18289
18405
18423
18426
16989
18290
18406
18424
18427
18291
18407
18425
18428
16991
18283
16992
18284
18285
16994
18301
18423
18429
18437
18440
16995
18302
18424
18430
18438
18441
18303
18425
18431
18439
18442
16997
18432
18446
18448
18449
18433
18447
18450
16999
18456
18462
18465
17000
18457
18463
18466
18458
18464
18467
17002
17003
17005
18492
17006
18493
18494
17008
17009
17011
17013
18357
18511
17012
17014
18358
18512
17015
18359
18513
17014
18360
18514
18517
17015
18361
18515
18518
18362
18516
18519
17017
18388
18532
18543
18544
18546
18389
18532
18545
18547
17019
18396
18540
18550
18553
17020
18397
18541
18551
18554
18398
18542
18552
18555
17022
18408
18543
18556
18559
17023
18409
18544
18557
18559
18410
18545
18558
18560
17025
18420
18563
18569
18572
17026
18421
18564
18570
18573
18422
18565
18571
18574
17028
18426
18556
18575
17029
18427
18557
18575
18428
18558
18576
17031
17033
18443
18584
17032
17034
18444
18585
17035
18445
18586
17034
18591
18594
17035
18592
18595
18593
18596
17037
18454
18589
18455
18590
17040
18474
18477
18603
17041
18475
18478
18604
18476
18479
18605
17043
17045
17046
17049
17051
17052
17054
17055
18498
18624
18625
18626
18640
18659
18660
18661
17059
18664
18670
18673
17060
18665
18671
18674
18666
18672
18675
17062
18546
18659
18676
18678
18547
18659
18677
18679
17064
18553
18670
18681
17065
18554
18671
18682
18555
18672
18683
18559
18560
18676
18677
18690
18691
17068
17070
18572
18692
18698
17069
17071
18573
18693
18699
17072
18574
18694
18700
17071
18701
17072
18702
18703
17074
18594
18597
18708
18713
18715
18718
17075
18595
18598
18709
18713
18716
18719
18596
18599
18710
18714
18717
18720
18589
18590
17079
17084
18612
18736
17080
17085
18613
18737
17086
18614
18738
17082
17084
18615
17083
17085
18616
17086
18617
17085
17086
17088
17090
17093
18615
17089
17091
17094
18616
17092
17095
18617
17091
17093
18615
17092
17094
18616
17095
18617
17094
18739
17095
18740
18741
17097
17098
17099
17099
17101
17103
17106
17102
17104
17107
17105
17108
17104
17106
17105
17107
17108
17107
17108
17110
18745
18748
17111
18746
18749
18747
18750
17113
17114
17116
17115
17117
17115
17118
17119
17117
17118
17119
17119
17121
17122
17123
17125
17124
17126
17123
17127
17124
17128
17129
17126
17127
17128
17160
17129
17161
17128
17160
17129
17160
17161
18631
18632
18754
18660
18661
18757
18773
18774
18775
17133
17136
18673
18777
18783
17134
17137
18674
18778
18784
17138
18675
18779
18785
18678
18679
18773
18774
18789
18790
17137
17139
18786
17138
17140
18787
17141
18788
17140
18681
18791
18793
17141
18682
18791
18794
18683
18792
18795
17143
17145
18802
17145
18803
18711
18712
18713
18714
18805
18806
18807
18808
17147
17149
18827
18830
17148
17150
18828
18831
17151
18829
18832
17150
18830
18833
17151
18831
18834
18832
18835
17153
17155
17154
17156
17157
17156
17157
17159
17160
17161
17161
18852
18853
18852
18856
17165
18767
18861
18867
18870
17166
18768
18862
18868
18871
18769
18863
18869
18872
17168
18793
18885
18891
18893
17169
18794
18886
18891
18894
18795
18887
18892
18895
17171
17176
18824
18903
18908
18911
17172
17177
18825
18904
18909
18912
17178
18826
18905
18910
18913
17174
17176
17179
18827
17175
17177
17180
18828
17178
17181
18829
17177
17179
18914
17178
17180
18915
17181
18916
17180
17181
17183
17184
17184
17186
17187
17189
17190
18841
18931
18932
18933
17193
18844
18931
18936
18844
18932
18937
17195
17196
18851
18946
18947
17197
18851
18948
17197
18853
18949
18951
18952
18853
18950
18953
17199
18949
18957
17200
18949
18958
18950
18959
17202
18870
18966
18972
18975
17203
18871
18967
18973
18976
18872
18968
18974
18977
17205
17207
18984
18987
18990
17206
17208
18985
18988
18991
17209
18986
18989
18992
17208
18888
18993
17209
18889
18994
18890
18995
17211
18906
18908
18909
19003
19004
19006
18907
18910
19003
19005
19006
17213
18923
19014
19017
19020
17214
18924
19015
19018
19021
18925
19016
19019
19022
17216
17218
18929
19025
18930
19026
17220
17221
18933
19027
19029
19030
19031
19032
17224
18936
19029
19035
19036
18937
19030
19035
19037
19035
19039
17227
18951
18952
19041
19045
19047
18953
19042
19046
19047
17229
19045
19049
19050
19046
19051
17231
18975
19055
19061
19064
17232
18976
19056
19062
19065
18977
19057
19063
19066
17234
19079
19082
17235
19080
19083
19081
19084
17237
17239
17242
19011
19014
19017
17238
17240
17243
19012
19015
19018
17241
17244
19013
19016
19019
17240
17242
19011
19096
17241
17243
19012
19097
17244
19013
19098
17243
19099
19102
17244
19100
19103
19101
19104
17246
17247
19023
17247
19024
19023
19024
17250
17252
17253
17255
19110
19112
19113
19115
19110
19114
19116
17257
17259
19067
19073
19126
17258
17260
19068
19074
19127
17261
19069
19075
19128
17260
19126
19132
17261
19127
19133
19128
19134
17263
19082
19141
19147
17264
19083
19142
19148
19084
19143
19149
17266
19087
19090
19147
19153
17267
19088
19090
19148
19154
19089
19091
19149
19155
17269
17271
17270
17272
17273
17272
17297
17273
17298
17299
17275
19115
19169
19170
19116
19171
17277
19132
19135
19183
19189
17278
19133
19136
19184
19190
19134
19137
19185
19191
17280
19150
17281
19151
19152
17283
17285
19156
19159
19204
17284
17285
19157
19159
19204
17286
19158
19160
19205
17286
19159
19206
19160
19206
17288
17292
19165
19211
19215
19218
17289
17293
19166
19211
19216
19219
17294
19167
19212
19217
19220
17291
17292
17293
17295
19168
17294
17296
19168
17293
17295
17294
17295
17296
17296
19168
19221
19168
19221
17298
17300
17299
17301
17302
17301
17302
17304
17305
17307
19228
17308
19229
19230
17310
17312
19201
19246
17311
17312
19202
19247
17313
19203
19248
17313
19204
19252
19205
19253
17315
17317
17316
17318
17319
17318
17319
17321
17323
17324
17326
19266
19269
17327
19267
19270
19268
19271
17329
17331
19278
19284
17330
17332
19279
19285
17333
19280
19286
17332
17334
19287
17333
17335
19288
17336
19289
17335
19237
19290
19293
17336
19238
19291
19294
19239
19292
19295
19264
19265
17339
19293
19296
19309
19318
19321
17340
19294
19297
19310
19319
19322
19295
19298
19311
19320
19323
17343
17345
17344
17346
17347
17346
17347
17349
17350
17352
19335
17353
19335
19336
17355
17362
17363
19930
17368
17369
17371
17372
17373
17358
17375
17422
17423
17359
17422
17423
17360
17361
17366
17367
17361
17378
17379
17381
17382
17380
17383
17363
17364
19930
17365
19930
17365
17366
17384
17385
17367
17386
17367
17369
17370
17370
17395
17373
17397
17398
17375
17417
17418
17417
17418
17377
17451
17379
17381
17427
17468
17380
17382
17428
17469
17383
17429
17470
17382
17390
17476
17383
17391
17477
17392
17478
17385
17387
17386
17388
17389
17388
17390
17393
17485
17389
17391
17393
17486
17392
17394
17487
17391
17392
17394
17396
17396
17396
17494
17398
17400
17401
17400
17401
17401
17402
17403
17495
17404
17496
17403
17408
17404
17409
17410
17406
17408
17411
17407
17409
17412
17410
17413
17409
17411
17410
17412
17413
17412
17414
17413
17415
17416
17415
17430
17437
17505
17416
17431
17438
17506
17432
17439
17507
17418
17419
17420
17443
17444
17421
17445
17420
17424
17443
17519
17421
17425
17444
17520
17426
17445
17521
17423
17424
17425
17427
17428
17426
17429
17425
17427
17519
17426
17428
17520
17429
17521
17428
17468
17429
17469
17470
17431
17432
17434
17435
17437
17438
17436
17439
17436
17438
17439
17441
17443
17446
17449
17516
17442
17444
17447
17449
17517
17445
17448
17450
17518
17444
17513
17516
17445
17514
17517
17515
17518
17447
17516
17535
17448
17517
17535
17518
17536
17450
17451
17451
17543
17453
17454
17488
17489
17454
17490
17455
17494
17577
17578
17456
17457
17585
17586
17497
17498
17459
17497
17499
17502
17460
17497
17500
17503
17498
17501
17504
17462
17463
17471
17472
17519
17520
17522
17464
17473
17521
17523
17464
17474
17599
17600
17475
17599
17600
17466
17468
17471
17474
17479
17603
17467
17469
17472
17474
17480
17604
17470
17473
17475
17481
17605
17469
17470
17472
17474
17473
17474
17475
17475
17601
17603
17604
17602
17605
17477
17479
17482
17478
17480
17483
17481
17484
17480
17482
17481
17483
17484
17483
17491
17547
17484
17492
17548
17493
17549
17486
17488
17487
17489
17490
17489
17491
17559
17490
17492
17560
17493
17561
17492
17493
17496
17497
17498
17498
17587
17588
17500
17502
17501
17503
17504
17503
17595
17504
17596
17597
17506
17508
17507
17509
17510
17509
17510
17512
17513
17514
17516
17517
17522
17598
17618
17515
17518
17523
17598
17618
17514
17516
17519
17522
17515
17517
17520
17522
17518
17521
17523
17517
17518
17520
17521
17523
17525
17528
17612
17526
17528
17613
17529
17614
17530
17531
17529
17530
17532
17533
17531
17534
17531
17532
17533
17534
17533
17619
17534
17620
17621
17536
17537
17539
17538
17540
17538
17539
17542
17540
17542
17540
17626
17627
17628
17629
17543
17630
17545
17550
17601
17603
17646
17546
17551
17601
17604
17647
17552
17602
17605
17648
17548
17553
17549
17554
17555
17551
17553
17643
17552
17554
17644
17555
17645
17554
17556
17565
17555
17557
17566
17558
17567
17557
17568
17643
17657
17558
17569
17644
17658
17570
17645
17659
17560
17562
17561
17563
17564
17563
17565
17568
17571
17663
17564
17566
17569
17572
17664
17567
17570
17573
17665
17566
17568
17567
17569
17570
17569
17663
17669
17570
17664
17670
17665
17671
17572
17574
17573
17575
17576
17575
17577
17579
17672
17576
17577
17580
17673
17578
17581
17674
17578
17580
17582
17581
17583
17584
17583
17585
17589
17675
17584
17585
17590
17676
17586
17591
17677
17586
17588
17590
17591
17593
17595
17594
17596
17597
17596
17693
17597
17694
17695
17618
17600
17601
17602
17642
17602
17642
17642
17604
17605
17607
17609
17699
17608
17610
17700
17611
17701
17610
17615
17708
17611
17616
17709
17617
17710
17613
17615
17614
17616
17617
17616
17708
17617
17709
17710
17620
17622
17717
17621
17623
17718
17624
17719
17623
17624
17626
17627
17627
17725
17726
17629
17631
17632
17632
17731
17731
17634
19388
19389
20079
20096
17636
17638
17672
17759
17637
17639
17673
17760
17640
17674
17761
17639
17678
17640
17679
17680
17642
17649
17650
17789
17644
17646
17651
17654
17645
17647
17652
17655
17648
17653
17656
17647
17651
17648
17652
17653
17650
17651
17652
17653
17652
17654
17653
17655
17656
17655
17657
17656
17658
17659
17658
17660
17669
17659
17661
17670
17662
17671
17661
17744
17662
17745
17746
17664
17666
17665
17667
17668
17667
17669
17747
17668
17670
17748
17671
17749
17670
17671
17673
17674
17676
17678
17677
17679
17680
17679
17771
17680
17772
17773
17682
17684
17683
17685
17686
17685
17687
17696
17686
17688
17697
17689
17698
17688
17783
17786
17689
17784
17787
17785
17788
17691
17693
17696
17702
17705
17790
17692
17694
17697
17703
17706
17791
17695
17698
17704
17707
17792
17694
17695
17697
17698
17700
17701
17703
17705
17704
17706
17707
17706
17790
17796
17707
17791
17797
17792
17798
17709
17710
17712
17713
17715
17716
17718
17719
17721
17727
17817
17727
17818
17723
17724
17724
17725
17728
17820
17726
17729
17820
17726
17729
17730
17730
17731
17821
17734
17789
17838
17736
17738
17840
17737
17739
17841
17740
17842
17739
17741
17744
17740
17742
17745
17743
17746
17742
17840
17848
17851
17743
17841
17849
17852
17842
17850
17853
17745
17750
17848
17746
17751
17849
17752
17850
17748
17756
17749
17757
17758
17751
17753
17756
17752
17754
17757
17755
17758
17754
17848
17857
17860
17755
17849
17858
17861
17850
17859
17862
17757
17762
17857
17758
17763
17858
17764
17859
17760
17765
17761
17766
17767
17763
17765
17764
17766
17767
17766
17768
17774
17767
17769
17775
17770
17776
17769
17869
17770
17870
17871
17772
17777
17773
17778
17779
17775
17777
17776
17778
17779
17778
17780
17872
17779
17781
17873
17782
17874
17781
17783
17782
17784
17785
17784
17786
17884
17785
17787
17885
17788
17886
17787
17793
17890
17788
17794
17891
17795
17892
17791
17793
17792
17794
17795
17794
17890
17795
17891
17892
17797
17799
17798
17800
17801
17800
17899
17801
17900
17901
17803
17805
17804
17806
17807
17806
17808
17807
17809
17810
17809
17810
17812
17814
17813
17815
17816
17815
17908
17816
17908
17909
17818
17823
17825
17918
17919
17827
17830
17831
17829
17830
17831
17831
17832
17833
17834
17833
17835
17834
17836
17837
17836
17927
20144
17837
17928
20145
17929
20146
17839
17843
17844
17947
17948
17841
17845
17842
17846
17847
17844
17845
17846
17847
17846
17851
17951
17847
17852
17951
17853
17952
17849
17854
17850
17855
17856
17852
17854
17853
17855
17856
17855
17860
17955
17856
17861
17955
17862
17956
17858
17863
17859
17864
17865
17861
17863
17862
17864
17865
17864
17866
17960
17865
17867
17961
17868
17962
17867
17869
17868
17870
17871
17870
17875
17972
17871
17876
17973
17877
17974
17873
17878
17881
17874
17879
17882
17880
17883
17876
17878
17877
17879
17880
17879
17881
17978
17880
17882
17979
17883
17980
17882
17887
17984
17883
17888
17985
17889
17986
17885
17887
17886
17888
17889
17888
17893
17984
17889
17894
17985
17895
17986
17891
17896
17892
17897
17898
17894
17896
17895
17897
17898
17897
17902
17993
17898
17903
17994
17904
17995
17900
17901
17903
17904
17906
17907
17909
17912
17913
17911
17912
17913
17913
17914
17914
17917
17916
17917
17917
17919
17922
17923
17925
18029
17926
18030
18031
17928
17929
17931
17936
17932
17937
17938
17934
17936
20150
17935
17937
20151
17938
20152
17937
17939
18044
17938
17940
18045
17941
18046
17940
17941
17943
17944
17946
17947
17948
17949
17950
18057
17948
17949
17953
17950
17953
17950
18058
18059
17952
17954
17954
17954
17957
17956
17958
17959
17958
17959
17959
17963
17964
18065
17965
18066
17961
17966
17962
17967
17968
17964
17966
17965
17967
17968
17967
18072
17968
18073
18074
17970
17975
17981
17971
17976
17982
17977
17983
17973
17975
17974
17976
17977
17976
18075
17977
18076
18077
17979
17981
17980
17982
17983
17982
17987
17983
17988
17989
17985
17990
17986
17991
17992
17988
17990
17989
17991
17992
17991
18093
17992
18094
18095
17994
17996
17995
17997
17998
17997
18099
17998
18100
18101
18000
18002
18111
18001
18003
18112
18004
18113
18003
18008
18004
18009
18010
18006
18008
18007
18009
18010
18009
18012
18120
18010
18012
18121
18013
18122
18015
18128
18013
18014
18014
18016
18139
18140
19339
19340
18019
18021
18026
18022
18027
18028
18024
18026
18025
18027
18028
18027
18032
18163
18028
18033
18164
18034
18165
18030
18035
18031
18036
18037
18033
18035
18034
18036
18037
18036
18038
18172
18037
18039
18173
18040
18174
18039
18040
18042
18047
18181
18043
18048
18182
18049
18183
18045
18047
18046
18048
18049
18048
18050
18187
18049
18051
18188
18052
18189
18051
18187
18052
18188
18189
18054
18199
18055
18200
18201
18057
18206
18058
18059
18059
18060
18207
18060
18208
18061
18211
18063
18064
18064
18065
18067
18212
18066
18068
18212
18066
18068
18069
18070
18071
18070
18072
18078
18214
18071
18073
18079
18215
18074
18080
18216
18073
18074
18076
18081
18077
18082
18083
18079
18081
18080
18082
18083
18082
18084
18087
18083
18085
18088
18086
18089
18085
18225
18228
18086
18226
18229
18227
18230
18088
18090
18089
18091
18092
18091
18231
18092
18232
18233
18094
18096
18095
18097
18098
18097
18102
18244
18098
18103
18245
18104
18246
18100
18105
18101
18106
18107
18103
18105
18104
18106
18107
18106
18108
18107
18109
18110
18109
18114
18117
18110
18115
18118
18116
18119
18112
18114
18113
18115
18116
18115
18117
18116
18118
18119
18118
18253
18119
18254
18255
18121
18123
18122
18124
18125
18124
18126
18259
18125
18126
18260
18127
18261
18127
18130
18131
18130
18131
18131
18141
18271
18142
18272
18133
18134
18135
18137
18136
18138
18135
18277
18136
18278
18279
18138
18146
18147
18140
18143
18144
18145
18142
18143
18144
18145
18144
18148
18286
18145
18149
18287
18150
18288
18147
18149
18151
18150
18152
18153
18152
18298
19339
18153
18299
19339
18300
19340
18155
18160
18156
18161
18162
18158
18160
18159
18161
18162
18161
18166
18311
18162
18167
18312
18168
18313
18164
18166
18169
18165
18167
18170
18168
18171
18167
18169
18168
18170
18171
18170
18175
18320
18171
18176
18321
18177
18322
18173
18178
18174
18179
18180
18176
18178
18177
18179
18180
18179
18184
18180
18185
18186
18182
18183
18185
18186
18188
18189
18191
18196
18192
18197
18198
18194
18196
18195
18197
18198
18197
18332
18198
18333
18334
18200
18201
18206
18341
18204
18205
18209
18205
18210
18211
18343
18208
18209
18210
18210
18342
18342
18213
18217
18218
18344
18215
18219
18216
18220
18221
18218
18219
18220
18221
18220
18222
18348
18221
18223
18349
18224
18350
18223
18225
18224
18226
18227
18226
18228
18354
18227
18229
18355
18230
18356
18229
18234
18237
18230
18235
18238
18236
18239
18232
18234
18233
18235
18236
18235
18237
18240
18236
18238
18241
18239
18242
18238
18363
18239
18364
18365
18241
18242
18257
18375
18245
18246
18248
18249
18251
18253
18252
18254
18255
18254
18262
18380
18255
18263
18381
18264
18382
18258
18258
18273
18274
18386
18387
18260
18265
18261
18266
18267
18263
18265
18393
18264
18266
18394
18267
18395
18266
18268
18393
18267
18269
18394
18270
18395
18269
18280
18270
18281
18282
18272
18275
18276
18274
18275
18276
18276
18289
18290
18405
18406
18291
18407
18278
18280
18279
18281
18282
18281
18414
18282
18415
18416
18284
18285
18287
18292
18288
18293
18294
18290
18292
18291
18293
18294
18293
18301
18423
18294
18302
18424
18303
18425
18296
18297
18297
18432
18433
18299
18304
18300
18305
18306
18302
18304
18303
18305
18306
18305
18308
18437
18306
18309
18438
18310
18439
18446
18447
18309
18310
18312
18314
18313
18315
18316
18315
18317
18462
18316
18318
18463
18319
18464
18318
18319
18321
18322
18324
18326
18325
18327
18328
18327
18328
18330
18335
18331
18336
18337
18333
18335
18334
18336
18337
18336
18337
18339
18340
18345
18346
18347
18497
18347
18351
18352
18353
18349
18351
18350
18352
18353
18352
18500
18353
18501
18502
18355
18357
18356
18358
18359
18358
18360
18359
18361
18362
18361
18363
18362
18364
18365
18364
18366
18369
18514
18365
18367
18370
18515
18368
18371
18516
18367
18369
18372
18368
18370
18373
18371
18374
18370
18514
18523
18526
18371
18515
18524
18527
18516
18525
18528
18373
18377
18523
18374
18378
18524
18379
18525
18376
18388
18389
18532
18378
18379
18381
18382
18384
18385
18387
18390
18391
18392
18389
18390
18391
18392
18391
18408
18543
18392
18409
18544
18410
18545
18394
18399
18395
18400
18401
18397
18399
18398
18400
18401
18400
18402
18550
18401
18403
18551
18404
18552
18403
18417
18404
18418
18419
18406
18411
18407
18412
18413
18409
18411
18410
18412
18413
18412
18426
18556
18413
18427
18557
18428
18558
18415
18417
18416
18418
18419
18418
18420
18563
18419
18421
18564
18422
18565
18421
18422
18424
18429
18425
18430
18431
18427
18429
18428
18430
18431
18430
18440
18431
18441
18442
18433
18451
18452
18453
18435
18451
18436
18452
18453
18438
18443
18439
18444
18445
18441
18443
18442
18444
18445
18444
18445
18447
18454
18455
18449
18451
18454
18450
18452
18454
18453
18455
18452
19341
18453
19342
19343
18455
18457
18459
18458
18460
18461
18460
18465
18591
18461
18466
18592
18467
18593
18463
18468
18464
18469
18470
18466
18468
18591
18467
18469
18592
18470
18593
18469
18474
18470
18475
18476
18472
18477
18473
18478
18479
18475
18477
18476
18478
18479
18478
18603
18479
18604
18605
18481
18483
18486
18482
18484
18487
18485
18488
18484
18486
18485
18487
18488
18487
18488
18490
18491
18493
18494
18496
18499
18499
18503
18504
18624
18625
18501
18505
18502
18506
18507
18504
18505
18506
18507
18506
18508
18628
18507
18509
18629
18510
18630
18509
18511
18510
18512
18513
18512
18517
18633
18513
18518
18634
18519
18635
18515
18520
18516
18521
18522
18518
18520
18519
18521
18522
18521
18526
18641
18522
18527
18642
18528
18643
18524
18529
18525
18530
18531
18527
18529
18528
18530
18531
18530
18647
18531
18648
18649
18533
18546
18547
18659
18535
18537
18536
18538
18539
18538
18664
18539
18665
18666
18541
18542
18544
18548
18545
18548
18549
18547
18548
18549
18549
18559
18676
18560
18677
18551
18552
18554
18555
18557
18561
18558
18561
18562
18560
18561
18562
18562
18575
18690
18576
18690
18564
18566
18565
18567
18568
18567
18572
18692
18568
18573
18693
18574
18694
18570
18571
18573
18574
18576
18577
18690
18578
18690
18578
18581
18582
18704
18583
18705
18580
18582
18584
18583
18585
18586
18585
18594
18708
18586
18595
18709
18596
18710
18588
18589
18590
18590
18592
18597
18593
18598
18599
18595
18597
18596
18598
18599
18598
18715
18599
18716
18717
18601
18724
18602
18725
18726
18604
18606
18605
18607
18608
18607
18612
18608
18613
18614
18610
18611
18613
18614
18616
18617
18619
18620
18622
18623
18625
18627
18627
18627
18631
18632
18754
18629
18630
18632
18634
18638
18635
18638
18639
18637
18638
18639
18639
18755
18755
18660
18661
18757
18642
18644
18643
18645
18646
18645
18650
18758
18646
18651
18759
18652
18760
18648
18653
18649
18654
18655
18651
18653
18652
18654
18655
18654
18656
18764
18655
18657
18765
18658
18766
18657
18667
18658
18668
18669
18662
18663
18661
18662
18663
18663
18678
18773
18679
18774
18665
18667
18666
18668
18669
18668
18673
18777
18669
18674
18778
18675
18779
18671
18672
18674
18675
18677
18680
18680
18679
18680
18680
18691
18789
18682
18684
18683
18685
18686
18685
18687
18791
18686
18688
18791
18689
18792
18688
18695
18689
18696
18697
18693
18695
18694
18696
18697
18696
18698
18799
18697
18699
18799
18700
18800
18699
18701
18700
18702
18703
18702
18802
18703
18802
18803
18705
18709
18713
18710
18713
18714
18712
18713
18714
18714
18718
18719
18806
18720
18807
18716
18721
18717
18722
18723
18719
18721
18720
18722
18723
18722
18727
18810
18723
18728
18811
18729
18812
18725
18730
18726
18731
18732
18728
18730
18729
18731
18732
18731
18815
18732
18816
18817
18734
18736
18735
18737
18738
18737
18738
18740
18741
18743
18744
18746
18748
18747
18749
18750
18749
18839
18750
18839
18840
18752
18843
18753
18846
18756
18856
18759
18761
18760
18762
18763
18762
18767
18861
18763
18768
18862
18769
18863
18765
18770
18766
18771
18772
18768
18770
18769
18771
18772
18771
18867
18772
18868
18869
18774
18776
18776
18776
18790
18778
18780
18779
18781
18782
18781
18783
18879
18782
18784
18880
18785
18881
18784
18786
18785
18787
18788
18787
18793
18885
18788
18794
18886
18795
18887
18792
18796
18797
18794
18796
18795
18796
18797
18797
18798
18891
18798
18892
18801
18800
18801
18801
18803
18804
18804
18807
18809
18809
18809
18813
18814
18897
18811
18812
18814
18816
18821
18817
18822
18823
18819
18821
18820
18822
18823
18822
18824
18903
18823
18825
18904
18826
18905
18825
18826
18828
18830
18829
18831
18832
18831
18833
18832
18834
18835
18834
18920
18835
18921
18922
18837
18838
18840
18842
18844
18931
18932
18845
18845
18847
18848
18849
18848
18849
18849
18850
18940
18941
18851
18853
18854
18855
18854
18855
18855
18949
18950
18857
18858
18858
18859
18957
18958
18860
18959
18860
18864
18865
18866
18862
18864
18863
18865
18866
18865
18870
18966
18866
18871
18967
18872
18968
18868
18873
18869
18874
18875
18871
18873
18872
18874
18875
18874
18876
18972
18875
18877
18973
18878
18974
18877
18882
18878
18883
18884
18880
18882
18881
18883
18884
18883
18984
18884
18985
18986
18886
18888
18887
18889
18890
18889
18893
18890
18894
18895
18892
18894
18895
18899
18900
18902
18904
18908
18905
18909
18910
18907
18908
18909
18910
18909
18911
19004
18910
18912
19004
18913
19005
18912
18914
18913
18915
18916
18915
18916
18918
18923
19014
18919
18924
19015
18925
19016
18921
18923
18926
18922
18924
18927
18925
18928
18924
18926
18925
18927
18928
18927
19020
18928
19021
19022
18930
18932
18934
18935
18934
18935
18935
18936
19029
18937
19030
18937
18938
18939
18939
19035
19035
18941
18942
18943
18943
18944
19039
18945
19039
18945
18946
18947
18948
18947
18951
19041
18948
18952
19041
18953
19042
18950
18954
18955
18956
18952
18954
18953
18955
18956
18955
19045
18956
19045
19046
18958
18960
18959
18961
18962
18961
18963
19049
18962
18964
19050
18965
19051
18964
18969
18965
18970
18971
18967
18969
18968
18970
18971
18970
18975
19055
18971
18976
19056
18977
19057
18973
18978
18974
18979
18980
18976
18978
18977
18979
18980
18979
18981
19061
18980
18982
19062
18983
19063
18982
18987
18983
18988
18989
18985
18987
18986
18988
18989
18988
18990
19070
18989
18991
19071
18992
19072
18991
18993
18992
18994
18995
18994
18995
18997
18998
18999
19000
18999
19079
19000
19080
19081
19005
19007
19008
19007
19008
19008
19009
19093
19010
19093
19010
19011
19012
19013
19012
19013
19015
19017
19016
19018
19019
19018
19099
19019
19100
19101
19021
19022
19024
19026
19028
19031
19032
19030
19033
19034
19032
19033
19034
19034
19036
19037
19038
19037
19038
19038
19040
19043
19042
19044
19044
19044
19047
19046
19048
19048
19048
19110
19050
19052
19051
19053
19054
19053
19112
19054
19113
19114
19056
19058
19057
19059
19060
19059
19064
19120
19060
19065
19121
19066
19122
19062
19067
19063
19068
19069
19065
19067
19066
19068
19069
19068
19126
19069
19127
19128
19071
19073
19072
19074
19075
19074
19075
19077
19082
19141
19078
19083
19142
19084
19143
19080
19081
19083
19084
19086
19090
19091
19088
19090
19089
19090
19091
19091
19153
19154
19155
19095
19096
19097
19098
19097
19102
19098
19103
19104
19100
19102
19105
19101
19103
19105
19104
19106
19103
19105
19104
19105
19106
19106
19109
19111
19111
19115
19116
19113
19117
19114
19118
19119
19116
19117
19118
19119
19118
19169
19119
19170
19171
19121
19123
19122
19124
19125
19124
19177
19125
19178
19179
19127
19129
19128
19130
19131
19130
19132
19183
19131
19133
19184
19134
19185
19133
19135
19134
19136
19137
19136
19138
19189
19137
19139
19190
19140
19191
19139
19144
19140
19145
19146
19142
19144
19143
19145
19146
19145
19195
19146
19196
19197
19148
19150
19149
19151
19152
19151
19152
19154
19156
19155
19157
19158
19157
19159
19158
19159
19160
19160
19162
19163
19164
19163
19164
19164
19165
19166
19211
19167
19212
19166
19167
19221
19170
19172
19171
19172
19173
19173
19174
19175
19176
19175
19180
19176
19181
19182
19178
19180
19179
19181
19182
19181
19186
19222
19182
19187
19223
19188
19224
19184
19185
19187
19188
19190
19192
19191
19193
19194
19193
19231
19194
19232
19233
19196
19197
19199
19200
19202
19204
19203
19204
19205
19205
19208
19209
19210
19210
19213
19214
19212
19213
19215
19216
19214
19217
19214
19215
19216
19217
19216
19218
19217
19219
19220
19219
19220
19223
19225
19224
19226
19227
19226
19266
19227
19267
19268
19229
19278
19230
19279
19280
19232
19233
19235
19240
19236
19241
19242
19238
19240
19239
19241
19242
19241
19243
19290
19242
19244
19291
19245
19292
19244
19249
19245
19250
19251
19247
19249
19248
19250
19251
19250
19302
19251
19303
19304
19253
19255
19305
19255
19305
19257
19258
19260
19264
19261
19264
19265
19263
19264
19265
19265
19267
19272
19268
19273
19274
19270
19272
19271
19273
19274
19273
19275
19274
19276
19277
19276
19281
19277
19282
19283
19279
19281
19280
19282
19283
19282
19284
19283
19285
19286
19285
19287
19286
19288
19289
19288
19293
19309
19289
19294
19310
19295
19311
19291
19296
19292
19297
19298
19294
19296
19295
19297
19298
19297
19299
19318
19298
19300
19319
19301
19320
19300
19301
19303
19304
19308
19307
19308
19308
19310
19315
19311
19316
19317
19313
19315
19314
19316
19317
19316
19321
19317
19322
19323
19319
19324
19320
19325
19326
19322
19324
19323
19325
19326
19325
19327
19326
19328
19329
19328
19329
19331
19332
19334
19335
19336
19336
19338
19340
19342
19343
20039
20042
20043
20044
19445
19446
19447
19347
19465
19466
20042
20062
20069
20070
19467
20043
20063
20071
19349
19443
19471
20069
20072
19350
19443
19472
20070
20073
19444
19473
20071
20074
19352
19475
19478
19945
20053
19353
19476
19479
19946
20053
19477
19480
19947
20054
19355
19446
19475
19484
19492
19495
20055
19356
19446
19476
19485
19493
19496
20055
19447
19477
19486
19494
19497
20056
19358
19492
19498
19501
20057
19359
19493
19499
19502
20058
19494
19500
19503
20059
20078
20080
20081
20082
19362
19560
19563
19969
20072
19363
19561
19564
19970
20073
19562
19565
19971
20074
19365
19478
19563
19569
19574
19577
19366
19479
19564
19570
19575
19578
19480
19565
19571
19576
19579
19368
19495
19501
19580
19589
19615
19369
19496
19502
19581
19590
19616
19497
19503
19582
19591
19617
19371
19513
19615
19618
19981
19372
19514
19616
19619
19982
19515
19617
19620
19983
19374
19522
19618
19624
19987
19375
19523
19619
19625
19988
19524
19620
19626
19989
19377
19531
19624
19630
19633
19378
19532
19625
19631
19634
19533
19626
19632
19635
19380
19543
19630
19639
19993
19381
19544
19631
19640
19994
19545
19632
19641
19995
19383
19546
19639
19645
19999
19384
19547
19640
19646
20000
19548
19641
19647
20001
19386
19552
19555
19595
19598
19645
19648
19387
19553
19556
19596
19599
19646
19649
19554
19557
19597
19600
19647
19650
19389
20080
20096
20097
20081
20096
20098
19391
19583
19666
19669
20122
19392
19584
19667
19670
20123
19585
19668
19671
20124
19394
19612
19726
19735
19738
19395
19613
19727
19736
19739
19614
19728
19737
19740
19397
19627
19633
19693
19702
19744
19398
19628
19634
19694
19703
19745
19629
19635
19695
19704
19746
19747
20096
20125
20126
19401
19760
19769
19781
19784
20122
19402
19761
19770
19782
19785
20123
19762
19771
19783
19786
20124
19404
19678
19781
19787
19790
19405
19679
19782
19788
19791
19680
19783
19789
19792
19407
19729
19829
19838
19841
19408
19730
19830
19839
19842
19731
19831
19840
19843
19410
19738
19741
19772
19838
19847
19411
19739
19742
19772
19839
19848
19740
19743
19773
19840
19849
19413
19748
20129
20144
20147
19414
19749
20130
20145
20148
19750
20131
20146
20149
19416
19757
19850
20153
20156
19417
19758
19851
20154
20157
19759
19852
20155
20158
19419
19763
19853
20135
20156
20162
19420
19764
19854
20136
20157
20163
19765
19855
20137
20158
20164
19780
19874
19875
19881
19423
19784
19790
19859
19865
19882
19935
19424
19785
19791
19860
19866
19883
19936
19786
19792
19861
19867
19884
19937
19426
19799
19882
19885
19888
19427
19800
19883
19886
19889
19801
19884
19887
19890
19429
19808
19885
19894
19897
19430
19809
19886
19895
19898
19810
19887
19896
19899
19432
19814
19894
19903
19906
19433
19815
19895
19904
19907
19816
19896
19905
19908
19435
19826
19903
19912
19915
19436
19827
19904
19913
19916
19828
19905
19914
19917
19438
19832
19912
19918
19921
19439
19833
19913
19919
19922
19834
19914
19920
19923
19441
19841
19868
19918
19924
19932
19442
19842
19869
19919
19925
19933
19843
19870
19920
19926
19934
19444
19941
20045
20048
20069
20070
19941
20046
20049
20071
20050
20055
20056
19447
19448
20055
19449
20056
19449
19492
19493
20057
20058
19494
20059
19451
19453
19498
19507
20057
19452
19454
19499
19508
20058
19455
19500
19509
20059
19454
19456
19507
19455
19457
19508
19458
19509
19457
19459
19510
19458
19460
19511
19461
19512
19460
19462
19948
19461
19463
19949
19464
19950
19463
19519
19464
19520
19521
19466
19468
19957
19960
20066
19467
19469
19958
19961
20067
19470
19959
19962
20068
19469
19560
20069
20072
19470
19561
20070
20073
19562
20071
20074
19472
19945
20048
20072
20075
19473
19946
20048
20073
20076
19947
20049
20074
20077
19572
19929
19476
19481
20053
20055
19477
19482
20053
20055
19483
20054
20056
19479
19481
19945
20075
19480
19482
19946
20076
19483
19947
20077
19482
19484
19574
19963
19483
19485
19575
19964
19486
19576
19965
19485
19495
19963
19486
19496
19964
19497
19965
19488
19490
19555
19604
19489
19490
19556
19605
19491
19557
19606
19491
19607
19929
19608
19929
19493
19495
19494
19496
19497
19496
19501
19580
19497
19502
19581
19503
19582
19499
19504
19507
19500
19505
19508
19506
19509
19502
19504
19503
19505
19506
19505
19513
19615
19506
19514
19616
19515
19617
19508
19510
19513
19509
19511
19514
19512
19515
19511
19516
19948
19512
19517
19949
19518
19950
19514
19516
19515
19517
19518
19517
19522
19618
19518
19523
19619
19524
19620
19520
19525
19948
19951
19521
19526
19949
19952
19527
19950
19953
19523
19525
19948
19524
19526
19949
19527
19950
19526
19531
19624
19948
19527
19532
19625
19949
19533
19626
19950
19529
19534
19951
19954
19530
19535
19952
19955
19536
19953
19956
19532
19534
19951
19533
19535
19952
19536
19953
19535
19543
19630
19536
19544
19631
19545
19632
19538
19540
19543
19954
19539
19541
19544
19955
19542
19545
19956
19541
19543
19546
19639
19542
19544
19547
19640
19545
19548
19641
19544
19954
19545
19955
19956
19547
19549
19548
19550
19551
19550
19552
19645
19551
19553
19646
19554
19647
19553
19555
19554
19556
19557
19556
19595
19557
19596
19597
19559
19957
19958
20064
20082
20085
19959
20065
20082
20086
19561
19960
20093
19562
19961
20094
19962
20095
19564
19566
20075
19565
19567
20076
19568
20077
19567
19569
19969
19975
20116
19568
19570
19970
19976
20117
19571
19971
19977
20118
19570
19577
20116
19571
19578
20117
19579
20118
19573
19927
19928
19662
20168
20169
19575
19577
19963
19576
19578
19964
19579
19965
19578
19583
19666
19579
19584
19667
19585
19668
19581
19586
19963
19582
19587
19964
19588
19965
19584
19586
19669
19963
19585
19587
19670
19964
19588
19671
19965
19587
19589
19669
19588
19590
19670
19591
19671
19590
19592
19978
19591
19593
19979
19594
19980
19593
19615
19675
19981
19594
19616
19676
19982
19617
19677
19983
19596
19601
19604
19597
19602
19605
19603
19606
19599
19601
19648
20005
19600
19602
19649
20006
19603
19650
20007
19602
19612
19726
19603
19613
19727
19614
19728
19605
19607
19612
19606
19607
19613
19608
19614
19608
19609
19610
19612
19613
19927
19611
19614
19928
19610
19612
19735
20168
19611
19613
19736
20168
19614
19737
20169
19613
19726
19614
19727
19728
19616
19981
19617
19982
19983
19619
19621
19620
19622
19623
19622
19684
19981
19987
19623
19685
19982
19988
19686
19983
19989
19625
19627
19626
19628
19629
19628
19633
19693
19987
19629
19634
19694
19988
19635
19695
19989
19631
19636
19632
19637
19638
19634
19636
19635
19637
19638
19637
19744
19993
19638
19745
19994
19746
19995
19640
19642
19641
19643
19644
19643
19708
19993
19999
19644
19709
19994
20000
19710
19995
20001
19646
19648
19647
19649
19650
19649
19717
19999
19650
19718
20000
19719
20001
19652
20085
20097
20101
20104
19653
20085
20097
20102
20105
20086
20098
20103
20106
19655
19975
20017
20113
20119
19656
19976
20018
20114
20120
19977
20019
20115
20121
19658
19666
19760
20119
20122
19659
19667
19761
20120
20123
19668
19762
20121
20124
19661
19662
19664
19735
19736
20168
19662
19665
19737
20169
19663
19664
19665
19664
19665
19776
19665
19741
19742
19777
19743
19778
19667
20116
20122
19668
20117
20123
20118
20124
19670
19672
19678
19978
19671
19673
19679
19979
19674
19680
19980
19673
19678
19781
20122
19674
19679
19782
20123
19680
19783
20124
19676
19681
19978
19984
19677
19682
19979
19985
19683
19980
19986
19679
19681
19978
19680
19682
19979
19683
19980
19682
19687
19787
20138
19683
19688
19788
20139
19689
19789
20140
19685
19690
19984
19990
19686
19691
19985
19991
19692
19986
19992
19688
19690
19984
20138
19689
19691
19985
20139
19692
19986
20140
19691
19696
19796
19692
19697
19797
19698
19798
19694
19699
19990
19695
19700
19991
19701
19992
19697
19699
19990
20020
19698
19700
19991
20021
19701
19992
20022
19700
19702
19805
19701
19703
19806
19704
19807
19703
19705
20023
19704
19706
20024
19707
20025
19706
19711
19744
19811
19707
19712
19745
19812
19713
19746
19813
19709
19714
19996
20002
19710
19715
19997
20003
19716
19998
20004
19712
19714
19996
20026
19713
19715
19997
20027
19716
19998
20028
19715
19720
19820
19716
19721
19821
19722
19822
19718
19723
20002
20005
19719
19724
20003
20006
19725
20004
20007
19721
19723
20002
20029
19722
19724
20003
20030
19725
20004
20031
19724
19729
19829
19725
19730
19830
19731
19831
19727
19732
20005
19728
19733
20006
19734
20007
19730
19732
19829
20005
19731
19733
19830
20006
19734
19831
20007
19733
19738
19838
19734
19739
19839
19740
19840
19736
19741
20168
19737
19742
20168
19743
20169
19739
19741
19740
19742
19743
19742
19772
19743
19772
19773
19745
19993
19996
19746
19994
19997
19995
19998
20127
20128
19749
19754
20011
20129
20147
19750
19755
20012
20130
20148
19756
20013
20131
20149
19752
19754
20011
20014
20110
19753
19755
20012
20015
20111
19756
20013
20016
20112
19755
19757
19850
19756
19758
19851
19759
19852
19758
20014
20135
20156
19759
20015
20136
20157
20016
20137
20158
19761
19766
20132
19762
19767
20133
19768
20134
19764
19766
20132
20135
19765
19767
20133
20136
19768
20134
20137
19767
19769
19853
20132
19768
19770
19854
20133
19771
19855
20134
19770
19784
20032
19771
19785
20033
19786
20034
19773
19774
19777
19775
19778
19775
19780
19847
19848
19874
19780
19849
19875
19777
19778
19779
19778
19780
19780
19780
19874
19875
19782
19784
19783
19785
19786
19785
19790
19859
19786
19791
19860
19792
19861
19788
19793
20138
19789
19794
20139
19795
20140
19791
19793
19792
19794
19795
19794
19799
19882
19795
19800
19883
19801
19884
19797
19802
20020
20138
19798
19803
20021
20139
19804
20022
20140
19800
19802
20138
19801
19803
20139
19804
20140
19803
19808
19885
19804
19809
19886
19810
19887
19806
20020
20023
20141
19807
20021
20024
20142
20022
20025
20143
19809
20020
20141
19810
20021
20142
20022
20143
19812
19817
20023
20026
19813
19818
20024
20027
19819
20025
20028
19815
19817
20023
20141
19816
19818
20024
20142
19819
20025
20143
19818
19826
19903
19819
19827
19904
19828
19905
19821
19823
19826
20026
20029
19822
19824
19827
20027
20030
19825
19828
20028
20031
19824
19826
19832
19912
19825
19827
19833
19913
19828
19834
19914
19827
20026
19828
20027
20028
19830
19835
20029
19831
19836
20030
19837
20031
19833
19835
20029
19834
19836
20030
19837
20031
19836
19841
19918
19837
19842
19919
19843
19920
19839
19844
19840
19845
19846
19842
19844
19843
19845
19846
19845
19847
19924
19846
19848
19925
19849
19926
19848
19924
20035
19849
19925
20036
19926
20037
19851
20147
20150
20153
19852
20148
20151
20154
20149
20152
20155
19854
19856
20032
20165
19855
19857
20033
20166
19858
20034
20167
19857
20162
20165
19858
20163
20166
20164
20167
19860
19862
20032
19861
19863
20033
19864
20034
19863
19865
20165
19864
19866
20166
19867
20167
19866
19935
19867
19936
19937
19869
19871
19932
19870
19872
19933
19873
19934
19872
19878
19924
19873
19879
19925
19880
19926
19875
19876
19878
19879
20035
20036
19877
19880
20037
19877
19878
19879
19881
19880
19881
19879
20035
19880
20036
20037
19883
19935
19884
19936
19937
19886
19891
19887
19892
19893
19889
19891
19935
19890
19892
19936
19893
19937
19892
19897
19893
19898
19899
19895
19900
20141
19896
19901
20142
19902
20143
19898
19900
19899
19901
19902
19901
19906
19902
19907
19908
19904
19909
19905
19910
19911
19907
19909
19908
19910
19911
19910
19915
19911
19916
19917
19913
19938
19914
19939
19940
19916
19938
19917
19939
19940
19919
19932
19920
19933
19934
19922
19932
19938
19923
19933
19939
19934
19940
19925
20035
19926
20036
20037
19928
19929
20168
19929
20169
19931
19933
19934
19936
19937
19939
19940
20044
20047
20047
20050
20051
20052
19944
20040
20060
20062
20064
20040
20060
20063
20065
19946
20051
20075
19947
20051
20076
20052
20077
19949
19950
19952
19953
19955
19956
19958
19960
20066
20087
19959
19961
20067
20088
19962
20068
20089
19961
20090
19962
20091
20092
19964
19965
19967
19972
20090
20093
20101
20110
19968
19973
20091
20094
20102
20111
19974
20092
20095
20103
20112
19970
19972
19975
20093
19971
19973
19976
20094
19974
19977
20095
19973
19975
20093
20113
19974
19976
20094
20114
19977
20095
20115
19976
20116
19977
20117
20118
19979
19980
19982
19984
19983
19985
19986
19985
19986
19988
19990
19989
19991
19992
19991
19992
19994
19996
19995
19997
19998
19997
19998
20000
20002
20001
20003
20004
20003
20004
20006
20007
20009
20011
20104
20125
20127
20129
20010
20012
20105
20125
20127
20130
20013
20106
20126
20128
20131
20012
20107
20013
20108
20109
20015
20017
20113
20016
20018
20114
20019
20115
20018
20132
20135
20019
20133
20136
20134
20137
20021
20141
20022
20142
20143
20024
20025
20027
20028
20030
20031
20033
20165
20034
20166
20167
20036
20037
20040
20060
20041
20041
20042
20043
20062
20063
20043
20045
20046
20045
20046
20046
20069
20070
20071
20048
20049
20049
20051
20052
20053
20054
20052
20053
20054
20054
20055
20056
20056
20058
20059
20061
20064
20065
20082
20063
20066
20067
20068
20065
20066
20067
20068
20067
20068
20070
20071
20073
20075
20074
20076
20077
20076
20077
20079
20080
20081
20081
20083
20084
20083
20084
20084
20085
20097
20086
20098
20086
20087
20088
20089
20088
20090
20101
20089
20091
20102
20092
20103
20091
20093
20092
20094
20095
20094
20095
20099
20100
20098
20099
20100
20100
20104
20105
20125
20106
20126
20102
20107
20103
20108
20109
20105
20107
20106
20108
20109
20108
20110
20109
20111
20112
20111
20113
20112
20114
20115
20114
20115
20117
20119
20118
20120
20121
20120
20132
20121
20133
20134
20123
20124
20126
20127
20128
20128
20129
20130
20131
20130
20131
20133
20134
20136
20156
20137
20157
20158
20139
20140
20142
20143
20145
20150
20146
20151
20152
20148
20150
20149
20151
20152
20151
20153
20152
20154
20155
20154
20159
20155
20160
20161
20157
20159
20158
20160
20161
20160
20162
20161
20163
20164
20163
20164
20166
20167
20169
)


// ************************************************************************* //
