/*--------------------------------*- C++ -*----------------------------------*\
  =========                 |
  \\      /  F ield         | OpenFOAM: The Open Source CFD Toolbox
   \\    /   O peration     | Website:  https://openfoam.org
    \\  /    A nd           | Version:  8
     \\/     M anipulation  |
\*---------------------------------------------------------------------------*/
FoamFile
{
    version     2.0;
    format      ascii;
    class       labelList;
    note        "nPoints: 47190 nCells: 43200 nFaces: 133478 nInternalFaces: 125722";
    location    "constant/polyMesh";
    object      neighbour;
}
// * * * * * * * * * * * * * * * * * * * * * * * * * * * * * * * * * * * * * //


125722
(
1
25
800
2
26
801
3
27
802
4
28
803
5
29
804
6
30
805
7
31
806
8
32
807
9
33
808
10
34
809
11
35
810
12
36
811
13
37
812
14
38
813
15
39
814
16
40
815
17
41
816
18
42
817
19
43
818
20
44
819
21
45
820
22
46
821
23
47
822
24
48
823
49
824
26
50
825
27
51
826
28
52
827
29
53
828
30
54
829
31
55
830
32
56
831
33
57
832
34
58
833
35
59
834
36
60
835
37
61
836
38
62
837
39
63
838
40
64
839
41
65
840
42
66
841
43
67
842
44
68
843
45
69
844
46
70
845
47
71
846
48
72
847
49
73
848
74
849
51
75
850
52
76
851
53
77
852
54
78
853
55
79
854
56
80
855
57
81
856
58
82
857
59
83
858
60
84
859
61
85
860
62
86
861
63
87
862
64
88
863
65
89
864
66
90
865
67
91
866
68
92
867
69
93
868
70
94
869
71
95
870
72
96
871
73
97
872
74
98
873
99
874
76
100
875
77
101
876
78
102
877
79
103
878
80
104
879
81
105
880
82
106
881
83
107
882
84
108
883
85
109
884
86
110
885
87
111
886
88
112
887
89
113
888
90
114
889
91
115
890
92
116
891
93
117
892
94
118
893
95
119
894
96
120
895
97
121
896
98
122
897
99
123
898
124
899
101
125
900
102
126
901
103
127
902
104
128
903
105
129
904
106
130
905
107
131
906
108
132
907
109
133
908
110
134
909
111
135
910
112
136
911
113
137
912
114
138
913
115
139
914
116
140
915
117
141
916
118
142
917
119
143
918
120
144
919
121
145
920
122
146
921
123
147
922
124
148
923
149
924
126
150
925
127
151
926
128
152
927
129
153
928
130
154
929
131
155
930
132
156
931
133
157
932
134
158
933
135
159
934
136
160
935
137
161
936
138
162
937
139
163
938
140
164
939
141
165
940
142
166
941
143
167
942
144
168
943
145
169
944
146
170
945
147
171
946
148
172
947
149
173
948
174
949
151
175
950
152
176
951
153
177
952
154
178
953
155
179
954
156
180
955
157
181
956
158
182
957
159
183
958
160
184
959
161
185
960
162
186
961
163
187
962
164
188
963
165
189
964
166
190
965
167
191
966
168
192
967
169
193
968
170
194
969
171
195
970
172
196
971
173
197
972
174
198
973
199
974
176
200
975
177
201
976
178
202
977
179
203
978
180
204
979
181
205
980
182
206
981
183
207
982
184
208
983
185
209
984
186
210
985
187
211
986
188
212
987
189
213
988
190
214
989
191
215
990
192
216
991
193
217
992
194
218
993
195
219
994
196
220
995
197
221
996
198
222
997
199
223
998
224
999
201
225
1000
202
226
1001
203
227
1002
204
228
1003
205
229
1004
206
230
1005
207
231
1006
208
232
1007
209
233
1008
210
234
1009
211
235
1010
212
236
1011
213
237
1012
214
238
1013
215
239
1014
216
240
1015
217
241
1016
218
242
1017
219
243
1018
220
244
1019
221
245
1020
222
246
1021
223
247
1022
224
248
1023
249
1024
226
250
1025
227
251
1026
228
252
1027
229
253
1028
230
254
1029
231
255
1030
232
256
1031
233
257
1032
234
258
1033
235
259
1034
236
260
1035
237
261
1036
238
262
1037
239
263
1038
240
264
1039
241
265
1040
242
266
1041
243
267
1042
244
268
1043
245
269
1044
246
270
1045
247
271
1046
248
272
1047
249
273
1048
274
1049
251
275
1050
252
276
1051
253
277
1052
254
278
1053
255
279
1054
256
280
1055
257
281
1056
258
282
1057
259
283
1058
260
284
1059
261
285
1060
262
286
1061
263
287
1062
264
288
1063
265
289
1064
266
290
1065
267
291
1066
268
292
1067
269
293
1068
270
294
1069
271
295
1070
272
296
1071
273
297
1072
274
298
1073
299
1074
276
300
1075
277
301
1076
278
302
1077
279
303
1078
280
304
1079
281
305
1080
282
306
1081
283
307
1082
284
308
1083
285
309
1084
286
310
1085
287
311
1086
288
312
1087
289
313
1088
290
314
1089
291
315
1090
292
316
1091
293
317
1092
294
318
1093
295
319
1094
296
320
1095
297
321
1096
298
322
1097
299
323
1098
324
1099
301
325
1100
302
326
1101
303
327
1102
304
328
1103
305
329
1104
306
330
1105
307
331
1106
308
332
1107
309
333
1108
310
334
1109
311
335
1110
312
336
1111
313
337
1112
314
338
1113
315
339
1114
316
340
1115
317
341
1116
318
342
1117
319
343
1118
320
344
1119
321
345
1120
322
346
1121
323
347
1122
324
348
1123
349
1124
326
350
1125
327
351
1126
328
352
1127
329
353
1128
330
354
1129
331
355
1130
332
356
1131
333
357
1132
334
358
1133
335
359
1134
336
360
1135
337
361
1136
338
362
1137
339
363
1138
340
364
1139
341
365
1140
342
366
1141
343
367
1142
344
368
1143
345
369
1144
346
370
1145
347
371
1146
348
372
1147
349
373
1148
374
1149
351
375
1150
352
376
1151
353
377
1152
354
378
1153
355
379
1154
356
380
1155
357
381
1156
358
382
1157
359
383
1158
360
384
1159
361
385
1160
362
386
1161
363
387
1162
364
388
1163
365
389
1164
366
390
1165
367
391
1166
368
392
1167
369
393
1168
370
394
1169
371
395
1170
372
396
1171
373
397
1172
374
398
1173
399
1174
376
400
1175
377
401
1176
378
402
1177
379
403
1178
380
404
1179
381
405
1180
382
406
1181
383
407
1182
384
408
1183
385
409
1184
386
410
1185
387
411
1186
388
412
1187
389
413
1188
390
414
1189
391
415
1190
392
416
1191
393
417
1192
394
418
1193
395
419
1194
396
420
1195
397
421
1196
398
422
1197
399
423
1198
424
1199
401
425
1200
402
426
1201
403
427
1202
404
428
1203
405
429
1204
406
430
1205
407
431
1206
408
432
1207
409
433
1208
410
434
1209
411
435
1210
412
436
1211
413
437
1212
414
438
1213
415
439
1214
416
440
1215
417
441
1216
418
442
1217
419
443
1218
420
444
1219
421
445
1220
422
446
1221
423
447
1222
424
448
1223
449
1224
426
450
1225
427
451
1226
428
452
1227
429
453
1228
430
454
1229
431
455
1230
432
456
1231
433
457
1232
434
458
1233
435
459
1234
436
460
1235
437
461
1236
438
462
1237
439
463
1238
440
464
1239
441
465
1240
442
466
1241
443
467
1242
444
468
1243
445
469
1244
446
470
1245
447
471
1246
448
472
1247
449
473
1248
474
1249
451
475
1250
452
476
1251
453
477
1252
454
478
1253
455
479
1254
456
480
1255
457
481
1256
458
482
1257
459
483
1258
460
484
1259
461
485
1260
462
486
1261
463
487
1262
464
488
1263
465
489
1264
466
490
1265
467
491
1266
468
492
1267
469
493
1268
470
494
1269
471
495
1270
472
496
1271
473
497
1272
474
498
1273
499
1274
476
500
1275
477
501
1276
478
502
1277
479
503
1278
480
504
1279
481
505
1280
482
506
1281
483
507
1282
484
508
1283
485
509
1284
486
510
1285
487
511
1286
488
512
1287
489
513
1288
490
514
1289
491
515
1290
492
516
1291
493
517
1292
494
518
1293
495
519
1294
496
520
1295
497
521
1296
498
522
1297
499
523
1298
524
1299
501
525
1300
502
526
1301
503
527
1302
504
528
1303
505
529
1304
506
530
1305
507
531
1306
508
532
1307
509
533
1308
510
534
1309
511
535
1310
512
536
1311
513
537
1312
514
538
1313
515
539
1314
516
540
1315
517
541
1316
518
542
1317
519
543
1318
520
544
1319
521
545
1320
522
546
1321
523
547
1322
524
548
1323
549
1324
526
550
1325
527
551
1326
528
552
1327
529
553
1328
530
554
1329
531
555
1330
532
556
1331
533
557
1332
534
558
1333
535
559
1334
536
560
1335
537
561
1336
538
562
1337
539
563
1338
540
564
1339
541
565
1340
542
566
1341
543
567
1342
544
568
1343
545
569
1344
546
570
1345
547
571
1346
548
572
1347
549
573
1348
574
1349
551
575
1350
552
576
1351
553
577
1352
554
578
1353
555
579
1354
556
580
1355
557
581
1356
558
582
1357
559
583
1358
560
584
1359
561
585
1360
562
586
1361
563
587
1362
564
588
1363
565
589
1364
566
590
1365
567
591
1366
568
592
1367
569
593
1368
570
594
1369
571
595
1370
572
596
1371
573
597
1372
574
598
1373
599
1374
576
600
1375
577
601
1376
578
602
1377
579
603
1378
580
604
1379
581
605
1380
582
606
1381
583
607
1382
584
608
1383
585
609
1384
586
610
1385
587
611
1386
588
612
1387
589
613
1388
590
614
1389
591
615
1390
592
616
1391
593
617
1392
594
618
1393
595
619
1394
596
620
1395
597
621
1396
598
622
1397
599
623
1398
624
1399
601
625
1400
602
626
1401
603
627
1402
604
628
1403
605
629
1404
606
630
1405
607
631
1406
608
632
1407
609
633
1408
610
634
1409
611
635
1410
612
636
1411
613
637
1412
614
638
1413
615
639
1414
616
640
1415
617
641
1416
618
642
1417
619
643
1418
620
644
1419
621
645
1420
622
646
1421
623
647
1422
624
648
1423
649
1424
626
650
1425
627
651
1426
628
652
1427
629
653
1428
630
654
1429
631
655
1430
632
656
1431
633
657
1432
634
658
1433
635
659
1434
636
660
1435
637
661
1436
638
662
1437
639
663
1438
640
664
1439
641
665
1440
642
666
1441
643
667
1442
644
668
1443
645
669
1444
646
670
1445
647
671
1446
648
672
1447
649
673
1448
674
1449
651
675
1450
652
676
1451
653
677
1452
654
678
1453
655
679
1454
656
680
1455
657
681
1456
658
682
1457
659
683
1458
660
684
1459
661
685
1460
662
686
1461
663
687
1462
664
688
1463
665
689
1464
666
690
1465
667
691
1466
668
692
1467
669
693
1468
670
694
1469
671
695
1470
672
696
1471
673
697
1472
674
698
1473
699
1474
676
700
1475
677
701
1476
678
702
1477
679
703
1478
680
704
1479
681
705
1480
682
706
1481
683
707
1482
684
708
1483
685
709
1484
686
710
1485
687
711
1486
688
712
1487
689
713
1488
690
714
1489
691
715
1490
692
716
1491
693
717
1492
694
718
1493
695
719
1494
696
720
1495
697
721
1496
698
722
1497
699
723
1498
724
1499
701
725
1500
702
726
1501
703
727
1502
704
728
1503
705
729
1504
706
730
1505
707
731
1506
708
732
1507
709
733
1508
710
734
1509
711
735
1510
712
736
1511
713
737
1512
714
738
1513
715
739
1514
716
740
1515
717
741
1516
718
742
1517
719
743
1518
720
744
1519
721
745
1520
722
746
1521
723
747
1522
724
748
1523
749
1524
726
750
1525
727
751
1526
728
752
1527
729
753
1528
730
754
1529
731
755
1530
732
756
1531
733
757
1532
734
758
1533
735
759
1534
736
760
1535
737
761
1536
738
762
1537
739
763
1538
740
764
1539
741
765
1540
742
766
1541
743
767
1542
744
768
1543
745
769
1544
746
770
1545
747
771
1546
748
772
1547
749
773
1548
774
1549
751
775
1550
752
776
1551
753
777
1552
754
778
1553
755
779
1554
756
780
1555
757
781
1556
758
782
1557
759
783
1558
760
784
1559
761
785
1560
762
786
1561
763
787
1562
764
788
1563
765
789
1564
766
790
1565
767
791
1566
768
792
1567
769
793
1568
770
794
1569
771
795
1570
772
796
1571
773
797
1572
774
798
1573
799
1574
776
1575
777
1576
778
1577
779
1578
780
1579
781
1580
782
1581
783
1582
784
1583
785
1584
786
1585
787
1586
788
1587
789
1588
790
1589
791
1590
792
1591
793
1592
794
1593
795
1594
796
1595
797
1596
798
1597
799
1598
1599
801
825
1600
802
826
1601
803
827
1602
804
828
1603
805
829
1604
806
830
1605
807
831
1606
808
832
1607
809
833
1608
810
834
1609
811
835
1610
812
836
1611
813
837
1612
814
838
1613
815
839
1614
816
840
1615
817
841
1616
818
842
1617
819
843
1618
820
844
1619
821
845
1620
822
846
1621
823
847
1622
824
848
1623
849
1624
826
850
1625
827
851
1626
828
852
1627
829
853
1628
830
854
1629
831
855
1630
832
856
1631
833
857
1632
834
858
1633
835
859
1634
836
860
1635
837
861
1636
838
862
1637
839
863
1638
840
864
1639
841
865
1640
842
866
1641
843
867
1642
844
868
1643
845
869
1644
846
870
1645
847
871
1646
848
872
1647
849
873
1648
874
1649
851
875
1650
852
876
1651
853
877
1652
854
878
1653
855
879
1654
856
880
1655
857
881
1656
858
882
1657
859
883
1658
860
884
1659
861
885
1660
862
886
1661
863
887
1662
864
888
1663
865
889
1664
866
890
1665
867
891
1666
868
892
1667
869
893
1668
870
894
1669
871
895
1670
872
896
1671
873
897
1672
874
898
1673
899
1674
876
900
1675
877
901
1676
878
902
1677
879
903
1678
880
904
1679
881
905
1680
882
906
1681
883
907
1682
884
908
1683
885
909
1684
886
910
1685
887
911
1686
888
912
1687
889
913
1688
890
914
1689
891
915
1690
892
916
1691
893
917
1692
894
918
1693
895
919
1694
896
920
1695
897
921
1696
898
922
1697
899
923
1698
924
1699
901
925
1700
902
926
1701
903
927
1702
904
928
1703
905
929
1704
906
930
1705
907
931
1706
908
932
1707
909
933
1708
910
934
1709
911
935
1710
912
936
1711
913
937
1712
914
938
1713
915
939
1714
916
940
1715
917
941
1716
918
942
1717
919
943
1718
920
944
1719
921
945
1720
922
946
1721
923
947
1722
924
948
1723
949
1724
926
950
1725
927
951
1726
928
952
1727
929
953
1728
930
954
1729
931
955
1730
932
956
1731
933
957
1732
934
958
1733
935
959
1734
936
960
1735
937
961
1736
938
962
1737
939
963
1738
940
964
1739
941
965
1740
942
966
1741
943
967
1742
944
968
1743
945
969
1744
946
970
1745
947
971
1746
948
972
1747
949
973
1748
974
1749
951
975
1750
952
976
1751
953
977
1752
954
978
1753
955
979
1754
956
980
1755
957
981
1756
958
982
1757
959
983
1758
960
984
1759
961
985
1760
962
986
1761
963
987
1762
964
988
1763
965
989
1764
966
990
1765
967
991
1766
968
992
1767
969
993
1768
970
994
1769
971
995
1770
972
996
1771
973
997
1772
974
998
1773
999
1774
976
1000
1775
977
1001
1776
978
1002
1777
979
1003
1778
980
1004
1779
981
1005
1780
982
1006
1781
983
1007
1782
984
1008
1783
985
1009
1784
986
1010
1785
987
1011
1786
988
1012
1787
989
1013
1788
990
1014
1789
991
1015
1790
992
1016
1791
993
1017
1792
994
1018
1793
995
1019
1794
996
1020
1795
997
1021
1796
998
1022
1797
999
1023
1798
1024
1799
1001
1025
1800
1002
1026
1801
1003
1027
1802
1004
1028
1803
1005
1029
1804
1006
1030
1805
1007
1031
1806
1008
1032
1807
1009
1033
1808
1010
1034
1809
1011
1035
1810
1012
1036
1811
1013
1037
1812
1014
1038
1813
1015
1039
1814
1016
1040
1815
1017
1041
1816
1018
1042
1817
1019
1043
1818
1020
1044
1819
1021
1045
1820
1022
1046
1821
1023
1047
1822
1024
1048
1823
1049
1824
1026
1050
1825
1027
1051
1826
1028
1052
1827
1029
1053
1828
1030
1054
1829
1031
1055
1830
1032
1056
1831
1033
1057
1832
1034
1058
1833
1035
1059
1834
1036
1060
1835
1037
1061
1836
1038
1062
1837
1039
1063
1838
1040
1064
1839
1041
1065
1840
1042
1066
1841
1043
1067
1842
1044
1068
1843
1045
1069
1844
1046
1070
1845
1047
1071
1846
1048
1072
1847
1049
1073
1848
1074
1849
1051
1075
1850
1052
1076
1851
1053
1077
1852
1054
1078
1853
1055
1079
1854
1056
1080
1855
1057
1081
1856
1058
1082
1857
1059
1083
1858
1060
1084
1859
1061
1085
1860
1062
1086
1861
1063
1087
1862
1064
1088
1863
1065
1089
1864
1066
1090
1865
1067
1091
1866
1068
1092
1867
1069
1093
1868
1070
1094
1869
1071
1095
1870
1072
1096
1871
1073
1097
1872
1074
1098
1873
1099
1874
1076
1100
1875
1077
1101
1876
1078
1102
1877
1079
1103
1878
1080
1104
1879
1081
1105
1880
1082
1106
1881
1083
1107
1882
1084
1108
1883
1085
1109
1884
1086
1110
1885
1087
1111
1886
1088
1112
1887
1089
1113
1888
1090
1114
1889
1091
1115
1890
1092
1116
1891
1093
1117
1892
1094
1118
1893
1095
1119
1894
1096
1120
1895
1097
1121
1896
1098
1122
1897
1099
1123
1898
1124
1899
1101
1125
1900
1102
1126
1901
1103
1127
1902
1104
1128
1903
1105
1129
1904
1106
1130
1905
1107
1131
1906
1108
1132
1907
1109
1133
1908
1110
1134
1909
1111
1135
1910
1112
1136
1911
1113
1137
1912
1114
1138
1913
1115
1139
1914
1116
1140
1915
1117
1141
1916
1118
1142
1917
1119
1143
1918
1120
1144
1919
1121
1145
1920
1122
1146
1921
1123
1147
1922
1124
1148
1923
1149
1924
1126
1150
1925
1127
1151
1926
1128
1152
1927
1129
1153
1928
1130
1154
1929
1131
1155
1930
1132
1156
1931
1133
1157
1932
1134
1158
1933
1135
1159
1934
1136
1160
1935
1137
1161
1936
1138
1162
1937
1139
1163
1938
1140
1164
1939
1141
1165
1940
1142
1166
1941
1143
1167
1942
1144
1168
1943
1145
1169
1944
1146
1170
1945
1147
1171
1946
1148
1172
1947
1149
1173
1948
1174
1949
1151
1175
1950
1152
1176
1951
1153
1177
1952
1154
1178
1953
1155
1179
1954
1156
1180
1955
1157
1181
1956
1158
1182
1957
1159
1183
1958
1160
1184
1959
1161
1185
1960
1162
1186
1961
1163
1187
1962
1164
1188
1963
1165
1189
1964
1166
1190
1965
1167
1191
1966
1168
1192
1967
1169
1193
1968
1170
1194
1969
1171
1195
1970
1172
1196
1971
1173
1197
1972
1174
1198
1973
1199
1974
1176
1200
1975
1177
1201
1976
1178
1202
1977
1179
1203
1978
1180
1204
1979
1181
1205
1980
1182
1206
1981
1183
1207
1982
1184
1208
1983
1185
1209
1984
1186
1210
1985
1187
1211
1986
1188
1212
1987
1189
1213
1988
1190
1214
1989
1191
1215
1990
1192
1216
1991
1193
1217
1992
1194
1218
1993
1195
1219
1994
1196
1220
1995
1197
1221
1996
1198
1222
1997
1199
1223
1998
1224
1999
1201
1225
2000
1202
1226
2001
1203
1227
2002
1204
1228
2003
1205
1229
2004
1206
1230
2005
1207
1231
2006
1208
1232
2007
1209
1233
2008
1210
1234
2009
1211
1235
2010
1212
1236
2011
1213
1237
2012
1214
1238
2013
1215
1239
2014
1216
1240
2015
1217
1241
2016
1218
1242
2017
1219
1243
2018
1220
1244
2019
1221
1245
2020
1222
1246
2021
1223
1247
2022
1224
1248
2023
1249
2024
1226
1250
2025
1227
1251
2026
1228
1252
2027
1229
1253
2028
1230
1254
2029
1231
1255
2030
1232
1256
2031
1233
1257
2032
1234
1258
2033
1235
1259
2034
1236
1260
2035
1237
1261
2036
1238
1262
2037
1239
1263
2038
1240
1264
2039
1241
1265
2040
1242
1266
2041
1243
1267
2042
1244
1268
2043
1245
1269
2044
1246
1270
2045
1247
1271
2046
1248
1272
2047
1249
1273
2048
1274
2049
1251
1275
2050
1252
1276
2051
1253
1277
2052
1254
1278
2053
1255
1279
2054
1256
1280
2055
1257
1281
2056
1258
1282
2057
1259
1283
2058
1260
1284
2059
1261
1285
2060
1262
1286
2061
1263
1287
2062
1264
1288
2063
1265
1289
2064
1266
1290
2065
1267
1291
2066
1268
1292
2067
1269
1293
2068
1270
1294
2069
1271
1295
2070
1272
1296
2071
1273
1297
2072
1274
1298
2073
1299
2074
1276
1300
2075
1277
1301
2076
1278
1302
2077
1279
1303
2078
1280
1304
2079
1281
1305
2080
1282
1306
2081
1283
1307
2082
1284
1308
2083
1285
1309
2084
1286
1310
2085
1287
1311
2086
1288
1312
2087
1289
1313
2088
1290
1314
2089
1291
1315
2090
1292
1316
2091
1293
1317
2092
1294
1318
2093
1295
1319
2094
1296
1320
2095
1297
1321
2096
1298
1322
2097
1299
1323
2098
1324
2099
1301
1325
2100
1302
1326
2101
1303
1327
2102
1304
1328
2103
1305
1329
2104
1306
1330
2105
1307
1331
2106
1308
1332
2107
1309
1333
2108
1310
1334
2109
1311
1335
2110
1312
1336
2111
1313
1337
2112
1314
1338
2113
1315
1339
2114
1316
1340
2115
1317
1341
2116
1318
1342
2117
1319
1343
2118
1320
1344
2119
1321
1345
2120
1322
1346
2121
1323
1347
2122
1324
1348
2123
1349
2124
1326
1350
2125
1327
1351
2126
1328
1352
2127
1329
1353
2128
1330
1354
2129
1331
1355
2130
1332
1356
2131
1333
1357
2132
1334
1358
2133
1335
1359
2134
1336
1360
2135
1337
1361
2136
1338
1362
2137
1339
1363
2138
1340
1364
2139
1341
1365
2140
1342
1366
2141
1343
1367
2142
1344
1368
2143
1345
1369
2144
1346
1370
2145
1347
1371
2146
1348
1372
2147
1349
1373
2148
1374
2149
1351
1375
2150
1352
1376
2151
1353
1377
2152
1354
1378
2153
1355
1379
2154
1356
1380
2155
1357
1381
2156
1358
1382
2157
1359
1383
2158
1360
1384
2159
1361
1385
2160
1362
1386
2161
1363
1387
2162
1364
1388
2163
1365
1389
2164
1366
1390
2165
1367
1391
2166
1368
1392
2167
1369
1393
2168
1370
1394
2169
1371
1395
2170
1372
1396
2171
1373
1397
2172
1374
1398
2173
1399
2174
1376
1400
2175
1377
1401
2176
1378
1402
2177
1379
1403
2178
1380
1404
2179
1381
1405
2180
1382
1406
2181
1383
1407
2182
1384
1408
2183
1385
1409
2184
1386
1410
2185
1387
1411
2186
1388
1412
2187
1389
1413
2188
1390
1414
2189
1391
1415
2190
1392
1416
2191
1393
1417
2192
1394
1418
2193
1395
1419
2194
1396
1420
2195
1397
1421
2196
1398
1422
2197
1399
1423
2198
1424
2199
1401
1425
2200
1402
1426
2201
1403
1427
2202
1404
1428
2203
1405
1429
2204
1406
1430
2205
1407
1431
2206
1408
1432
2207
1409
1433
2208
1410
1434
2209
1411
1435
2210
1412
1436
2211
1413
1437
2212
1414
1438
2213
1415
1439
2214
1416
1440
2215
1417
1441
2216
1418
1442
2217
1419
1443
2218
1420
1444
2219
1421
1445
2220
1422
1446
2221
1423
1447
2222
1424
1448
2223
1449
2224
1426
1450
2225
1427
1451
2226
1428
1452
2227
1429
1453
2228
1430
1454
2229
1431
1455
2230
1432
1456
2231
1433
1457
2232
1434
1458
2233
1435
1459
2234
1436
1460
2235
1437
1461
2236
1438
1462
2237
1439
1463
2238
1440
1464
2239
1441
1465
2240
1442
1466
2241
1443
1467
2242
1444
1468
2243
1445
1469
2244
1446
1470
2245
1447
1471
2246
1448
1472
2247
1449
1473
2248
1474
2249
1451
1475
2250
1452
1476
2251
1453
1477
2252
1454
1478
2253
1455
1479
2254
1456
1480
2255
1457
1481
2256
1458
1482
2257
1459
1483
2258
1460
1484
2259
1461
1485
2260
1462
1486
2261
1463
1487
2262
1464
1488
2263
1465
1489
2264
1466
1490
2265
1467
1491
2266
1468
1492
2267
1469
1493
2268
1470
1494
2269
1471
1495
2270
1472
1496
2271
1473
1497
2272
1474
1498
2273
1499
2274
1476
1500
2275
1477
1501
2276
1478
1502
2277
1479
1503
2278
1480
1504
2279
1481
1505
2280
1482
1506
2281
1483
1507
2282
1484
1508
2283
1485
1509
2284
1486
1510
2285
1487
1511
2286
1488
1512
2287
1489
1513
2288
1490
1514
2289
1491
1515
2290
1492
1516
2291
1493
1517
2292
1494
1518
2293
1495
1519
2294
1496
1520
2295
1497
1521
2296
1498
1522
2297
1499
1523
2298
1524
2299
1501
1525
2300
1502
1526
2301
1503
1527
2302
1504
1528
2303
1505
1529
2304
1506
1530
2305
1507
1531
2306
1508
1532
2307
1509
1533
2308
1510
1534
2309
1511
1535
2310
1512
1536
2311
1513
1537
2312
1514
1538
2313
1515
1539
2314
1516
1540
2315
1517
1541
2316
1518
1542
2317
1519
1543
2318
1520
1544
2319
1521
1545
2320
1522
1546
2321
1523
1547
2322
1524
1548
2323
1549
2324
1526
1550
2325
1527
1551
2326
1528
1552
2327
1529
1553
2328
1530
1554
2329
1531
1555
2330
1532
1556
2331
1533
1557
2332
1534
1558
2333
1535
1559
2334
1536
1560
2335
1537
1561
2336
1538
1562
2337
1539
1563
2338
1540
1564
2339
1541
1565
2340
1542
1566
2341
1543
1567
2342
1544
1568
2343
1545
1569
2344
1546
1570
2345
1547
1571
2346
1548
1572
2347
1549
1573
2348
1574
2349
1551
1575
2350
1552
1576
2351
1553
1577
2352
1554
1578
2353
1555
1579
2354
1556
1580
2355
1557
1581
2356
1558
1582
2357
1559
1583
2358
1560
1584
2359
1561
1585
2360
1562
1586
2361
1563
1587
2362
1564
1588
2363
1565
1589
2364
1566
1590
2365
1567
1591
2366
1568
1592
2367
1569
1593
2368
1570
1594
2369
1571
1595
2370
1572
1596
2371
1573
1597
2372
1574
1598
2373
1599
2374
1576
2375
1577
2376
1578
2377
1579
2378
1580
2379
1581
2380
1582
2381
1583
2382
1584
2383
1585
2384
1586
2385
1587
2386
1588
2387
1589
2388
1590
2389
1591
2390
1592
2391
1593
2392
1594
2393
1595
2394
1596
2395
1597
2396
1598
2397
1599
2398
2399
1601
1625
2400
1602
1626
2401
1603
1627
2402
1604
1628
2403
1605
1629
2404
1606
1630
2405
1607
1631
2406
1608
1632
2407
1609
1633
2408
1610
1634
2409
1611
1635
2410
1612
1636
2411
1613
1637
2412
1614
1638
2413
1615
1639
2414
1616
1640
2415
1617
1641
2416
1618
1642
2417
1619
1643
2418
1620
1644
2419
1621
1645
2420
1622
1646
2421
1623
1647
2422
1624
1648
2423
1649
2424
1626
1650
2425
1627
1651
2426
1628
1652
2427
1629
1653
2428
1630
1654
2429
1631
1655
2430
1632
1656
2431
1633
1657
2432
1634
1658
2433
1635
1659
2434
1636
1660
2435
1637
1661
2436
1638
1662
2437
1639
1663
2438
1640
1664
2439
1641
1665
2440
1642
1666
2441
1643
1667
2442
1644
1668
2443
1645
1669
2444
1646
1670
2445
1647
1671
2446
1648
1672
2447
1649
1673
2448
1674
2449
1651
1675
2450
1652
1676
2451
1653
1677
2452
1654
1678
2453
1655
1679
2454
1656
1680
2455
1657
1681
2456
1658
1682
2457
1659
1683
2458
1660
1684
2459
1661
1685
2460
1662
1686
2461
1663
1687
2462
1664
1688
2463
1665
1689
2464
1666
1690
2465
1667
1691
2466
1668
1692
2467
1669
1693
2468
1670
1694
2469
1671
1695
2470
1672
1696
2471
1673
1697
2472
1674
1698
2473
1699
2474
1676
1700
2475
1677
1701
2476
1678
1702
2477
1679
1703
2478
1680
1704
2479
1681
1705
2480
1682
1706
2481
1683
1707
2482
1684
1708
2483
1685
1709
2484
1686
1710
2485
1687
1711
2486
1688
1712
2487
1689
1713
2488
1690
1714
2489
1691
1715
2490
1692
1716
2491
1693
1717
2492
1694
1718
2493
1695
1719
2494
1696
1720
2495
1697
1721
2496
1698
1722
2497
1699
1723
2498
1724
2499
1701
1725
2500
1702
1726
2501
1703
1727
2502
1704
1728
2503
1705
1729
2504
1706
1730
2505
1707
1731
2506
1708
1732
2507
1709
1733
2508
1710
1734
2509
1711
1735
2510
1712
1736
2511
1713
1737
2512
1714
1738
2513
1715
1739
2514
1716
1740
2515
1717
1741
2516
1718
1742
2517
1719
1743
2518
1720
1744
2519
1721
1745
2520
1722
1746
2521
1723
1747
2522
1724
1748
2523
1749
2524
1726
1750
2525
1727
1751
2526
1728
1752
2527
1729
1753
2528
1730
1754
2529
1731
1755
2530
1732
1756
2531
1733
1757
2532
1734
1758
2533
1735
1759
2534
1736
1760
2535
1737
1761
2536
1738
1762
2537
1739
1763
2538
1740
1764
2539
1741
1765
2540
1742
1766
2541
1743
1767
2542
1744
1768
2543
1745
1769
2544
1746
1770
2545
1747
1771
2546
1748
1772
2547
1749
1773
2548
1774
2549
1751
1775
2550
1752
1776
2551
1753
1777
2552
1754
1778
2553
1755
1779
2554
1756
1780
2555
1757
1781
2556
1758
1782
2557
1759
1783
2558
1760
1784
2559
1761
1785
2560
1762
1786
2561
1763
1787
2562
1764
1788
2563
1765
1789
2564
1766
1790
2565
1767
1791
2566
1768
1792
2567
1769
1793
2568
1770
1794
2569
1771
1795
2570
1772
1796
2571
1773
1797
2572
1774
1798
2573
1799
2574
1776
1800
2575
1777
1801
2576
1778
1802
2577
1779
1803
2578
1780
1804
2579
1781
1805
2580
1782
1806
2581
1783
1807
2582
1784
1808
2583
1785
1809
2584
1786
1810
2585
1787
1811
2586
1788
1812
2587
1789
1813
2588
1790
1814
2589
1791
1815
2590
1792
1816
2591
1793
1817
2592
1794
1818
2593
1795
1819
2594
1796
1820
2595
1797
1821
2596
1798
1822
2597
1799
1823
2598
1824
2599
1801
1825
2600
1802
1826
2601
1803
1827
2602
1804
1828
2603
1805
1829
2604
1806
1830
2605
1807
1831
2606
1808
1832
2607
1809
1833
2608
1810
1834
2609
1811
1835
2610
1812
1836
2611
1813
1837
2612
1814
1838
2613
1815
1839
2614
1816
1840
2615
1817
1841
2616
1818
1842
2617
1819
1843
2618
1820
1844
2619
1821
1845
2620
1822
1846
2621
1823
1847
2622
1824
1848
2623
1849
2624
1826
1850
2625
1827
1851
2626
1828
1852
2627
1829
1853
2628
1830
1854
2629
1831
1855
2630
1832
1856
2631
1833
1857
2632
1834
1858
2633
1835
1859
2634
1836
1860
2635
1837
1861
2636
1838
1862
2637
1839
1863
2638
1840
1864
2639
1841
1865
2640
1842
1866
2641
1843
1867
2642
1844
1868
2643
1845
1869
2644
1846
1870
2645
1847
1871
2646
1848
1872
2647
1849
1873
2648
1874
2649
1851
1875
2650
1852
1876
2651
1853
1877
2652
1854
1878
2653
1855
1879
2654
1856
1880
2655
1857
1881
2656
1858
1882
2657
1859
1883
2658
1860
1884
2659
1861
1885
2660
1862
1886
2661
1863
1887
2662
1864
1888
2663
1865
1889
2664
1866
1890
2665
1867
1891
2666
1868
1892
2667
1869
1893
2668
1870
1894
2669
1871
1895
2670
1872
1896
2671
1873
1897
2672
1874
1898
2673
1899
2674
1876
1900
2675
1877
1901
2676
1878
1902
2677
1879
1903
2678
1880
1904
2679
1881
1905
2680
1882
1906
2681
1883
1907
2682
1884
1908
2683
1885
1909
2684
1886
1910
2685
1887
1911
2686
1888
1912
2687
1889
1913
2688
1890
1914
2689
1891
1915
2690
1892
1916
2691
1893
1917
2692
1894
1918
2693
1895
1919
2694
1896
1920
2695
1897
1921
2696
1898
1922
2697
1899
1923
2698
1924
2699
1901
1925
2700
1902
1926
2701
1903
1927
2702
1904
1928
2703
1905
1929
2704
1906
1930
2705
1907
1931
2706
1908
1932
2707
1909
1933
2708
1910
1934
2709
1911
1935
2710
1912
1936
2711
1913
1937
2712
1914
1938
2713
1915
1939
2714
1916
1940
2715
1917
1941
2716
1918
1942
2717
1919
1943
2718
1920
1944
2719
1921
1945
2720
1922
1946
2721
1923
1947
2722
1924
1948
2723
1949
2724
1926
1950
2725
1927
1951
2726
1928
1952
2727
1929
1953
2728
1930
1954
2729
1931
1955
2730
1932
1956
2731
1933
1957
2732
1934
1958
2733
1935
1959
2734
1936
1960
2735
1937
1961
2736
1938
1962
2737
1939
1963
2738
1940
1964
2739
1941
1965
2740
1942
1966
2741
1943
1967
2742
1944
1968
2743
1945
1969
2744
1946
1970
2745
1947
1971
2746
1948
1972
2747
1949
1973
2748
1974
2749
1951
1975
2750
1952
1976
2751
1953
1977
2752
1954
1978
2753
1955
1979
2754
1956
1980
2755
1957
1981
2756
1958
1982
2757
1959
1983
2758
1960
1984
2759
1961
1985
2760
1962
1986
2761
1963
1987
2762
1964
1988
2763
1965
1989
2764
1966
1990
2765
1967
1991
2766
1968
1992
2767
1969
1993
2768
1970
1994
2769
1971
1995
2770
1972
1996
2771
1973
1997
2772
1974
1998
2773
1999
2774
1976
2000
2775
1977
2001
2776
1978
2002
2777
1979
2003
2778
1980
2004
2779
1981
2005
2780
1982
2006
2781
1983
2007
2782
1984
2008
2783
1985
2009
2784
1986
2010
2785
1987
2011
2786
1988
2012
2787
1989
2013
2788
1990
2014
2789
1991
2015
2790
1992
2016
2791
1993
2017
2792
1994
2018
2793
1995
2019
2794
1996
2020
2795
1997
2021
2796
1998
2022
2797
1999
2023
2798
2024
2799
2001
2025
2800
2002
2026
2801
2003
2027
2802
2004
2028
2803
2005
2029
2804
2006
2030
2805
2007
2031
2806
2008
2032
2807
2009
2033
2808
2010
2034
2809
2011
2035
2810
2012
2036
2811
2013
2037
2812
2014
2038
2813
2015
2039
2814
2016
2040
2815
2017
2041
2816
2018
2042
2817
2019
2043
2818
2020
2044
2819
2021
2045
2820
2022
2046
2821
2023
2047
2822
2024
2048
2823
2049
2824
2026
2050
2825
2027
2051
2826
2028
2052
2827
2029
2053
2828
2030
2054
2829
2031
2055
2830
2032
2056
2831
2033
2057
2832
2034
2058
2833
2035
2059
2834
2036
2060
2835
2037
2061
2836
2038
2062
2837
2039
2063
2838
2040
2064
2839
2041
2065
2840
2042
2066
2841
2043
2067
2842
2044
2068
2843
2045
2069
2844
2046
2070
2845
2047
2071
2846
2048
2072
2847
2049
2073
2848
2074
2849
2051
2075
2850
2052
2076
2851
2053
2077
2852
2054
2078
2853
2055
2079
2854
2056
2080
2855
2057
2081
2856
2058
2082
2857
2059
2083
2858
2060
2084
2859
2061
2085
2860
2062
2086
2861
2063
2087
2862
2064
2088
2863
2065
2089
2864
2066
2090
2865
2067
2091
2866
2068
2092
2867
2069
2093
2868
2070
2094
2869
2071
2095
2870
2072
2096
2871
2073
2097
2872
2074
2098
2873
2099
2874
2076
2100
2875
2077
2101
2876
2078
2102
2877
2079
2103
2878
2080
2104
2879
2081
2105
2880
2082
2106
2881
2083
2107
2882
2084
2108
2883
2085
2109
2884
2086
2110
2885
2087
2111
2886
2088
2112
2887
2089
2113
2888
2090
2114
2889
2091
2115
2890
2092
2116
2891
2093
2117
2892
2094
2118
2893
2095
2119
2894
2096
2120
2895
2097
2121
2896
2098
2122
2897
2099
2123
2898
2124
2899
2101
2125
2900
2102
2126
2901
2103
2127
2902
2104
2128
2903
2105
2129
2904
2106
2130
2905
2107
2131
2906
2108
2132
2907
2109
2133
2908
2110
2134
2909
2111
2135
2910
2112
2136
2911
2113
2137
2912
2114
2138
2913
2115
2139
2914
2116
2140
2915
2117
2141
2916
2118
2142
2917
2119
2143
2918
2120
2144
2919
2121
2145
2920
2122
2146
2921
2123
2147
2922
2124
2148
2923
2149
2924
2126
2150
2925
2127
2151
2926
2128
2152
2927
2129
2153
2928
2130
2154
2929
2131
2155
2930
2132
2156
2931
2133
2157
2932
2134
2158
2933
2135
2159
2934
2136
2160
2935
2137
2161
2936
2138
2162
2937
2139
2163
2938
2140
2164
2939
2141
2165
2940
2142
2166
2941
2143
2167
2942
2144
2168
2943
2145
2169
2944
2146
2170
2945
2147
2171
2946
2148
2172
2947
2149
2173
2948
2174
2949
2151
2175
2950
2152
2176
2951
2153
2177
2952
2154
2178
2953
2155
2179
2954
2156
2180
2955
2157
2181
2956
2158
2182
2957
2159
2183
2958
2160
2184
2959
2161
2185
2960
2162
2186
2961
2163
2187
2962
2164
2188
2963
2165
2189
2964
2166
2190
2965
2167
2191
2966
2168
2192
2967
2169
2193
2968
2170
2194
2969
2171
2195
2970
2172
2196
2971
2173
2197
2972
2174
2198
2973
2199
2974
2176
2200
2975
2177
2201
2976
2178
2202
2977
2179
2203
2978
2180
2204
2979
2181
2205
2980
2182
2206
2981
2183
2207
2982
2184
2208
2983
2185
2209
2984
2186
2210
2985
2187
2211
2986
2188
2212
2987
2189
2213
2988
2190
2214
2989
2191
2215
2990
2192
2216
2991
2193
2217
2992
2194
2218
2993
2195
2219
2994
2196
2220
2995
2197
2221
2996
2198
2222
2997
2199
2223
2998
2224
2999
2201
2225
3000
2202
2226
3001
2203
2227
3002
2204
2228
3003
2205
2229
3004
2206
2230
3005
2207
2231
3006
2208
2232
3007
2209
2233
3008
2210
2234
3009
2211
2235
3010
2212
2236
3011
2213
2237
3012
2214
2238
3013
2215
2239
3014
2216
2240
3015
2217
2241
3016
2218
2242
3017
2219
2243
3018
2220
2244
3019
2221
2245
3020
2222
2246
3021
2223
2247
3022
2224
2248
3023
2249
3024
2226
2250
3025
2227
2251
3026
2228
2252
3027
2229
2253
3028
2230
2254
3029
2231
2255
3030
2232
2256
3031
2233
2257
3032
2234
2258
3033
2235
2259
3034
2236
2260
3035
2237
2261
3036
2238
2262
3037
2239
2263
3038
2240
2264
3039
2241
2265
3040
2242
2266
3041
2243
2267
3042
2244
2268
3043
2245
2269
3044
2246
2270
3045
2247
2271
3046
2248
2272
3047
2249
2273
3048
2274
3049
2251
2275
3050
2252
2276
3051
2253
2277
3052
2254
2278
3053
2255
2279
3054
2256
2280
3055
2257
2281
3056
2258
2282
3057
2259
2283
3058
2260
2284
3059
2261
2285
3060
2262
2286
3061
2263
2287
3062
2264
2288
3063
2265
2289
3064
2266
2290
3065
2267
2291
3066
2268
2292
3067
2269
2293
3068
2270
2294
3069
2271
2295
3070
2272
2296
3071
2273
2297
3072
2274
2298
3073
2299
3074
2276
2300
3075
2277
2301
3076
2278
2302
3077
2279
2303
3078
2280
2304
3079
2281
2305
3080
2282
2306
3081
2283
2307
3082
2284
2308
3083
2285
2309
3084
2286
2310
3085
2287
2311
3086
2288
2312
3087
2289
2313
3088
2290
2314
3089
2291
2315
3090
2292
2316
3091
2293
2317
3092
2294
2318
3093
2295
2319
3094
2296
2320
3095
2297
2321
3096
2298
2322
3097
2299
2323
3098
2324
3099
2301
2325
3100
2302
2326
3101
2303
2327
3102
2304
2328
3103
2305
2329
3104
2306
2330
3105
2307
2331
3106
2308
2332
3107
2309
2333
3108
2310
2334
3109
2311
2335
3110
2312
2336
3111
2313
2337
3112
2314
2338
3113
2315
2339
3114
2316
2340
3115
2317
2341
3116
2318
2342
3117
2319
2343
3118
2320
2344
3119
2321
2345
3120
2322
2346
3121
2323
2347
3122
2324
2348
3123
2349
3124
2326
2350
3125
2327
2351
3126
2328
2352
3127
2329
2353
3128
2330
2354
3129
2331
2355
3130
2332
2356
3131
2333
2357
3132
2334
2358
3133
2335
2359
3134
2336
2360
3135
2337
2361
3136
2338
2362
3137
2339
2363
3138
2340
2364
3139
2341
2365
3140
2342
2366
3141
2343
2367
3142
2344
2368
3143
2345
2369
3144
2346
2370
3145
2347
2371
3146
2348
2372
3147
2349
2373
3148
2374
3149
2351
2375
3150
2352
2376
3151
2353
2377
3152
2354
2378
3153
2355
2379
3154
2356
2380
3155
2357
2381
3156
2358
2382
3157
2359
2383
3158
2360
2384
3159
2361
2385
3160
2362
2386
3161
2363
2387
3162
2364
2388
3163
2365
2389
3164
2366
2390
3165
2367
2391
3166
2368
2392
3167
2369
2393
3168
2370
2394
3169
2371
2395
3170
2372
2396
3171
2373
2397
3172
2374
2398
3173
2399
3174
2376
3175
2377
3176
2378
3177
2379
3178
2380
3179
2381
3180
2382
3181
2383
3182
2384
3183
2385
3184
2386
3185
2387
3186
2388
3187
2389
3188
2390
3189
2391
3190
2392
3191
2393
3192
2394
3193
2395
3194
2396
3195
2397
3196
2398
3197
2399
3198
3199
2401
2425
3200
2402
2426
3201
2403
2427
3202
2404
2428
3203
2405
2429
3204
2406
2430
3205
2407
2431
3206
2408
2432
3207
2409
2433
3208
2410
2434
3209
2411
2435
3210
2412
2436
3211
2413
2437
3212
2414
2438
3213
2415
2439
3214
2416
2440
3215
2417
2441
3216
2418
2442
3217
2419
2443
3218
2420
2444
3219
2421
2445
3220
2422
2446
3221
2423
2447
3222
2424
2448
3223
2449
3224
2426
2450
3225
2427
2451
3226
2428
2452
3227
2429
2453
3228
2430
2454
3229
2431
2455
3230
2432
2456
3231
2433
2457
3232
2434
2458
3233
2435
2459
3234
2436
2460
3235
2437
2461
3236
2438
2462
3237
2439
2463
3238
2440
2464
3239
2441
2465
3240
2442
2466
3241
2443
2467
3242
2444
2468
3243
2445
2469
3244
2446
2470
3245
2447
2471
3246
2448
2472
3247
2449
2473
3248
2474
3249
2451
2475
3250
2452
2476
3251
2453
2477
3252
2454
2478
3253
2455
2479
3254
2456
2480
3255
2457
2481
3256
2458
2482
3257
2459
2483
3258
2460
2484
3259
2461
2485
3260
2462
2486
3261
2463
2487
3262
2464
2488
3263
2465
2489
3264
2466
2490
3265
2467
2491
3266
2468
2492
3267
2469
2493
3268
2470
2494
3269
2471
2495
3270
2472
2496
3271
2473
2497
3272
2474
2498
3273
2499
3274
2476
2500
3275
2477
2501
3276
2478
2502
3277
2479
2503
3278
2480
2504
3279
2481
2505
3280
2482
2506
3281
2483
2507
3282
2484
2508
3283
2485
2509
3284
2486
2510
3285
2487
2511
3286
2488
2512
3287
2489
2513
3288
2490
2514
3289
2491
2515
3290
2492
2516
3291
2493
2517
3292
2494
2518
3293
2495
2519
3294
2496
2520
3295
2497
2521
3296
2498
2522
3297
2499
2523
3298
2524
3299
2501
2525
3300
2502
2526
3301
2503
2527
3302
2504
2528
3303
2505
2529
3304
2506
2530
3305
2507
2531
3306
2508
2532
3307
2509
2533
3308
2510
2534
3309
2511
2535
3310
2512
2536
3311
2513
2537
3312
2514
2538
3313
2515
2539
3314
2516
2540
3315
2517
2541
3316
2518
2542
3317
2519
2543
3318
2520
2544
3319
2521
2545
3320
2522
2546
3321
2523
2547
3322
2524
2548
3323
2549
3324
2526
2550
3325
2527
2551
3326
2528
2552
3327
2529
2553
3328
2530
2554
3329
2531
2555
3330
2532
2556
3331
2533
2557
3332
2534
2558
3333
2535
2559
3334
2536
2560
3335
2537
2561
3336
2538
2562
3337
2539
2563
3338
2540
2564
3339
2541
2565
3340
2542
2566
3341
2543
2567
3342
2544
2568
3343
2545
2569
3344
2546
2570
3345
2547
2571
3346
2548
2572
3347
2549
2573
3348
2574
3349
2551
2575
3350
2552
2576
3351
2553
2577
3352
2554
2578
3353
2555
2579
3354
2556
2580
3355
2557
2581
3356
2558
2582
3357
2559
2583
3358
2560
2584
3359
2561
2585
3360
2562
2586
3361
2563
2587
3362
2564
2588
3363
2565
2589
3364
2566
2590
3365
2567
2591
3366
2568
2592
3367
2569
2593
3368
2570
2594
3369
2571
2595
3370
2572
2596
3371
2573
2597
3372
2574
2598
3373
2599
3374
2576
2600
3375
2577
2601
3376
2578
2602
3377
2579
2603
3378
2580
2604
3379
2581
2605
3380
2582
2606
3381
2583
2607
3382
2584
2608
3383
2585
2609
3384
2586
2610
3385
2587
2611
3386
2588
2612
3387
2589
2613
3388
2590
2614
3389
2591
2615
3390
2592
2616
3391
2593
2617
3392
2594
2618
3393
2595
2619
3394
2596
2620
3395
2597
2621
3396
2598
2622
3397
2599
2623
3398
2624
3399
2601
2625
3400
2602
2626
3401
2603
2627
3402
2604
2628
3403
2605
2629
3404
2606
2630
3405
2607
2631
3406
2608
2632
3407
2609
2633
3408
2610
2634
3409
2611
2635
3410
2612
2636
3411
2613
2637
3412
2614
2638
3413
2615
2639
3414
2616
2640
3415
2617
2641
3416
2618
2642
3417
2619
2643
3418
2620
2644
3419
2621
2645
3420
2622
2646
3421
2623
2647
3422
2624
2648
3423
2649
3424
2626
2650
3425
2627
2651
3426
2628
2652
3427
2629
2653
3428
2630
2654
3429
2631
2655
3430
2632
2656
3431
2633
2657
3432
2634
2658
3433
2635
2659
3434
2636
2660
3435
2637
2661
3436
2638
2662
3437
2639
2663
3438
2640
2664
3439
2641
2665
3440
2642
2666
3441
2643
2667
3442
2644
2668
3443
2645
2669
3444
2646
2670
3445
2647
2671
3446
2648
2672
3447
2649
2673
3448
2674
3449
2651
2675
3450
2652
2676
3451
2653
2677
3452
2654
2678
3453
2655
2679
3454
2656
2680
3455
2657
2681
3456
2658
2682
3457
2659
2683
3458
2660
2684
3459
2661
2685
3460
2662
2686
3461
2663
2687
3462
2664
2688
3463
2665
2689
3464
2666
2690
3465
2667
2691
3466
2668
2692
3467
2669
2693
3468
2670
2694
3469
2671
2695
3470
2672
2696
3471
2673
2697
3472
2674
2698
3473
2699
3474
2676
2700
3475
2677
2701
3476
2678
2702
3477
2679
2703
3478
2680
2704
3479
2681
2705
3480
2682
2706
3481
2683
2707
3482
2684
2708
3483
2685
2709
3484
2686
2710
3485
2687
2711
3486
2688
2712
3487
2689
2713
3488
2690
2714
3489
2691
2715
3490
2692
2716
3491
2693
2717
3492
2694
2718
3493
2695
2719
3494
2696
2720
3495
2697
2721
3496
2698
2722
3497
2699
2723
3498
2724
3499
2701
2725
3500
2702
2726
3501
2703
2727
3502
2704
2728
3503
2705
2729
3504
2706
2730
3505
2707
2731
3506
2708
2732
3507
2709
2733
3508
2710
2734
3509
2711
2735
3510
2712
2736
3511
2713
2737
3512
2714
2738
3513
2715
2739
3514
2716
2740
3515
2717
2741
3516
2718
2742
3517
2719
2743
3518
2720
2744
3519
2721
2745
3520
2722
2746
3521
2723
2747
3522
2724
2748
3523
2749
3524
2726
2750
3525
2727
2751
3526
2728
2752
3527
2729
2753
3528
2730
2754
3529
2731
2755
3530
2732
2756
3531
2733
2757
3532
2734
2758
3533
2735
2759
3534
2736
2760
3535
2737
2761
3536
2738
2762
3537
2739
2763
3538
2740
2764
3539
2741
2765
3540
2742
2766
3541
2743
2767
3542
2744
2768
3543
2745
2769
3544
2746
2770
3545
2747
2771
3546
2748
2772
3547
2749
2773
3548
2774
3549
2751
2775
3550
2752
2776
3551
2753
2777
3552
2754
2778
3553
2755
2779
3554
2756
2780
3555
2757
2781
3556
2758
2782
3557
2759
2783
3558
2760
2784
3559
2761
2785
3560
2762
2786
3561
2763
2787
3562
2764
2788
3563
2765
2789
3564
2766
2790
3565
2767
2791
3566
2768
2792
3567
2769
2793
3568
2770
2794
3569
2771
2795
3570
2772
2796
3571
2773
2797
3572
2774
2798
3573
2799
3574
2776
2800
3575
2777
2801
3576
2778
2802
3577
2779
2803
3578
2780
2804
3579
2781
2805
3580
2782
2806
3581
2783
2807
3582
2784
2808
3583
2785
2809
3584
2786
2810
3585
2787
2811
3586
2788
2812
3587
2789
2813
3588
2790
2814
3589
2791
2815
3590
2792
2816
3591
2793
2817
3592
2794
2818
3593
2795
2819
3594
2796
2820
3595
2797
2821
3596
2798
2822
3597
2799
2823
3598
2824
3599
2801
2825
3600
2802
2826
3601
2803
2827
3602
2804
2828
3603
2805
2829
3604
2806
2830
3605
2807
2831
3606
2808
2832
3607
2809
2833
3608
2810
2834
3609
2811
2835
3610
2812
2836
3611
2813
2837
3612
2814
2838
3613
2815
2839
3614
2816
2840
3615
2817
2841
3616
2818
2842
3617
2819
2843
3618
2820
2844
3619
2821
2845
3620
2822
2846
3621
2823
2847
3622
2824
2848
3623
2849
3624
2826
2850
3625
2827
2851
3626
2828
2852
3627
2829
2853
3628
2830
2854
3629
2831
2855
3630
2832
2856
3631
2833
2857
3632
2834
2858
3633
2835
2859
3634
2836
2860
3635
2837
2861
3636
2838
2862
3637
2839
2863
3638
2840
2864
3639
2841
2865
3640
2842
2866
3641
2843
2867
3642
2844
2868
3643
2845
2869
3644
2846
2870
3645
2847
2871
3646
2848
2872
3647
2849
2873
3648
2874
3649
2851
2875
3650
2852
2876
3651
2853
2877
3652
2854
2878
3653
2855
2879
3654
2856
2880
3655
2857
2881
3656
2858
2882
3657
2859
2883
3658
2860
2884
3659
2861
2885
3660
2862
2886
3661
2863
2887
3662
2864
2888
3663
2865
2889
3664
2866
2890
3665
2867
2891
3666
2868
2892
3667
2869
2893
3668
2870
2894
3669
2871
2895
3670
2872
2896
3671
2873
2897
3672
2874
2898
3673
2899
3674
2876
2900
3675
2877
2901
3676
2878
2902
3677
2879
2903
3678
2880
2904
3679
2881
2905
3680
2882
2906
3681
2883
2907
3682
2884
2908
3683
2885
2909
3684
2886
2910
3685
2887
2911
3686
2888
2912
3687
2889
2913
3688
2890
2914
3689
2891
2915
3690
2892
2916
3691
2893
2917
3692
2894
2918
3693
2895
2919
3694
2896
2920
3695
2897
2921
3696
2898
2922
3697
2899
2923
3698
2924
3699
2901
2925
3700
2902
2926
3701
2903
2927
3702
2904
2928
3703
2905
2929
3704
2906
2930
3705
2907
2931
3706
2908
2932
3707
2909
2933
3708
2910
2934
3709
2911
2935
3710
2912
2936
3711
2913
2937
3712
2914
2938
3713
2915
2939
3714
2916
2940
3715
2917
2941
3716
2918
2942
3717
2919
2943
3718
2920
2944
3719
2921
2945
3720
2922
2946
3721
2923
2947
3722
2924
2948
3723
2949
3724
2926
2950
3725
2927
2951
3726
2928
2952
3727
2929
2953
3728
2930
2954
3729
2931
2955
3730
2932
2956
3731
2933
2957
3732
2934
2958
3733
2935
2959
3734
2936
2960
3735
2937
2961
3736
2938
2962
3737
2939
2963
3738
2940
2964
3739
2941
2965
3740
2942
2966
3741
2943
2967
3742
2944
2968
3743
2945
2969
3744
2946
2970
3745
2947
2971
3746
2948
2972
3747
2949
2973
3748
2974
3749
2951
2975
3750
2952
2976
3751
2953
2977
3752
2954
2978
3753
2955
2979
3754
2956
2980
3755
2957
2981
3756
2958
2982
3757
2959
2983
3758
2960
2984
3759
2961
2985
3760
2962
2986
3761
2963
2987
3762
2964
2988
3763
2965
2989
3764
2966
2990
3765
2967
2991
3766
2968
2992
3767
2969
2993
3768
2970
2994
3769
2971
2995
3770
2972
2996
3771
2973
2997
3772
2974
2998
3773
2999
3774
2976
3000
3775
2977
3001
3776
2978
3002
3777
2979
3003
3778
2980
3004
3779
2981
3005
3780
2982
3006
3781
2983
3007
3782
2984
3008
3783
2985
3009
3784
2986
3010
3785
2987
3011
3786
2988
3012
3787
2989
3013
3788
2990
3014
3789
2991
3015
3790
2992
3016
3791
2993
3017
3792
2994
3018
3793
2995
3019
3794
2996
3020
3795
2997
3021
3796
2998
3022
3797
2999
3023
3798
3024
3799
3001
3025
3800
3002
3026
3801
3003
3027
3802
3004
3028
3803
3005
3029
3804
3006
3030
3805
3007
3031
3806
3008
3032
3807
3009
3033
3808
3010
3034
3809
3011
3035
3810
3012
3036
3811
3013
3037
3812
3014
3038
3813
3015
3039
3814
3016
3040
3815
3017
3041
3816
3018
3042
3817
3019
3043
3818
3020
3044
3819
3021
3045
3820
3022
3046
3821
3023
3047
3822
3024
3048
3823
3049
3824
3026
3050
3825
3027
3051
3826
3028
3052
3827
3029
3053
3828
3030
3054
3829
3031
3055
3830
3032
3056
3831
3033
3057
3832
3034
3058
3833
3035
3059
3834
3036
3060
3835
3037
3061
3836
3038
3062
3837
3039
3063
3838
3040
3064
3839
3041
3065
3840
3042
3066
3841
3043
3067
3842
3044
3068
3843
3045
3069
3844
3046
3070
3845
3047
3071
3846
3048
3072
3847
3049
3073
3848
3074
3849
3051
3075
3850
3052
3076
3851
3053
3077
3852
3054
3078
3853
3055
3079
3854
3056
3080
3855
3057
3081
3856
3058
3082
3857
3059
3083
3858
3060
3084
3859
3061
3085
3860
3062
3086
3861
3063
3087
3862
3064
3088
3863
3065
3089
3864
3066
3090
3865
3067
3091
3866
3068
3092
3867
3069
3093
3868
3070
3094
3869
3071
3095
3870
3072
3096
3871
3073
3097
3872
3074
3098
3873
3099
3874
3076
3100
3875
3077
3101
3876
3078
3102
3877
3079
3103
3878
3080
3104
3879
3081
3105
3880
3082
3106
3881
3083
3107
3882
3084
3108
3883
3085
3109
3884
3086
3110
3885
3087
3111
3886
3088
3112
3887
3089
3113
3888
3090
3114
3889
3091
3115
3890
3092
3116
3891
3093
3117
3892
3094
3118
3893
3095
3119
3894
3096
3120
3895
3097
3121
3896
3098
3122
3897
3099
3123
3898
3124
3899
3101
3125
3900
3102
3126
3901
3103
3127
3902
3104
3128
3903
3105
3129
3904
3106
3130
3905
3107
3131
3906
3108
3132
3907
3109
3133
3908
3110
3134
3909
3111
3135
3910
3112
3136
3911
3113
3137
3912
3114
3138
3913
3115
3139
3914
3116
3140
3915
3117
3141
3916
3118
3142
3917
3119
3143
3918
3120
3144
3919
3121
3145
3920
3122
3146
3921
3123
3147
3922
3124
3148
3923
3149
3924
3126
3150
3925
3127
3151
3926
3128
3152
3927
3129
3153
3928
3130
3154
3929
3131
3155
3930
3132
3156
3931
3133
3157
3932
3134
3158
3933
3135
3159
3934
3136
3160
3935
3137
3161
3936
3138
3162
3937
3139
3163
3938
3140
3164
3939
3141
3165
3940
3142
3166
3941
3143
3167
3942
3144
3168
3943
3145
3169
3944
3146
3170
3945
3147
3171
3946
3148
3172
3947
3149
3173
3948
3174
3949
3151
3175
3950
3152
3176
3951
3153
3177
3952
3154
3178
3953
3155
3179
3954
3156
3180
3955
3157
3181
3956
3158
3182
3957
3159
3183
3958
3160
3184
3959
3161
3185
3960
3162
3186
3961
3163
3187
3962
3164
3188
3963
3165
3189
3964
3166
3190
3965
3167
3191
3966
3168
3192
3967
3169
3193
3968
3170
3194
3969
3171
3195
3970
3172
3196
3971
3173
3197
3972
3174
3198
3973
3199
3974
3176
3975
3177
3976
3178
3977
3179
3978
3180
3979
3181
3980
3182
3981
3183
3982
3184
3983
3185
3984
3186
3985
3187
3986
3188
3987
3189
3988
3190
3989
3191
3990
3192
3991
3193
3992
3194
3993
3195
3994
3196
3995
3197
3996
3198
3997
3199
3998
3999
3201
3225
4000
3202
3226
4001
3203
3227
4002
3204
3228
4003
3205
3229
4004
3206
3230
4005
3207
3231
4006
3208
3232
4007
3209
3233
4008
3210
3234
4009
3211
3235
4010
3212
3236
4011
3213
3237
4012
3214
3238
4013
3215
3239
4014
3216
3240
4015
3217
3241
4016
3218
3242
4017
3219
3243
4018
3220
3244
4019
3221
3245
4020
3222
3246
4021
3223
3247
4022
3224
3248
4023
3249
4024
3226
3250
4025
3227
3251
4026
3228
3252
4027
3229
3253
4028
3230
3254
4029
3231
3255
4030
3232
3256
4031
3233
3257
4032
3234
3258
4033
3235
3259
4034
3236
3260
4035
3237
3261
4036
3238
3262
4037
3239
3263
4038
3240
3264
4039
3241
3265
4040
3242
3266
4041
3243
3267
4042
3244
3268
4043
3245
3269
4044
3246
3270
4045
3247
3271
4046
3248
3272
4047
3249
3273
4048
3274
4049
3251
3275
4050
3252
3276
4051
3253
3277
4052
3254
3278
4053
3255
3279
4054
3256
3280
4055
3257
3281
4056
3258
3282
4057
3259
3283
4058
3260
3284
4059
3261
3285
4060
3262
3286
4061
3263
3287
4062
3264
3288
4063
3265
3289
4064
3266
3290
4065
3267
3291
4066
3268
3292
4067
3269
3293
4068
3270
3294
4069
3271
3295
4070
3272
3296
4071
3273
3297
4072
3274
3298
4073
3299
4074
3276
3300
4075
3277
3301
4076
3278
3302
4077
3279
3303
4078
3280
3304
4079
3281
3305
4080
3282
3306
4081
3283
3307
4082
3284
3308
4083
3285
3309
4084
3286
3310
4085
3287
3311
4086
3288
3312
4087
3289
3313
4088
3290
3314
4089
3291
3315
4090
3292
3316
4091
3293
3317
4092
3294
3318
4093
3295
3319
4094
3296
3320
4095
3297
3321
4096
3298
3322
4097
3299
3323
4098
3324
4099
3301
3325
4100
3302
3326
4101
3303
3327
4102
3304
3328
4103
3305
3329
4104
3306
3330
4105
3307
3331
4106
3308
3332
4107
3309
3333
4108
3310
3334
4109
3311
3335
4110
3312
3336
4111
3313
3337
4112
3314
3338
4113
3315
3339
4114
3316
3340
4115
3317
3341
4116
3318
3342
4117
3319
3343
4118
3320
3344
4119
3321
3345
4120
3322
3346
4121
3323
3347
4122
3324
3348
4123
3349
4124
3326
3350
4125
3327
3351
4126
3328
3352
4127
3329
3353
4128
3330
3354
4129
3331
3355
4130
3332
3356
4131
3333
3357
4132
3334
3358
4133
3335
3359
4134
3336
3360
4135
3337
3361
4136
3338
3362
4137
3339
3363
4138
3340
3364
4139
3341
3365
4140
3342
3366
4141
3343
3367
4142
3344
3368
4143
3345
3369
4144
3346
3370
4145
3347
3371
4146
3348
3372
4147
3349
3373
4148
3374
4149
3351
3375
4150
3352
3376
4151
3353
3377
4152
3354
3378
4153
3355
3379
4154
3356
3380
4155
3357
3381
4156
3358
3382
4157
3359
3383
4158
3360
3384
4159
3361
3385
4160
3362
3386
4161
3363
3387
4162
3364
3388
4163
3365
3389
4164
3366
3390
4165
3367
3391
4166
3368
3392
4167
3369
3393
4168
3370
3394
4169
3371
3395
4170
3372
3396
4171
3373
3397
4172
3374
3398
4173
3399
4174
3376
3400
4175
3377
3401
4176
3378
3402
4177
3379
3403
4178
3380
3404
4179
3381
3405
4180
3382
3406
4181
3383
3407
4182
3384
3408
4183
3385
3409
4184
3386
3410
4185
3387
3411
4186
3388
3412
4187
3389
3413
4188
3390
3414
4189
3391
3415
4190
3392
3416
4191
3393
3417
4192
3394
3418
4193
3395
3419
4194
3396
3420
4195
3397
3421
4196
3398
3422
4197
3399
3423
4198
3424
4199
3401
3425
4200
3402
3426
4201
3403
3427
4202
3404
3428
4203
3405
3429
4204
3406
3430
4205
3407
3431
4206
3408
3432
4207
3409
3433
4208
3410
3434
4209
3411
3435
4210
3412
3436
4211
3413
3437
4212
3414
3438
4213
3415
3439
4214
3416
3440
4215
3417
3441
4216
3418
3442
4217
3419
3443
4218
3420
3444
4219
3421
3445
4220
3422
3446
4221
3423
3447
4222
3424
3448
4223
3449
4224
3426
3450
4225
3427
3451
4226
3428
3452
4227
3429
3453
4228
3430
3454
4229
3431
3455
4230
3432
3456
4231
3433
3457
4232
3434
3458
4233
3435
3459
4234
3436
3460
4235
3437
3461
4236
3438
3462
4237
3439
3463
4238
3440
3464
4239
3441
3465
4240
3442
3466
4241
3443
3467
4242
3444
3468
4243
3445
3469
4244
3446
3470
4245
3447
3471
4246
3448
3472
4247
3449
3473
4248
3474
4249
3451
3475
4250
3452
3476
4251
3453
3477
4252
3454
3478
4253
3455
3479
4254
3456
3480
4255
3457
3481
4256
3458
3482
4257
3459
3483
4258
3460
3484
4259
3461
3485
4260
3462
3486
4261
3463
3487
4262
3464
3488
4263
3465
3489
4264
3466
3490
4265
3467
3491
4266
3468
3492
4267
3469
3493
4268
3470
3494
4269
3471
3495
4270
3472
3496
4271
3473
3497
4272
3474
3498
4273
3499
4274
3476
3500
4275
3477
3501
4276
3478
3502
4277
3479
3503
4278
3480
3504
4279
3481
3505
4280
3482
3506
4281
3483
3507
4282
3484
3508
4283
3485
3509
4284
3486
3510
4285
3487
3511
4286
3488
3512
4287
3489
3513
4288
3490
3514
4289
3491
3515
4290
3492
3516
4291
3493
3517
4292
3494
3518
4293
3495
3519
4294
3496
3520
4295
3497
3521
4296
3498
3522
4297
3499
3523
4298
3524
4299
3501
3525
4300
3502
3526
4301
3503
3527
4302
3504
3528
4303
3505
3529
4304
3506
3530
4305
3507
3531
4306
3508
3532
4307
3509
3533
4308
3510
3534
4309
3511
3535
4310
3512
3536
4311
3513
3537
4312
3514
3538
4313
3515
3539
4314
3516
3540
4315
3517
3541
4316
3518
3542
4317
3519
3543
4318
3520
3544
4319
3521
3545
4320
3522
3546
4321
3523
3547
4322
3524
3548
4323
3549
4324
3526
3550
4325
3527
3551
4326
3528
3552
4327
3529
3553
4328
3530
3554
4329
3531
3555
4330
3532
3556
4331
3533
3557
4332
3534
3558
4333
3535
3559
4334
3536
3560
4335
3537
3561
4336
3538
3562
4337
3539
3563
4338
3540
3564
4339
3541
3565
4340
3542
3566
4341
3543
3567
4342
3544
3568
4343
3545
3569
4344
3546
3570
4345
3547
3571
4346
3548
3572
4347
3549
3573
4348
3574
4349
3551
3575
4350
3552
3576
4351
3553
3577
4352
3554
3578
4353
3555
3579
4354
3556
3580
4355
3557
3581
4356
3558
3582
4357
3559
3583
4358
3560
3584
4359
3561
3585
4360
3562
3586
4361
3563
3587
4362
3564
3588
4363
3565
3589
4364
3566
3590
4365
3567
3591
4366
3568
3592
4367
3569
3593
4368
3570
3594
4369
3571
3595
4370
3572
3596
4371
3573
3597
4372
3574
3598
4373
3599
4374
3576
3600
4375
3577
3601
4376
3578
3602
4377
3579
3603
4378
3580
3604
4379
3581
3605
4380
3582
3606
4381
3583
3607
4382
3584
3608
4383
3585
3609
4384
3586
3610
4385
3587
3611
4386
3588
3612
4387
3589
3613
4388
3590
3614
4389
3591
3615
4390
3592
3616
4391
3593
3617
4392
3594
3618
4393
3595
3619
4394
3596
3620
4395
3597
3621
4396
3598
3622
4397
3599
3623
4398
3624
4399
3601
3625
4400
3602
3626
4401
3603
3627
4402
3604
3628
4403
3605
3629
4404
3606
3630
4405
3607
3631
4406
3608
3632
4407
3609
3633
4408
3610
3634
4409
3611
3635
4410
3612
3636
4411
3613
3637
4412
3614
3638
4413
3615
3639
4414
3616
3640
4415
3617
3641
4416
3618
3642
4417
3619
3643
4418
3620
3644
4419
3621
3645
4420
3622
3646
4421
3623
3647
4422
3624
3648
4423
3649
4424
3626
3650
4425
3627
3651
4426
3628
3652
4427
3629
3653
4428
3630
3654
4429
3631
3655
4430
3632
3656
4431
3633
3657
4432
3634
3658
4433
3635
3659
4434
3636
3660
4435
3637
3661
4436
3638
3662
4437
3639
3663
4438
3640
3664
4439
3641
3665
4440
3642
3666
4441
3643
3667
4442
3644
3668
4443
3645
3669
4444
3646
3670
4445
3647
3671
4446
3648
3672
4447
3649
3673
4448
3674
4449
3651
3675
4450
3652
3676
4451
3653
3677
4452
3654
3678
4453
3655
3679
4454
3656
3680
4455
3657
3681
4456
3658
3682
4457
3659
3683
4458
3660
3684
4459
3661
3685
4460
3662
3686
4461
3663
3687
4462
3664
3688
4463
3665
3689
4464
3666
3690
4465
3667
3691
4466
3668
3692
4467
3669
3693
4468
3670
3694
4469
3671
3695
4470
3672
3696
4471
3673
3697
4472
3674
3698
4473
3699
4474
3676
3700
4475
3677
3701
4476
3678
3702
4477
3679
3703
4478
3680
3704
4479
3681
3705
4480
3682
3706
4481
3683
3707
4482
3684
3708
4483
3685
3709
4484
3686
3710
4485
3687
3711
4486
3688
3712
4487
3689
3713
4488
3690
3714
4489
3691
3715
4490
3692
3716
4491
3693
3717
4492
3694
3718
4493
3695
3719
4494
3696
3720
4495
3697
3721
4496
3698
3722
4497
3699
3723
4498
3724
4499
3701
3725
4500
3702
3726
4501
3703
3727
4502
3704
3728
4503
3705
3729
4504
3706
3730
4505
3707
3731
4506
3708
3732
4507
3709
3733
4508
3710
3734
4509
3711
3735
4510
3712
3736
4511
3713
3737
4512
3714
3738
4513
3715
3739
4514
3716
3740
4515
3717
3741
4516
3718
3742
4517
3719
3743
4518
3720
3744
4519
3721
3745
4520
3722
3746
4521
3723
3747
4522
3724
3748
4523
3749
4524
3726
3750
4525
3727
3751
4526
3728
3752
4527
3729
3753
4528
3730
3754
4529
3731
3755
4530
3732
3756
4531
3733
3757
4532
3734
3758
4533
3735
3759
4534
3736
3760
4535
3737
3761
4536
3738
3762
4537
3739
3763
4538
3740
3764
4539
3741
3765
4540
3742
3766
4541
3743
3767
4542
3744
3768
4543
3745
3769
4544
3746
3770
4545
3747
3771
4546
3748
3772
4547
3749
3773
4548
3774
4549
3751
3775
4550
3752
3776
4551
3753
3777
4552
3754
3778
4553
3755
3779
4554
3756
3780
4555
3757
3781
4556
3758
3782
4557
3759
3783
4558
3760
3784
4559
3761
3785
4560
3762
3786
4561
3763
3787
4562
3764
3788
4563
3765
3789
4564
3766
3790
4565
3767
3791
4566
3768
3792
4567
3769
3793
4568
3770
3794
4569
3771
3795
4570
3772
3796
4571
3773
3797
4572
3774
3798
4573
3799
4574
3776
3800
4575
3777
3801
4576
3778
3802
4577
3779
3803
4578
3780
3804
4579
3781
3805
4580
3782
3806
4581
3783
3807
4582
3784
3808
4583
3785
3809
4584
3786
3810
4585
3787
3811
4586
3788
3812
4587
3789
3813
4588
3790
3814
4589
3791
3815
4590
3792
3816
4591
3793
3817
4592
3794
3818
4593
3795
3819
4594
3796
3820
4595
3797
3821
4596
3798
3822
4597
3799
3823
4598
3824
4599
3801
3825
4600
3802
3826
4601
3803
3827
4602
3804
3828
4603
3805
3829
4604
3806
3830
4605
3807
3831
4606
3808
3832
4607
3809
3833
4608
3810
3834
4609
3811
3835
4610
3812
3836
4611
3813
3837
4612
3814
3838
4613
3815
3839
4614
3816
3840
4615
3817
3841
4616
3818
3842
4617
3819
3843
4618
3820
3844
4619
3821
3845
4620
3822
3846
4621
3823
3847
4622
3824
3848
4623
3849
4624
3826
3850
4625
3827
3851
4626
3828
3852
4627
3829
3853
4628
3830
3854
4629
3831
3855
4630
3832
3856
4631
3833
3857
4632
3834
3858
4633
3835
3859
4634
3836
3860
4635
3837
3861
4636
3838
3862
4637
3839
3863
4638
3840
3864
4639
3841
3865
4640
3842
3866
4641
3843
3867
4642
3844
3868
4643
3845
3869
4644
3846
3870
4645
3847
3871
4646
3848
3872
4647
3849
3873
4648
3874
4649
3851
3875
4650
3852
3876
4651
3853
3877
4652
3854
3878
4653
3855
3879
4654
3856
3880
4655
3857
3881
4656
3858
3882
4657
3859
3883
4658
3860
3884
4659
3861
3885
4660
3862
3886
4661
3863
3887
4662
3864
3888
4663
3865
3889
4664
3866
3890
4665
3867
3891
4666
3868
3892
4667
3869
3893
4668
3870
3894
4669
3871
3895
4670
3872
3896
4671
3873
3897
4672
3874
3898
4673
3899
4674
3876
3900
4675
3877
3901
4676
3878
3902
4677
3879
3903
4678
3880
3904
4679
3881
3905
4680
3882
3906
4681
3883
3907
4682
3884
3908
4683
3885
3909
4684
3886
3910
4685
3887
3911
4686
3888
3912
4687
3889
3913
4688
3890
3914
4689
3891
3915
4690
3892
3916
4691
3893
3917
4692
3894
3918
4693
3895
3919
4694
3896
3920
4695
3897
3921
4696
3898
3922
4697
3899
3923
4698
3924
4699
3901
3925
4700
3902
3926
4701
3903
3927
4702
3904
3928
4703
3905
3929
4704
3906
3930
4705
3907
3931
4706
3908
3932
4707
3909
3933
4708
3910
3934
4709
3911
3935
4710
3912
3936
4711
3913
3937
4712
3914
3938
4713
3915
3939
4714
3916
3940
4715
3917
3941
4716
3918
3942
4717
3919
3943
4718
3920
3944
4719
3921
3945
4720
3922
3946
4721
3923
3947
4722
3924
3948
4723
3949
4724
3926
3950
4725
3927
3951
4726
3928
3952
4727
3929
3953
4728
3930
3954
4729
3931
3955
4730
3932
3956
4731
3933
3957
4732
3934
3958
4733
3935
3959
4734
3936
3960
4735
3937
3961
4736
3938
3962
4737
3939
3963
4738
3940
3964
4739
3941
3965
4740
3942
3966
4741
3943
3967
4742
3944
3968
4743
3945
3969
4744
3946
3970
4745
3947
3971
4746
3948
3972
4747
3949
3973
4748
3974
4749
3951
3975
4750
3952
3976
4751
3953
3977
4752
3954
3978
4753
3955
3979
4754
3956
3980
4755
3957
3981
4756
3958
3982
4757
3959
3983
4758
3960
3984
4759
3961
3985
4760
3962
3986
4761
3963
3987
4762
3964
3988
4763
3965
3989
4764
3966
3990
4765
3967
3991
4766
3968
3992
4767
3969
3993
4768
3970
3994
4769
3971
3995
4770
3972
3996
4771
3973
3997
4772
3974
3998
4773
3999
4774
3976
4775
3977
4776
3978
4777
3979
4778
3980
4779
3981
4780
3982
4781
3983
4782
3984
4783
3985
4784
3986
4785
3987
4786
3988
4787
3989
4788
3990
4789
3991
4790
3992
4791
3993
4792
3994
4793
3995
4794
3996
4795
3997
4796
3998
4797
3999
4798
4799
4001
4025
4800
4002
4026
4801
4003
4027
4802
4004
4028
4803
4005
4029
4804
4006
4030
4805
4007
4031
4806
4008
4032
4807
4009
4033
4808
4010
4034
4809
4011
4035
4810
4012
4036
4811
4013
4037
4812
4014
4038
4813
4015
4039
4814
4016
4040
4815
4017
4041
4816
4018
4042
4817
4019
4043
4818
4020
4044
4819
4021
4045
4820
4022
4046
4821
4023
4047
4822
4024
4048
4823
4049
4824
4026
4050
4825
4027
4051
4826
4028
4052
4827
4029
4053
4828
4030
4054
4829
4031
4055
4830
4032
4056
4831
4033
4057
4832
4034
4058
4833
4035
4059
4834
4036
4060
4835
4037
4061
4836
4038
4062
4837
4039
4063
4838
4040
4064
4839
4041
4065
4840
4042
4066
4841
4043
4067
4842
4044
4068
4843
4045
4069
4844
4046
4070
4845
4047
4071
4846
4048
4072
4847
4049
4073
4848
4074
4849
4051
4075
4850
4052
4076
4851
4053
4077
4852
4054
4078
4853
4055
4079
4854
4056
4080
4855
4057
4081
4856
4058
4082
4857
4059
4083
4858
4060
4084
4859
4061
4085
4860
4062
4086
4861
4063
4087
4862
4064
4088
4863
4065
4089
4864
4066
4090
4865
4067
4091
4866
4068
4092
4867
4069
4093
4868
4070
4094
4869
4071
4095
4870
4072
4096
4871
4073
4097
4872
4074
4098
4873
4099
4874
4076
4100
4875
4077
4101
4876
4078
4102
4877
4079
4103
4878
4080
4104
4879
4081
4105
4880
4082
4106
4881
4083
4107
4882
4084
4108
4883
4085
4109
4884
4086
4110
4885
4087
4111
4886
4088
4112
4887
4089
4113
4888
4090
4114
4889
4091
4115
4890
4092
4116
4891
4093
4117
4892
4094
4118
4893
4095
4119
4894
4096
4120
4895
4097
4121
4896
4098
4122
4897
4099
4123
4898
4124
4899
4101
4125
4900
4102
4126
4901
4103
4127
4902
4104
4128
4903
4105
4129
4904
4106
4130
4905
4107
4131
4906
4108
4132
4907
4109
4133
4908
4110
4134
4909
4111
4135
4910
4112
4136
4911
4113
4137
4912
4114
4138
4913
4115
4139
4914
4116
4140
4915
4117
4141
4916
4118
4142
4917
4119
4143
4918
4120
4144
4919
4121
4145
4920
4122
4146
4921
4123
4147
4922
4124
4148
4923
4149
4924
4126
4150
4925
4127
4151
4926
4128
4152
4927
4129
4153
4928
4130
4154
4929
4131
4155
4930
4132
4156
4931
4133
4157
4932
4134
4158
4933
4135
4159
4934
4136
4160
4935
4137
4161
4936
4138
4162
4937
4139
4163
4938
4140
4164
4939
4141
4165
4940
4142
4166
4941
4143
4167
4942
4144
4168
4943
4145
4169
4944
4146
4170
4945
4147
4171
4946
4148
4172
4947
4149
4173
4948
4174
4949
4151
4175
4950
4152
4176
4951
4153
4177
4952
4154
4178
4953
4155
4179
4954
4156
4180
4955
4157
4181
4956
4158
4182
4957
4159
4183
4958
4160
4184
4959
4161
4185
4960
4162
4186
4961
4163
4187
4962
4164
4188
4963
4165
4189
4964
4166
4190
4965
4167
4191
4966
4168
4192
4967
4169
4193
4968
4170
4194
4969
4171
4195
4970
4172
4196
4971
4173
4197
4972
4174
4198
4973
4199
4974
4176
4200
4975
4177
4201
4976
4178
4202
4977
4179
4203
4978
4180
4204
4979
4181
4205
4980
4182
4206
4981
4183
4207
4982
4184
4208
4983
4185
4209
4984
4186
4210
4985
4187
4211
4986
4188
4212
4987
4189
4213
4988
4190
4214
4989
4191
4215
4990
4192
4216
4991
4193
4217
4992
4194
4218
4993
4195
4219
4994
4196
4220
4995
4197
4221
4996
4198
4222
4997
4199
4223
4998
4224
4999
4201
4225
5000
4202
4226
5001
4203
4227
5002
4204
4228
5003
4205
4229
5004
4206
4230
5005
4207
4231
5006
4208
4232
5007
4209
4233
5008
4210
4234
5009
4211
4235
5010
4212
4236
5011
4213
4237
5012
4214
4238
5013
4215
4239
5014
4216
4240
5015
4217
4241
5016
4218
4242
5017
4219
4243
5018
4220
4244
5019
4221
4245
5020
4222
4246
5021
4223
4247
5022
4224
4248
5023
4249
5024
4226
4250
5025
4227
4251
5026
4228
4252
5027
4229
4253
5028
4230
4254
5029
4231
4255
5030
4232
4256
5031
4233
4257
5032
4234
4258
5033
4235
4259
5034
4236
4260
5035
4237
4261
5036
4238
4262
5037
4239
4263
5038
4240
4264
5039
4241
4265
5040
4242
4266
5041
4243
4267
5042
4244
4268
5043
4245
4269
5044
4246
4270
5045
4247
4271
5046
4248
4272
5047
4249
4273
5048
4274
5049
4251
4275
5050
4252
4276
5051
4253
4277
5052
4254
4278
5053
4255
4279
5054
4256
4280
5055
4257
4281
5056
4258
4282
5057
4259
4283
5058
4260
4284
5059
4261
4285
5060
4262
4286
5061
4263
4287
5062
4264
4288
5063
4265
4289
5064
4266
4290
5065
4267
4291
5066
4268
4292
5067
4269
4293
5068
4270
4294
5069
4271
4295
5070
4272
4296
5071
4273
4297
5072
4274
4298
5073
4299
5074
4276
4300
5075
4277
4301
5076
4278
4302
5077
4279
4303
5078
4280
4304
5079
4281
4305
5080
4282
4306
5081
4283
4307
5082
4284
4308
5083
4285
4309
5084
4286
4310
5085
4287
4311
5086
4288
4312
5087
4289
4313
5088
4290
4314
5089
4291
4315
5090
4292
4316
5091
4293
4317
5092
4294
4318
5093
4295
4319
5094
4296
4320
5095
4297
4321
5096
4298
4322
5097
4299
4323
5098
4324
5099
4301
4325
5100
4302
4326
5101
4303
4327
5102
4304
4328
5103
4305
4329
5104
4306
4330
5105
4307
4331
5106
4308
4332
5107
4309
4333
5108
4310
4334
5109
4311
4335
5110
4312
4336
5111
4313
4337
5112
4314
4338
5113
4315
4339
5114
4316
4340
5115
4317
4341
5116
4318
4342
5117
4319
4343
5118
4320
4344
5119
4321
4345
5120
4322
4346
5121
4323
4347
5122
4324
4348
5123
4349
5124
4326
4350
5125
4327
4351
5126
4328
4352
5127
4329
4353
5128
4330
4354
5129
4331
4355
5130
4332
4356
5131
4333
4357
5132
4334
4358
5133
4335
4359
5134
4336
4360
5135
4337
4361
5136
4338
4362
5137
4339
4363
5138
4340
4364
5139
4341
4365
5140
4342
4366
5141
4343
4367
5142
4344
4368
5143
4345
4369
5144
4346
4370
5145
4347
4371
5146
4348
4372
5147
4349
4373
5148
4374
5149
4351
4375
5150
4352
4376
5151
4353
4377
5152
4354
4378
5153
4355
4379
5154
4356
4380
5155
4357
4381
5156
4358
4382
5157
4359
4383
5158
4360
4384
5159
4361
4385
5160
4362
4386
5161
4363
4387
5162
4364
4388
5163
4365
4389
5164
4366
4390
5165
4367
4391
5166
4368
4392
5167
4369
4393
5168
4370
4394
5169
4371
4395
5170
4372
4396
5171
4373
4397
5172
4374
4398
5173
4399
5174
4376
4400
5175
4377
4401
5176
4378
4402
5177
4379
4403
5178
4380
4404
5179
4381
4405
5180
4382
4406
5181
4383
4407
5182
4384
4408
5183
4385
4409
5184
4386
4410
5185
4387
4411
5186
4388
4412
5187
4389
4413
5188
4390
4414
5189
4391
4415
5190
4392
4416
5191
4393
4417
5192
4394
4418
5193
4395
4419
5194
4396
4420
5195
4397
4421
5196
4398
4422
5197
4399
4423
5198
4424
5199
4401
4425
5200
4402
4426
5201
4403
4427
5202
4404
4428
5203
4405
4429
5204
4406
4430
5205
4407
4431
5206
4408
4432
5207
4409
4433
5208
4410
4434
5209
4411
4435
5210
4412
4436
5211
4413
4437
5212
4414
4438
5213
4415
4439
5214
4416
4440
5215
4417
4441
5216
4418
4442
5217
4419
4443
5218
4420
4444
5219
4421
4445
5220
4422
4446
5221
4423
4447
5222
4424
4448
5223
4449
5224
4426
4450
5225
4427
4451
5226
4428
4452
5227
4429
4453
5228
4430
4454
5229
4431
4455
5230
4432
4456
5231
4433
4457
5232
4434
4458
5233
4435
4459
5234
4436
4460
5235
4437
4461
5236
4438
4462
5237
4439
4463
5238
4440
4464
5239
4441
4465
5240
4442
4466
5241
4443
4467
5242
4444
4468
5243
4445
4469
5244
4446
4470
5245
4447
4471
5246
4448
4472
5247
4449
4473
5248
4474
5249
4451
4475
5250
4452
4476
5251
4453
4477
5252
4454
4478
5253
4455
4479
5254
4456
4480
5255
4457
4481
5256
4458
4482
5257
4459
4483
5258
4460
4484
5259
4461
4485
5260
4462
4486
5261
4463
4487
5262
4464
4488
5263
4465
4489
5264
4466
4490
5265
4467
4491
5266
4468
4492
5267
4469
4493
5268
4470
4494
5269
4471
4495
5270
4472
4496
5271
4473
4497
5272
4474
4498
5273
4499
5274
4476
4500
5275
4477
4501
5276
4478
4502
5277
4479
4503
5278
4480
4504
5279
4481
4505
5280
4482
4506
5281
4483
4507
5282
4484
4508
5283
4485
4509
5284
4486
4510
5285
4487
4511
5286
4488
4512
5287
4489
4513
5288
4490
4514
5289
4491
4515
5290
4492
4516
5291
4493
4517
5292
4494
4518
5293
4495
4519
5294
4496
4520
5295
4497
4521
5296
4498
4522
5297
4499
4523
5298
4524
5299
4501
4525
5300
4502
4526
5301
4503
4527
5302
4504
4528
5303
4505
4529
5304
4506
4530
5305
4507
4531
5306
4508
4532
5307
4509
4533
5308
4510
4534
5309
4511
4535
5310
4512
4536
5311
4513
4537
5312
4514
4538
5313
4515
4539
5314
4516
4540
5315
4517
4541
5316
4518
4542
5317
4519
4543
5318
4520
4544
5319
4521
4545
5320
4522
4546
5321
4523
4547
5322
4524
4548
5323
4549
5324
4526
4550
5325
4527
4551
5326
4528
4552
5327
4529
4553
5328
4530
4554
5329
4531
4555
5330
4532
4556
5331
4533
4557
5332
4534
4558
5333
4535
4559
5334
4536
4560
5335
4537
4561
5336
4538
4562
5337
4539
4563
5338
4540
4564
5339
4541
4565
5340
4542
4566
5341
4543
4567
5342
4544
4568
5343
4545
4569
5344
4546
4570
5345
4547
4571
5346
4548
4572
5347
4549
4573
5348
4574
5349
4551
4575
5350
4552
4576
5351
4553
4577
5352
4554
4578
5353
4555
4579
5354
4556
4580
5355
4557
4581
5356
4558
4582
5357
4559
4583
5358
4560
4584
5359
4561
4585
5360
4562
4586
5361
4563
4587
5362
4564
4588
5363
4565
4589
5364
4566
4590
5365
4567
4591
5366
4568
4592
5367
4569
4593
5368
4570
4594
5369
4571
4595
5370
4572
4596
5371
4573
4597
5372
4574
4598
5373
4599
5374
4576
4600
5375
4577
4601
5376
4578
4602
5377
4579
4603
5378
4580
4604
5379
4581
4605
5380
4582
4606
5381
4583
4607
5382
4584
4608
5383
4585
4609
5384
4586
4610
5385
4587
4611
5386
4588
4612
5387
4589
4613
5388
4590
4614
5389
4591
4615
5390
4592
4616
5391
4593
4617
5392
4594
4618
5393
4595
4619
5394
4596
4620
5395
4597
4621
5396
4598
4622
5397
4599
4623
5398
4624
5399
4601
4625
5400
4602
4626
5401
4603
4627
5402
4604
4628
5403
4605
4629
5404
4606
4630
5405
4607
4631
5406
4608
4632
5407
4609
4633
5408
4610
4634
5409
4611
4635
5410
4612
4636
5411
4613
4637
5412
4614
4638
5413
4615
4639
5414
4616
4640
5415
4617
4641
5416
4618
4642
5417
4619
4643
5418
4620
4644
5419
4621
4645
5420
4622
4646
5421
4623
4647
5422
4624
4648
5423
4649
5424
4626
4650
5425
4627
4651
5426
4628
4652
5427
4629
4653
5428
4630
4654
5429
4631
4655
5430
4632
4656
5431
4633
4657
5432
4634
4658
5433
4635
4659
5434
4636
4660
5435
4637
4661
5436
4638
4662
5437
4639
4663
5438
4640
4664
5439
4641
4665
5440
4642
4666
5441
4643
4667
5442
4644
4668
5443
4645
4669
5444
4646
4670
5445
4647
4671
5446
4648
4672
5447
4649
4673
5448
4674
5449
4651
4675
5450
4652
4676
5451
4653
4677
5452
4654
4678
5453
4655
4679
5454
4656
4680
5455
4657
4681
5456
4658
4682
5457
4659
4683
5458
4660
4684
5459
4661
4685
5460
4662
4686
5461
4663
4687
5462
4664
4688
5463
4665
4689
5464
4666
4690
5465
4667
4691
5466
4668
4692
5467
4669
4693
5468
4670
4694
5469
4671
4695
5470
4672
4696
5471
4673
4697
5472
4674
4698
5473
4699
5474
4676
4700
5475
4677
4701
5476
4678
4702
5477
4679
4703
5478
4680
4704
5479
4681
4705
5480
4682
4706
5481
4683
4707
5482
4684
4708
5483
4685
4709
5484
4686
4710
5485
4687
4711
5486
4688
4712
5487
4689
4713
5488
4690
4714
5489
4691
4715
5490
4692
4716
5491
4693
4717
5492
4694
4718
5493
4695
4719
5494
4696
4720
5495
4697
4721
5496
4698
4722
5497
4699
4723
5498
4724
5499
4701
4725
5500
4702
4726
5501
4703
4727
5502
4704
4728
5503
4705
4729
5504
4706
4730
5505
4707
4731
5506
4708
4732
5507
4709
4733
5508
4710
4734
5509
4711
4735
5510
4712
4736
5511
4713
4737
5512
4714
4738
5513
4715
4739
5514
4716
4740
5515
4717
4741
5516
4718
4742
5517
4719
4743
5518
4720
4744
5519
4721
4745
5520
4722
4746
5521
4723
4747
5522
4724
4748
5523
4749
5524
4726
4750
5525
4727
4751
5526
4728
4752
5527
4729
4753
5528
4730
4754
5529
4731
4755
5530
4732
4756
5531
4733
4757
5532
4734
4758
5533
4735
4759
5534
4736
4760
5535
4737
4761
5536
4738
4762
5537
4739
4763
5538
4740
4764
5539
4741
4765
5540
4742
4766
5541
4743
4767
5542
4744
4768
5543
4745
4769
5544
4746
4770
5545
4747
4771
5546
4748
4772
5547
4749
4773
5548
4774
5549
4751
4775
5550
4752
4776
5551
4753
4777
5552
4754
4778
5553
4755
4779
5554
4756
4780
5555
4757
4781
5556
4758
4782
5557
4759
4783
5558
4760
4784
5559
4761
4785
5560
4762
4786
5561
4763
4787
5562
4764
4788
5563
4765
4789
5564
4766
4790
5565
4767
4791
5566
4768
4792
5567
4769
4793
5568
4770
4794
5569
4771
4795
5570
4772
4796
5571
4773
4797
5572
4774
4798
5573
4799
5574
4776
5575
4777
5576
4778
5577
4779
5578
4780
5579
4781
5580
4782
5581
4783
5582
4784
5583
4785
5584
4786
5585
4787
5586
4788
5587
4789
5588
4790
5589
4791
5590
4792
5591
4793
5592
4794
5593
4795
5594
4796
5595
4797
5596
4798
5597
4799
5598
5599
4801
4825
5600
4802
4826
5601
4803
4827
5602
4804
4828
5603
4805
4829
5604
4806
4830
5605
4807
4831
5606
4808
4832
5607
4809
4833
5608
4810
4834
5609
4811
4835
5610
4812
4836
5611
4813
4837
5612
4814
4838
5613
4815
4839
5614
4816
4840
5615
4817
4841
5616
4818
4842
5617
4819
4843
5618
4820
4844
5619
4821
4845
5620
4822
4846
5621
4823
4847
5622
4824
4848
5623
4849
5624
4826
4850
5625
4827
4851
5626
4828
4852
5627
4829
4853
5628
4830
4854
5629
4831
4855
5630
4832
4856
5631
4833
4857
5632
4834
4858
5633
4835
4859
5634
4836
4860
5635
4837
4861
5636
4838
4862
5637
4839
4863
5638
4840
4864
5639
4841
4865
5640
4842
4866
5641
4843
4867
5642
4844
4868
5643
4845
4869
5644
4846
4870
5645
4847
4871
5646
4848
4872
5647
4849
4873
5648
4874
5649
4851
4875
5650
4852
4876
5651
4853
4877
5652
4854
4878
5653
4855
4879
5654
4856
4880
5655
4857
4881
5656
4858
4882
5657
4859
4883
5658
4860
4884
5659
4861
4885
5660
4862
4886
5661
4863
4887
5662
4864
4888
5663
4865
4889
5664
4866
4890
5665
4867
4891
5666
4868
4892
5667
4869
4893
5668
4870
4894
5669
4871
4895
5670
4872
4896
5671
4873
4897
5672
4874
4898
5673
4899
5674
4876
4900
5675
4877
4901
5676
4878
4902
5677
4879
4903
5678
4880
4904
5679
4881
4905
5680
4882
4906
5681
4883
4907
5682
4884
4908
5683
4885
4909
5684
4886
4910
5685
4887
4911
5686
4888
4912
5687
4889
4913
5688
4890
4914
5689
4891
4915
5690
4892
4916
5691
4893
4917
5692
4894
4918
5693
4895
4919
5694
4896
4920
5695
4897
4921
5696
4898
4922
5697
4899
4923
5698
4924
5699
4901
4925
5700
4902
4926
5701
4903
4927
5702
4904
4928
5703
4905
4929
5704
4906
4930
5705
4907
4931
5706
4908
4932
5707
4909
4933
5708
4910
4934
5709
4911
4935
5710
4912
4936
5711
4913
4937
5712
4914
4938
5713
4915
4939
5714
4916
4940
5715
4917
4941
5716
4918
4942
5717
4919
4943
5718
4920
4944
5719
4921
4945
5720
4922
4946
5721
4923
4947
5722
4924
4948
5723
4949
5724
4926
4950
5725
4927
4951
5726
4928
4952
5727
4929
4953
5728
4930
4954
5729
4931
4955
5730
4932
4956
5731
4933
4957
5732
4934
4958
5733
4935
4959
5734
4936
4960
5735
4937
4961
5736
4938
4962
5737
4939
4963
5738
4940
4964
5739
4941
4965
5740
4942
4966
5741
4943
4967
5742
4944
4968
5743
4945
4969
5744
4946
4970
5745
4947
4971
5746
4948
4972
5747
4949
4973
5748
4974
5749
4951
4975
5750
4952
4976
5751
4953
4977
5752
4954
4978
5753
4955
4979
5754
4956
4980
5755
4957
4981
5756
4958
4982
5757
4959
4983
5758
4960
4984
5759
4961
4985
5760
4962
4986
5761
4963
4987
5762
4964
4988
5763
4965
4989
5764
4966
4990
5765
4967
4991
5766
4968
4992
5767
4969
4993
5768
4970
4994
5769
4971
4995
5770
4972
4996
5771
4973
4997
5772
4974
4998
5773
4999
5774
4976
5000
5775
4977
5001
5776
4978
5002
5777
4979
5003
5778
4980
5004
5779
4981
5005
5780
4982
5006
5781
4983
5007
5782
4984
5008
5783
4985
5009
5784
4986
5010
5785
4987
5011
5786
4988
5012
5787
4989
5013
5788
4990
5014
5789
4991
5015
5790
4992
5016
5791
4993
5017
5792
4994
5018
5793
4995
5019
5794
4996
5020
5795
4997
5021
5796
4998
5022
5797
4999
5023
5798
5024
5799
5001
5025
5800
5002
5026
5801
5003
5027
5802
5004
5028
5803
5005
5029
5804
5006
5030
5805
5007
5031
5806
5008
5032
5807
5009
5033
5808
5010
5034
5809
5011
5035
5810
5012
5036
5811
5013
5037
5812
5014
5038
5813
5015
5039
5814
5016
5040
5815
5017
5041
5816
5018
5042
5817
5019
5043
5818
5020
5044
5819
5021
5045
5820
5022
5046
5821
5023
5047
5822
5024
5048
5823
5049
5824
5026
5050
5825
5027
5051
5826
5028
5052
5827
5029
5053
5828
5030
5054
5829
5031
5055
5830
5032
5056
5831
5033
5057
5832
5034
5058
5833
5035
5059
5834
5036
5060
5835
5037
5061
5836
5038
5062
5837
5039
5063
5838
5040
5064
5839
5041
5065
5840
5042
5066
5841
5043
5067
5842
5044
5068
5843
5045
5069
5844
5046
5070
5845
5047
5071
5846
5048
5072
5847
5049
5073
5848
5074
5849
5051
5075
5850
5052
5076
5851
5053
5077
5852
5054
5078
5853
5055
5079
5854
5056
5080
5855
5057
5081
5856
5058
5082
5857
5059
5083
5858
5060
5084
5859
5061
5085
5860
5062
5086
5861
5063
5087
5862
5064
5088
5863
5065
5089
5864
5066
5090
5865
5067
5091
5866
5068
5092
5867
5069
5093
5868
5070
5094
5869
5071
5095
5870
5072
5096
5871
5073
5097
5872
5074
5098
5873
5099
5874
5076
5100
5875
5077
5101
5876
5078
5102
5877
5079
5103
5878
5080
5104
5879
5081
5105
5880
5082
5106
5881
5083
5107
5882
5084
5108
5883
5085
5109
5884
5086
5110
5885
5087
5111
5886
5088
5112
5887
5089
5113
5888
5090
5114
5889
5091
5115
5890
5092
5116
5891
5093
5117
5892
5094
5118
5893
5095
5119
5894
5096
5120
5895
5097
5121
5896
5098
5122
5897
5099
5123
5898
5124
5899
5101
5125
5900
5102
5126
5901
5103
5127
5902
5104
5128
5903
5105
5129
5904
5106
5130
5905
5107
5131
5906
5108
5132
5907
5109
5133
5908
5110
5134
5909
5111
5135
5910
5112
5136
5911
5113
5137
5912
5114
5138
5913
5115
5139
5914
5116
5140
5915
5117
5141
5916
5118
5142
5917
5119
5143
5918
5120
5144
5919
5121
5145
5920
5122
5146
5921
5123
5147
5922
5124
5148
5923
5149
5924
5126
5150
5925
5127
5151
5926
5128
5152
5927
5129
5153
5928
5130
5154
5929
5131
5155
5930
5132
5156
5931
5133
5157
5932
5134
5158
5933
5135
5159
5934
5136
5160
5935
5137
5161
5936
5138
5162
5937
5139
5163
5938
5140
5164
5939
5141
5165
5940
5142
5166
5941
5143
5167
5942
5144
5168
5943
5145
5169
5944
5146
5170
5945
5147
5171
5946
5148
5172
5947
5149
5173
5948
5174
5949
5151
5175
5950
5152
5176
5951
5153
5177
5952
5154
5178
5953
5155
5179
5954
5156
5180
5955
5157
5181
5956
5158
5182
5957
5159
5183
5958
5160
5184
5959
5161
5185
5960
5162
5186
5961
5163
5187
5962
5164
5188
5963
5165
5189
5964
5166
5190
5965
5167
5191
5966
5168
5192
5967
5169
5193
5968
5170
5194
5969
5171
5195
5970
5172
5196
5971
5173
5197
5972
5174
5198
5973
5199
5974
5176
5200
5975
5177
5201
5976
5178
5202
5977
5179
5203
5978
5180
5204
5979
5181
5205
5980
5182
5206
5981
5183
5207
5982
5184
5208
5983
5185
5209
5984
5186
5210
5985
5187
5211
5986
5188
5212
5987
5189
5213
5988
5190
5214
5989
5191
5215
5990
5192
5216
5991
5193
5217
5992
5194
5218
5993
5195
5219
5994
5196
5220
5995
5197
5221
5996
5198
5222
5997
5199
5223
5998
5224
5999
5201
5225
6000
5202
5226
6001
5203
5227
6002
5204
5228
6003
5205
5229
6004
5206
5230
6005
5207
5231
6006
5208
5232
6007
5209
5233
6008
5210
5234
6009
5211
5235
6010
5212
5236
6011
5213
5237
6012
5214
5238
6013
5215
5239
6014
5216
5240
6015
5217
5241
6016
5218
5242
6017
5219
5243
6018
5220
5244
6019
5221
5245
6020
5222
5246
6021
5223
5247
6022
5224
5248
6023
5249
6024
5226
5250
6025
5227
5251
6026
5228
5252
6027
5229
5253
6028
5230
5254
6029
5231
5255
6030
5232
5256
6031
5233
5257
6032
5234
5258
6033
5235
5259
6034
5236
5260
6035
5237
5261
6036
5238
5262
6037
5239
5263
6038
5240
5264
6039
5241
5265
6040
5242
5266
6041
5243
5267
6042
5244
5268
6043
5245
5269
6044
5246
5270
6045
5247
5271
6046
5248
5272
6047
5249
5273
6048
5274
6049
5251
5275
6050
5252
5276
6051
5253
5277
6052
5254
5278
6053
5255
5279
6054
5256
5280
6055
5257
5281
6056
5258
5282
6057
5259
5283
6058
5260
5284
6059
5261
5285
6060
5262
5286
6061
5263
5287
6062
5264
5288
6063
5265
5289
6064
5266
5290
6065
5267
5291
6066
5268
5292
6067
5269
5293
6068
5270
5294
6069
5271
5295
6070
5272
5296
6071
5273
5297
6072
5274
5298
6073
5299
6074
5276
5300
6075
5277
5301
6076
5278
5302
6077
5279
5303
6078
5280
5304
6079
5281
5305
6080
5282
5306
6081
5283
5307
6082
5284
5308
6083
5285
5309
6084
5286
5310
6085
5287
5311
6086
5288
5312
6087
5289
5313
6088
5290
5314
6089
5291
5315
6090
5292
5316
6091
5293
5317
6092
5294
5318
6093
5295
5319
6094
5296
5320
6095
5297
5321
6096
5298
5322
6097
5299
5323
6098
5324
6099
5301
5325
6100
5302
5326
6101
5303
5327
6102
5304
5328
6103
5305
5329
6104
5306
5330
6105
5307
5331
6106
5308
5332
6107
5309
5333
6108
5310
5334
6109
5311
5335
6110
5312
5336
6111
5313
5337
6112
5314
5338
6113
5315
5339
6114
5316
5340
6115
5317
5341
6116
5318
5342
6117
5319
5343
6118
5320
5344
6119
5321
5345
6120
5322
5346
6121
5323
5347
6122
5324
5348
6123
5349
6124
5326
5350
6125
5327
5351
6126
5328
5352
6127
5329
5353
6128
5330
5354
6129
5331
5355
6130
5332
5356
6131
5333
5357
6132
5334
5358
6133
5335
5359
6134
5336
5360
6135
5337
5361
6136
5338
5362
6137
5339
5363
6138
5340
5364
6139
5341
5365
6140
5342
5366
6141
5343
5367
6142
5344
5368
6143
5345
5369
6144
5346
5370
6145
5347
5371
6146
5348
5372
6147
5349
5373
6148
5374
6149
5351
5375
6150
5352
5376
6151
5353
5377
6152
5354
5378
6153
5355
5379
6154
5356
5380
6155
5357
5381
6156
5358
5382
6157
5359
5383
6158
5360
5384
6159
5361
5385
6160
5362
5386
6161
5363
5387
6162
5364
5388
6163
5365
5389
6164
5366
5390
6165
5367
5391
6166
5368
5392
6167
5369
5393
6168
5370
5394
6169
5371
5395
6170
5372
5396
6171
5373
5397
6172
5374
5398
6173
5399
6174
5376
5400
6175
5377
5401
6176
5378
5402
6177
5379
5403
6178
5380
5404
6179
5381
5405
6180
5382
5406
6181
5383
5407
6182
5384
5408
6183
5385
5409
6184
5386
5410
6185
5387
5411
6186
5388
5412
6187
5389
5413
6188
5390
5414
6189
5391
5415
6190
5392
5416
6191
5393
5417
6192
5394
5418
6193
5395
5419
6194
5396
5420
6195
5397
5421
6196
5398
5422
6197
5399
5423
6198
5424
6199
5401
5425
6200
5402
5426
6201
5403
5427
6202
5404
5428
6203
5405
5429
6204
5406
5430
6205
5407
5431
6206
5408
5432
6207
5409
5433
6208
5410
5434
6209
5411
5435
6210
5412
5436
6211
5413
5437
6212
5414
5438
6213
5415
5439
6214
5416
5440
6215
5417
5441
6216
5418
5442
6217
5419
5443
6218
5420
5444
6219
5421
5445
6220
5422
5446
6221
5423
5447
6222
5424
5448
6223
5449
6224
5426
5450
6225
5427
5451
6226
5428
5452
6227
5429
5453
6228
5430
5454
6229
5431
5455
6230
5432
5456
6231
5433
5457
6232
5434
5458
6233
5435
5459
6234
5436
5460
6235
5437
5461
6236
5438
5462
6237
5439
5463
6238
5440
5464
6239
5441
5465
6240
5442
5466
6241
5443
5467
6242
5444
5468
6243
5445
5469
6244
5446
5470
6245
5447
5471
6246
5448
5472
6247
5449
5473
6248
5474
6249
5451
5475
6250
5452
5476
6251
5453
5477
6252
5454
5478
6253
5455
5479
6254
5456
5480
6255
5457
5481
6256
5458
5482
6257
5459
5483
6258
5460
5484
6259
5461
5485
6260
5462
5486
6261
5463
5487
6262
5464
5488
6263
5465
5489
6264
5466
5490
6265
5467
5491
6266
5468
5492
6267
5469
5493
6268
5470
5494
6269
5471
5495
6270
5472
5496
6271
5473
5497
6272
5474
5498
6273
5499
6274
5476
5500
6275
5477
5501
6276
5478
5502
6277
5479
5503
6278
5480
5504
6279
5481
5505
6280
5482
5506
6281
5483
5507
6282
5484
5508
6283
5485
5509
6284
5486
5510
6285
5487
5511
6286
5488
5512
6287
5489
5513
6288
5490
5514
6289
5491
5515
6290
5492
5516
6291
5493
5517
6292
5494
5518
6293
5495
5519
6294
5496
5520
6295
5497
5521
6296
5498
5522
6297
5499
5523
6298
5524
6299
5501
5525
6300
5502
5526
6301
5503
5527
6302
5504
5528
6303
5505
5529
6304
5506
5530
6305
5507
5531
6306
5508
5532
6307
5509
5533
6308
5510
5534
6309
5511
5535
6310
5512
5536
6311
5513
5537
6312
5514
5538
6313
5515
5539
6314
5516
5540
6315
5517
5541
6316
5518
5542
6317
5519
5543
6318
5520
5544
6319
5521
5545
6320
5522
5546
6321
5523
5547
6322
5524
5548
6323
5549
6324
5526
5550
6325
5527
5551
6326
5528
5552
6327
5529
5553
6328
5530
5554
6329
5531
5555
6330
5532
5556
6331
5533
5557
6332
5534
5558
6333
5535
5559
6334
5536
5560
6335
5537
5561
6336
5538
5562
6337
5539
5563
6338
5540
5564
6339
5541
5565
6340
5542
5566
6341
5543
5567
6342
5544
5568
6343
5545
5569
6344
5546
5570
6345
5547
5571
6346
5548
5572
6347
5549
5573
6348
5574
6349
5551
5575
6350
5552
5576
6351
5553
5577
6352
5554
5578
6353
5555
5579
6354
5556
5580
6355
5557
5581
6356
5558
5582
6357
5559
5583
6358
5560
5584
6359
5561
5585
6360
5562
5586
6361
5563
5587
6362
5564
5588
6363
5565
5589
6364
5566
5590
6365
5567
5591
6366
5568
5592
6367
5569
5593
6368
5570
5594
6369
5571
5595
6370
5572
5596
6371
5573
5597
6372
5574
5598
6373
5599
6374
5576
6375
5577
6376
5578
6377
5579
6378
5580
6379
5581
6380
5582
6381
5583
6382
5584
6383
5585
6384
5586
6385
5587
6386
5588
6387
5589
6388
5590
6389
5591
6390
5592
6391
5593
6392
5594
6393
5595
6394
5596
6395
5597
6396
5598
6397
5599
6398
6399
5601
5625
6400
5602
5626
6401
5603
5627
6402
5604
5628
6403
5605
5629
6404
5606
5630
6405
5607
5631
6406
5608
5632
6407
5609
5633
6408
5610
5634
6409
5611
5635
6410
5612
5636
6411
5613
5637
6412
5614
5638
6413
5615
5639
6414
5616
5640
6415
5617
5641
6416
5618
5642
6417
5619
5643
6418
5620
5644
6419
5621
5645
6420
5622
5646
6421
5623
5647
6422
5624
5648
6423
5649
6424
5626
5650
6425
5627
5651
6426
5628
5652
6427
5629
5653
6428
5630
5654
6429
5631
5655
6430
5632
5656
6431
5633
5657
6432
5634
5658
6433
5635
5659
6434
5636
5660
6435
5637
5661
6436
5638
5662
6437
5639
5663
6438
5640
5664
6439
5641
5665
6440
5642
5666
6441
5643
5667
6442
5644
5668
6443
5645
5669
6444
5646
5670
6445
5647
5671
6446
5648
5672
6447
5649
5673
6448
5674
6449
5651
5675
6450
5652
5676
6451
5653
5677
6452
5654
5678
6453
5655
5679
6454
5656
5680
6455
5657
5681
6456
5658
5682
6457
5659
5683
6458
5660
5684
6459
5661
5685
6460
5662
5686
6461
5663
5687
6462
5664
5688
6463
5665
5689
6464
5666
5690
6465
5667
5691
6466
5668
5692
6467
5669
5693
6468
5670
5694
6469
5671
5695
6470
5672
5696
6471
5673
5697
6472
5674
5698
6473
5699
6474
5676
5700
6475
5677
5701
6476
5678
5702
6477
5679
5703
6478
5680
5704
6479
5681
5705
6480
5682
5706
6481
5683
5707
6482
5684
5708
6483
5685
5709
6484
5686
5710
6485
5687
5711
6486
5688
5712
6487
5689
5713
6488
5690
5714
6489
5691
5715
6490
5692
5716
6491
5693
5717
6492
5694
5718
6493
5695
5719
6494
5696
5720
6495
5697
5721
6496
5698
5722
6497
5699
5723
6498
5724
6499
5701
5725
6500
5702
5726
6501
5703
5727
6502
5704
5728
6503
5705
5729
6504
5706
5730
6505
5707
5731
6506
5708
5732
6507
5709
5733
6508
5710
5734
6509
5711
5735
6510
5712
5736
6511
5713
5737
6512
5714
5738
6513
5715
5739
6514
5716
5740
6515
5717
5741
6516
5718
5742
6517
5719
5743
6518
5720
5744
6519
5721
5745
6520
5722
5746
6521
5723
5747
6522
5724
5748
6523
5749
6524
5726
5750
6525
5727
5751
6526
5728
5752
6527
5729
5753
6528
5730
5754
6529
5731
5755
6530
5732
5756
6531
5733
5757
6532
5734
5758
6533
5735
5759
6534
5736
5760
6535
5737
5761
6536
5738
5762
6537
5739
5763
6538
5740
5764
6539
5741
5765
6540
5742
5766
6541
5743
5767
6542
5744
5768
6543
5745
5769
6544
5746
5770
6545
5747
5771
6546
5748
5772
6547
5749
5773
6548
5774
6549
5751
5775
6550
5752
5776
6551
5753
5777
6552
5754
5778
6553
5755
5779
6554
5756
5780
6555
5757
5781
6556
5758
5782
6557
5759
5783
6558
5760
5784
6559
5761
5785
6560
5762
5786
6561
5763
5787
6562
5764
5788
6563
5765
5789
6564
5766
5790
6565
5767
5791
6566
5768
5792
6567
5769
5793
6568
5770
5794
6569
5771
5795
6570
5772
5796
6571
5773
5797
6572
5774
5798
6573
5799
6574
5776
5800
6575
5777
5801
6576
5778
5802
6577
5779
5803
6578
5780
5804
6579
5781
5805
6580
5782
5806
6581
5783
5807
6582
5784
5808
6583
5785
5809
6584
5786
5810
6585
5787
5811
6586
5788
5812
6587
5789
5813
6588
5790
5814
6589
5791
5815
6590
5792
5816
6591
5793
5817
6592
5794
5818
6593
5795
5819
6594
5796
5820
6595
5797
5821
6596
5798
5822
6597
5799
5823
6598
5824
6599
5801
5825
6600
5802
5826
6601
5803
5827
6602
5804
5828
6603
5805
5829
6604
5806
5830
6605
5807
5831
6606
5808
5832
6607
5809
5833
6608
5810
5834
6609
5811
5835
6610
5812
5836
6611
5813
5837
6612
5814
5838
6613
5815
5839
6614
5816
5840
6615
5817
5841
6616
5818
5842
6617
5819
5843
6618
5820
5844
6619
5821
5845
6620
5822
5846
6621
5823
5847
6622
5824
5848
6623
5849
6624
5826
5850
6625
5827
5851
6626
5828
5852
6627
5829
5853
6628
5830
5854
6629
5831
5855
6630
5832
5856
6631
5833
5857
6632
5834
5858
6633
5835
5859
6634
5836
5860
6635
5837
5861
6636
5838
5862
6637
5839
5863
6638
5840
5864
6639
5841
5865
6640
5842
5866
6641
5843
5867
6642
5844
5868
6643
5845
5869
6644
5846
5870
6645
5847
5871
6646
5848
5872
6647
5849
5873
6648
5874
6649
5851
5875
6650
5852
5876
6651
5853
5877
6652
5854
5878
6653
5855
5879
6654
5856
5880
6655
5857
5881
6656
5858
5882
6657
5859
5883
6658
5860
5884
6659
5861
5885
6660
5862
5886
6661
5863
5887
6662
5864
5888
6663
5865
5889
6664
5866
5890
6665
5867
5891
6666
5868
5892
6667
5869
5893
6668
5870
5894
6669
5871
5895
6670
5872
5896
6671
5873
5897
6672
5874
5898
6673
5899
6674
5876
5900
6675
5877
5901
6676
5878
5902
6677
5879
5903
6678
5880
5904
6679
5881
5905
6680
5882
5906
6681
5883
5907
6682
5884
5908
6683
5885
5909
6684
5886
5910
6685
5887
5911
6686
5888
5912
6687
5889
5913
6688
5890
5914
6689
5891
5915
6690
5892
5916
6691
5893
5917
6692
5894
5918
6693
5895
5919
6694
5896
5920
6695
5897
5921
6696
5898
5922
6697
5899
5923
6698
5924
6699
5901
5925
6700
5902
5926
6701
5903
5927
6702
5904
5928
6703
5905
5929
6704
5906
5930
6705
5907
5931
6706
5908
5932
6707
5909
5933
6708
5910
5934
6709
5911
5935
6710
5912
5936
6711
5913
5937
6712
5914
5938
6713
5915
5939
6714
5916
5940
6715
5917
5941
6716
5918
5942
6717
5919
5943
6718
5920
5944
6719
5921
5945
6720
5922
5946
6721
5923
5947
6722
5924
5948
6723
5949
6724
5926
5950
6725
5927
5951
6726
5928
5952
6727
5929
5953
6728
5930
5954
6729
5931
5955
6730
5932
5956
6731
5933
5957
6732
5934
5958
6733
5935
5959
6734
5936
5960
6735
5937
5961
6736
5938
5962
6737
5939
5963
6738
5940
5964
6739
5941
5965
6740
5942
5966
6741
5943
5967
6742
5944
5968
6743
5945
5969
6744
5946
5970
6745
5947
5971
6746
5948
5972
6747
5949
5973
6748
5974
6749
5951
5975
6750
5952
5976
6751
5953
5977
6752
5954
5978
6753
5955
5979
6754
5956
5980
6755
5957
5981
6756
5958
5982
6757
5959
5983
6758
5960
5984
6759
5961
5985
6760
5962
5986
6761
5963
5987
6762
5964
5988
6763
5965
5989
6764
5966
5990
6765
5967
5991
6766
5968
5992
6767
5969
5993
6768
5970
5994
6769
5971
5995
6770
5972
5996
6771
5973
5997
6772
5974
5998
6773
5999
6774
5976
6000
6775
5977
6001
6776
5978
6002
6777
5979
6003
6778
5980
6004
6779
5981
6005
6780
5982
6006
6781
5983
6007
6782
5984
6008
6783
5985
6009
6784
5986
6010
6785
5987
6011
6786
5988
6012
6787
5989
6013
6788
5990
6014
6789
5991
6015
6790
5992
6016
6791
5993
6017
6792
5994
6018
6793
5995
6019
6794
5996
6020
6795
5997
6021
6796
5998
6022
6797
5999
6023
6798
6024
6799
6001
6025
6800
6002
6026
6801
6003
6027
6802
6004
6028
6803
6005
6029
6804
6006
6030
6805
6007
6031
6806
6008
6032
6807
6009
6033
6808
6010
6034
6809
6011
6035
6810
6012
6036
6811
6013
6037
6812
6014
6038
6813
6015
6039
6814
6016
6040
6815
6017
6041
6816
6018
6042
6817
6019
6043
6818
6020
6044
6819
6021
6045
6820
6022
6046
6821
6023
6047
6822
6024
6048
6823
6049
6824
6026
6050
6825
6027
6051
6826
6028
6052
6827
6029
6053
6828
6030
6054
6829
6031
6055
6830
6032
6056
6831
6033
6057
6832
6034
6058
6833
6035
6059
6834
6036
6060
6835
6037
6061
6836
6038
6062
6837
6039
6063
6838
6040
6064
6839
6041
6065
6840
6042
6066
6841
6043
6067
6842
6044
6068
6843
6045
6069
6844
6046
6070
6845
6047
6071
6846
6048
6072
6847
6049
6073
6848
6074
6849
6051
6075
6850
6052
6076
6851
6053
6077
6852
6054
6078
6853
6055
6079
6854
6056
6080
6855
6057
6081
6856
6058
6082
6857
6059
6083
6858
6060
6084
6859
6061
6085
6860
6062
6086
6861
6063
6087
6862
6064
6088
6863
6065
6089
6864
6066
6090
6865
6067
6091
6866
6068
6092
6867
6069
6093
6868
6070
6094
6869
6071
6095
6870
6072
6096
6871
6073
6097
6872
6074
6098
6873
6099
6874
6076
6100
6875
6077
6101
6876
6078
6102
6877
6079
6103
6878
6080
6104
6879
6081
6105
6880
6082
6106
6881
6083
6107
6882
6084
6108
6883
6085
6109
6884
6086
6110
6885
6087
6111
6886
6088
6112
6887
6089
6113
6888
6090
6114
6889
6091
6115
6890
6092
6116
6891
6093
6117
6892
6094
6118
6893
6095
6119
6894
6096
6120
6895
6097
6121
6896
6098
6122
6897
6099
6123
6898
6124
6899
6101
6125
6900
6102
6126
6901
6103
6127
6902
6104
6128
6903
6105
6129
6904
6106
6130
6905
6107
6131
6906
6108
6132
6907
6109
6133
6908
6110
6134
6909
6111
6135
6910
6112
6136
6911
6113
6137
6912
6114
6138
6913
6115
6139
6914
6116
6140
6915
6117
6141
6916
6118
6142
6917
6119
6143
6918
6120
6144
6919
6121
6145
6920
6122
6146
6921
6123
6147
6922
6124
6148
6923
6149
6924
6126
6150
6925
6127
6151
6926
6128
6152
6927
6129
6153
6928
6130
6154
6929
6131
6155
6930
6132
6156
6931
6133
6157
6932
6134
6158
6933
6135
6159
6934
6136
6160
6935
6137
6161
6936
6138
6162
6937
6139
6163
6938
6140
6164
6939
6141
6165
6940
6142
6166
6941
6143
6167
6942
6144
6168
6943
6145
6169
6944
6146
6170
6945
6147
6171
6946
6148
6172
6947
6149
6173
6948
6174
6949
6151
6175
6950
6152
6176
6951
6153
6177
6952
6154
6178
6953
6155
6179
6954
6156
6180
6955
6157
6181
6956
6158
6182
6957
6159
6183
6958
6160
6184
6959
6161
6185
6960
6162
6186
6961
6163
6187
6962
6164
6188
6963
6165
6189
6964
6166
6190
6965
6167
6191
6966
6168
6192
6967
6169
6193
6968
6170
6194
6969
6171
6195
6970
6172
6196
6971
6173
6197
6972
6174
6198
6973
6199
6974
6176
6200
6975
6177
6201
6976
6178
6202
6977
6179
6203
6978
6180
6204
6979
6181
6205
6980
6182
6206
6981
6183
6207
6982
6184
6208
6983
6185
6209
6984
6186
6210
6985
6187
6211
6986
6188
6212
6987
6189
6213
6988
6190
6214
6989
6191
6215
6990
6192
6216
6991
6193
6217
6992
6194
6218
6993
6195
6219
6994
6196
6220
6995
6197
6221
6996
6198
6222
6997
6199
6223
6998
6224
6999
6201
6225
7000
6202
6226
7001
6203
6227
7002
6204
6228
7003
6205
6229
7004
6206
6230
7005
6207
6231
7006
6208
6232
7007
6209
6233
7008
6210
6234
7009
6211
6235
7010
6212
6236
7011
6213
6237
7012
6214
6238
7013
6215
6239
7014
6216
6240
7015
6217
6241
7016
6218
6242
7017
6219
6243
7018
6220
6244
7019
6221
6245
7020
6222
6246
7021
6223
6247
7022
6224
6248
7023
6249
7024
6226
6250
7025
6227
6251
7026
6228
6252
7027
6229
6253
7028
6230
6254
7029
6231
6255
7030
6232
6256
7031
6233
6257
7032
6234
6258
7033
6235
6259
7034
6236
6260
7035
6237
6261
7036
6238
6262
7037
6239
6263
7038
6240
6264
7039
6241
6265
7040
6242
6266
7041
6243
6267
7042
6244
6268
7043
6245
6269
7044
6246
6270
7045
6247
6271
7046
6248
6272
7047
6249
6273
7048
6274
7049
6251
6275
7050
6252
6276
7051
6253
6277
7052
6254
6278
7053
6255
6279
7054
6256
6280
7055
6257
6281
7056
6258
6282
7057
6259
6283
7058
6260
6284
7059
6261
6285
7060
6262
6286
7061
6263
6287
7062
6264
6288
7063
6265
6289
7064
6266
6290
7065
6267
6291
7066
6268
6292
7067
6269
6293
7068
6270
6294
7069
6271
6295
7070
6272
6296
7071
6273
6297
7072
6274
6298
7073
6299
7074
6276
6300
7075
6277
6301
7076
6278
6302
7077
6279
6303
7078
6280
6304
7079
6281
6305
7080
6282
6306
7081
6283
6307
7082
6284
6308
7083
6285
6309
7084
6286
6310
7085
6287
6311
7086
6288
6312
7087
6289
6313
7088
6290
6314
7089
6291
6315
7090
6292
6316
7091
6293
6317
7092
6294
6318
7093
6295
6319
7094
6296
6320
7095
6297
6321
7096
6298
6322
7097
6299
6323
7098
6324
7099
6301
6325
7100
6302
6326
7101
6303
6327
7102
6304
6328
7103
6305
6329
7104
6306
6330
7105
6307
6331
7106
6308
6332
7107
6309
6333
7108
6310
6334
7109
6311
6335
7110
6312
6336
7111
6313
6337
7112
6314
6338
7113
6315
6339
7114
6316
6340
7115
6317
6341
7116
6318
6342
7117
6319
6343
7118
6320
6344
7119
6321
6345
7120
6322
6346
7121
6323
6347
7122
6324
6348
7123
6349
7124
6326
6350
7125
6327
6351
7126
6328
6352
7127
6329
6353
7128
6330
6354
7129
6331
6355
7130
6332
6356
7131
6333
6357
7132
6334
6358
7133
6335
6359
7134
6336
6360
7135
6337
6361
7136
6338
6362
7137
6339
6363
7138
6340
6364
7139
6341
6365
7140
6342
6366
7141
6343
6367
7142
6344
6368
7143
6345
6369
7144
6346
6370
7145
6347
6371
7146
6348
6372
7147
6349
6373
7148
6374
7149
6351
6375
7150
6352
6376
7151
6353
6377
7152
6354
6378
7153
6355
6379
7154
6356
6380
7155
6357
6381
7156
6358
6382
7157
6359
6383
7158
6360
6384
7159
6361
6385
7160
6362
6386
7161
6363
6387
7162
6364
6388
7163
6365
6389
7164
6366
6390
7165
6367
6391
7166
6368
6392
7167
6369
6393
7168
6370
6394
7169
6371
6395
7170
6372
6396
7171
6373
6397
7172
6374
6398
7173
6399
7174
6376
7175
6377
7176
6378
7177
6379
7178
6380
7179
6381
7180
6382
7181
6383
7182
6384
7183
6385
7184
6386
7185
6387
7186
6388
7187
6389
7188
6390
7189
6391
7190
6392
7191
6393
7192
6394
7193
6395
7194
6396
7195
6397
7196
6398
7197
6399
7198
7199
6401
6425
7200
6402
6426
7201
6403
6427
7202
6404
6428
7203
6405
6429
7204
6406
6430
7205
6407
6431
7206
6408
6432
7207
6409
6433
7208
6410
6434
7209
6411
6435
7210
6412
6436
7211
6413
6437
7212
6414
6438
7213
6415
6439
7214
6416
6440
7215
6417
6441
7216
6418
6442
7217
6419
6443
7218
6420
6444
7219
6421
6445
7220
6422
6446
7221
6423
6447
7222
6424
6448
7223
6449
7224
6426
6450
7225
6427
6451
7226
6428
6452
7227
6429
6453
7228
6430
6454
7229
6431
6455
7230
6432
6456
7231
6433
6457
7232
6434
6458
7233
6435
6459
7234
6436
6460
7235
6437
6461
7236
6438
6462
7237
6439
6463
7238
6440
6464
7239
6441
6465
7240
6442
6466
7241
6443
6467
7242
6444
6468
7243
6445
6469
7244
6446
6470
7245
6447
6471
7246
6448
6472
7247
6449
6473
7248
6474
7249
6451
6475
7250
6452
6476
7251
6453
6477
7252
6454
6478
7253
6455
6479
7254
6456
6480
7255
6457
6481
7256
6458
6482
7257
6459
6483
7258
6460
6484
7259
6461
6485
7260
6462
6486
7261
6463
6487
7262
6464
6488
7263
6465
6489
7264
6466
6490
7265
6467
6491
7266
6468
6492
7267
6469
6493
7268
6470
6494
7269
6471
6495
7270
6472
6496
7271
6473
6497
7272
6474
6498
7273
6499
7274
6476
6500
7275
6477
6501
7276
6478
6502
7277
6479
6503
7278
6480
6504
7279
6481
6505
7280
6482
6506
7281
6483
6507
7282
6484
6508
7283
6485
6509
7284
6486
6510
7285
6487
6511
7286
6488
6512
7287
6489
6513
7288
6490
6514
7289
6491
6515
7290
6492
6516
7291
6493
6517
7292
6494
6518
7293
6495
6519
7294
6496
6520
7295
6497
6521
7296
6498
6522
7297
6499
6523
7298
6524
7299
6501
6525
7300
6502
6526
7301
6503
6527
7302
6504
6528
7303
6505
6529
7304
6506
6530
7305
6507
6531
7306
6508
6532
7307
6509
6533
7308
6510
6534
7309
6511
6535
7310
6512
6536
7311
6513
6537
7312
6514
6538
7313
6515
6539
7314
6516
6540
7315
6517
6541
7316
6518
6542
7317
6519
6543
7318
6520
6544
7319
6521
6545
7320
6522
6546
7321
6523
6547
7322
6524
6548
7323
6549
7324
6526
6550
7325
6527
6551
7326
6528
6552
7327
6529
6553
7328
6530
6554
7329
6531
6555
7330
6532
6556
7331
6533
6557
7332
6534
6558
7333
6535
6559
7334
6536
6560
7335
6537
6561
7336
6538
6562
7337
6539
6563
7338
6540
6564
7339
6541
6565
7340
6542
6566
7341
6543
6567
7342
6544
6568
7343
6545
6569
7344
6546
6570
7345
6547
6571
7346
6548
6572
7347
6549
6573
7348
6574
7349
6551
6575
7350
6552
6576
7351
6553
6577
7352
6554
6578
7353
6555
6579
7354
6556
6580
7355
6557
6581
7356
6558
6582
7357
6559
6583
7358
6560
6584
7359
6561
6585
7360
6562
6586
7361
6563
6587
7362
6564
6588
7363
6565
6589
7364
6566
6590
7365
6567
6591
7366
6568
6592
7367
6569
6593
7368
6570
6594
7369
6571
6595
7370
6572
6596
7371
6573
6597
7372
6574
6598
7373
6599
7374
6576
6600
7375
6577
6601
7376
6578
6602
7377
6579
6603
7378
6580
6604
7379
6581
6605
7380
6582
6606
7381
6583
6607
7382
6584
6608
7383
6585
6609
7384
6586
6610
7385
6587
6611
7386
6588
6612
7387
6589
6613
7388
6590
6614
7389
6591
6615
7390
6592
6616
7391
6593
6617
7392
6594
6618
7393
6595
6619
7394
6596
6620
7395
6597
6621
7396
6598
6622
7397
6599
6623
7398
6624
7399
6601
6625
7400
6602
6626
7401
6603
6627
7402
6604
6628
7403
6605
6629
7404
6606
6630
7405
6607
6631
7406
6608
6632
7407
6609
6633
7408
6610
6634
7409
6611
6635
7410
6612
6636
7411
6613
6637
7412
6614
6638
7413
6615
6639
7414
6616
6640
7415
6617
6641
7416
6618
6642
7417
6619
6643
7418
6620
6644
7419
6621
6645
7420
6622
6646
7421
6623
6647
7422
6624
6648
7423
6649
7424
6626
6650
7425
6627
6651
7426
6628
6652
7427
6629
6653
7428
6630
6654
7429
6631
6655
7430
6632
6656
7431
6633
6657
7432
6634
6658
7433
6635
6659
7434
6636
6660
7435
6637
6661
7436
6638
6662
7437
6639
6663
7438
6640
6664
7439
6641
6665
7440
6642
6666
7441
6643
6667
7442
6644
6668
7443
6645
6669
7444
6646
6670
7445
6647
6671
7446
6648
6672
7447
6649
6673
7448
6674
7449
6651
6675
7450
6652
6676
7451
6653
6677
7452
6654
6678
7453
6655
6679
7454
6656
6680
7455
6657
6681
7456
6658
6682
7457
6659
6683
7458
6660
6684
7459
6661
6685
7460
6662
6686
7461
6663
6687
7462
6664
6688
7463
6665
6689
7464
6666
6690
7465
6667
6691
7466
6668
6692
7467
6669
6693
7468
6670
6694
7469
6671
6695
7470
6672
6696
7471
6673
6697
7472
6674
6698
7473
6699
7474
6676
6700
7475
6677
6701
7476
6678
6702
7477
6679
6703
7478
6680
6704
7479
6681
6705
7480
6682
6706
7481
6683
6707
7482
6684
6708
7483
6685
6709
7484
6686
6710
7485
6687
6711
7486
6688
6712
7487
6689
6713
7488
6690
6714
7489
6691
6715
7490
6692
6716
7491
6693
6717
7492
6694
6718
7493
6695
6719
7494
6696
6720
7495
6697
6721
7496
6698
6722
7497
6699
6723
7498
6724
7499
6701
6725
7500
6702
6726
7501
6703
6727
7502
6704
6728
7503
6705
6729
7504
6706
6730
7505
6707
6731
7506
6708
6732
7507
6709
6733
7508
6710
6734
7509
6711
6735
7510
6712
6736
7511
6713
6737
7512
6714
6738
7513
6715
6739
7514
6716
6740
7515
6717
6741
7516
6718
6742
7517
6719
6743
7518
6720
6744
7519
6721
6745
7520
6722
6746
7521
6723
6747
7522
6724
6748
7523
6749
7524
6726
6750
7525
6727
6751
7526
6728
6752
7527
6729
6753
7528
6730
6754
7529
6731
6755
7530
6732
6756
7531
6733
6757
7532
6734
6758
7533
6735
6759
7534
6736
6760
7535
6737
6761
7536
6738
6762
7537
6739
6763
7538
6740
6764
7539
6741
6765
7540
6742
6766
7541
6743
6767
7542
6744
6768
7543
6745
6769
7544
6746
6770
7545
6747
6771
7546
6748
6772
7547
6749
6773
7548
6774
7549
6751
6775
7550
6752
6776
7551
6753
6777
7552
6754
6778
7553
6755
6779
7554
6756
6780
7555
6757
6781
7556
6758
6782
7557
6759
6783
7558
6760
6784
7559
6761
6785
7560
6762
6786
7561
6763
6787
7562
6764
6788
7563
6765
6789
7564
6766
6790
7565
6767
6791
7566
6768
6792
7567
6769
6793
7568
6770
6794
7569
6771
6795
7570
6772
6796
7571
6773
6797
7572
6774
6798
7573
6799
7574
6776
6800
7575
6777
6801
7576
6778
6802
7577
6779
6803
7578
6780
6804
7579
6781
6805
7580
6782
6806
7581
6783
6807
7582
6784
6808
7583
6785
6809
7584
6786
6810
7585
6787
6811
7586
6788
6812
7587
6789
6813
7588
6790
6814
7589
6791
6815
7590
6792
6816
7591
6793
6817
7592
6794
6818
7593
6795
6819
7594
6796
6820
7595
6797
6821
7596
6798
6822
7597
6799
6823
7598
6824
7599
6801
6825
7600
6802
6826
7601
6803
6827
7602
6804
6828
7603
6805
6829
7604
6806
6830
7605
6807
6831
7606
6808
6832
7607
6809
6833
7608
6810
6834
7609
6811
6835
7610
6812
6836
7611
6813
6837
7612
6814
6838
7613
6815
6839
7614
6816
6840
7615
6817
6841
7616
6818
6842
7617
6819
6843
7618
6820
6844
7619
6821
6845
7620
6822
6846
7621
6823
6847
7622
6824
6848
7623
6849
7624
6826
6850
7625
6827
6851
7626
6828
6852
7627
6829
6853
7628
6830
6854
7629
6831
6855
7630
6832
6856
7631
6833
6857
7632
6834
6858
7633
6835
6859
7634
6836
6860
7635
6837
6861
7636
6838
6862
7637
6839
6863
7638
6840
6864
7639
6841
6865
7640
6842
6866
7641
6843
6867
7642
6844
6868
7643
6845
6869
7644
6846
6870
7645
6847
6871
7646
6848
6872
7647
6849
6873
7648
6874
7649
6851
6875
7650
6852
6876
7651
6853
6877
7652
6854
6878
7653
6855
6879
7654
6856
6880
7655
6857
6881
7656
6858
6882
7657
6859
6883
7658
6860
6884
7659
6861
6885
7660
6862
6886
7661
6863
6887
7662
6864
6888
7663
6865
6889
7664
6866
6890
7665
6867
6891
7666
6868
6892
7667
6869
6893
7668
6870
6894
7669
6871
6895
7670
6872
6896
7671
6873
6897
7672
6874
6898
7673
6899
7674
6876
6900
7675
6877
6901
7676
6878
6902
7677
6879
6903
7678
6880
6904
7679
6881
6905
7680
6882
6906
7681
6883
6907
7682
6884
6908
7683
6885
6909
7684
6886
6910
7685
6887
6911
7686
6888
6912
7687
6889
6913
7688
6890
6914
7689
6891
6915
7690
6892
6916
7691
6893
6917
7692
6894
6918
7693
6895
6919
7694
6896
6920
7695
6897
6921
7696
6898
6922
7697
6899
6923
7698
6924
7699
6901
6925
7700
6902
6926
7701
6903
6927
7702
6904
6928
7703
6905
6929
7704
6906
6930
7705
6907
6931
7706
6908
6932
7707
6909
6933
7708
6910
6934
7709
6911
6935
7710
6912
6936
7711
6913
6937
7712
6914
6938
7713
6915
6939
7714
6916
6940
7715
6917
6941
7716
6918
6942
7717
6919
6943
7718
6920
6944
7719
6921
6945
7720
6922
6946
7721
6923
6947
7722
6924
6948
7723
6949
7724
6926
6950
7725
6927
6951
7726
6928
6952
7727
6929
6953
7728
6930
6954
7729
6931
6955
7730
6932
6956
7731
6933
6957
7732
6934
6958
7733
6935
6959
7734
6936
6960
7735
6937
6961
7736
6938
6962
7737
6939
6963
7738
6940
6964
7739
6941
6965
7740
6942
6966
7741
6943
6967
7742
6944
6968
7743
6945
6969
7744
6946
6970
7745
6947
6971
7746
6948
6972
7747
6949
6973
7748
6974
7749
6951
6975
7750
6952
6976
7751
6953
6977
7752
6954
6978
7753
6955
6979
7754
6956
6980
7755
6957
6981
7756
6958
6982
7757
6959
6983
7758
6960
6984
7759
6961
6985
7760
6962
6986
7761
6963
6987
7762
6964
6988
7763
6965
6989
7764
6966
6990
7765
6967
6991
7766
6968
6992
7767
6969
6993
7768
6970
6994
7769
6971
6995
7770
6972
6996
7771
6973
6997
7772
6974
6998
7773
6999
7774
6976
7000
7775
6977
7001
7776
6978
7002
7777
6979
7003
7778
6980
7004
7779
6981
7005
7780
6982
7006
7781
6983
7007
7782
6984
7008
7783
6985
7009
7784
6986
7010
7785
6987
7011
7786
6988
7012
7787
6989
7013
7788
6990
7014
7789
6991
7015
7790
6992
7016
7791
6993
7017
7792
6994
7018
7793
6995
7019
7794
6996
7020
7795
6997
7021
7796
6998
7022
7797
6999
7023
7798
7024
7799
7001
7025
7800
7002
7026
7801
7003
7027
7802
7004
7028
7803
7005
7029
7804
7006
7030
7805
7007
7031
7806
7008
7032
7807
7009
7033
7808
7010
7034
7809
7011
7035
7810
7012
7036
7811
7013
7037
7812
7014
7038
7813
7015
7039
7814
7016
7040
7815
7017
7041
7816
7018
7042
7817
7019
7043
7818
7020
7044
7819
7021
7045
7820
7022
7046
7821
7023
7047
7822
7024
7048
7823
7049
7824
7026
7050
7825
7027
7051
7826
7028
7052
7827
7029
7053
7828
7030
7054
7829
7031
7055
7830
7032
7056
7831
7033
7057
7832
7034
7058
7833
7035
7059
7834
7036
7060
7835
7037
7061
7836
7038
7062
7837
7039
7063
7838
7040
7064
7839
7041
7065
7840
7042
7066
7841
7043
7067
7842
7044
7068
7843
7045
7069
7844
7046
7070
7845
7047
7071
7846
7048
7072
7847
7049
7073
7848
7074
7849
7051
7075
7850
7052
7076
7851
7053
7077
7852
7054
7078
7853
7055
7079
7854
7056
7080
7855
7057
7081
7856
7058
7082
7857
7059
7083
7858
7060
7084
7859
7061
7085
7860
7062
7086
7861
7063
7087
7862
7064
7088
7863
7065
7089
7864
7066
7090
7865
7067
7091
7866
7068
7092
7867
7069
7093
7868
7070
7094
7869
7071
7095
7870
7072
7096
7871
7073
7097
7872
7074
7098
7873
7099
7874
7076
7100
7875
7077
7101
7876
7078
7102
7877
7079
7103
7878
7080
7104
7879
7081
7105
7880
7082
7106
7881
7083
7107
7882
7084
7108
7883
7085
7109
7884
7086
7110
7885
7087
7111
7886
7088
7112
7887
7089
7113
7888
7090
7114
7889
7091
7115
7890
7092
7116
7891
7093
7117
7892
7094
7118
7893
7095
7119
7894
7096
7120
7895
7097
7121
7896
7098
7122
7897
7099
7123
7898
7124
7899
7101
7125
7900
7102
7126
7901
7103
7127
7902
7104
7128
7903
7105
7129
7904
7106
7130
7905
7107
7131
7906
7108
7132
7907
7109
7133
7908
7110
7134
7909
7111
7135
7910
7112
7136
7911
7113
7137
7912
7114
7138
7913
7115
7139
7914
7116
7140
7915
7117
7141
7916
7118
7142
7917
7119
7143
7918
7120
7144
7919
7121
7145
7920
7122
7146
7921
7123
7147
7922
7124
7148
7923
7149
7924
7126
7150
7925
7127
7151
7926
7128
7152
7927
7129
7153
7928
7130
7154
7929
7131
7155
7930
7132
7156
7931
7133
7157
7932
7134
7158
7933
7135
7159
7934
7136
7160
7935
7137
7161
7936
7138
7162
7937
7139
7163
7938
7140
7164
7939
7141
7165
7940
7142
7166
7941
7143
7167
7942
7144
7168
7943
7145
7169
7944
7146
7170
7945
7147
7171
7946
7148
7172
7947
7149
7173
7948
7174
7949
7151
7175
7950
7152
7176
7951
7153
7177
7952
7154
7178
7953
7155
7179
7954
7156
7180
7955
7157
7181
7956
7158
7182
7957
7159
7183
7958
7160
7184
7959
7161
7185
7960
7162
7186
7961
7163
7187
7962
7164
7188
7963
7165
7189
7964
7166
7190
7965
7167
7191
7966
7168
7192
7967
7169
7193
7968
7170
7194
7969
7171
7195
7970
7172
7196
7971
7173
7197
7972
7174
7198
7973
7199
7974
7176
7975
7177
7976
7178
7977
7179
7978
7180
7979
7181
7980
7182
7981
7183
7982
7184
7983
7185
7984
7186
7985
7187
7986
7188
7987
7189
7988
7190
7989
7191
7990
7192
7991
7193
7992
7194
7993
7195
7994
7196
7995
7197
7996
7198
7997
7199
7998
7999
7201
7225
8000
7202
7226
8001
7203
7227
8002
7204
7228
8003
7205
7229
8004
7206
7230
8005
7207
7231
8006
7208
7232
8007
7209
7233
8008
7210
7234
8009
7211
7235
8010
7212
7236
8011
7213
7237
8012
7214
7238
8013
7215
7239
8014
7216
7240
8015
7217
7241
8016
7218
7242
8017
7219
7243
8018
7220
7244
8019
7221
7245
8020
7222
7246
8021
7223
7247
8022
7224
7248
8023
7249
8024
7226
7250
8025
7227
7251
8026
7228
7252
8027
7229
7253
8028
7230
7254
8029
7231
7255
8030
7232
7256
8031
7233
7257
8032
7234
7258
8033
7235
7259
8034
7236
7260
8035
7237
7261
8036
7238
7262
8037
7239
7263
8038
7240
7264
8039
7241
7265
8040
7242
7266
8041
7243
7267
8042
7244
7268
8043
7245
7269
8044
7246
7270
8045
7247
7271
8046
7248
7272
8047
7249
7273
8048
7274
8049
7251
7275
8050
7252
7276
8051
7253
7277
8052
7254
7278
8053
7255
7279
8054
7256
7280
8055
7257
7281
8056
7258
7282
8057
7259
7283
8058
7260
7284
8059
7261
7285
8060
7262
7286
8061
7263
7287
8062
7264
7288
8063
7265
7289
8064
7266
7290
8065
7267
7291
8066
7268
7292
8067
7269
7293
8068
7270
7294
8069
7271
7295
8070
7272
7296
8071
7273
7297
8072
7274
7298
8073
7299
8074
7276
7300
8075
7277
7301
8076
7278
7302
8077
7279
7303
8078
7280
7304
8079
7281
7305
8080
7282
7306
8081
7283
7307
8082
7284
7308
8083
7285
7309
8084
7286
7310
8085
7287
7311
8086
7288
7312
8087
7289
7313
8088
7290
7314
8089
7291
7315
8090
7292
7316
8091
7293
7317
8092
7294
7318
8093
7295
7319
8094
7296
7320
8095
7297
7321
8096
7298
7322
8097
7299
7323
8098
7324
8099
7301
7325
8100
7302
7326
8101
7303
7327
8102
7304
7328
8103
7305
7329
8104
7306
7330
8105
7307
7331
8106
7308
7332
8107
7309
7333
8108
7310
7334
8109
7311
7335
8110
7312
7336
8111
7313
7337
8112
7314
7338
8113
7315
7339
8114
7316
7340
8115
7317
7341
8116
7318
7342
8117
7319
7343
8118
7320
7344
8119
7321
7345
8120
7322
7346
8121
7323
7347
8122
7324
7348
8123
7349
8124
7326
7350
8125
7327
7351
8126
7328
7352
8127
7329
7353
8128
7330
7354
8129
7331
7355
8130
7332
7356
8131
7333
7357
8132
7334
7358
8133
7335
7359
8134
7336
7360
8135
7337
7361
8136
7338
7362
8137
7339
7363
8138
7340
7364
8139
7341
7365
8140
7342
7366
8141
7343
7367
8142
7344
7368
8143
7345
7369
8144
7346
7370
8145
7347
7371
8146
7348
7372
8147
7349
7373
8148
7374
8149
7351
7375
8150
7352
7376
8151
7353
7377
8152
7354
7378
8153
7355
7379
8154
7356
7380
8155
7357
7381
8156
7358
7382
8157
7359
7383
8158
7360
7384
8159
7361
7385
8160
7362
7386
8161
7363
7387
8162
7364
7388
8163
7365
7389
8164
7366
7390
8165
7367
7391
8166
7368
7392
8167
7369
7393
8168
7370
7394
8169
7371
7395
8170
7372
7396
8171
7373
7397
8172
7374
7398
8173
7399
8174
7376
7400
8175
7377
7401
8176
7378
7402
8177
7379
7403
8178
7380
7404
8179
7381
7405
8180
7382
7406
8181
7383
7407
8182
7384
7408
8183
7385
7409
8184
7386
7410
8185
7387
7411
8186
7388
7412
8187
7389
7413
8188
7390
7414
8189
7391
7415
8190
7392
7416
8191
7393
7417
8192
7394
7418
8193
7395
7419
8194
7396
7420
8195
7397
7421
8196
7398
7422
8197
7399
7423
8198
7424
8199
7401
7425
8200
7402
7426
8201
7403
7427
8202
7404
7428
8203
7405
7429
8204
7406
7430
8205
7407
7431
8206
7408
7432
8207
7409
7433
8208
7410
7434
8209
7411
7435
8210
7412
7436
8211
7413
7437
8212
7414
7438
8213
7415
7439
8214
7416
7440
8215
7417
7441
8216
7418
7442
8217
7419
7443
8218
7420
7444
8219
7421
7445
8220
7422
7446
8221
7423
7447
8222
7424
7448
8223
7449
8224
7426
7450
8225
7427
7451
8226
7428
7452
8227
7429
7453
8228
7430
7454
8229
7431
7455
8230
7432
7456
8231
7433
7457
8232
7434
7458
8233
7435
7459
8234
7436
7460
8235
7437
7461
8236
7438
7462
8237
7439
7463
8238
7440
7464
8239
7441
7465
8240
7442
7466
8241
7443
7467
8242
7444
7468
8243
7445
7469
8244
7446
7470
8245
7447
7471
8246
7448
7472
8247
7449
7473
8248
7474
8249
7451
7475
8250
7452
7476
8251
7453
7477
8252
7454
7478
8253
7455
7479
8254
7456
7480
8255
7457
7481
8256
7458
7482
8257
7459
7483
8258
7460
7484
8259
7461
7485
8260
7462
7486
8261
7463
7487
8262
7464
7488
8263
7465
7489
8264
7466
7490
8265
7467
7491
8266
7468
7492
8267
7469
7493
8268
7470
7494
8269
7471
7495
8270
7472
7496
8271
7473
7497
8272
7474
7498
8273
7499
8274
7476
7500
8275
7477
7501
8276
7478
7502
8277
7479
7503
8278
7480
7504
8279
7481
7505
8280
7482
7506
8281
7483
7507
8282
7484
7508
8283
7485
7509
8284
7486
7510
8285
7487
7511
8286
7488
7512
8287
7489
7513
8288
7490
7514
8289
7491
7515
8290
7492
7516
8291
7493
7517
8292
7494
7518
8293
7495
7519
8294
7496
7520
8295
7497
7521
8296
7498
7522
8297
7499
7523
8298
7524
8299
7501
7525
8300
7502
7526
8301
7503
7527
8302
7504
7528
8303
7505
7529
8304
7506
7530
8305
7507
7531
8306
7508
7532
8307
7509
7533
8308
7510
7534
8309
7511
7535
8310
7512
7536
8311
7513
7537
8312
7514
7538
8313
7515
7539
8314
7516
7540
8315
7517
7541
8316
7518
7542
8317
7519
7543
8318
7520
7544
8319
7521
7545
8320
7522
7546
8321
7523
7547
8322
7524
7548
8323
7549
8324
7526
7550
8325
7527
7551
8326
7528
7552
8327
7529
7553
8328
7530
7554
8329
7531
7555
8330
7532
7556
8331
7533
7557
8332
7534
7558
8333
7535
7559
8334
7536
7560
8335
7537
7561
8336
7538
7562
8337
7539
7563
8338
7540
7564
8339
7541
7565
8340
7542
7566
8341
7543
7567
8342
7544
7568
8343
7545
7569
8344
7546
7570
8345
7547
7571
8346
7548
7572
8347
7549
7573
8348
7574
8349
7551
7575
8350
7552
7576
8351
7553
7577
8352
7554
7578
8353
7555
7579
8354
7556
7580
8355
7557
7581
8356
7558
7582
8357
7559
7583
8358
7560
7584
8359
7561
7585
8360
7562
7586
8361
7563
7587
8362
7564
7588
8363
7565
7589
8364
7566
7590
8365
7567
7591
8366
7568
7592
8367
7569
7593
8368
7570
7594
8369
7571
7595
8370
7572
7596
8371
7573
7597
8372
7574
7598
8373
7599
8374
7576
7600
8375
7577
7601
8376
7578
7602
8377
7579
7603
8378
7580
7604
8379
7581
7605
8380
7582
7606
8381
7583
7607
8382
7584
7608
8383
7585
7609
8384
7586
7610
8385
7587
7611
8386
7588
7612
8387
7589
7613
8388
7590
7614
8389
7591
7615
8390
7592
7616
8391
7593
7617
8392
7594
7618
8393
7595
7619
8394
7596
7620
8395
7597
7621
8396
7598
7622
8397
7599
7623
8398
7624
8399
7601
7625
8400
7602
7626
8401
7603
7627
8402
7604
7628
8403
7605
7629
8404
7606
7630
8405
7607
7631
8406
7608
7632
8407
7609
7633
8408
7610
7634
8409
7611
7635
8410
7612
7636
8411
7613
7637
8412
7614
7638
8413
7615
7639
8414
7616
7640
8415
7617
7641
8416
7618
7642
8417
7619
7643
8418
7620
7644
8419
7621
7645
8420
7622
7646
8421
7623
7647
8422
7624
7648
8423
7649
8424
7626
7650
8425
7627
7651
8426
7628
7652
8427
7629
7653
8428
7630
7654
8429
7631
7655
8430
7632
7656
8431
7633
7657
8432
7634
7658
8433
7635
7659
8434
7636
7660
8435
7637
7661
8436
7638
7662
8437
7639
7663
8438
7640
7664
8439
7641
7665
8440
7642
7666
8441
7643
7667
8442
7644
7668
8443
7645
7669
8444
7646
7670
8445
7647
7671
8446
7648
7672
8447
7649
7673
8448
7674
8449
7651
7675
8450
7652
7676
8451
7653
7677
8452
7654
7678
8453
7655
7679
8454
7656
7680
8455
7657
7681
8456
7658
7682
8457
7659
7683
8458
7660
7684
8459
7661
7685
8460
7662
7686
8461
7663
7687
8462
7664
7688
8463
7665
7689
8464
7666
7690
8465
7667
7691
8466
7668
7692
8467
7669
7693
8468
7670
7694
8469
7671
7695
8470
7672
7696
8471
7673
7697
8472
7674
7698
8473
7699
8474
7676
7700
8475
7677
7701
8476
7678
7702
8477
7679
7703
8478
7680
7704
8479
7681
7705
8480
7682
7706
8481
7683
7707
8482
7684
7708
8483
7685
7709
8484
7686
7710
8485
7687
7711
8486
7688
7712
8487
7689
7713
8488
7690
7714
8489
7691
7715
8490
7692
7716
8491
7693
7717
8492
7694
7718
8493
7695
7719
8494
7696
7720
8495
7697
7721
8496
7698
7722
8497
7699
7723
8498
7724
8499
7701
7725
8500
7702
7726
8501
7703
7727
8502
7704
7728
8503
7705
7729
8504
7706
7730
8505
7707
7731
8506
7708
7732
8507
7709
7733
8508
7710
7734
8509
7711
7735
8510
7712
7736
8511
7713
7737
8512
7714
7738
8513
7715
7739
8514
7716
7740
8515
7717
7741
8516
7718
7742
8517
7719
7743
8518
7720
7744
8519
7721
7745
8520
7722
7746
8521
7723
7747
8522
7724
7748
8523
7749
8524
7726
7750
8525
7727
7751
8526
7728
7752
8527
7729
7753
8528
7730
7754
8529
7731
7755
8530
7732
7756
8531
7733
7757
8532
7734
7758
8533
7735
7759
8534
7736
7760
8535
7737
7761
8536
7738
7762
8537
7739
7763
8538
7740
7764
8539
7741
7765
8540
7742
7766
8541
7743
7767
8542
7744
7768
8543
7745
7769
8544
7746
7770
8545
7747
7771
8546
7748
7772
8547
7749
7773
8548
7774
8549
7751
7775
8550
7752
7776
8551
7753
7777
8552
7754
7778
8553
7755
7779
8554
7756
7780
8555
7757
7781
8556
7758
7782
8557
7759
7783
8558
7760
7784
8559
7761
7785
8560
7762
7786
8561
7763
7787
8562
7764
7788
8563
7765
7789
8564
7766
7790
8565
7767
7791
8566
7768
7792
8567
7769
7793
8568
7770
7794
8569
7771
7795
8570
7772
7796
8571
7773
7797
8572
7774
7798
8573
7799
8574
7776
7800
8575
7777
7801
8576
7778
7802
8577
7779
7803
8578
7780
7804
8579
7781
7805
8580
7782
7806
8581
7783
7807
8582
7784
7808
8583
7785
7809
8584
7786
7810
8585
7787
7811
8586
7788
7812
8587
7789
7813
8588
7790
7814
8589
7791
7815
8590
7792
7816
8591
7793
7817
8592
7794
7818
8593
7795
7819
8594
7796
7820
8595
7797
7821
8596
7798
7822
8597
7799
7823
8598
7824
8599
7801
7825
8600
7802
7826
8601
7803
7827
8602
7804
7828
8603
7805
7829
8604
7806
7830
8605
7807
7831
8606
7808
7832
8607
7809
7833
8608
7810
7834
8609
7811
7835
8610
7812
7836
8611
7813
7837
8612
7814
7838
8613
7815
7839
8614
7816
7840
8615
7817
7841
8616
7818
7842
8617
7819
7843
8618
7820
7844
8619
7821
7845
8620
7822
7846
8621
7823
7847
8622
7824
7848
8623
7849
8624
7826
7850
8625
7827
7851
8626
7828
7852
8627
7829
7853
8628
7830
7854
8629
7831
7855
8630
7832
7856
8631
7833
7857
8632
7834
7858
8633
7835
7859
8634
7836
7860
8635
7837
7861
8636
7838
7862
8637
7839
7863
8638
7840
7864
8639
7841
7865
8640
7842
7866
8641
7843
7867
8642
7844
7868
8643
7845
7869
8644
7846
7870
8645
7847
7871
8646
7848
7872
8647
7849
7873
8648
7874
8649
7851
7875
8650
7852
7876
8651
7853
7877
8652
7854
7878
8653
7855
7879
8654
7856
7880
8655
7857
7881
8656
7858
7882
8657
7859
7883
8658
7860
7884
8659
7861
7885
8660
7862
7886
8661
7863
7887
8662
7864
7888
8663
7865
7889
8664
7866
7890
8665
7867
7891
8666
7868
7892
8667
7869
7893
8668
7870
7894
8669
7871
7895
8670
7872
7896
8671
7873
7897
8672
7874
7898
8673
7899
8674
7876
7900
8675
7877
7901
8676
7878
7902
8677
7879
7903
8678
7880
7904
8679
7881
7905
8680
7882
7906
8681
7883
7907
8682
7884
7908
8683
7885
7909
8684
7886
7910
8685
7887
7911
8686
7888
7912
8687
7889
7913
8688
7890
7914
8689
7891
7915
8690
7892
7916
8691
7893
7917
8692
7894
7918
8693
7895
7919
8694
7896
7920
8695
7897
7921
8696
7898
7922
8697
7899
7923
8698
7924
8699
7901
7925
8700
7902
7926
8701
7903
7927
8702
7904
7928
8703
7905
7929
8704
7906
7930
8705
7907
7931
8706
7908
7932
8707
7909
7933
8708
7910
7934
8709
7911
7935
8710
7912
7936
8711
7913
7937
8712
7914
7938
8713
7915
7939
8714
7916
7940
8715
7917
7941
8716
7918
7942
8717
7919
7943
8718
7920
7944
8719
7921
7945
8720
7922
7946
8721
7923
7947
8722
7924
7948
8723
7949
8724
7926
7950
8725
7927
7951
8726
7928
7952
8727
7929
7953
8728
7930
7954
8729
7931
7955
8730
7932
7956
8731
7933
7957
8732
7934
7958
8733
7935
7959
8734
7936
7960
8735
7937
7961
8736
7938
7962
8737
7939
7963
8738
7940
7964
8739
7941
7965
8740
7942
7966
8741
7943
7967
8742
7944
7968
8743
7945
7969
8744
7946
7970
8745
7947
7971
8746
7948
7972
8747
7949
7973
8748
7974
8749
7951
7975
8750
7952
7976
8751
7953
7977
8752
7954
7978
8753
7955
7979
8754
7956
7980
8755
7957
7981
8756
7958
7982
8757
7959
7983
8758
7960
7984
8759
7961
7985
8760
7962
7986
8761
7963
7987
8762
7964
7988
8763
7965
7989
8764
7966
7990
8765
7967
7991
8766
7968
7992
8767
7969
7993
8768
7970
7994
8769
7971
7995
8770
7972
7996
8771
7973
7997
8772
7974
7998
8773
7999
8774
7976
8775
7977
8776
7978
8777
7979
8778
7980
8779
7981
8780
7982
8781
7983
8782
7984
8783
7985
8784
7986
8785
7987
8786
7988
8787
7989
8788
7990
8789
7991
8790
7992
8791
7993
8792
7994
8793
7995
8794
7996
8795
7997
8796
7998
8797
7999
8798
8799
8001
8025
8800
8002
8026
8801
8003
8027
8802
8004
8028
8803
8005
8029
8804
8006
8030
8805
8007
8031
8806
8008
8032
8807
8009
8033
8808
8010
8034
8809
8011
8035
8810
8012
8036
8811
8013
8037
8812
8014
8038
8813
8015
8039
8814
8016
8040
8815
8017
8041
8816
8018
8042
8817
8019
8043
8818
8020
8044
8819
8021
8045
8820
8022
8046
8821
8023
8047
8822
8024
8048
8823
8049
8824
8026
8050
8825
8027
8051
8826
8028
8052
8827
8029
8053
8828
8030
8054
8829
8031
8055
8830
8032
8056
8831
8033
8057
8832
8034
8058
8833
8035
8059
8834
8036
8060
8835
8037
8061
8836
8038
8062
8837
8039
8063
8838
8040
8064
8839
8041
8065
8840
8042
8066
8841
8043
8067
8842
8044
8068
8843
8045
8069
8844
8046
8070
8845
8047
8071
8846
8048
8072
8847
8049
8073
8848
8074
8849
8051
8075
8850
8052
8076
8851
8053
8077
8852
8054
8078
8853
8055
8079
8854
8056
8080
8855
8057
8081
8856
8058
8082
8857
8059
8083
8858
8060
8084
8859
8061
8085
8860
8062
8086
8861
8063
8087
8862
8064
8088
8863
8065
8089
8864
8066
8090
8865
8067
8091
8866
8068
8092
8867
8069
8093
8868
8070
8094
8869
8071
8095
8870
8072
8096
8871
8073
8097
8872
8074
8098
8873
8099
8874
8076
8100
8875
8077
8101
8876
8078
8102
8877
8079
8103
8878
8080
8104
8879
8081
8105
8880
8082
8106
8881
8083
8107
8882
8084
8108
8883
8085
8109
8884
8086
8110
8885
8087
8111
8886
8088
8112
8887
8089
8113
8888
8090
8114
8889
8091
8115
8890
8092
8116
8891
8093
8117
8892
8094
8118
8893
8095
8119
8894
8096
8120
8895
8097
8121
8896
8098
8122
8897
8099
8123
8898
8124
8899
8101
8125
8900
8102
8126
8901
8103
8127
8902
8104
8128
8903
8105
8129
8904
8106
8130
8905
8107
8131
8906
8108
8132
8907
8109
8133
8908
8110
8134
8909
8111
8135
8910
8112
8136
8911
8113
8137
8912
8114
8138
8913
8115
8139
8914
8116
8140
8915
8117
8141
8916
8118
8142
8917
8119
8143
8918
8120
8144
8919
8121
8145
8920
8122
8146
8921
8123
8147
8922
8124
8148
8923
8149
8924
8126
8150
8925
8127
8151
8926
8128
8152
8927
8129
8153
8928
8130
8154
8929
8131
8155
8930
8132
8156
8931
8133
8157
8932
8134
8158
8933
8135
8159
8934
8136
8160
8935
8137
8161
8936
8138
8162
8937
8139
8163
8938
8140
8164
8939
8141
8165
8940
8142
8166
8941
8143
8167
8942
8144
8168
8943
8145
8169
8944
8146
8170
8945
8147
8171
8946
8148
8172
8947
8149
8173
8948
8174
8949
8151
8175
8950
8152
8176
8951
8153
8177
8952
8154
8178
8953
8155
8179
8954
8156
8180
8955
8157
8181
8956
8158
8182
8957
8159
8183
8958
8160
8184
8959
8161
8185
8960
8162
8186
8961
8163
8187
8962
8164
8188
8963
8165
8189
8964
8166
8190
8965
8167
8191
8966
8168
8192
8967
8169
8193
8968
8170
8194
8969
8171
8195
8970
8172
8196
8971
8173
8197
8972
8174
8198
8973
8199
8974
8176
8200
8975
8177
8201
8976
8178
8202
8977
8179
8203
8978
8180
8204
8979
8181
8205
8980
8182
8206
8981
8183
8207
8982
8184
8208
8983
8185
8209
8984
8186
8210
8985
8187
8211
8986
8188
8212
8987
8189
8213
8988
8190
8214
8989
8191
8215
8990
8192
8216
8991
8193
8217
8992
8194
8218
8993
8195
8219
8994
8196
8220
8995
8197
8221
8996
8198
8222
8997
8199
8223
8998
8224
8999
8201
8225
9000
8202
8226
9001
8203
8227
9002
8204
8228
9003
8205
8229
9004
8206
8230
9005
8207
8231
9006
8208
8232
9007
8209
8233
9008
8210
8234
9009
8211
8235
9010
8212
8236
9011
8213
8237
9012
8214
8238
9013
8215
8239
9014
8216
8240
9015
8217
8241
9016
8218
8242
9017
8219
8243
9018
8220
8244
9019
8221
8245
9020
8222
8246
9021
8223
8247
9022
8224
8248
9023
8249
9024
8226
8250
9025
8227
8251
9026
8228
8252
9027
8229
8253
9028
8230
8254
9029
8231
8255
9030
8232
8256
9031
8233
8257
9032
8234
8258
9033
8235
8259
9034
8236
8260
9035
8237
8261
9036
8238
8262
9037
8239
8263
9038
8240
8264
9039
8241
8265
9040
8242
8266
9041
8243
8267
9042
8244
8268
9043
8245
8269
9044
8246
8270
9045
8247
8271
9046
8248
8272
9047
8249
8273
9048
8274
9049
8251
8275
9050
8252
8276
9051
8253
8277
9052
8254
8278
9053
8255
8279
9054
8256
8280
9055
8257
8281
9056
8258
8282
9057
8259
8283
9058
8260
8284
9059
8261
8285
9060
8262
8286
9061
8263
8287
9062
8264
8288
9063
8265
8289
9064
8266
8290
9065
8267
8291
9066
8268
8292
9067
8269
8293
9068
8270
8294
9069
8271
8295
9070
8272
8296
9071
8273
8297
9072
8274
8298
9073
8299
9074
8276
8300
9075
8277
8301
9076
8278
8302
9077
8279
8303
9078
8280
8304
9079
8281
8305
9080
8282
8306
9081
8283
8307
9082
8284
8308
9083
8285
8309
9084
8286
8310
9085
8287
8311
9086
8288
8312
9087
8289
8313
9088
8290
8314
9089
8291
8315
9090
8292
8316
9091
8293
8317
9092
8294
8318
9093
8295
8319
9094
8296
8320
9095
8297
8321
9096
8298
8322
9097
8299
8323
9098
8324
9099
8301
8325
9100
8302
8326
9101
8303
8327
9102
8304
8328
9103
8305
8329
9104
8306
8330
9105
8307
8331
9106
8308
8332
9107
8309
8333
9108
8310
8334
9109
8311
8335
9110
8312
8336
9111
8313
8337
9112
8314
8338
9113
8315
8339
9114
8316
8340
9115
8317
8341
9116
8318
8342
9117
8319
8343
9118
8320
8344
9119
8321
8345
9120
8322
8346
9121
8323
8347
9122
8324
8348
9123
8349
9124
8326
8350
9125
8327
8351
9126
8328
8352
9127
8329
8353
9128
8330
8354
9129
8331
8355
9130
8332
8356
9131
8333
8357
9132
8334
8358
9133
8335
8359
9134
8336
8360
9135
8337
8361
9136
8338
8362
9137
8339
8363
9138
8340
8364
9139
8341
8365
9140
8342
8366
9141
8343
8367
9142
8344
8368
9143
8345
8369
9144
8346
8370
9145
8347
8371
9146
8348
8372
9147
8349
8373
9148
8374
9149
8351
8375
9150
8352
8376
9151
8353
8377
9152
8354
8378
9153
8355
8379
9154
8356
8380
9155
8357
8381
9156
8358
8382
9157
8359
8383
9158
8360
8384
9159
8361
8385
9160
8362
8386
9161
8363
8387
9162
8364
8388
9163
8365
8389
9164
8366
8390
9165
8367
8391
9166
8368
8392
9167
8369
8393
9168
8370
8394
9169
8371
8395
9170
8372
8396
9171
8373
8397
9172
8374
8398
9173
8399
9174
8376
8400
9175
8377
8401
9176
8378
8402
9177
8379
8403
9178
8380
8404
9179
8381
8405
9180
8382
8406
9181
8383
8407
9182
8384
8408
9183
8385
8409
9184
8386
8410
9185
8387
8411
9186
8388
8412
9187
8389
8413
9188
8390
8414
9189
8391
8415
9190
8392
8416
9191
8393
8417
9192
8394
8418
9193
8395
8419
9194
8396
8420
9195
8397
8421
9196
8398
8422
9197
8399
8423
9198
8424
9199
8401
8425
9200
8402
8426
9201
8403
8427
9202
8404
8428
9203
8405
8429
9204
8406
8430
9205
8407
8431
9206
8408
8432
9207
8409
8433
9208
8410
8434
9209
8411
8435
9210
8412
8436
9211
8413
8437
9212
8414
8438
9213
8415
8439
9214
8416
8440
9215
8417
8441
9216
8418
8442
9217
8419
8443
9218
8420
8444
9219
8421
8445
9220
8422
8446
9221
8423
8447
9222
8424
8448
9223
8449
9224
8426
8450
9225
8427
8451
9226
8428
8452
9227
8429
8453
9228
8430
8454
9229
8431
8455
9230
8432
8456
9231
8433
8457
9232
8434
8458
9233
8435
8459
9234
8436
8460
9235
8437
8461
9236
8438
8462
9237
8439
8463
9238
8440
8464
9239
8441
8465
9240
8442
8466
9241
8443
8467
9242
8444
8468
9243
8445
8469
9244
8446
8470
9245
8447
8471
9246
8448
8472
9247
8449
8473
9248
8474
9249
8451
8475
9250
8452
8476
9251
8453
8477
9252
8454
8478
9253
8455
8479
9254
8456
8480
9255
8457
8481
9256
8458
8482
9257
8459
8483
9258
8460
8484
9259
8461
8485
9260
8462
8486
9261
8463
8487
9262
8464
8488
9263
8465
8489
9264
8466
8490
9265
8467
8491
9266
8468
8492
9267
8469
8493
9268
8470
8494
9269
8471
8495
9270
8472
8496
9271
8473
8497
9272
8474
8498
9273
8499
9274
8476
8500
9275
8477
8501
9276
8478
8502
9277
8479
8503
9278
8480
8504
9279
8481
8505
9280
8482
8506
9281
8483
8507
9282
8484
8508
9283
8485
8509
9284
8486
8510
9285
8487
8511
9286
8488
8512
9287
8489
8513
9288
8490
8514
9289
8491
8515
9290
8492
8516
9291
8493
8517
9292
8494
8518
9293
8495
8519
9294
8496
8520
9295
8497
8521
9296
8498
8522
9297
8499
8523
9298
8524
9299
8501
8525
9300
8502
8526
9301
8503
8527
9302
8504
8528
9303
8505
8529
9304
8506
8530
9305
8507
8531
9306
8508
8532
9307
8509
8533
9308
8510
8534
9309
8511
8535
9310
8512
8536
9311
8513
8537
9312
8514
8538
9313
8515
8539
9314
8516
8540
9315
8517
8541
9316
8518
8542
9317
8519
8543
9318
8520
8544
9319
8521
8545
9320
8522
8546
9321
8523
8547
9322
8524
8548
9323
8549
9324
8526
8550
9325
8527
8551
9326
8528
8552
9327
8529
8553
9328
8530
8554
9329
8531
8555
9330
8532
8556
9331
8533
8557
9332
8534
8558
9333
8535
8559
9334
8536
8560
9335
8537
8561
9336
8538
8562
9337
8539
8563
9338
8540
8564
9339
8541
8565
9340
8542
8566
9341
8543
8567
9342
8544
8568
9343
8545
8569
9344
8546
8570
9345
8547
8571
9346
8548
8572
9347
8549
8573
9348
8574
9349
8551
8575
9350
8552
8576
9351
8553
8577
9352
8554
8578
9353
8555
8579
9354
8556
8580
9355
8557
8581
9356
8558
8582
9357
8559
8583
9358
8560
8584
9359
8561
8585
9360
8562
8586
9361
8563
8587
9362
8564
8588
9363
8565
8589
9364
8566
8590
9365
8567
8591
9366
8568
8592
9367
8569
8593
9368
8570
8594
9369
8571
8595
9370
8572
8596
9371
8573
8597
9372
8574
8598
9373
8599
9374
8576
8600
9375
8577
8601
9376
8578
8602
9377
8579
8603
9378
8580
8604
9379
8581
8605
9380
8582
8606
9381
8583
8607
9382
8584
8608
9383
8585
8609
9384
8586
8610
9385
8587
8611
9386
8588
8612
9387
8589
8613
9388
8590
8614
9389
8591
8615
9390
8592
8616
9391
8593
8617
9392
8594
8618
9393
8595
8619
9394
8596
8620
9395
8597
8621
9396
8598
8622
9397
8599
8623
9398
8624
9399
8601
8625
9400
8602
8626
9401
8603
8627
9402
8604
8628
9403
8605
8629
9404
8606
8630
9405
8607
8631
9406
8608
8632
9407
8609
8633
9408
8610
8634
9409
8611
8635
9410
8612
8636
9411
8613
8637
9412
8614
8638
9413
8615
8639
9414
8616
8640
9415
8617
8641
9416
8618
8642
9417
8619
8643
9418
8620
8644
9419
8621
8645
9420
8622
8646
9421
8623
8647
9422
8624
8648
9423
8649
9424
8626
8650
9425
8627
8651
9426
8628
8652
9427
8629
8653
9428
8630
8654
9429
8631
8655
9430
8632
8656
9431
8633
8657
9432
8634
8658
9433
8635
8659
9434
8636
8660
9435
8637
8661
9436
8638
8662
9437
8639
8663
9438
8640
8664
9439
8641
8665
9440
8642
8666
9441
8643
8667
9442
8644
8668
9443
8645
8669
9444
8646
8670
9445
8647
8671
9446
8648
8672
9447
8649
8673
9448
8674
9449
8651
8675
9450
8652
8676
9451
8653
8677
9452
8654
8678
9453
8655
8679
9454
8656
8680
9455
8657
8681
9456
8658
8682
9457
8659
8683
9458
8660
8684
9459
8661
8685
9460
8662
8686
9461
8663
8687
9462
8664
8688
9463
8665
8689
9464
8666
8690
9465
8667
8691
9466
8668
8692
9467
8669
8693
9468
8670
8694
9469
8671
8695
9470
8672
8696
9471
8673
8697
9472
8674
8698
9473
8699
9474
8676
8700
9475
8677
8701
9476
8678
8702
9477
8679
8703
9478
8680
8704
9479
8681
8705
9480
8682
8706
9481
8683
8707
9482
8684
8708
9483
8685
8709
9484
8686
8710
9485
8687
8711
9486
8688
8712
9487
8689
8713
9488
8690
8714
9489
8691
8715
9490
8692
8716
9491
8693
8717
9492
8694
8718
9493
8695
8719
9494
8696
8720
9495
8697
8721
9496
8698
8722
9497
8699
8723
9498
8724
9499
8701
8725
9500
8702
8726
9501
8703
8727
9502
8704
8728
9503
8705
8729
9504
8706
8730
9505
8707
8731
9506
8708
8732
9507
8709
8733
9508
8710
8734
9509
8711
8735
9510
8712
8736
9511
8713
8737
9512
8714
8738
9513
8715
8739
9514
8716
8740
9515
8717
8741
9516
8718
8742
9517
8719
8743
9518
8720
8744
9519
8721
8745
9520
8722
8746
9521
8723
8747
9522
8724
8748
9523
8749
9524
8726
8750
9525
8727
8751
9526
8728
8752
9527
8729
8753
9528
8730
8754
9529
8731
8755
9530
8732
8756
9531
8733
8757
9532
8734
8758
9533
8735
8759
9534
8736
8760
9535
8737
8761
9536
8738
8762
9537
8739
8763
9538
8740
8764
9539
8741
8765
9540
8742
8766
9541
8743
8767
9542
8744
8768
9543
8745
8769
9544
8746
8770
9545
8747
8771
9546
8748
8772
9547
8749
8773
9548
8774
9549
8751
8775
9550
8752
8776
9551
8753
8777
9552
8754
8778
9553
8755
8779
9554
8756
8780
9555
8757
8781
9556
8758
8782
9557
8759
8783
9558
8760
8784
9559
8761
8785
9560
8762
8786
9561
8763
8787
9562
8764
8788
9563
8765
8789
9564
8766
8790
9565
8767
8791
9566
8768
8792
9567
8769
8793
9568
8770
8794
9569
8771
8795
9570
8772
8796
9571
8773
8797
9572
8774
8798
9573
8799
9574
8776
9575
8777
9576
8778
9577
8779
9578
8780
9579
8781
9580
8782
9581
8783
9582
8784
9583
8785
9584
8786
9585
8787
9586
8788
9587
8789
9588
8790
9589
8791
9590
8792
9591
8793
9592
8794
9593
8795
9594
8796
9595
8797
9596
8798
9597
8799
9598
9599
8801
8825
9600
8802
8826
9601
8803
8827
9602
8804
8828
9603
8805
8829
9604
8806
8830
9605
8807
8831
9606
8808
8832
9607
8809
8833
9608
8810
8834
9609
8811
8835
9610
8812
8836
9611
8813
8837
9612
8814
8838
9613
8815
8839
9614
8816
8840
9615
8817
8841
9616
8818
8842
9617
8819
8843
9618
8820
8844
9619
8821
8845
9620
8822
8846
9621
8823
8847
9622
8824
8848
9623
8849
9624
8826
8850
9625
8827
8851
9626
8828
8852
9627
8829
8853
9628
8830
8854
9629
8831
8855
9630
8832
8856
9631
8833
8857
9632
8834
8858
9633
8835
8859
9634
8836
8860
9635
8837
8861
9636
8838
8862
9637
8839
8863
9638
8840
8864
9639
8841
8865
9640
8842
8866
9641
8843
8867
9642
8844
8868
9643
8845
8869
9644
8846
8870
9645
8847
8871
9646
8848
8872
9647
8849
8873
9648
8874
9649
8851
8875
9650
8852
8876
9651
8853
8877
9652
8854
8878
9653
8855
8879
9654
8856
8880
9655
8857
8881
9656
8858
8882
9657
8859
8883
9658
8860
8884
9659
8861
8885
9660
8862
8886
9661
8863
8887
9662
8864
8888
9663
8865
8889
9664
8866
8890
9665
8867
8891
9666
8868
8892
9667
8869
8893
9668
8870
8894
9669
8871
8895
9670
8872
8896
9671
8873
8897
9672
8874
8898
9673
8899
9674
8876
8900
9675
8877
8901
9676
8878
8902
9677
8879
8903
9678
8880
8904
9679
8881
8905
9680
8882
8906
9681
8883
8907
9682
8884
8908
9683
8885
8909
9684
8886
8910
9685
8887
8911
9686
8888
8912
9687
8889
8913
9688
8890
8914
9689
8891
8915
9690
8892
8916
9691
8893
8917
9692
8894
8918
9693
8895
8919
9694
8896
8920
9695
8897
8921
9696
8898
8922
9697
8899
8923
9698
8924
9699
8901
8925
9700
8902
8926
9701
8903
8927
9702
8904
8928
9703
8905
8929
9704
8906
8930
9705
8907
8931
9706
8908
8932
9707
8909
8933
9708
8910
8934
9709
8911
8935
9710
8912
8936
9711
8913
8937
9712
8914
8938
9713
8915
8939
9714
8916
8940
9715
8917
8941
9716
8918
8942
9717
8919
8943
9718
8920
8944
9719
8921
8945
9720
8922
8946
9721
8923
8947
9722
8924
8948
9723
8949
9724
8926
8950
9725
8927
8951
9726
8928
8952
9727
8929
8953
9728
8930
8954
9729
8931
8955
9730
8932
8956
9731
8933
8957
9732
8934
8958
9733
8935
8959
9734
8936
8960
9735
8937
8961
9736
8938
8962
9737
8939
8963
9738
8940
8964
9739
8941
8965
9740
8942
8966
9741
8943
8967
9742
8944
8968
9743
8945
8969
9744
8946
8970
9745
8947
8971
9746
8948
8972
9747
8949
8973
9748
8974
9749
8951
8975
9750
8952
8976
9751
8953
8977
9752
8954
8978
9753
8955
8979
9754
8956
8980
9755
8957
8981
9756
8958
8982
9757
8959
8983
9758
8960
8984
9759
8961
8985
9760
8962
8986
9761
8963
8987
9762
8964
8988
9763
8965
8989
9764
8966
8990
9765
8967
8991
9766
8968
8992
9767
8969
8993
9768
8970
8994
9769
8971
8995
9770
8972
8996
9771
8973
8997
9772
8974
8998
9773
8999
9774
8976
9000
9775
8977
9001
9776
8978
9002
9777
8979
9003
9778
8980
9004
9779
8981
9005
9780
8982
9006
9781
8983
9007
9782
8984
9008
9783
8985
9009
9784
8986
9010
9785
8987
9011
9786
8988
9012
9787
8989
9013
9788
8990
9014
9789
8991
9015
9790
8992
9016
9791
8993
9017
9792
8994
9018
9793
8995
9019
9794
8996
9020
9795
8997
9021
9796
8998
9022
9797
8999
9023
9798
9024
9799
9001
9025
9800
9002
9026
9801
9003
9027
9802
9004
9028
9803
9005
9029
9804
9006
9030
9805
9007
9031
9806
9008
9032
9807
9009
9033
9808
9010
9034
9809
9011
9035
9810
9012
9036
9811
9013
9037
9812
9014
9038
9813
9015
9039
9814
9016
9040
9815
9017
9041
9816
9018
9042
9817
9019
9043
9818
9020
9044
9819
9021
9045
9820
9022
9046
9821
9023
9047
9822
9024
9048
9823
9049
9824
9026
9050
9825
9027
9051
9826
9028
9052
9827
9029
9053
9828
9030
9054
9829
9031
9055
9830
9032
9056
9831
9033
9057
9832
9034
9058
9833
9035
9059
9834
9036
9060
9835
9037
9061
9836
9038
9062
9837
9039
9063
9838
9040
9064
9839
9041
9065
9840
9042
9066
9841
9043
9067
9842
9044
9068
9843
9045
9069
9844
9046
9070
9845
9047
9071
9846
9048
9072
9847
9049
9073
9848
9074
9849
9051
9075
9850
9052
9076
9851
9053
9077
9852
9054
9078
9853
9055
9079
9854
9056
9080
9855
9057
9081
9856
9058
9082
9857
9059
9083
9858
9060
9084
9859
9061
9085
9860
9062
9086
9861
9063
9087
9862
9064
9088
9863
9065
9089
9864
9066
9090
9865
9067
9091
9866
9068
9092
9867
9069
9093
9868
9070
9094
9869
9071
9095
9870
9072
9096
9871
9073
9097
9872
9074
9098
9873
9099
9874
9076
9100
9875
9077
9101
9876
9078
9102
9877
9079
9103
9878
9080
9104
9879
9081
9105
9880
9082
9106
9881
9083
9107
9882
9084
9108
9883
9085
9109
9884
9086
9110
9885
9087
9111
9886
9088
9112
9887
9089
9113
9888
9090
9114
9889
9091
9115
9890
9092
9116
9891
9093
9117
9892
9094
9118
9893
9095
9119
9894
9096
9120
9895
9097
9121
9896
9098
9122
9897
9099
9123
9898
9124
9899
9101
9125
9900
9102
9126
9901
9103
9127
9902
9104
9128
9903
9105
9129
9904
9106
9130
9905
9107
9131
9906
9108
9132
9907
9109
9133
9908
9110
9134
9909
9111
9135
9910
9112
9136
9911
9113
9137
9912
9114
9138
9913
9115
9139
9914
9116
9140
9915
9117
9141
9916
9118
9142
9917
9119
9143
9918
9120
9144
9919
9121
9145
9920
9122
9146
9921
9123
9147
9922
9124
9148
9923
9149
9924
9126
9150
9925
9127
9151
9926
9128
9152
9927
9129
9153
9928
9130
9154
9929
9131
9155
9930
9132
9156
9931
9133
9157
9932
9134
9158
9933
9135
9159
9934
9136
9160
9935
9137
9161
9936
9138
9162
9937
9139
9163
9938
9140
9164
9939
9141
9165
9940
9142
9166
9941
9143
9167
9942
9144
9168
9943
9145
9169
9944
9146
9170
9945
9147
9171
9946
9148
9172
9947
9149
9173
9948
9174
9949
9151
9175
9950
9152
9176
9951
9153
9177
9952
9154
9178
9953
9155
9179
9954
9156
9180
9955
9157
9181
9956
9158
9182
9957
9159
9183
9958
9160
9184
9959
9161
9185
9960
9162
9186
9961
9163
9187
9962
9164
9188
9963
9165
9189
9964
9166
9190
9965
9167
9191
9966
9168
9192
9967
9169
9193
9968
9170
9194
9969
9171
9195
9970
9172
9196
9971
9173
9197
9972
9174
9198
9973
9199
9974
9176
9200
9975
9177
9201
9976
9178
9202
9977
9179
9203
9978
9180
9204
9979
9181
9205
9980
9182
9206
9981
9183
9207
9982
9184
9208
9983
9185
9209
9984
9186
9210
9985
9187
9211
9986
9188
9212
9987
9189
9213
9988
9190
9214
9989
9191
9215
9990
9192
9216
9991
9193
9217
9992
9194
9218
9993
9195
9219
9994
9196
9220
9995
9197
9221
9996
9198
9222
9997
9199
9223
9998
9224
9999
9201
9225
10000
9202
9226
10001
9203
9227
10002
9204
9228
10003
9205
9229
10004
9206
9230
10005
9207
9231
10006
9208
9232
10007
9209
9233
10008
9210
9234
10009
9211
9235
10010
9212
9236
10011
9213
9237
10012
9214
9238
10013
9215
9239
10014
9216
9240
10015
9217
9241
10016
9218
9242
10017
9219
9243
10018
9220
9244
10019
9221
9245
10020
9222
9246
10021
9223
9247
10022
9224
9248
10023
9249
10024
9226
9250
10025
9227
9251
10026
9228
9252
10027
9229
9253
10028
9230
9254
10029
9231
9255
10030
9232
9256
10031
9233
9257
10032
9234
9258
10033
9235
9259
10034
9236
9260
10035
9237
9261
10036
9238
9262
10037
9239
9263
10038
9240
9264
10039
9241
9265
10040
9242
9266
10041
9243
9267
10042
9244
9268
10043
9245
9269
10044
9246
9270
10045
9247
9271
10046
9248
9272
10047
9249
9273
10048
9274
10049
9251
9275
10050
9252
9276
10051
9253
9277
10052
9254
9278
10053
9255
9279
10054
9256
9280
10055
9257
9281
10056
9258
9282
10057
9259
9283
10058
9260
9284
10059
9261
9285
10060
9262
9286
10061
9263
9287
10062
9264
9288
10063
9265
9289
10064
9266
9290
10065
9267
9291
10066
9268
9292
10067
9269
9293
10068
9270
9294
10069
9271
9295
10070
9272
9296
10071
9273
9297
10072
9274
9298
10073
9299
10074
9276
9300
10075
9277
9301
10076
9278
9302
10077
9279
9303
10078
9280
9304
10079
9281
9305
10080
9282
9306
10081
9283
9307
10082
9284
9308
10083
9285
9309
10084
9286
9310
10085
9287
9311
10086
9288
9312
10087
9289
9313
10088
9290
9314
10089
9291
9315
10090
9292
9316
10091
9293
9317
10092
9294
9318
10093
9295
9319
10094
9296
9320
10095
9297
9321
10096
9298
9322
10097
9299
9323
10098
9324
10099
9301
9325
10100
9302
9326
10101
9303
9327
10102
9304
9328
10103
9305
9329
10104
9306
9330
10105
9307
9331
10106
9308
9332
10107
9309
9333
10108
9310
9334
10109
9311
9335
10110
9312
9336
10111
9313
9337
10112
9314
9338
10113
9315
9339
10114
9316
9340
10115
9317
9341
10116
9318
9342
10117
9319
9343
10118
9320
9344
10119
9321
9345
10120
9322
9346
10121
9323
9347
10122
9324
9348
10123
9349
10124
9326
9350
10125
9327
9351
10126
9328
9352
10127
9329
9353
10128
9330
9354
10129
9331
9355
10130
9332
9356
10131
9333
9357
10132
9334
9358
10133
9335
9359
10134
9336
9360
10135
9337
9361
10136
9338
9362
10137
9339
9363
10138
9340
9364
10139
9341
9365
10140
9342
9366
10141
9343
9367
10142
9344
9368
10143
9345
9369
10144
9346
9370
10145
9347
9371
10146
9348
9372
10147
9349
9373
10148
9374
10149
9351
9375
10150
9352
9376
10151
9353
9377
10152
9354
9378
10153
9355
9379
10154
9356
9380
10155
9357
9381
10156
9358
9382
10157
9359
9383
10158
9360
9384
10159
9361
9385
10160
9362
9386
10161
9363
9387
10162
9364
9388
10163
9365
9389
10164
9366
9390
10165
9367
9391
10166
9368
9392
10167
9369
9393
10168
9370
9394
10169
9371
9395
10170
9372
9396
10171
9373
9397
10172
9374
9398
10173
9399
10174
9376
9400
10175
9377
9401
10176
9378
9402
10177
9379
9403
10178
9380
9404
10179
9381
9405
10180
9382
9406
10181
9383
9407
10182
9384
9408
10183
9385
9409
10184
9386
9410
10185
9387
9411
10186
9388
9412
10187
9389
9413
10188
9390
9414
10189
9391
9415
10190
9392
9416
10191
9393
9417
10192
9394
9418
10193
9395
9419
10194
9396
9420
10195
9397
9421
10196
9398
9422
10197
9399
9423
10198
9424
10199
9401
9425
10200
9402
9426
10201
9403
9427
10202
9404
9428
10203
9405
9429
10204
9406
9430
10205
9407
9431
10206
9408
9432
10207
9409
9433
10208
9410
9434
10209
9411
9435
10210
9412
9436
10211
9413
9437
10212
9414
9438
10213
9415
9439
10214
9416
9440
10215
9417
9441
10216
9418
9442
10217
9419
9443
10218
9420
9444
10219
9421
9445
10220
9422
9446
10221
9423
9447
10222
9424
9448
10223
9449
10224
9426
9450
10225
9427
9451
10226
9428
9452
10227
9429
9453
10228
9430
9454
10229
9431
9455
10230
9432
9456
10231
9433
9457
10232
9434
9458
10233
9435
9459
10234
9436
9460
10235
9437
9461
10236
9438
9462
10237
9439
9463
10238
9440
9464
10239
9441
9465
10240
9442
9466
10241
9443
9467
10242
9444
9468
10243
9445
9469
10244
9446
9470
10245
9447
9471
10246
9448
9472
10247
9449
9473
10248
9474
10249
9451
9475
10250
9452
9476
10251
9453
9477
10252
9454
9478
10253
9455
9479
10254
9456
9480
10255
9457
9481
10256
9458
9482
10257
9459
9483
10258
9460
9484
10259
9461
9485
10260
9462
9486
10261
9463
9487
10262
9464
9488
10263
9465
9489
10264
9466
9490
10265
9467
9491
10266
9468
9492
10267
9469
9493
10268
9470
9494
10269
9471
9495
10270
9472
9496
10271
9473
9497
10272
9474
9498
10273
9499
10274
9476
9500
10275
9477
9501
10276
9478
9502
10277
9479
9503
10278
9480
9504
10279
9481
9505
10280
9482
9506
10281
9483
9507
10282
9484
9508
10283
9485
9509
10284
9486
9510
10285
9487
9511
10286
9488
9512
10287
9489
9513
10288
9490
9514
10289
9491
9515
10290
9492
9516
10291
9493
9517
10292
9494
9518
10293
9495
9519
10294
9496
9520
10295
9497
9521
10296
9498
9522
10297
9499
9523
10298
9524
10299
9501
9525
10300
9502
9526
10301
9503
9527
10302
9504
9528
10303
9505
9529
10304
9506
9530
10305
9507
9531
10306
9508
9532
10307
9509
9533
10308
9510
9534
10309
9511
9535
10310
9512
9536
10311
9513
9537
10312
9514
9538
10313
9515
9539
10314
9516
9540
10315
9517
9541
10316
9518
9542
10317
9519
9543
10318
9520
9544
10319
9521
9545
10320
9522
9546
10321
9523
9547
10322
9524
9548
10323
9549
10324
9526
9550
10325
9527
9551
10326
9528
9552
10327
9529
9553
10328
9530
9554
10329
9531
9555
10330
9532
9556
10331
9533
9557
10332
9534
9558
10333
9535
9559
10334
9536
9560
10335
9537
9561
10336
9538
9562
10337
9539
9563
10338
9540
9564
10339
9541
9565
10340
9542
9566
10341
9543
9567
10342
9544
9568
10343
9545
9569
10344
9546
9570
10345
9547
9571
10346
9548
9572
10347
9549
9573
10348
9574
10349
9551
9575
10350
9552
9576
10351
9553
9577
10352
9554
9578
10353
9555
9579
10354
9556
9580
10355
9557
9581
10356
9558
9582
10357
9559
9583
10358
9560
9584
10359
9561
9585
10360
9562
9586
10361
9563
9587
10362
9564
9588
10363
9565
9589
10364
9566
9590
10365
9567
9591
10366
9568
9592
10367
9569
9593
10368
9570
9594
10369
9571
9595
10370
9572
9596
10371
9573
9597
10372
9574
9598
10373
9599
10374
9576
10375
9577
10376
9578
10377
9579
10378
9580
10379
9581
10380
9582
10381
9583
10382
9584
10383
9585
10384
9586
10385
9587
10386
9588
10387
9589
10388
9590
10389
9591
10390
9592
10391
9593
10392
9594
10393
9595
10394
9596
10395
9597
10396
9598
10397
9599
10398
10399
9601
9625
10400
9602
9626
10401
9603
9627
10402
9604
9628
10403
9605
9629
10404
9606
9630
10405
9607
9631
10406
9608
9632
10407
9609
9633
10408
9610
9634
10409
9611
9635
10410
9612
9636
10411
9613
9637
10412
9614
9638
10413
9615
9639
10414
9616
9640
10415
9617
9641
10416
9618
9642
10417
9619
9643
10418
9620
9644
10419
9621
9645
10420
9622
9646
10421
9623
9647
10422
9624
9648
10423
9649
10424
9626
9650
10425
9627
9651
10426
9628
9652
10427
9629
9653
10428
9630
9654
10429
9631
9655
10430
9632
9656
10431
9633
9657
10432
9634
9658
10433
9635
9659
10434
9636
9660
10435
9637
9661
10436
9638
9662
10437
9639
9663
10438
9640
9664
10439
9641
9665
10440
9642
9666
10441
9643
9667
10442
9644
9668
10443
9645
9669
10444
9646
9670
10445
9647
9671
10446
9648
9672
10447
9649
9673
10448
9674
10449
9651
9675
10450
9652
9676
10451
9653
9677
10452
9654
9678
10453
9655
9679
10454
9656
9680
10455
9657
9681
10456
9658
9682
10457
9659
9683
10458
9660
9684
10459
9661
9685
10460
9662
9686
10461
9663
9687
10462
9664
9688
10463
9665
9689
10464
9666
9690
10465
9667
9691
10466
9668
9692
10467
9669
9693
10468
9670
9694
10469
9671
9695
10470
9672
9696
10471
9673
9697
10472
9674
9698
10473
9699
10474
9676
9700
10475
9677
9701
10476
9678
9702
10477
9679
9703
10478
9680
9704
10479
9681
9705
10480
9682
9706
10481
9683
9707
10482
9684
9708
10483
9685
9709
10484
9686
9710
10485
9687
9711
10486
9688
9712
10487
9689
9713
10488
9690
9714
10489
9691
9715
10490
9692
9716
10491
9693
9717
10492
9694
9718
10493
9695
9719
10494
9696
9720
10495
9697
9721
10496
9698
9722
10497
9699
9723
10498
9724
10499
9701
9725
10500
9702
9726
10501
9703
9727
10502
9704
9728
10503
9705
9729
10504
9706
9730
10505
9707
9731
10506
9708
9732
10507
9709
9733
10508
9710
9734
10509
9711
9735
10510
9712
9736
10511
9713
9737
10512
9714
9738
10513
9715
9739
10514
9716
9740
10515
9717
9741
10516
9718
9742
10517
9719
9743
10518
9720
9744
10519
9721
9745
10520
9722
9746
10521
9723
9747
10522
9724
9748
10523
9749
10524
9726
9750
10525
9727
9751
10526
9728
9752
10527
9729
9753
10528
9730
9754
10529
9731
9755
10530
9732
9756
10531
9733
9757
10532
9734
9758
10533
9735
9759
10534
9736
9760
10535
9737
9761
10536
9738
9762
10537
9739
9763
10538
9740
9764
10539
9741
9765
10540
9742
9766
10541
9743
9767
10542
9744
9768
10543
9745
9769
10544
9746
9770
10545
9747
9771
10546
9748
9772
10547
9749
9773
10548
9774
10549
9751
9775
10550
9752
9776
10551
9753
9777
10552
9754
9778
10553
9755
9779
10554
9756
9780
10555
9757
9781
10556
9758
9782
10557
9759
9783
10558
9760
9784
10559
9761
9785
10560
9762
9786
10561
9763
9787
10562
9764
9788
10563
9765
9789
10564
9766
9790
10565
9767
9791
10566
9768
9792
10567
9769
9793
10568
9770
9794
10569
9771
9795
10570
9772
9796
10571
9773
9797
10572
9774
9798
10573
9799
10574
9776
9800
10575
9777
9801
10576
9778
9802
10577
9779
9803
10578
9780
9804
10579
9781
9805
10580
9782
9806
10581
9783
9807
10582
9784
9808
10583
9785
9809
10584
9786
9810
10585
9787
9811
10586
9788
9812
10587
9789
9813
10588
9790
9814
10589
9791
9815
10590
9792
9816
10591
9793
9817
10592
9794
9818
10593
9795
9819
10594
9796
9820
10595
9797
9821
10596
9798
9822
10597
9799
9823
10598
9824
10599
9801
9825
10600
9802
9826
10601
9803
9827
10602
9804
9828
10603
9805
9829
10604
9806
9830
10605
9807
9831
10606
9808
9832
10607
9809
9833
10608
9810
9834
10609
9811
9835
10610
9812
9836
10611
9813
9837
10612
9814
9838
10613
9815
9839
10614
9816
9840
10615
9817
9841
10616
9818
9842
10617
9819
9843
10618
9820
9844
10619
9821
9845
10620
9822
9846
10621
9823
9847
10622
9824
9848
10623
9849
10624
9826
9850
10625
9827
9851
10626
9828
9852
10627
9829
9853
10628
9830
9854
10629
9831
9855
10630
9832
9856
10631
9833
9857
10632
9834
9858
10633
9835
9859
10634
9836
9860
10635
9837
9861
10636
9838
9862
10637
9839
9863
10638
9840
9864
10639
9841
9865
10640
9842
9866
10641
9843
9867
10642
9844
9868
10643
9845
9869
10644
9846
9870
10645
9847
9871
10646
9848
9872
10647
9849
9873
10648
9874
10649
9851
9875
10650
9852
9876
10651
9853
9877
10652
9854
9878
10653
9855
9879
10654
9856
9880
10655
9857
9881
10656
9858
9882
10657
9859
9883
10658
9860
9884
10659
9861
9885
10660
9862
9886
10661
9863
9887
10662
9864
9888
10663
9865
9889
10664
9866
9890
10665
9867
9891
10666
9868
9892
10667
9869
9893
10668
9870
9894
10669
9871
9895
10670
9872
9896
10671
9873
9897
10672
9874
9898
10673
9899
10674
9876
9900
10675
9877
9901
10676
9878
9902
10677
9879
9903
10678
9880
9904
10679
9881
9905
10680
9882
9906
10681
9883
9907
10682
9884
9908
10683
9885
9909
10684
9886
9910
10685
9887
9911
10686
9888
9912
10687
9889
9913
10688
9890
9914
10689
9891
9915
10690
9892
9916
10691
9893
9917
10692
9894
9918
10693
9895
9919
10694
9896
9920
10695
9897
9921
10696
9898
9922
10697
9899
9923
10698
9924
10699
9901
9925
10700
9902
9926
10701
9903
9927
10702
9904
9928
10703
9905
9929
10704
9906
9930
10705
9907
9931
10706
9908
9932
10707
9909
9933
10708
9910
9934
10709
9911
9935
10710
9912
9936
10711
9913
9937
10712
9914
9938
10713
9915
9939
10714
9916
9940
10715
9917
9941
10716
9918
9942
10717
9919
9943
10718
9920
9944
10719
9921
9945
10720
9922
9946
10721
9923
9947
10722
9924
9948
10723
9949
10724
9926
9950
10725
9927
9951
10726
9928
9952
10727
9929
9953
10728
9930
9954
10729
9931
9955
10730
9932
9956
10731
9933
9957
10732
9934
9958
10733
9935
9959
10734
9936
9960
10735
9937
9961
10736
9938
9962
10737
9939
9963
10738
9940
9964
10739
9941
9965
10740
9942
9966
10741
9943
9967
10742
9944
9968
10743
9945
9969
10744
9946
9970
10745
9947
9971
10746
9948
9972
10747
9949
9973
10748
9974
10749
9951
9975
10750
9952
9976
10751
9953
9977
10752
9954
9978
10753
9955
9979
10754
9956
9980
10755
9957
9981
10756
9958
9982
10757
9959
9983
10758
9960
9984
10759
9961
9985
10760
9962
9986
10761
9963
9987
10762
9964
9988
10763
9965
9989
10764
9966
9990
10765
9967
9991
10766
9968
9992
10767
9969
9993
10768
9970
9994
10769
9971
9995
10770
9972
9996
10771
9973
9997
10772
9974
9998
10773
9999
10774
9976
10000
10775
9977
10001
10776
9978
10002
10777
9979
10003
10778
9980
10004
10779
9981
10005
10780
9982
10006
10781
9983
10007
10782
9984
10008
10783
9985
10009
10784
9986
10010
10785
9987
10011
10786
9988
10012
10787
9989
10013
10788
9990
10014
10789
9991
10015
10790
9992
10016
10791
9993
10017
10792
9994
10018
10793
9995
10019
10794
9996
10020
10795
9997
10021
10796
9998
10022
10797
9999
10023
10798
10024
10799
10001
10025
10800
10002
10026
10801
10003
10027
10802
10004
10028
10803
10005
10029
10804
10006
10030
10805
10007
10031
10806
10008
10032
10807
10009
10033
10808
10010
10034
10809
10011
10035
10810
10012
10036
10811
10013
10037
10812
10014
10038
10813
10015
10039
10814
10016
10040
10815
10017
10041
10816
10018
10042
10817
10019
10043
10818
10020
10044
10819
10021
10045
10820
10022
10046
10821
10023
10047
10822
10024
10048
10823
10049
10824
10026
10050
10825
10027
10051
10826
10028
10052
10827
10029
10053
10828
10030
10054
10829
10031
10055
10830
10032
10056
10831
10033
10057
10832
10034
10058
10833
10035
10059
10834
10036
10060
10835
10037
10061
10836
10038
10062
10837
10039
10063
10838
10040
10064
10839
10041
10065
10840
10042
10066
10841
10043
10067
10842
10044
10068
10843
10045
10069
10844
10046
10070
10845
10047
10071
10846
10048
10072
10847
10049
10073
10848
10074
10849
10051
10075
10850
10052
10076
10851
10053
10077
10852
10054
10078
10853
10055
10079
10854
10056
10080
10855
10057
10081
10856
10058
10082
10857
10059
10083
10858
10060
10084
10859
10061
10085
10860
10062
10086
10861
10063
10087
10862
10064
10088
10863
10065
10089
10864
10066
10090
10865
10067
10091
10866
10068
10092
10867
10069
10093
10868
10070
10094
10869
10071
10095
10870
10072
10096
10871
10073
10097
10872
10074
10098
10873
10099
10874
10076
10100
10875
10077
10101
10876
10078
10102
10877
10079
10103
10878
10080
10104
10879
10081
10105
10880
10082
10106
10881
10083
10107
10882
10084
10108
10883
10085
10109
10884
10086
10110
10885
10087
10111
10886
10088
10112
10887
10089
10113
10888
10090
10114
10889
10091
10115
10890
10092
10116
10891
10093
10117
10892
10094
10118
10893
10095
10119
10894
10096
10120
10895
10097
10121
10896
10098
10122
10897
10099
10123
10898
10124
10899
10101
10125
10900
10102
10126
10901
10103
10127
10902
10104
10128
10903
10105
10129
10904
10106
10130
10905
10107
10131
10906
10108
10132
10907
10109
10133
10908
10110
10134
10909
10111
10135
10910
10112
10136
10911
10113
10137
10912
10114
10138
10913
10115
10139
10914
10116
10140
10915
10117
10141
10916
10118
10142
10917
10119
10143
10918
10120
10144
10919
10121
10145
10920
10122
10146
10921
10123
10147
10922
10124
10148
10923
10149
10924
10126
10150
10925
10127
10151
10926
10128
10152
10927
10129
10153
10928
10130
10154
10929
10131
10155
10930
10132
10156
10931
10133
10157
10932
10134
10158
10933
10135
10159
10934
10136
10160
10935
10137
10161
10936
10138
10162
10937
10139
10163
10938
10140
10164
10939
10141
10165
10940
10142
10166
10941
10143
10167
10942
10144
10168
10943
10145
10169
10944
10146
10170
10945
10147
10171
10946
10148
10172
10947
10149
10173
10948
10174
10949
10151
10175
10950
10152
10176
10951
10153
10177
10952
10154
10178
10953
10155
10179
10954
10156
10180
10955
10157
10181
10956
10158
10182
10957
10159
10183
10958
10160
10184
10959
10161
10185
10960
10162
10186
10961
10163
10187
10962
10164
10188
10963
10165
10189
10964
10166
10190
10965
10167
10191
10966
10168
10192
10967
10169
10193
10968
10170
10194
10969
10171
10195
10970
10172
10196
10971
10173
10197
10972
10174
10198
10973
10199
10974
10176
10200
10975
10177
10201
10976
10178
10202
10977
10179
10203
10978
10180
10204
10979
10181
10205
10980
10182
10206
10981
10183
10207
10982
10184
10208
10983
10185
10209
10984
10186
10210
10985
10187
10211
10986
10188
10212
10987
10189
10213
10988
10190
10214
10989
10191
10215
10990
10192
10216
10991
10193
10217
10992
10194
10218
10993
10195
10219
10994
10196
10220
10995
10197
10221
10996
10198
10222
10997
10199
10223
10998
10224
10999
10201
10225
11000
10202
10226
11001
10203
10227
11002
10204
10228
11003
10205
10229
11004
10206
10230
11005
10207
10231
11006
10208
10232
11007
10209
10233
11008
10210
10234
11009
10211
10235
11010
10212
10236
11011
10213
10237
11012
10214
10238
11013
10215
10239
11014
10216
10240
11015
10217
10241
11016
10218
10242
11017
10219
10243
11018
10220
10244
11019
10221
10245
11020
10222
10246
11021
10223
10247
11022
10224
10248
11023
10249
11024
10226
10250
11025
10227
10251
11026
10228
10252
11027
10229
10253
11028
10230
10254
11029
10231
10255
11030
10232
10256
11031
10233
10257
11032
10234
10258
11033
10235
10259
11034
10236
10260
11035
10237
10261
11036
10238
10262
11037
10239
10263
11038
10240
10264
11039
10241
10265
11040
10242
10266
11041
10243
10267
11042
10244
10268
11043
10245
10269
11044
10246
10270
11045
10247
10271
11046
10248
10272
11047
10249
10273
11048
10274
11049
10251
10275
11050
10252
10276
11051
10253
10277
11052
10254
10278
11053
10255
10279
11054
10256
10280
11055
10257
10281
11056
10258
10282
11057
10259
10283
11058
10260
10284
11059
10261
10285
11060
10262
10286
11061
10263
10287
11062
10264
10288
11063
10265
10289
11064
10266
10290
11065
10267
10291
11066
10268
10292
11067
10269
10293
11068
10270
10294
11069
10271
10295
11070
10272
10296
11071
10273
10297
11072
10274
10298
11073
10299
11074
10276
10300
11075
10277
10301
11076
10278
10302
11077
10279
10303
11078
10280
10304
11079
10281
10305
11080
10282
10306
11081
10283
10307
11082
10284
10308
11083
10285
10309
11084
10286
10310
11085
10287
10311
11086
10288
10312
11087
10289
10313
11088
10290
10314
11089
10291
10315
11090
10292
10316
11091
10293
10317
11092
10294
10318
11093
10295
10319
11094
10296
10320
11095
10297
10321
11096
10298
10322
11097
10299
10323
11098
10324
11099
10301
10325
11100
10302
10326
11101
10303
10327
11102
10304
10328
11103
10305
10329
11104
10306
10330
11105
10307
10331
11106
10308
10332
11107
10309
10333
11108
10310
10334
11109
10311
10335
11110
10312
10336
11111
10313
10337
11112
10314
10338
11113
10315
10339
11114
10316
10340
11115
10317
10341
11116
10318
10342
11117
10319
10343
11118
10320
10344
11119
10321
10345
11120
10322
10346
11121
10323
10347
11122
10324
10348
11123
10349
11124
10326
10350
11125
10327
10351
11126
10328
10352
11127
10329
10353
11128
10330
10354
11129
10331
10355
11130
10332
10356
11131
10333
10357
11132
10334
10358
11133
10335
10359
11134
10336
10360
11135
10337
10361
11136
10338
10362
11137
10339
10363
11138
10340
10364
11139
10341
10365
11140
10342
10366
11141
10343
10367
11142
10344
10368
11143
10345
10369
11144
10346
10370
11145
10347
10371
11146
10348
10372
11147
10349
10373
11148
10374
11149
10351
10375
11150
10352
10376
11151
10353
10377
11152
10354
10378
11153
10355
10379
11154
10356
10380
11155
10357
10381
11156
10358
10382
11157
10359
10383
11158
10360
10384
11159
10361
10385
11160
10362
10386
11161
10363
10387
11162
10364
10388
11163
10365
10389
11164
10366
10390
11165
10367
10391
11166
10368
10392
11167
10369
10393
11168
10370
10394
11169
10371
10395
11170
10372
10396
11171
10373
10397
11172
10374
10398
11173
10399
11174
10376
11175
10377
11176
10378
11177
10379
11178
10380
11179
10381
11180
10382
11181
10383
11182
10384
11183
10385
11184
10386
11185
10387
11186
10388
11187
10389
11188
10390
11189
10391
11190
10392
11191
10393
11192
10394
11193
10395
11194
10396
11195
10397
11196
10398
11197
10399
11198
11199
10401
10425
11200
10402
10426
11201
10403
10427
11202
10404
10428
11203
10405
10429
11204
10406
10430
11205
10407
10431
11206
10408
10432
11207
10409
10433
11208
10410
10434
11209
10411
10435
11210
10412
10436
11211
10413
10437
11212
10414
10438
11213
10415
10439
11214
10416
10440
11215
10417
10441
11216
10418
10442
11217
10419
10443
11218
10420
10444
11219
10421
10445
11220
10422
10446
11221
10423
10447
11222
10424
10448
11223
10449
11224
10426
10450
11225
10427
10451
11226
10428
10452
11227
10429
10453
11228
10430
10454
11229
10431
10455
11230
10432
10456
11231
10433
10457
11232
10434
10458
11233
10435
10459
11234
10436
10460
11235
10437
10461
11236
10438
10462
11237
10439
10463
11238
10440
10464
11239
10441
10465
11240
10442
10466
11241
10443
10467
11242
10444
10468
11243
10445
10469
11244
10446
10470
11245
10447
10471
11246
10448
10472
11247
10449
10473
11248
10474
11249
10451
10475
11250
10452
10476
11251
10453
10477
11252
10454
10478
11253
10455
10479
11254
10456
10480
11255
10457
10481
11256
10458
10482
11257
10459
10483
11258
10460
10484
11259
10461
10485
11260
10462
10486
11261
10463
10487
11262
10464
10488
11263
10465
10489
11264
10466
10490
11265
10467
10491
11266
10468
10492
11267
10469
10493
11268
10470
10494
11269
10471
10495
11270
10472
10496
11271
10473
10497
11272
10474
10498
11273
10499
11274
10476
10500
11275
10477
10501
11276
10478
10502
11277
10479
10503
11278
10480
10504
11279
10481
10505
11280
10482
10506
11281
10483
10507
11282
10484
10508
11283
10485
10509
11284
10486
10510
11285
10487
10511
11286
10488
10512
11287
10489
10513
11288
10490
10514
11289
10491
10515
11290
10492
10516
11291
10493
10517
11292
10494
10518
11293
10495
10519
11294
10496
10520
11295
10497
10521
11296
10498
10522
11297
10499
10523
11298
10524
11299
10501
10525
11300
10502
10526
11301
10503
10527
11302
10504
10528
11303
10505
10529
11304
10506
10530
11305
10507
10531
11306
10508
10532
11307
10509
10533
11308
10510
10534
11309
10511
10535
11310
10512
10536
11311
10513
10537
11312
10514
10538
11313
10515
10539
11314
10516
10540
11315
10517
10541
11316
10518
10542
11317
10519
10543
11318
10520
10544
11319
10521
10545
11320
10522
10546
11321
10523
10547
11322
10524
10548
11323
10549
11324
10526
10550
11325
10527
10551
11326
10528
10552
11327
10529
10553
11328
10530
10554
11329
10531
10555
11330
10532
10556
11331
10533
10557
11332
10534
10558
11333
10535
10559
11334
10536
10560
11335
10537
10561
11336
10538
10562
11337
10539
10563
11338
10540
10564
11339
10541
10565
11340
10542
10566
11341
10543
10567
11342
10544
10568
11343
10545
10569
11344
10546
10570
11345
10547
10571
11346
10548
10572
11347
10549
10573
11348
10574
11349
10551
10575
11350
10552
10576
11351
10553
10577
11352
10554
10578
11353
10555
10579
11354
10556
10580
11355
10557
10581
11356
10558
10582
11357
10559
10583
11358
10560
10584
11359
10561
10585
11360
10562
10586
11361
10563
10587
11362
10564
10588
11363
10565
10589
11364
10566
10590
11365
10567
10591
11366
10568
10592
11367
10569
10593
11368
10570
10594
11369
10571
10595
11370
10572
10596
11371
10573
10597
11372
10574
10598
11373
10599
11374
10576
10600
11375
10577
10601
11376
10578
10602
11377
10579
10603
11378
10580
10604
11379
10581
10605
11380
10582
10606
11381
10583
10607
11382
10584
10608
11383
10585
10609
11384
10586
10610
11385
10587
10611
11386
10588
10612
11387
10589
10613
11388
10590
10614
11389
10591
10615
11390
10592
10616
11391
10593
10617
11392
10594
10618
11393
10595
10619
11394
10596
10620
11395
10597
10621
11396
10598
10622
11397
10599
10623
11398
10624
11399
10601
10625
11400
10602
10626
11401
10603
10627
11402
10604
10628
11403
10605
10629
11404
10606
10630
11405
10607
10631
11406
10608
10632
11407
10609
10633
11408
10610
10634
11409
10611
10635
11410
10612
10636
11411
10613
10637
11412
10614
10638
11413
10615
10639
11414
10616
10640
11415
10617
10641
11416
10618
10642
11417
10619
10643
11418
10620
10644
11419
10621
10645
11420
10622
10646
11421
10623
10647
11422
10624
10648
11423
10649
11424
10626
10650
11425
10627
10651
11426
10628
10652
11427
10629
10653
11428
10630
10654
11429
10631
10655
11430
10632
10656
11431
10633
10657
11432
10634
10658
11433
10635
10659
11434
10636
10660
11435
10637
10661
11436
10638
10662
11437
10639
10663
11438
10640
10664
11439
10641
10665
11440
10642
10666
11441
10643
10667
11442
10644
10668
11443
10645
10669
11444
10646
10670
11445
10647
10671
11446
10648
10672
11447
10649
10673
11448
10674
11449
10651
10675
11450
10652
10676
11451
10653
10677
11452
10654
10678
11453
10655
10679
11454
10656
10680
11455
10657
10681
11456
10658
10682
11457
10659
10683
11458
10660
10684
11459
10661
10685
11460
10662
10686
11461
10663
10687
11462
10664
10688
11463
10665
10689
11464
10666
10690
11465
10667
10691
11466
10668
10692
11467
10669
10693
11468
10670
10694
11469
10671
10695
11470
10672
10696
11471
10673
10697
11472
10674
10698
11473
10699
11474
10676
10700
11475
10677
10701
11476
10678
10702
11477
10679
10703
11478
10680
10704
11479
10681
10705
11480
10682
10706
11481
10683
10707
11482
10684
10708
11483
10685
10709
11484
10686
10710
11485
10687
10711
11486
10688
10712
11487
10689
10713
11488
10690
10714
11489
10691
10715
11490
10692
10716
11491
10693
10717
11492
10694
10718
11493
10695
10719
11494
10696
10720
11495
10697
10721
11496
10698
10722
11497
10699
10723
11498
10724
11499
10701
10725
11500
10702
10726
11501
10703
10727
11502
10704
10728
11503
10705
10729
11504
10706
10730
11505
10707
10731
11506
10708
10732
11507
10709
10733
11508
10710
10734
11509
10711
10735
11510
10712
10736
11511
10713
10737
11512
10714
10738
11513
10715
10739
11514
10716
10740
11515
10717
10741
11516
10718
10742
11517
10719
10743
11518
10720
10744
11519
10721
10745
11520
10722
10746
11521
10723
10747
11522
10724
10748
11523
10749
11524
10726
10750
11525
10727
10751
11526
10728
10752
11527
10729
10753
11528
10730
10754
11529
10731
10755
11530
10732
10756
11531
10733
10757
11532
10734
10758
11533
10735
10759
11534
10736
10760
11535
10737
10761
11536
10738
10762
11537
10739
10763
11538
10740
10764
11539
10741
10765
11540
10742
10766
11541
10743
10767
11542
10744
10768
11543
10745
10769
11544
10746
10770
11545
10747
10771
11546
10748
10772
11547
10749
10773
11548
10774
11549
10751
10775
11550
10752
10776
11551
10753
10777
11552
10754
10778
11553
10755
10779
11554
10756
10780
11555
10757
10781
11556
10758
10782
11557
10759
10783
11558
10760
10784
11559
10761
10785
11560
10762
10786
11561
10763
10787
11562
10764
10788
11563
10765
10789
11564
10766
10790
11565
10767
10791
11566
10768
10792
11567
10769
10793
11568
10770
10794
11569
10771
10795
11570
10772
10796
11571
10773
10797
11572
10774
10798
11573
10799
11574
10776
10800
11575
10777
10801
11576
10778
10802
11577
10779
10803
11578
10780
10804
11579
10781
10805
11580
10782
10806
11581
10783
10807
11582
10784
10808
11583
10785
10809
11584
10786
10810
11585
10787
10811
11586
10788
10812
11587
10789
10813
11588
10790
10814
11589
10791
10815
11590
10792
10816
11591
10793
10817
11592
10794
10818
11593
10795
10819
11594
10796
10820
11595
10797
10821
11596
10798
10822
11597
10799
10823
11598
10824
11599
10801
10825
11600
10802
10826
11601
10803
10827
11602
10804
10828
11603
10805
10829
11604
10806
10830
11605
10807
10831
11606
10808
10832
11607
10809
10833
11608
10810
10834
11609
10811
10835
11610
10812
10836
11611
10813
10837
11612
10814
10838
11613
10815
10839
11614
10816
10840
11615
10817
10841
11616
10818
10842
11617
10819
10843
11618
10820
10844
11619
10821
10845
11620
10822
10846
11621
10823
10847
11622
10824
10848
11623
10849
11624
10826
10850
11625
10827
10851
11626
10828
10852
11627
10829
10853
11628
10830
10854
11629
10831
10855
11630
10832
10856
11631
10833
10857
11632
10834
10858
11633
10835
10859
11634
10836
10860
11635
10837
10861
11636
10838
10862
11637
10839
10863
11638
10840
10864
11639
10841
10865
11640
10842
10866
11641
10843
10867
11642
10844
10868
11643
10845
10869
11644
10846
10870
11645
10847
10871
11646
10848
10872
11647
10849
10873
11648
10874
11649
10851
10875
11650
10852
10876
11651
10853
10877
11652
10854
10878
11653
10855
10879
11654
10856
10880
11655
10857
10881
11656
10858
10882
11657
10859
10883
11658
10860
10884
11659
10861
10885
11660
10862
10886
11661
10863
10887
11662
10864
10888
11663
10865
10889
11664
10866
10890
11665
10867
10891
11666
10868
10892
11667
10869
10893
11668
10870
10894
11669
10871
10895
11670
10872
10896
11671
10873
10897
11672
10874
10898
11673
10899
11674
10876
10900
11675
10877
10901
11676
10878
10902
11677
10879
10903
11678
10880
10904
11679
10881
10905
11680
10882
10906
11681
10883
10907
11682
10884
10908
11683
10885
10909
11684
10886
10910
11685
10887
10911
11686
10888
10912
11687
10889
10913
11688
10890
10914
11689
10891
10915
11690
10892
10916
11691
10893
10917
11692
10894
10918
11693
10895
10919
11694
10896
10920
11695
10897
10921
11696
10898
10922
11697
10899
10923
11698
10924
11699
10901
10925
11700
10902
10926
11701
10903
10927
11702
10904
10928
11703
10905
10929
11704
10906
10930
11705
10907
10931
11706
10908
10932
11707
10909
10933
11708
10910
10934
11709
10911
10935
11710
10912
10936
11711
10913
10937
11712
10914
10938
11713
10915
10939
11714
10916
10940
11715
10917
10941
11716
10918
10942
11717
10919
10943
11718
10920
10944
11719
10921
10945
11720
10922
10946
11721
10923
10947
11722
10924
10948
11723
10949
11724
10926
10950
11725
10927
10951
11726
10928
10952
11727
10929
10953
11728
10930
10954
11729
10931
10955
11730
10932
10956
11731
10933
10957
11732
10934
10958
11733
10935
10959
11734
10936
10960
11735
10937
10961
11736
10938
10962
11737
10939
10963
11738
10940
10964
11739
10941
10965
11740
10942
10966
11741
10943
10967
11742
10944
10968
11743
10945
10969
11744
10946
10970
11745
10947
10971
11746
10948
10972
11747
10949
10973
11748
10974
11749
10951
10975
11750
10952
10976
11751
10953
10977
11752
10954
10978
11753
10955
10979
11754
10956
10980
11755
10957
10981
11756
10958
10982
11757
10959
10983
11758
10960
10984
11759
10961
10985
11760
10962
10986
11761
10963
10987
11762
10964
10988
11763
10965
10989
11764
10966
10990
11765
10967
10991
11766
10968
10992
11767
10969
10993
11768
10970
10994
11769
10971
10995
11770
10972
10996
11771
10973
10997
11772
10974
10998
11773
10999
11774
10976
11000
11775
10977
11001
11776
10978
11002
11777
10979
11003
11778
10980
11004
11779
10981
11005
11780
10982
11006
11781
10983
11007
11782
10984
11008
11783
10985
11009
11784
10986
11010
11785
10987
11011
11786
10988
11012
11787
10989
11013
11788
10990
11014
11789
10991
11015
11790
10992
11016
11791
10993
11017
11792
10994
11018
11793
10995
11019
11794
10996
11020
11795
10997
11021
11796
10998
11022
11797
10999
11023
11798
11024
11799
11001
11025
11800
11002
11026
11801
11003
11027
11802
11004
11028
11803
11005
11029
11804
11006
11030
11805
11007
11031
11806
11008
11032
11807
11009
11033
11808
11010
11034
11809
11011
11035
11810
11012
11036
11811
11013
11037
11812
11014
11038
11813
11015
11039
11814
11016
11040
11815
11017
11041
11816
11018
11042
11817
11019
11043
11818
11020
11044
11819
11021
11045
11820
11022
11046
11821
11023
11047
11822
11024
11048
11823
11049
11824
11026
11050
11825
11027
11051
11826
11028
11052
11827
11029
11053
11828
11030
11054
11829
11031
11055
11830
11032
11056
11831
11033
11057
11832
11034
11058
11833
11035
11059
11834
11036
11060
11835
11037
11061
11836
11038
11062
11837
11039
11063
11838
11040
11064
11839
11041
11065
11840
11042
11066
11841
11043
11067
11842
11044
11068
11843
11045
11069
11844
11046
11070
11845
11047
11071
11846
11048
11072
11847
11049
11073
11848
11074
11849
11051
11075
11850
11052
11076
11851
11053
11077
11852
11054
11078
11853
11055
11079
11854
11056
11080
11855
11057
11081
11856
11058
11082
11857
11059
11083
11858
11060
11084
11859
11061
11085
11860
11062
11086
11861
11063
11087
11862
11064
11088
11863
11065
11089
11864
11066
11090
11865
11067
11091
11866
11068
11092
11867
11069
11093
11868
11070
11094
11869
11071
11095
11870
11072
11096
11871
11073
11097
11872
11074
11098
11873
11099
11874
11076
11100
11875
11077
11101
11876
11078
11102
11877
11079
11103
11878
11080
11104
11879
11081
11105
11880
11082
11106
11881
11083
11107
11882
11084
11108
11883
11085
11109
11884
11086
11110
11885
11087
11111
11886
11088
11112
11887
11089
11113
11888
11090
11114
11889
11091
11115
11890
11092
11116
11891
11093
11117
11892
11094
11118
11893
11095
11119
11894
11096
11120
11895
11097
11121
11896
11098
11122
11897
11099
11123
11898
11124
11899
11101
11125
11900
11102
11126
11901
11103
11127
11902
11104
11128
11903
11105
11129
11904
11106
11130
11905
11107
11131
11906
11108
11132
11907
11109
11133
11908
11110
11134
11909
11111
11135
11910
11112
11136
11911
11113
11137
11912
11114
11138
11913
11115
11139
11914
11116
11140
11915
11117
11141
11916
11118
11142
11917
11119
11143
11918
11120
11144
11919
11121
11145
11920
11122
11146
11921
11123
11147
11922
11124
11148
11923
11149
11924
11126
11150
11925
11127
11151
11926
11128
11152
11927
11129
11153
11928
11130
11154
11929
11131
11155
11930
11132
11156
11931
11133
11157
11932
11134
11158
11933
11135
11159
11934
11136
11160
11935
11137
11161
11936
11138
11162
11937
11139
11163
11938
11140
11164
11939
11141
11165
11940
11142
11166
11941
11143
11167
11942
11144
11168
11943
11145
11169
11944
11146
11170
11945
11147
11171
11946
11148
11172
11947
11149
11173
11948
11174
11949
11151
11175
11950
11152
11176
11951
11153
11177
11952
11154
11178
11953
11155
11179
11954
11156
11180
11955
11157
11181
11956
11158
11182
11957
11159
11183
11958
11160
11184
11959
11161
11185
11960
11162
11186
11961
11163
11187
11962
11164
11188
11963
11165
11189
11964
11166
11190
11965
11167
11191
11966
11168
11192
11967
11169
11193
11968
11170
11194
11969
11171
11195
11970
11172
11196
11971
11173
11197
11972
11174
11198
11973
11199
11974
11176
11975
11177
11976
11178
11977
11179
11978
11180
11979
11181
11980
11182
11981
11183
11982
11184
11983
11185
11984
11186
11985
11187
11986
11188
11987
11189
11988
11190
11989
11191
11990
11192
11991
11193
11992
11194
11993
11195
11994
11196
11995
11197
11996
11198
11997
11199
11998
11999
11201
11225
12000
11202
11226
12001
11203
11227
12002
11204
11228
12003
11205
11229
12004
11206
11230
12005
11207
11231
12006
11208
11232
12007
11209
11233
12008
11210
11234
12009
11211
11235
12010
11212
11236
12011
11213
11237
12012
11214
11238
12013
11215
11239
12014
11216
11240
12015
11217
11241
12016
11218
11242
12017
11219
11243
12018
11220
11244
12019
11221
11245
12020
11222
11246
12021
11223
11247
12022
11224
11248
12023
11249
12024
11226
11250
12025
11227
11251
12026
11228
11252
12027
11229
11253
12028
11230
11254
12029
11231
11255
12030
11232
11256
12031
11233
11257
12032
11234
11258
12033
11235
11259
12034
11236
11260
12035
11237
11261
12036
11238
11262
12037
11239
11263
12038
11240
11264
12039
11241
11265
12040
11242
11266
12041
11243
11267
12042
11244
11268
12043
11245
11269
12044
11246
11270
12045
11247
11271
12046
11248
11272
12047
11249
11273
12048
11274
12049
11251
11275
12050
11252
11276
12051
11253
11277
12052
11254
11278
12053
11255
11279
12054
11256
11280
12055
11257
11281
12056
11258
11282
12057
11259
11283
12058
11260
11284
12059
11261
11285
12060
11262
11286
12061
11263
11287
12062
11264
11288
12063
11265
11289
12064
11266
11290
12065
11267
11291
12066
11268
11292
12067
11269
11293
12068
11270
11294
12069
11271
11295
12070
11272
11296
12071
11273
11297
12072
11274
11298
12073
11299
12074
11276
11300
12075
11277
11301
12076
11278
11302
12077
11279
11303
12078
11280
11304
12079
11281
11305
12080
11282
11306
12081
11283
11307
12082
11284
11308
12083
11285
11309
12084
11286
11310
12085
11287
11311
12086
11288
11312
12087
11289
11313
12088
11290
11314
12089
11291
11315
12090
11292
11316
12091
11293
11317
12092
11294
11318
12093
11295
11319
12094
11296
11320
12095
11297
11321
12096
11298
11322
12097
11299
11323
12098
11324
12099
11301
11325
12100
11302
11326
12101
11303
11327
12102
11304
11328
12103
11305
11329
12104
11306
11330
12105
11307
11331
12106
11308
11332
12107
11309
11333
12108
11310
11334
12109
11311
11335
12110
11312
11336
12111
11313
11337
12112
11314
11338
12113
11315
11339
12114
11316
11340
12115
11317
11341
12116
11318
11342
12117
11319
11343
12118
11320
11344
12119
11321
11345
12120
11322
11346
12121
11323
11347
12122
11324
11348
12123
11349
12124
11326
11350
12125
11327
11351
12126
11328
11352
12127
11329
11353
12128
11330
11354
12129
11331
11355
12130
11332
11356
12131
11333
11357
12132
11334
11358
12133
11335
11359
12134
11336
11360
12135
11337
11361
12136
11338
11362
12137
11339
11363
12138
11340
11364
12139
11341
11365
12140
11342
11366
12141
11343
11367
12142
11344
11368
12143
11345
11369
12144
11346
11370
12145
11347
11371
12146
11348
11372
12147
11349
11373
12148
11374
12149
11351
11375
12150
11352
11376
12151
11353
11377
12152
11354
11378
12153
11355
11379
12154
11356
11380
12155
11357
11381
12156
11358
11382
12157
11359
11383
12158
11360
11384
12159
11361
11385
12160
11362
11386
12161
11363
11387
12162
11364
11388
12163
11365
11389
12164
11366
11390
12165
11367
11391
12166
11368
11392
12167
11369
11393
12168
11370
11394
12169
11371
11395
12170
11372
11396
12171
11373
11397
12172
11374
11398
12173
11399
12174
11376
11400
12175
11377
11401
12176
11378
11402
12177
11379
11403
12178
11380
11404
12179
11381
11405
12180
11382
11406
12181
11383
11407
12182
11384
11408
12183
11385
11409
12184
11386
11410
12185
11387
11411
12186
11388
11412
12187
11389
11413
12188
11390
11414
12189
11391
11415
12190
11392
11416
12191
11393
11417
12192
11394
11418
12193
11395
11419
12194
11396
11420
12195
11397
11421
12196
11398
11422
12197
11399
11423
12198
11424
12199
11401
11425
12200
11402
11426
12201
11403
11427
12202
11404
11428
12203
11405
11429
12204
11406
11430
12205
11407
11431
12206
11408
11432
12207
11409
11433
12208
11410
11434
12209
11411
11435
12210
11412
11436
12211
11413
11437
12212
11414
11438
12213
11415
11439
12214
11416
11440
12215
11417
11441
12216
11418
11442
12217
11419
11443
12218
11420
11444
12219
11421
11445
12220
11422
11446
12221
11423
11447
12222
11424
11448
12223
11449
12224
11426
11450
12225
11427
11451
12226
11428
11452
12227
11429
11453
12228
11430
11454
12229
11431
11455
12230
11432
11456
12231
11433
11457
12232
11434
11458
12233
11435
11459
12234
11436
11460
12235
11437
11461
12236
11438
11462
12237
11439
11463
12238
11440
11464
12239
11441
11465
12240
11442
11466
12241
11443
11467
12242
11444
11468
12243
11445
11469
12244
11446
11470
12245
11447
11471
12246
11448
11472
12247
11449
11473
12248
11474
12249
11451
11475
12250
11452
11476
12251
11453
11477
12252
11454
11478
12253
11455
11479
12254
11456
11480
12255
11457
11481
12256
11458
11482
12257
11459
11483
12258
11460
11484
12259
11461
11485
12260
11462
11486
12261
11463
11487
12262
11464
11488
12263
11465
11489
12264
11466
11490
12265
11467
11491
12266
11468
11492
12267
11469
11493
12268
11470
11494
12269
11471
11495
12270
11472
11496
12271
11473
11497
12272
11474
11498
12273
11499
12274
11476
11500
12275
11477
11501
12276
11478
11502
12277
11479
11503
12278
11480
11504
12279
11481
11505
12280
11482
11506
12281
11483
11507
12282
11484
11508
12283
11485
11509
12284
11486
11510
12285
11487
11511
12286
11488
11512
12287
11489
11513
12288
11490
11514
12289
11491
11515
12290
11492
11516
12291
11493
11517
12292
11494
11518
12293
11495
11519
12294
11496
11520
12295
11497
11521
12296
11498
11522
12297
11499
11523
12298
11524
12299
11501
11525
12300
11502
11526
12301
11503
11527
12302
11504
11528
12303
11505
11529
12304
11506
11530
12305
11507
11531
12306
11508
11532
12307
11509
11533
12308
11510
11534
12309
11511
11535
12310
11512
11536
12311
11513
11537
12312
11514
11538
12313
11515
11539
12314
11516
11540
12315
11517
11541
12316
11518
11542
12317
11519
11543
12318
11520
11544
12319
11521
11545
12320
11522
11546
12321
11523
11547
12322
11524
11548
12323
11549
12324
11526
11550
12325
11527
11551
12326
11528
11552
12327
11529
11553
12328
11530
11554
12329
11531
11555
12330
11532
11556
12331
11533
11557
12332
11534
11558
12333
11535
11559
12334
11536
11560
12335
11537
11561
12336
11538
11562
12337
11539
11563
12338
11540
11564
12339
11541
11565
12340
11542
11566
12341
11543
11567
12342
11544
11568
12343
11545
11569
12344
11546
11570
12345
11547
11571
12346
11548
11572
12347
11549
11573
12348
11574
12349
11551
11575
12350
11552
11576
12351
11553
11577
12352
11554
11578
12353
11555
11579
12354
11556
11580
12355
11557
11581
12356
11558
11582
12357
11559
11583
12358
11560
11584
12359
11561
11585
12360
11562
11586
12361
11563
11587
12362
11564
11588
12363
11565
11589
12364
11566
11590
12365
11567
11591
12366
11568
11592
12367
11569
11593
12368
11570
11594
12369
11571
11595
12370
11572
11596
12371
11573
11597
12372
11574
11598
12373
11599
12374
11576
11600
12375
11577
11601
12376
11578
11602
12377
11579
11603
12378
11580
11604
12379
11581
11605
12380
11582
11606
12381
11583
11607
12382
11584
11608
12383
11585
11609
12384
11586
11610
12385
11587
11611
12386
11588
11612
12387
11589
11613
12388
11590
11614
12389
11591
11615
12390
11592
11616
12391
11593
11617
12392
11594
11618
12393
11595
11619
12394
11596
11620
12395
11597
11621
12396
11598
11622
12397
11599
11623
12398
11624
12399
11601
11625
12400
11602
11626
12401
11603
11627
12402
11604
11628
12403
11605
11629
12404
11606
11630
12405
11607
11631
12406
11608
11632
12407
11609
11633
12408
11610
11634
12409
11611
11635
12410
11612
11636
12411
11613
11637
12412
11614
11638
12413
11615
11639
12414
11616
11640
12415
11617
11641
12416
11618
11642
12417
11619
11643
12418
11620
11644
12419
11621
11645
12420
11622
11646
12421
11623
11647
12422
11624
11648
12423
11649
12424
11626
11650
12425
11627
11651
12426
11628
11652
12427
11629
11653
12428
11630
11654
12429
11631
11655
12430
11632
11656
12431
11633
11657
12432
11634
11658
12433
11635
11659
12434
11636
11660
12435
11637
11661
12436
11638
11662
12437
11639
11663
12438
11640
11664
12439
11641
11665
12440
11642
11666
12441
11643
11667
12442
11644
11668
12443
11645
11669
12444
11646
11670
12445
11647
11671
12446
11648
11672
12447
11649
11673
12448
11674
12449
11651
11675
12450
11652
11676
12451
11653
11677
12452
11654
11678
12453
11655
11679
12454
11656
11680
12455
11657
11681
12456
11658
11682
12457
11659
11683
12458
11660
11684
12459
11661
11685
12460
11662
11686
12461
11663
11687
12462
11664
11688
12463
11665
11689
12464
11666
11690
12465
11667
11691
12466
11668
11692
12467
11669
11693
12468
11670
11694
12469
11671
11695
12470
11672
11696
12471
11673
11697
12472
11674
11698
12473
11699
12474
11676
11700
12475
11677
11701
12476
11678
11702
12477
11679
11703
12478
11680
11704
12479
11681
11705
12480
11682
11706
12481
11683
11707
12482
11684
11708
12483
11685
11709
12484
11686
11710
12485
11687
11711
12486
11688
11712
12487
11689
11713
12488
11690
11714
12489
11691
11715
12490
11692
11716
12491
11693
11717
12492
11694
11718
12493
11695
11719
12494
11696
11720
12495
11697
11721
12496
11698
11722
12497
11699
11723
12498
11724
12499
11701
11725
12500
11702
11726
12501
11703
11727
12502
11704
11728
12503
11705
11729
12504
11706
11730
12505
11707
11731
12506
11708
11732
12507
11709
11733
12508
11710
11734
12509
11711
11735
12510
11712
11736
12511
11713
11737
12512
11714
11738
12513
11715
11739
12514
11716
11740
12515
11717
11741
12516
11718
11742
12517
11719
11743
12518
11720
11744
12519
11721
11745
12520
11722
11746
12521
11723
11747
12522
11724
11748
12523
11749
12524
11726
11750
12525
11727
11751
12526
11728
11752
12527
11729
11753
12528
11730
11754
12529
11731
11755
12530
11732
11756
12531
11733
11757
12532
11734
11758
12533
11735
11759
12534
11736
11760
12535
11737
11761
12536
11738
11762
12537
11739
11763
12538
11740
11764
12539
11741
11765
12540
11742
11766
12541
11743
11767
12542
11744
11768
12543
11745
11769
12544
11746
11770
12545
11747
11771
12546
11748
11772
12547
11749
11773
12548
11774
12549
11751
11775
12550
11752
11776
12551
11753
11777
12552
11754
11778
12553
11755
11779
12554
11756
11780
12555
11757
11781
12556
11758
11782
12557
11759
11783
12558
11760
11784
12559
11761
11785
12560
11762
11786
12561
11763
11787
12562
11764
11788
12563
11765
11789
12564
11766
11790
12565
11767
11791
12566
11768
11792
12567
11769
11793
12568
11770
11794
12569
11771
11795
12570
11772
11796
12571
11773
11797
12572
11774
11798
12573
11799
12574
11776
11800
12575
11777
11801
12576
11778
11802
12577
11779
11803
12578
11780
11804
12579
11781
11805
12580
11782
11806
12581
11783
11807
12582
11784
11808
12583
11785
11809
12584
11786
11810
12585
11787
11811
12586
11788
11812
12587
11789
11813
12588
11790
11814
12589
11791
11815
12590
11792
11816
12591
11793
11817
12592
11794
11818
12593
11795
11819
12594
11796
11820
12595
11797
11821
12596
11798
11822
12597
11799
11823
12598
11824
12599
11801
11825
12600
11802
11826
12601
11803
11827
12602
11804
11828
12603
11805
11829
12604
11806
11830
12605
11807
11831
12606
11808
11832
12607
11809
11833
12608
11810
11834
12609
11811
11835
12610
11812
11836
12611
11813
11837
12612
11814
11838
12613
11815
11839
12614
11816
11840
12615
11817
11841
12616
11818
11842
12617
11819
11843
12618
11820
11844
12619
11821
11845
12620
11822
11846
12621
11823
11847
12622
11824
11848
12623
11849
12624
11826
11850
12625
11827
11851
12626
11828
11852
12627
11829
11853
12628
11830
11854
12629
11831
11855
12630
11832
11856
12631
11833
11857
12632
11834
11858
12633
11835
11859
12634
11836
11860
12635
11837
11861
12636
11838
11862
12637
11839
11863
12638
11840
11864
12639
11841
11865
12640
11842
11866
12641
11843
11867
12642
11844
11868
12643
11845
11869
12644
11846
11870
12645
11847
11871
12646
11848
11872
12647
11849
11873
12648
11874
12649
11851
11875
12650
11852
11876
12651
11853
11877
12652
11854
11878
12653
11855
11879
12654
11856
11880
12655
11857
11881
12656
11858
11882
12657
11859
11883
12658
11860
11884
12659
11861
11885
12660
11862
11886
12661
11863
11887
12662
11864
11888
12663
11865
11889
12664
11866
11890
12665
11867
11891
12666
11868
11892
12667
11869
11893
12668
11870
11894
12669
11871
11895
12670
11872
11896
12671
11873
11897
12672
11874
11898
12673
11899
12674
11876
11900
12675
11877
11901
12676
11878
11902
12677
11879
11903
12678
11880
11904
12679
11881
11905
12680
11882
11906
12681
11883
11907
12682
11884
11908
12683
11885
11909
12684
11886
11910
12685
11887
11911
12686
11888
11912
12687
11889
11913
12688
11890
11914
12689
11891
11915
12690
11892
11916
12691
11893
11917
12692
11894
11918
12693
11895
11919
12694
11896
11920
12695
11897
11921
12696
11898
11922
12697
11899
11923
12698
11924
12699
11901
11925
12700
11902
11926
12701
11903
11927
12702
11904
11928
12703
11905
11929
12704
11906
11930
12705
11907
11931
12706
11908
11932
12707
11909
11933
12708
11910
11934
12709
11911
11935
12710
11912
11936
12711
11913
11937
12712
11914
11938
12713
11915
11939
12714
11916
11940
12715
11917
11941
12716
11918
11942
12717
11919
11943
12718
11920
11944
12719
11921
11945
12720
11922
11946
12721
11923
11947
12722
11924
11948
12723
11949
12724
11926
11950
12725
11927
11951
12726
11928
11952
12727
11929
11953
12728
11930
11954
12729
11931
11955
12730
11932
11956
12731
11933
11957
12732
11934
11958
12733
11935
11959
12734
11936
11960
12735
11937
11961
12736
11938
11962
12737
11939
11963
12738
11940
11964
12739
11941
11965
12740
11942
11966
12741
11943
11967
12742
11944
11968
12743
11945
11969
12744
11946
11970
12745
11947
11971
12746
11948
11972
12747
11949
11973
12748
11974
12749
11951
11975
12750
11952
11976
12751
11953
11977
12752
11954
11978
12753
11955
11979
12754
11956
11980
12755
11957
11981
12756
11958
11982
12757
11959
11983
12758
11960
11984
12759
11961
11985
12760
11962
11986
12761
11963
11987
12762
11964
11988
12763
11965
11989
12764
11966
11990
12765
11967
11991
12766
11968
11992
12767
11969
11993
12768
11970
11994
12769
11971
11995
12770
11972
11996
12771
11973
11997
12772
11974
11998
12773
11999
12774
11976
12775
11977
12776
11978
12777
11979
12778
11980
12779
11981
12780
11982
12781
11983
12782
11984
12783
11985
12784
11986
12785
11987
12786
11988
12787
11989
12788
11990
12789
11991
12790
11992
12791
11993
12792
11994
12793
11995
12794
11996
12795
11997
12796
11998
12797
11999
12798
12799
12001
12025
12800
12002
12026
12801
12003
12027
12802
12004
12028
12803
12005
12029
12804
12006
12030
12805
12007
12031
12806
12008
12032
12807
12009
12033
12808
12010
12034
12809
12011
12035
12810
12012
12036
12811
12013
12037
12812
12014
12038
12813
12015
12039
12814
12016
12040
12815
12017
12041
12816
12018
12042
12817
12019
12043
12818
12020
12044
12819
12021
12045
12820
12022
12046
12821
12023
12047
12822
12024
12048
12823
12049
12824
12026
12050
12825
12027
12051
12826
12028
12052
12827
12029
12053
12828
12030
12054
12829
12031
12055
12830
12032
12056
12831
12033
12057
12832
12034
12058
12833
12035
12059
12834
12036
12060
12835
12037
12061
12836
12038
12062
12837
12039
12063
12838
12040
12064
12839
12041
12065
12840
12042
12066
12841
12043
12067
12842
12044
12068
12843
12045
12069
12844
12046
12070
12845
12047
12071
12846
12048
12072
12847
12049
12073
12848
12074
12849
12051
12075
12850
12052
12076
12851
12053
12077
12852
12054
12078
12853
12055
12079
12854
12056
12080
12855
12057
12081
12856
12058
12082
12857
12059
12083
12858
12060
12084
12859
12061
12085
12860
12062
12086
12861
12063
12087
12862
12064
12088
12863
12065
12089
12864
12066
12090
12865
12067
12091
12866
12068
12092
12867
12069
12093
12868
12070
12094
12869
12071
12095
12870
12072
12096
12871
12073
12097
12872
12074
12098
12873
12099
12874
12076
12100
12875
12077
12101
12876
12078
12102
12877
12079
12103
12878
12080
12104
12879
12081
12105
12880
12082
12106
12881
12083
12107
12882
12084
12108
12883
12085
12109
12884
12086
12110
12885
12087
12111
12886
12088
12112
12887
12089
12113
12888
12090
12114
12889
12091
12115
12890
12092
12116
12891
12093
12117
12892
12094
12118
12893
12095
12119
12894
12096
12120
12895
12097
12121
12896
12098
12122
12897
12099
12123
12898
12124
12899
12101
12125
12900
12102
12126
12901
12103
12127
12902
12104
12128
12903
12105
12129
12904
12106
12130
12905
12107
12131
12906
12108
12132
12907
12109
12133
12908
12110
12134
12909
12111
12135
12910
12112
12136
12911
12113
12137
12912
12114
12138
12913
12115
12139
12914
12116
12140
12915
12117
12141
12916
12118
12142
12917
12119
12143
12918
12120
12144
12919
12121
12145
12920
12122
12146
12921
12123
12147
12922
12124
12148
12923
12149
12924
12126
12150
12925
12127
12151
12926
12128
12152
12927
12129
12153
12928
12130
12154
12929
12131
12155
12930
12132
12156
12931
12133
12157
12932
12134
12158
12933
12135
12159
12934
12136
12160
12935
12137
12161
12936
12138
12162
12937
12139
12163
12938
12140
12164
12939
12141
12165
12940
12142
12166
12941
12143
12167
12942
12144
12168
12943
12145
12169
12944
12146
12170
12945
12147
12171
12946
12148
12172
12947
12149
12173
12948
12174
12949
12151
12175
12950
12152
12176
12951
12153
12177
12952
12154
12178
12953
12155
12179
12954
12156
12180
12955
12157
12181
12956
12158
12182
12957
12159
12183
12958
12160
12184
12959
12161
12185
12960
12162
12186
12961
12163
12187
12962
12164
12188
12963
12165
12189
12964
12166
12190
12965
12167
12191
12966
12168
12192
12967
12169
12193
12968
12170
12194
12969
12171
12195
12970
12172
12196
12971
12173
12197
12972
12174
12198
12973
12199
12974
12176
12200
12975
12177
12201
12976
12178
12202
12977
12179
12203
12978
12180
12204
12979
12181
12205
12980
12182
12206
12981
12183
12207
12982
12184
12208
12983
12185
12209
12984
12186
12210
12985
12187
12211
12986
12188
12212
12987
12189
12213
12988
12190
12214
12989
12191
12215
12990
12192
12216
12991
12193
12217
12992
12194
12218
12993
12195
12219
12994
12196
12220
12995
12197
12221
12996
12198
12222
12997
12199
12223
12998
12224
12999
12201
12225
13000
12202
12226
13001
12203
12227
13002
12204
12228
13003
12205
12229
13004
12206
12230
13005
12207
12231
13006
12208
12232
13007
12209
12233
13008
12210
12234
13009
12211
12235
13010
12212
12236
13011
12213
12237
13012
12214
12238
13013
12215
12239
13014
12216
12240
13015
12217
12241
13016
12218
12242
13017
12219
12243
13018
12220
12244
13019
12221
12245
13020
12222
12246
13021
12223
12247
13022
12224
12248
13023
12249
13024
12226
12250
13025
12227
12251
13026
12228
12252
13027
12229
12253
13028
12230
12254
13029
12231
12255
13030
12232
12256
13031
12233
12257
13032
12234
12258
13033
12235
12259
13034
12236
12260
13035
12237
12261
13036
12238
12262
13037
12239
12263
13038
12240
12264
13039
12241
12265
13040
12242
12266
13041
12243
12267
13042
12244
12268
13043
12245
12269
13044
12246
12270
13045
12247
12271
13046
12248
12272
13047
12249
12273
13048
12274
13049
12251
12275
13050
12252
12276
13051
12253
12277
13052
12254
12278
13053
12255
12279
13054
12256
12280
13055
12257
12281
13056
12258
12282
13057
12259
12283
13058
12260
12284
13059
12261
12285
13060
12262
12286
13061
12263
12287
13062
12264
12288
13063
12265
12289
13064
12266
12290
13065
12267
12291
13066
12268
12292
13067
12269
12293
13068
12270
12294
13069
12271
12295
13070
12272
12296
13071
12273
12297
13072
12274
12298
13073
12299
13074
12276
12300
13075
12277
12301
13076
12278
12302
13077
12279
12303
13078
12280
12304
13079
12281
12305
13080
12282
12306
13081
12283
12307
13082
12284
12308
13083
12285
12309
13084
12286
12310
13085
12287
12311
13086
12288
12312
13087
12289
12313
13088
12290
12314
13089
12291
12315
13090
12292
12316
13091
12293
12317
13092
12294
12318
13093
12295
12319
13094
12296
12320
13095
12297
12321
13096
12298
12322
13097
12299
12323
13098
12324
13099
12301
12325
13100
12302
12326
13101
12303
12327
13102
12304
12328
13103
12305
12329
13104
12306
12330
13105
12307
12331
13106
12308
12332
13107
12309
12333
13108
12310
12334
13109
12311
12335
13110
12312
12336
13111
12313
12337
13112
12314
12338
13113
12315
12339
13114
12316
12340
13115
12317
12341
13116
12318
12342
13117
12319
12343
13118
12320
12344
13119
12321
12345
13120
12322
12346
13121
12323
12347
13122
12324
12348
13123
12349
13124
12326
12350
13125
12327
12351
13126
12328
12352
13127
12329
12353
13128
12330
12354
13129
12331
12355
13130
12332
12356
13131
12333
12357
13132
12334
12358
13133
12335
12359
13134
12336
12360
13135
12337
12361
13136
12338
12362
13137
12339
12363
13138
12340
12364
13139
12341
12365
13140
12342
12366
13141
12343
12367
13142
12344
12368
13143
12345
12369
13144
12346
12370
13145
12347
12371
13146
12348
12372
13147
12349
12373
13148
12374
13149
12351
12375
13150
12352
12376
13151
12353
12377
13152
12354
12378
13153
12355
12379
13154
12356
12380
13155
12357
12381
13156
12358
12382
13157
12359
12383
13158
12360
12384
13159
12361
12385
13160
12362
12386
13161
12363
12387
13162
12364
12388
13163
12365
12389
13164
12366
12390
13165
12367
12391
13166
12368
12392
13167
12369
12393
13168
12370
12394
13169
12371
12395
13170
12372
12396
13171
12373
12397
13172
12374
12398
13173
12399
13174
12376
12400
13175
12377
12401
13176
12378
12402
13177
12379
12403
13178
12380
12404
13179
12381
12405
13180
12382
12406
13181
12383
12407
13182
12384
12408
13183
12385
12409
13184
12386
12410
13185
12387
12411
13186
12388
12412
13187
12389
12413
13188
12390
12414
13189
12391
12415
13190
12392
12416
13191
12393
12417
13192
12394
12418
13193
12395
12419
13194
12396
12420
13195
12397
12421
13196
12398
12422
13197
12399
12423
13198
12424
13199
12401
12425
13200
12402
12426
13201
12403
12427
13202
12404
12428
13203
12405
12429
13204
12406
12430
13205
12407
12431
13206
12408
12432
13207
12409
12433
13208
12410
12434
13209
12411
12435
13210
12412
12436
13211
12413
12437
13212
12414
12438
13213
12415
12439
13214
12416
12440
13215
12417
12441
13216
12418
12442
13217
12419
12443
13218
12420
12444
13219
12421
12445
13220
12422
12446
13221
12423
12447
13222
12424
12448
13223
12449
13224
12426
12450
13225
12427
12451
13226
12428
12452
13227
12429
12453
13228
12430
12454
13229
12431
12455
13230
12432
12456
13231
12433
12457
13232
12434
12458
13233
12435
12459
13234
12436
12460
13235
12437
12461
13236
12438
12462
13237
12439
12463
13238
12440
12464
13239
12441
12465
13240
12442
12466
13241
12443
12467
13242
12444
12468
13243
12445
12469
13244
12446
12470
13245
12447
12471
13246
12448
12472
13247
12449
12473
13248
12474
13249
12451
12475
13250
12452
12476
13251
12453
12477
13252
12454
12478
13253
12455
12479
13254
12456
12480
13255
12457
12481
13256
12458
12482
13257
12459
12483
13258
12460
12484
13259
12461
12485
13260
12462
12486
13261
12463
12487
13262
12464
12488
13263
12465
12489
13264
12466
12490
13265
12467
12491
13266
12468
12492
13267
12469
12493
13268
12470
12494
13269
12471
12495
13270
12472
12496
13271
12473
12497
13272
12474
12498
13273
12499
13274
12476
12500
13275
12477
12501
13276
12478
12502
13277
12479
12503
13278
12480
12504
13279
12481
12505
13280
12482
12506
13281
12483
12507
13282
12484
12508
13283
12485
12509
13284
12486
12510
13285
12487
12511
13286
12488
12512
13287
12489
12513
13288
12490
12514
13289
12491
12515
13290
12492
12516
13291
12493
12517
13292
12494
12518
13293
12495
12519
13294
12496
12520
13295
12497
12521
13296
12498
12522
13297
12499
12523
13298
12524
13299
12501
12525
13300
12502
12526
13301
12503
12527
13302
12504
12528
13303
12505
12529
13304
12506
12530
13305
12507
12531
13306
12508
12532
13307
12509
12533
13308
12510
12534
13309
12511
12535
13310
12512
12536
13311
12513
12537
13312
12514
12538
13313
12515
12539
13314
12516
12540
13315
12517
12541
13316
12518
12542
13317
12519
12543
13318
12520
12544
13319
12521
12545
13320
12522
12546
13321
12523
12547
13322
12524
12548
13323
12549
13324
12526
12550
13325
12527
12551
13326
12528
12552
13327
12529
12553
13328
12530
12554
13329
12531
12555
13330
12532
12556
13331
12533
12557
13332
12534
12558
13333
12535
12559
13334
12536
12560
13335
12537
12561
13336
12538
12562
13337
12539
12563
13338
12540
12564
13339
12541
12565
13340
12542
12566
13341
12543
12567
13342
12544
12568
13343
12545
12569
13344
12546
12570
13345
12547
12571
13346
12548
12572
13347
12549
12573
13348
12574
13349
12551
12575
13350
12552
12576
13351
12553
12577
13352
12554
12578
13353
12555
12579
13354
12556
12580
13355
12557
12581
13356
12558
12582
13357
12559
12583
13358
12560
12584
13359
12561
12585
13360
12562
12586
13361
12563
12587
13362
12564
12588
13363
12565
12589
13364
12566
12590
13365
12567
12591
13366
12568
12592
13367
12569
12593
13368
12570
12594
13369
12571
12595
13370
12572
12596
13371
12573
12597
13372
12574
12598
13373
12599
13374
12576
12600
13375
12577
12601
13376
12578
12602
13377
12579
12603
13378
12580
12604
13379
12581
12605
13380
12582
12606
13381
12583
12607
13382
12584
12608
13383
12585
12609
13384
12586
12610
13385
12587
12611
13386
12588
12612
13387
12589
12613
13388
12590
12614
13389
12591
12615
13390
12592
12616
13391
12593
12617
13392
12594
12618
13393
12595
12619
13394
12596
12620
13395
12597
12621
13396
12598
12622
13397
12599
12623
13398
12624
13399
12601
12625
13400
12602
12626
13401
12603
12627
13402
12604
12628
13403
12605
12629
13404
12606
12630
13405
12607
12631
13406
12608
12632
13407
12609
12633
13408
12610
12634
13409
12611
12635
13410
12612
12636
13411
12613
12637
13412
12614
12638
13413
12615
12639
13414
12616
12640
13415
12617
12641
13416
12618
12642
13417
12619
12643
13418
12620
12644
13419
12621
12645
13420
12622
12646
13421
12623
12647
13422
12624
12648
13423
12649
13424
12626
12650
13425
12627
12651
13426
12628
12652
13427
12629
12653
13428
12630
12654
13429
12631
12655
13430
12632
12656
13431
12633
12657
13432
12634
12658
13433
12635
12659
13434
12636
12660
13435
12637
12661
13436
12638
12662
13437
12639
12663
13438
12640
12664
13439
12641
12665
13440
12642
12666
13441
12643
12667
13442
12644
12668
13443
12645
12669
13444
12646
12670
13445
12647
12671
13446
12648
12672
13447
12649
12673
13448
12674
13449
12651
12675
13450
12652
12676
13451
12653
12677
13452
12654
12678
13453
12655
12679
13454
12656
12680
13455
12657
12681
13456
12658
12682
13457
12659
12683
13458
12660
12684
13459
12661
12685
13460
12662
12686
13461
12663
12687
13462
12664
12688
13463
12665
12689
13464
12666
12690
13465
12667
12691
13466
12668
12692
13467
12669
12693
13468
12670
12694
13469
12671
12695
13470
12672
12696
13471
12673
12697
13472
12674
12698
13473
12699
13474
12676
12700
13475
12677
12701
13476
12678
12702
13477
12679
12703
13478
12680
12704
13479
12681
12705
13480
12682
12706
13481
12683
12707
13482
12684
12708
13483
12685
12709
13484
12686
12710
13485
12687
12711
13486
12688
12712
13487
12689
12713
13488
12690
12714
13489
12691
12715
13490
12692
12716
13491
12693
12717
13492
12694
12718
13493
12695
12719
13494
12696
12720
13495
12697
12721
13496
12698
12722
13497
12699
12723
13498
12724
13499
12701
12725
13500
12702
12726
13501
12703
12727
13502
12704
12728
13503
12705
12729
13504
12706
12730
13505
12707
12731
13506
12708
12732
13507
12709
12733
13508
12710
12734
13509
12711
12735
13510
12712
12736
13511
12713
12737
13512
12714
12738
13513
12715
12739
13514
12716
12740
13515
12717
12741
13516
12718
12742
13517
12719
12743
13518
12720
12744
13519
12721
12745
13520
12722
12746
13521
12723
12747
13522
12724
12748
13523
12749
13524
12726
12750
13525
12727
12751
13526
12728
12752
13527
12729
12753
13528
12730
12754
13529
12731
12755
13530
12732
12756
13531
12733
12757
13532
12734
12758
13533
12735
12759
13534
12736
12760
13535
12737
12761
13536
12738
12762
13537
12739
12763
13538
12740
12764
13539
12741
12765
13540
12742
12766
13541
12743
12767
13542
12744
12768
13543
12745
12769
13544
12746
12770
13545
12747
12771
13546
12748
12772
13547
12749
12773
13548
12774
13549
12751
12775
13550
12752
12776
13551
12753
12777
13552
12754
12778
13553
12755
12779
13554
12756
12780
13555
12757
12781
13556
12758
12782
13557
12759
12783
13558
12760
12784
13559
12761
12785
13560
12762
12786
13561
12763
12787
13562
12764
12788
13563
12765
12789
13564
12766
12790
13565
12767
12791
13566
12768
12792
13567
12769
12793
13568
12770
12794
13569
12771
12795
13570
12772
12796
13571
12773
12797
13572
12774
12798
13573
12799
13574
12776
13575
12777
13576
12778
13577
12779
13578
12780
13579
12781
13580
12782
13581
12783
13582
12784
13583
12785
13584
12786
13585
12787
13586
12788
13587
12789
13588
12790
13589
12791
13590
12792
13591
12793
13592
12794
13593
12795
13594
12796
13595
12797
13596
12798
13597
12799
13598
13599
12801
12825
13600
12802
12826
13601
12803
12827
13602
12804
12828
13603
12805
12829
13604
12806
12830
13605
12807
12831
13606
12808
12832
13607
12809
12833
13608
12810
12834
13609
12811
12835
13610
12812
12836
13611
12813
12837
13612
12814
12838
13613
12815
12839
13614
12816
12840
13615
12817
12841
13616
12818
12842
13617
12819
12843
13618
12820
12844
13619
12821
12845
13620
12822
12846
13621
12823
12847
13622
12824
12848
13623
12849
13624
12826
12850
13625
12827
12851
13626
12828
12852
13627
12829
12853
13628
12830
12854
13629
12831
12855
13630
12832
12856
13631
12833
12857
13632
12834
12858
13633
12835
12859
13634
12836
12860
13635
12837
12861
13636
12838
12862
13637
12839
12863
13638
12840
12864
13639
12841
12865
13640
12842
12866
13641
12843
12867
13642
12844
12868
13643
12845
12869
13644
12846
12870
13645
12847
12871
13646
12848
12872
13647
12849
12873
13648
12874
13649
12851
12875
13650
12852
12876
13651
12853
12877
13652
12854
12878
13653
12855
12879
13654
12856
12880
13655
12857
12881
13656
12858
12882
13657
12859
12883
13658
12860
12884
13659
12861
12885
13660
12862
12886
13661
12863
12887
13662
12864
12888
13663
12865
12889
13664
12866
12890
13665
12867
12891
13666
12868
12892
13667
12869
12893
13668
12870
12894
13669
12871
12895
13670
12872
12896
13671
12873
12897
13672
12874
12898
13673
12899
13674
12876
12900
13675
12877
12901
13676
12878
12902
13677
12879
12903
13678
12880
12904
13679
12881
12905
13680
12882
12906
13681
12883
12907
13682
12884
12908
13683
12885
12909
13684
12886
12910
13685
12887
12911
13686
12888
12912
13687
12889
12913
13688
12890
12914
13689
12891
12915
13690
12892
12916
13691
12893
12917
13692
12894
12918
13693
12895
12919
13694
12896
12920
13695
12897
12921
13696
12898
12922
13697
12899
12923
13698
12924
13699
12901
12925
13700
12902
12926
13701
12903
12927
13702
12904
12928
13703
12905
12929
13704
12906
12930
13705
12907
12931
13706
12908
12932
13707
12909
12933
13708
12910
12934
13709
12911
12935
13710
12912
12936
13711
12913
12937
13712
12914
12938
13713
12915
12939
13714
12916
12940
13715
12917
12941
13716
12918
12942
13717
12919
12943
13718
12920
12944
13719
12921
12945
13720
12922
12946
13721
12923
12947
13722
12924
12948
13723
12949
13724
12926
12950
13725
12927
12951
13726
12928
12952
13727
12929
12953
13728
12930
12954
13729
12931
12955
13730
12932
12956
13731
12933
12957
13732
12934
12958
13733
12935
12959
13734
12936
12960
13735
12937
12961
13736
12938
12962
13737
12939
12963
13738
12940
12964
13739
12941
12965
13740
12942
12966
13741
12943
12967
13742
12944
12968
13743
12945
12969
13744
12946
12970
13745
12947
12971
13746
12948
12972
13747
12949
12973
13748
12974
13749
12951
12975
13750
12952
12976
13751
12953
12977
13752
12954
12978
13753
12955
12979
13754
12956
12980
13755
12957
12981
13756
12958
12982
13757
12959
12983
13758
12960
12984
13759
12961
12985
13760
12962
12986
13761
12963
12987
13762
12964
12988
13763
12965
12989
13764
12966
12990
13765
12967
12991
13766
12968
12992
13767
12969
12993
13768
12970
12994
13769
12971
12995
13770
12972
12996
13771
12973
12997
13772
12974
12998
13773
12999
13774
12976
13000
13775
12977
13001
13776
12978
13002
13777
12979
13003
13778
12980
13004
13779
12981
13005
13780
12982
13006
13781
12983
13007
13782
12984
13008
13783
12985
13009
13784
12986
13010
13785
12987
13011
13786
12988
13012
13787
12989
13013
13788
12990
13014
13789
12991
13015
13790
12992
13016
13791
12993
13017
13792
12994
13018
13793
12995
13019
13794
12996
13020
13795
12997
13021
13796
12998
13022
13797
12999
13023
13798
13024
13799
13001
13025
13800
13002
13026
13801
13003
13027
13802
13004
13028
13803
13005
13029
13804
13006
13030
13805
13007
13031
13806
13008
13032
13807
13009
13033
13808
13010
13034
13809
13011
13035
13810
13012
13036
13811
13013
13037
13812
13014
13038
13813
13015
13039
13814
13016
13040
13815
13017
13041
13816
13018
13042
13817
13019
13043
13818
13020
13044
13819
13021
13045
13820
13022
13046
13821
13023
13047
13822
13024
13048
13823
13049
13824
13026
13050
13825
13027
13051
13826
13028
13052
13827
13029
13053
13828
13030
13054
13829
13031
13055
13830
13032
13056
13831
13033
13057
13832
13034
13058
13833
13035
13059
13834
13036
13060
13835
13037
13061
13836
13038
13062
13837
13039
13063
13838
13040
13064
13839
13041
13065
13840
13042
13066
13841
13043
13067
13842
13044
13068
13843
13045
13069
13844
13046
13070
13845
13047
13071
13846
13048
13072
13847
13049
13073
13848
13074
13849
13051
13075
13850
13052
13076
13851
13053
13077
13852
13054
13078
13853
13055
13079
13854
13056
13080
13855
13057
13081
13856
13058
13082
13857
13059
13083
13858
13060
13084
13859
13061
13085
13860
13062
13086
13861
13063
13087
13862
13064
13088
13863
13065
13089
13864
13066
13090
13865
13067
13091
13866
13068
13092
13867
13069
13093
13868
13070
13094
13869
13071
13095
13870
13072
13096
13871
13073
13097
13872
13074
13098
13873
13099
13874
13076
13100
13875
13077
13101
13876
13078
13102
13877
13079
13103
13878
13080
13104
13879
13081
13105
13880
13082
13106
13881
13083
13107
13882
13084
13108
13883
13085
13109
13884
13086
13110
13885
13087
13111
13886
13088
13112
13887
13089
13113
13888
13090
13114
13889
13091
13115
13890
13092
13116
13891
13093
13117
13892
13094
13118
13893
13095
13119
13894
13096
13120
13895
13097
13121
13896
13098
13122
13897
13099
13123
13898
13124
13899
13101
13125
13900
13102
13126
13901
13103
13127
13902
13104
13128
13903
13105
13129
13904
13106
13130
13905
13107
13131
13906
13108
13132
13907
13109
13133
13908
13110
13134
13909
13111
13135
13910
13112
13136
13911
13113
13137
13912
13114
13138
13913
13115
13139
13914
13116
13140
13915
13117
13141
13916
13118
13142
13917
13119
13143
13918
13120
13144
13919
13121
13145
13920
13122
13146
13921
13123
13147
13922
13124
13148
13923
13149
13924
13126
13150
13925
13127
13151
13926
13128
13152
13927
13129
13153
13928
13130
13154
13929
13131
13155
13930
13132
13156
13931
13133
13157
13932
13134
13158
13933
13135
13159
13934
13136
13160
13935
13137
13161
13936
13138
13162
13937
13139
13163
13938
13140
13164
13939
13141
13165
13940
13142
13166
13941
13143
13167
13942
13144
13168
13943
13145
13169
13944
13146
13170
13945
13147
13171
13946
13148
13172
13947
13149
13173
13948
13174
13949
13151
13175
13950
13152
13176
13951
13153
13177
13952
13154
13178
13953
13155
13179
13954
13156
13180
13955
13157
13181
13956
13158
13182
13957
13159
13183
13958
13160
13184
13959
13161
13185
13960
13162
13186
13961
13163
13187
13962
13164
13188
13963
13165
13189
13964
13166
13190
13965
13167
13191
13966
13168
13192
13967
13169
13193
13968
13170
13194
13969
13171
13195
13970
13172
13196
13971
13173
13197
13972
13174
13198
13973
13199
13974
13176
13200
13975
13177
13201
13976
13178
13202
13977
13179
13203
13978
13180
13204
13979
13181
13205
13980
13182
13206
13981
13183
13207
13982
13184
13208
13983
13185
13209
13984
13186
13210
13985
13187
13211
13986
13188
13212
13987
13189
13213
13988
13190
13214
13989
13191
13215
13990
13192
13216
13991
13193
13217
13992
13194
13218
13993
13195
13219
13994
13196
13220
13995
13197
13221
13996
13198
13222
13997
13199
13223
13998
13224
13999
13201
13225
14000
13202
13226
14001
13203
13227
14002
13204
13228
14003
13205
13229
14004
13206
13230
14005
13207
13231
14006
13208
13232
14007
13209
13233
14008
13210
13234
14009
13211
13235
14010
13212
13236
14011
13213
13237
14012
13214
13238
14013
13215
13239
14014
13216
13240
14015
13217
13241
14016
13218
13242
14017
13219
13243
14018
13220
13244
14019
13221
13245
14020
13222
13246
14021
13223
13247
14022
13224
13248
14023
13249
14024
13226
13250
14025
13227
13251
14026
13228
13252
14027
13229
13253
14028
13230
13254
14029
13231
13255
14030
13232
13256
14031
13233
13257
14032
13234
13258
14033
13235
13259
14034
13236
13260
14035
13237
13261
14036
13238
13262
14037
13239
13263
14038
13240
13264
14039
13241
13265
14040
13242
13266
14041
13243
13267
14042
13244
13268
14043
13245
13269
14044
13246
13270
14045
13247
13271
14046
13248
13272
14047
13249
13273
14048
13274
14049
13251
13275
14050
13252
13276
14051
13253
13277
14052
13254
13278
14053
13255
13279
14054
13256
13280
14055
13257
13281
14056
13258
13282
14057
13259
13283
14058
13260
13284
14059
13261
13285
14060
13262
13286
14061
13263
13287
14062
13264
13288
14063
13265
13289
14064
13266
13290
14065
13267
13291
14066
13268
13292
14067
13269
13293
14068
13270
13294
14069
13271
13295
14070
13272
13296
14071
13273
13297
14072
13274
13298
14073
13299
14074
13276
13300
14075
13277
13301
14076
13278
13302
14077
13279
13303
14078
13280
13304
14079
13281
13305
14080
13282
13306
14081
13283
13307
14082
13284
13308
14083
13285
13309
14084
13286
13310
14085
13287
13311
14086
13288
13312
14087
13289
13313
14088
13290
13314
14089
13291
13315
14090
13292
13316
14091
13293
13317
14092
13294
13318
14093
13295
13319
14094
13296
13320
14095
13297
13321
14096
13298
13322
14097
13299
13323
14098
13324
14099
13301
13325
14100
13302
13326
14101
13303
13327
14102
13304
13328
14103
13305
13329
14104
13306
13330
14105
13307
13331
14106
13308
13332
14107
13309
13333
14108
13310
13334
14109
13311
13335
14110
13312
13336
14111
13313
13337
14112
13314
13338
14113
13315
13339
14114
13316
13340
14115
13317
13341
14116
13318
13342
14117
13319
13343
14118
13320
13344
14119
13321
13345
14120
13322
13346
14121
13323
13347
14122
13324
13348
14123
13349
14124
13326
13350
14125
13327
13351
14126
13328
13352
14127
13329
13353
14128
13330
13354
14129
13331
13355
14130
13332
13356
14131
13333
13357
14132
13334
13358
14133
13335
13359
14134
13336
13360
14135
13337
13361
14136
13338
13362
14137
13339
13363
14138
13340
13364
14139
13341
13365
14140
13342
13366
14141
13343
13367
14142
13344
13368
14143
13345
13369
14144
13346
13370
14145
13347
13371
14146
13348
13372
14147
13349
13373
14148
13374
14149
13351
13375
14150
13352
13376
14151
13353
13377
14152
13354
13378
14153
13355
13379
14154
13356
13380
14155
13357
13381
14156
13358
13382
14157
13359
13383
14158
13360
13384
14159
13361
13385
14160
13362
13386
14161
13363
13387
14162
13364
13388
14163
13365
13389
14164
13366
13390
14165
13367
13391
14166
13368
13392
14167
13369
13393
14168
13370
13394
14169
13371
13395
14170
13372
13396
14171
13373
13397
14172
13374
13398
14173
13399
14174
13376
13400
14175
13377
13401
14176
13378
13402
14177
13379
13403
14178
13380
13404
14179
13381
13405
14180
13382
13406
14181
13383
13407
14182
13384
13408
14183
13385
13409
14184
13386
13410
14185
13387
13411
14186
13388
13412
14187
13389
13413
14188
13390
13414
14189
13391
13415
14190
13392
13416
14191
13393
13417
14192
13394
13418
14193
13395
13419
14194
13396
13420
14195
13397
13421
14196
13398
13422
14197
13399
13423
14198
13424
14199
13401
13425
14200
13402
13426
14201
13403
13427
14202
13404
13428
14203
13405
13429
14204
13406
13430
14205
13407
13431
14206
13408
13432
14207
13409
13433
14208
13410
13434
14209
13411
13435
14210
13412
13436
14211
13413
13437
14212
13414
13438
14213
13415
13439
14214
13416
13440
14215
13417
13441
14216
13418
13442
14217
13419
13443
14218
13420
13444
14219
13421
13445
14220
13422
13446
14221
13423
13447
14222
13424
13448
14223
13449
14224
13426
13450
14225
13427
13451
14226
13428
13452
14227
13429
13453
14228
13430
13454
14229
13431
13455
14230
13432
13456
14231
13433
13457
14232
13434
13458
14233
13435
13459
14234
13436
13460
14235
13437
13461
14236
13438
13462
14237
13439
13463
14238
13440
13464
14239
13441
13465
14240
13442
13466
14241
13443
13467
14242
13444
13468
14243
13445
13469
14244
13446
13470
14245
13447
13471
14246
13448
13472
14247
13449
13473
14248
13474
14249
13451
13475
14250
13452
13476
14251
13453
13477
14252
13454
13478
14253
13455
13479
14254
13456
13480
14255
13457
13481
14256
13458
13482
14257
13459
13483
14258
13460
13484
14259
13461
13485
14260
13462
13486
14261
13463
13487
14262
13464
13488
14263
13465
13489
14264
13466
13490
14265
13467
13491
14266
13468
13492
14267
13469
13493
14268
13470
13494
14269
13471
13495
14270
13472
13496
14271
13473
13497
14272
13474
13498
14273
13499
14274
13476
13500
14275
13477
13501
14276
13478
13502
14277
13479
13503
14278
13480
13504
14279
13481
13505
14280
13482
13506
14281
13483
13507
14282
13484
13508
14283
13485
13509
14284
13486
13510
14285
13487
13511
14286
13488
13512
14287
13489
13513
14288
13490
13514
14289
13491
13515
14290
13492
13516
14291
13493
13517
14292
13494
13518
14293
13495
13519
14294
13496
13520
14295
13497
13521
14296
13498
13522
14297
13499
13523
14298
13524
14299
13501
13525
14300
13502
13526
14301
13503
13527
14302
13504
13528
14303
13505
13529
14304
13506
13530
14305
13507
13531
14306
13508
13532
14307
13509
13533
14308
13510
13534
14309
13511
13535
14310
13512
13536
14311
13513
13537
14312
13514
13538
14313
13515
13539
14314
13516
13540
14315
13517
13541
14316
13518
13542
14317
13519
13543
14318
13520
13544
14319
13521
13545
14320
13522
13546
14321
13523
13547
14322
13524
13548
14323
13549
14324
13526
13550
14325
13527
13551
14326
13528
13552
14327
13529
13553
14328
13530
13554
14329
13531
13555
14330
13532
13556
14331
13533
13557
14332
13534
13558
14333
13535
13559
14334
13536
13560
14335
13537
13561
14336
13538
13562
14337
13539
13563
14338
13540
13564
14339
13541
13565
14340
13542
13566
14341
13543
13567
14342
13544
13568
14343
13545
13569
14344
13546
13570
14345
13547
13571
14346
13548
13572
14347
13549
13573
14348
13574
14349
13551
13575
14350
13552
13576
14351
13553
13577
14352
13554
13578
14353
13555
13579
14354
13556
13580
14355
13557
13581
14356
13558
13582
14357
13559
13583
14358
13560
13584
14359
13561
13585
14360
13562
13586
14361
13563
13587
14362
13564
13588
14363
13565
13589
14364
13566
13590
14365
13567
13591
14366
13568
13592
14367
13569
13593
14368
13570
13594
14369
13571
13595
14370
13572
13596
14371
13573
13597
14372
13574
13598
14373
13599
14374
13576
14375
13577
14376
13578
14377
13579
14378
13580
14379
13581
14380
13582
14381
13583
14382
13584
14383
13585
14384
13586
14385
13587
14386
13588
14387
13589
14388
13590
14389
13591
14390
13592
14391
13593
14392
13594
14393
13595
14394
13596
14395
13597
14396
13598
14397
13599
14398
14399
13601
13625
14400
13602
13626
14401
13603
13627
14402
13604
13628
14403
13605
13629
14404
13606
13630
14405
13607
13631
14406
13608
13632
14407
13609
13633
14408
13610
13634
14409
13611
13635
14410
13612
13636
14411
13613
13637
14412
13614
13638
14413
13615
13639
14414
13616
13640
14415
13617
13641
14416
13618
13642
14417
13619
13643
14418
13620
13644
14419
13621
13645
14420
13622
13646
14421
13623
13647
14422
13624
13648
14423
13649
14424
13626
13650
14425
13627
13651
14426
13628
13652
14427
13629
13653
14428
13630
13654
14429
13631
13655
14430
13632
13656
14431
13633
13657
14432
13634
13658
14433
13635
13659
14434
13636
13660
14435
13637
13661
14436
13638
13662
14437
13639
13663
14438
13640
13664
14439
13641
13665
14440
13642
13666
14441
13643
13667
14442
13644
13668
14443
13645
13669
14444
13646
13670
14445
13647
13671
14446
13648
13672
14447
13649
13673
14448
13674
14449
13651
13675
14450
13652
13676
14451
13653
13677
14452
13654
13678
14453
13655
13679
14454
13656
13680
14455
13657
13681
14456
13658
13682
14457
13659
13683
14458
13660
13684
14459
13661
13685
14460
13662
13686
14461
13663
13687
14462
13664
13688
14463
13665
13689
14464
13666
13690
14465
13667
13691
14466
13668
13692
14467
13669
13693
14468
13670
13694
14469
13671
13695
14470
13672
13696
14471
13673
13697
14472
13674
13698
14473
13699
14474
13676
13700
14475
13677
13701
14476
13678
13702
14477
13679
13703
14478
13680
13704
14479
13681
13705
14480
13682
13706
14481
13683
13707
14482
13684
13708
14483
13685
13709
14484
13686
13710
14485
13687
13711
14486
13688
13712
14487
13689
13713
14488
13690
13714
14489
13691
13715
14490
13692
13716
14491
13693
13717
14492
13694
13718
14493
13695
13719
14494
13696
13720
14495
13697
13721
14496
13698
13722
14497
13699
13723
14498
13724
14499
13701
13725
14500
13702
13726
14501
13703
13727
14502
13704
13728
14503
13705
13729
14504
13706
13730
14505
13707
13731
14506
13708
13732
14507
13709
13733
14508
13710
13734
14509
13711
13735
14510
13712
13736
14511
13713
13737
14512
13714
13738
14513
13715
13739
14514
13716
13740
14515
13717
13741
14516
13718
13742
14517
13719
13743
14518
13720
13744
14519
13721
13745
14520
13722
13746
14521
13723
13747
14522
13724
13748
14523
13749
14524
13726
13750
14525
13727
13751
14526
13728
13752
14527
13729
13753
14528
13730
13754
14529
13731
13755
14530
13732
13756
14531
13733
13757
14532
13734
13758
14533
13735
13759
14534
13736
13760
14535
13737
13761
14536
13738
13762
14537
13739
13763
14538
13740
13764
14539
13741
13765
14540
13742
13766
14541
13743
13767
14542
13744
13768
14543
13745
13769
14544
13746
13770
14545
13747
13771
14546
13748
13772
14547
13749
13773
14548
13774
14549
13751
13775
14550
13752
13776
14551
13753
13777
14552
13754
13778
14553
13755
13779
14554
13756
13780
14555
13757
13781
14556
13758
13782
14557
13759
13783
14558
13760
13784
14559
13761
13785
14560
13762
13786
14561
13763
13787
14562
13764
13788
14563
13765
13789
14564
13766
13790
14565
13767
13791
14566
13768
13792
14567
13769
13793
14568
13770
13794
14569
13771
13795
14570
13772
13796
14571
13773
13797
14572
13774
13798
14573
13799
14574
13776
13800
14575
13777
13801
14576
13778
13802
14577
13779
13803
14578
13780
13804
14579
13781
13805
14580
13782
13806
14581
13783
13807
14582
13784
13808
14583
13785
13809
14584
13786
13810
14585
13787
13811
14586
13788
13812
14587
13789
13813
14588
13790
13814
14589
13791
13815
14590
13792
13816
14591
13793
13817
14592
13794
13818
14593
13795
13819
14594
13796
13820
14595
13797
13821
14596
13798
13822
14597
13799
13823
14598
13824
14599
13801
13825
14600
13802
13826
14601
13803
13827
14602
13804
13828
14603
13805
13829
14604
13806
13830
14605
13807
13831
14606
13808
13832
14607
13809
13833
14608
13810
13834
14609
13811
13835
14610
13812
13836
14611
13813
13837
14612
13814
13838
14613
13815
13839
14614
13816
13840
14615
13817
13841
14616
13818
13842
14617
13819
13843
14618
13820
13844
14619
13821
13845
14620
13822
13846
14621
13823
13847
14622
13824
13848
14623
13849
14624
13826
13850
14625
13827
13851
14626
13828
13852
14627
13829
13853
14628
13830
13854
14629
13831
13855
14630
13832
13856
14631
13833
13857
14632
13834
13858
14633
13835
13859
14634
13836
13860
14635
13837
13861
14636
13838
13862
14637
13839
13863
14638
13840
13864
14639
13841
13865
14640
13842
13866
14641
13843
13867
14642
13844
13868
14643
13845
13869
14644
13846
13870
14645
13847
13871
14646
13848
13872
14647
13849
13873
14648
13874
14649
13851
13875
14650
13852
13876
14651
13853
13877
14652
13854
13878
14653
13855
13879
14654
13856
13880
14655
13857
13881
14656
13858
13882
14657
13859
13883
14658
13860
13884
14659
13861
13885
14660
13862
13886
14661
13863
13887
14662
13864
13888
14663
13865
13889
14664
13866
13890
14665
13867
13891
14666
13868
13892
14667
13869
13893
14668
13870
13894
14669
13871
13895
14670
13872
13896
14671
13873
13897
14672
13874
13898
14673
13899
14674
13876
13900
14675
13877
13901
14676
13878
13902
14677
13879
13903
14678
13880
13904
14679
13881
13905
14680
13882
13906
14681
13883
13907
14682
13884
13908
14683
13885
13909
14684
13886
13910
14685
13887
13911
14686
13888
13912
14687
13889
13913
14688
13890
13914
14689
13891
13915
14690
13892
13916
14691
13893
13917
14692
13894
13918
14693
13895
13919
14694
13896
13920
14695
13897
13921
14696
13898
13922
14697
13899
13923
14698
13924
14699
13901
13925
14700
13902
13926
14701
13903
13927
14702
13904
13928
14703
13905
13929
14704
13906
13930
14705
13907
13931
14706
13908
13932
14707
13909
13933
14708
13910
13934
14709
13911
13935
14710
13912
13936
14711
13913
13937
14712
13914
13938
14713
13915
13939
14714
13916
13940
14715
13917
13941
14716
13918
13942
14717
13919
13943
14718
13920
13944
14719
13921
13945
14720
13922
13946
14721
13923
13947
14722
13924
13948
14723
13949
14724
13926
13950
14725
13927
13951
14726
13928
13952
14727
13929
13953
14728
13930
13954
14729
13931
13955
14730
13932
13956
14731
13933
13957
14732
13934
13958
14733
13935
13959
14734
13936
13960
14735
13937
13961
14736
13938
13962
14737
13939
13963
14738
13940
13964
14739
13941
13965
14740
13942
13966
14741
13943
13967
14742
13944
13968
14743
13945
13969
14744
13946
13970
14745
13947
13971
14746
13948
13972
14747
13949
13973
14748
13974
14749
13951
13975
14750
13952
13976
14751
13953
13977
14752
13954
13978
14753
13955
13979
14754
13956
13980
14755
13957
13981
14756
13958
13982
14757
13959
13983
14758
13960
13984
14759
13961
13985
14760
13962
13986
14761
13963
13987
14762
13964
13988
14763
13965
13989
14764
13966
13990
14765
13967
13991
14766
13968
13992
14767
13969
13993
14768
13970
13994
14769
13971
13995
14770
13972
13996
14771
13973
13997
14772
13974
13998
14773
13999
14774
13976
14000
14775
13977
14001
14776
13978
14002
14777
13979
14003
14778
13980
14004
14779
13981
14005
14780
13982
14006
14781
13983
14007
14782
13984
14008
14783
13985
14009
14784
13986
14010
14785
13987
14011
14786
13988
14012
14787
13989
14013
14788
13990
14014
14789
13991
14015
14790
13992
14016
14791
13993
14017
14792
13994
14018
14793
13995
14019
14794
13996
14020
14795
13997
14021
14796
13998
14022
14797
13999
14023
14798
14024
14799
14001
14025
14800
14002
14026
14801
14003
14027
14802
14004
14028
14803
14005
14029
14804
14006
14030
14805
14007
14031
14806
14008
14032
14807
14009
14033
14808
14010
14034
14809
14011
14035
14810
14012
14036
14811
14013
14037
14812
14014
14038
14813
14015
14039
14814
14016
14040
14815
14017
14041
14816
14018
14042
14817
14019
14043
14818
14020
14044
14819
14021
14045
14820
14022
14046
14821
14023
14047
14822
14024
14048
14823
14049
14824
14026
14050
14825
14027
14051
14826
14028
14052
14827
14029
14053
14828
14030
14054
14829
14031
14055
14830
14032
14056
14831
14033
14057
14832
14034
14058
14833
14035
14059
14834
14036
14060
14835
14037
14061
14836
14038
14062
14837
14039
14063
14838
14040
14064
14839
14041
14065
14840
14042
14066
14841
14043
14067
14842
14044
14068
14843
14045
14069
14844
14046
14070
14845
14047
14071
14846
14048
14072
14847
14049
14073
14848
14074
14849
14051
14075
14850
14052
14076
14851
14053
14077
14852
14054
14078
14853
14055
14079
14854
14056
14080
14855
14057
14081
14856
14058
14082
14857
14059
14083
14858
14060
14084
14859
14061
14085
14860
14062
14086
14861
14063
14087
14862
14064
14088
14863
14065
14089
14864
14066
14090
14865
14067
14091
14866
14068
14092
14867
14069
14093
14868
14070
14094
14869
14071
14095
14870
14072
14096
14871
14073
14097
14872
14074
14098
14873
14099
14874
14076
14100
14875
14077
14101
14876
14078
14102
14877
14079
14103
14878
14080
14104
14879
14081
14105
14880
14082
14106
14881
14083
14107
14882
14084
14108
14883
14085
14109
14884
14086
14110
14885
14087
14111
14886
14088
14112
14887
14089
14113
14888
14090
14114
14889
14091
14115
14890
14092
14116
14891
14093
14117
14892
14094
14118
14893
14095
14119
14894
14096
14120
14895
14097
14121
14896
14098
14122
14897
14099
14123
14898
14124
14899
14101
14125
14900
14102
14126
14901
14103
14127
14902
14104
14128
14903
14105
14129
14904
14106
14130
14905
14107
14131
14906
14108
14132
14907
14109
14133
14908
14110
14134
14909
14111
14135
14910
14112
14136
14911
14113
14137
14912
14114
14138
14913
14115
14139
14914
14116
14140
14915
14117
14141
14916
14118
14142
14917
14119
14143
14918
14120
14144
14919
14121
14145
14920
14122
14146
14921
14123
14147
14922
14124
14148
14923
14149
14924
14126
14150
14925
14127
14151
14926
14128
14152
14927
14129
14153
14928
14130
14154
14929
14131
14155
14930
14132
14156
14931
14133
14157
14932
14134
14158
14933
14135
14159
14934
14136
14160
14935
14137
14161
14936
14138
14162
14937
14139
14163
14938
14140
14164
14939
14141
14165
14940
14142
14166
14941
14143
14167
14942
14144
14168
14943
14145
14169
14944
14146
14170
14945
14147
14171
14946
14148
14172
14947
14149
14173
14948
14174
14949
14151
14175
14950
14152
14176
14951
14153
14177
14952
14154
14178
14953
14155
14179
14954
14156
14180
14955
14157
14181
14956
14158
14182
14957
14159
14183
14958
14160
14184
14959
14161
14185
14960
14162
14186
14961
14163
14187
14962
14164
14188
14963
14165
14189
14964
14166
14190
14965
14167
14191
14966
14168
14192
14967
14169
14193
14968
14170
14194
14969
14171
14195
14970
14172
14196
14971
14173
14197
14972
14174
14198
14973
14199
14974
14176
14200
14975
14177
14201
14976
14178
14202
14977
14179
14203
14978
14180
14204
14979
14181
14205
14980
14182
14206
14981
14183
14207
14982
14184
14208
14983
14185
14209
14984
14186
14210
14985
14187
14211
14986
14188
14212
14987
14189
14213
14988
14190
14214
14989
14191
14215
14990
14192
14216
14991
14193
14217
14992
14194
14218
14993
14195
14219
14994
14196
14220
14995
14197
14221
14996
14198
14222
14997
14199
14223
14998
14224
14999
14201
14225
15000
14202
14226
15001
14203
14227
15002
14204
14228
15003
14205
14229
15004
14206
14230
15005
14207
14231
15006
14208
14232
15007
14209
14233
15008
14210
14234
15009
14211
14235
15010
14212
14236
15011
14213
14237
15012
14214
14238
15013
14215
14239
15014
14216
14240
15015
14217
14241
15016
14218
14242
15017
14219
14243
15018
14220
14244
15019
14221
14245
15020
14222
14246
15021
14223
14247
15022
14224
14248
15023
14249
15024
14226
14250
15025
14227
14251
15026
14228
14252
15027
14229
14253
15028
14230
14254
15029
14231
14255
15030
14232
14256
15031
14233
14257
15032
14234
14258
15033
14235
14259
15034
14236
14260
15035
14237
14261
15036
14238
14262
15037
14239
14263
15038
14240
14264
15039
14241
14265
15040
14242
14266
15041
14243
14267
15042
14244
14268
15043
14245
14269
15044
14246
14270
15045
14247
14271
15046
14248
14272
15047
14249
14273
15048
14274
15049
14251
14275
15050
14252
14276
15051
14253
14277
15052
14254
14278
15053
14255
14279
15054
14256
14280
15055
14257
14281
15056
14258
14282
15057
14259
14283
15058
14260
14284
15059
14261
14285
15060
14262
14286
15061
14263
14287
15062
14264
14288
15063
14265
14289
15064
14266
14290
15065
14267
14291
15066
14268
14292
15067
14269
14293
15068
14270
14294
15069
14271
14295
15070
14272
14296
15071
14273
14297
15072
14274
14298
15073
14299
15074
14276
14300
15075
14277
14301
15076
14278
14302
15077
14279
14303
15078
14280
14304
15079
14281
14305
15080
14282
14306
15081
14283
14307
15082
14284
14308
15083
14285
14309
15084
14286
14310
15085
14287
14311
15086
14288
14312
15087
14289
14313
15088
14290
14314
15089
14291
14315
15090
14292
14316
15091
14293
14317
15092
14294
14318
15093
14295
14319
15094
14296
14320
15095
14297
14321
15096
14298
14322
15097
14299
14323
15098
14324
15099
14301
14325
15100
14302
14326
15101
14303
14327
15102
14304
14328
15103
14305
14329
15104
14306
14330
15105
14307
14331
15106
14308
14332
15107
14309
14333
15108
14310
14334
15109
14311
14335
15110
14312
14336
15111
14313
14337
15112
14314
14338
15113
14315
14339
15114
14316
14340
15115
14317
14341
15116
14318
14342
15117
14319
14343
15118
14320
14344
15119
14321
14345
15120
14322
14346
15121
14323
14347
15122
14324
14348
15123
14349
15124
14326
14350
15125
14327
14351
15126
14328
14352
15127
14329
14353
15128
14330
14354
15129
14331
14355
15130
14332
14356
15131
14333
14357
15132
14334
14358
15133
14335
14359
15134
14336
14360
15135
14337
14361
15136
14338
14362
15137
14339
14363
15138
14340
14364
15139
14341
14365
15140
14342
14366
15141
14343
14367
15142
14344
14368
15143
14345
14369
15144
14346
14370
15145
14347
14371
15146
14348
14372
15147
14349
14373
15148
14374
15149
14351
14375
15150
14352
14376
15151
14353
14377
15152
14354
14378
15153
14355
14379
15154
14356
14380
15155
14357
14381
15156
14358
14382
15157
14359
14383
15158
14360
14384
15159
14361
14385
15160
14362
14386
15161
14363
14387
15162
14364
14388
15163
14365
14389
15164
14366
14390
15165
14367
14391
15166
14368
14392
15167
14369
14393
15168
14370
14394
15169
14371
14395
15170
14372
14396
15171
14373
14397
15172
14374
14398
15173
14399
15174
14376
15175
14377
15176
14378
15177
14379
15178
14380
15179
14381
15180
14382
15181
14383
15182
14384
15183
14385
15184
14386
15185
14387
15186
14388
15187
14389
15188
14390
15189
14391
15190
14392
15191
14393
15192
14394
15193
14395
15194
14396
15195
14397
15196
14398
15197
14399
15198
15199
14401
14425
15200
14402
14426
15201
14403
14427
15202
14404
14428
15203
14405
14429
15204
14406
14430
15205
14407
14431
15206
14408
14432
15207
14409
14433
15208
14410
14434
15209
14411
14435
15210
14412
14436
15211
14413
14437
15212
14414
14438
15213
14415
14439
15214
14416
14440
15215
14417
14441
15216
14418
14442
15217
14419
14443
15218
14420
14444
15219
14421
14445
15220
14422
14446
15221
14423
14447
15222
14424
14448
15223
14449
15224
14426
14450
15225
14427
14451
15226
14428
14452
15227
14429
14453
15228
14430
14454
15229
14431
14455
15230
14432
14456
15231
14433
14457
15232
14434
14458
15233
14435
14459
15234
14436
14460
15235
14437
14461
15236
14438
14462
15237
14439
14463
15238
14440
14464
15239
14441
14465
15240
14442
14466
15241
14443
14467
15242
14444
14468
15243
14445
14469
15244
14446
14470
15245
14447
14471
15246
14448
14472
15247
14449
14473
15248
14474
15249
14451
14475
15250
14452
14476
15251
14453
14477
15252
14454
14478
15253
14455
14479
15254
14456
14480
15255
14457
14481
15256
14458
14482
15257
14459
14483
15258
14460
14484
15259
14461
14485
15260
14462
14486
15261
14463
14487
15262
14464
14488
15263
14465
14489
15264
14466
14490
15265
14467
14491
15266
14468
14492
15267
14469
14493
15268
14470
14494
15269
14471
14495
15270
14472
14496
15271
14473
14497
15272
14474
14498
15273
14499
15274
14476
14500
15275
14477
14501
15276
14478
14502
15277
14479
14503
15278
14480
14504
15279
14481
14505
15280
14482
14506
15281
14483
14507
15282
14484
14508
15283
14485
14509
15284
14486
14510
15285
14487
14511
15286
14488
14512
15287
14489
14513
15288
14490
14514
15289
14491
14515
15290
14492
14516
15291
14493
14517
15292
14494
14518
15293
14495
14519
15294
14496
14520
15295
14497
14521
15296
14498
14522
15297
14499
14523
15298
14524
15299
14501
14525
15300
14502
14526
15301
14503
14527
15302
14504
14528
15303
14505
14529
15304
14506
14530
15305
14507
14531
15306
14508
14532
15307
14509
14533
15308
14510
14534
15309
14511
14535
15310
14512
14536
15311
14513
14537
15312
14514
14538
15313
14515
14539
15314
14516
14540
15315
14517
14541
15316
14518
14542
15317
14519
14543
15318
14520
14544
15319
14521
14545
15320
14522
14546
15321
14523
14547
15322
14524
14548
15323
14549
15324
14526
14550
15325
14527
14551
15326
14528
14552
15327
14529
14553
15328
14530
14554
15329
14531
14555
15330
14532
14556
15331
14533
14557
15332
14534
14558
15333
14535
14559
15334
14536
14560
15335
14537
14561
15336
14538
14562
15337
14539
14563
15338
14540
14564
15339
14541
14565
15340
14542
14566
15341
14543
14567
15342
14544
14568
15343
14545
14569
15344
14546
14570
15345
14547
14571
15346
14548
14572
15347
14549
14573
15348
14574
15349
14551
14575
15350
14552
14576
15351
14553
14577
15352
14554
14578
15353
14555
14579
15354
14556
14580
15355
14557
14581
15356
14558
14582
15357
14559
14583
15358
14560
14584
15359
14561
14585
15360
14562
14586
15361
14563
14587
15362
14564
14588
15363
14565
14589
15364
14566
14590
15365
14567
14591
15366
14568
14592
15367
14569
14593
15368
14570
14594
15369
14571
14595
15370
14572
14596
15371
14573
14597
15372
14574
14598
15373
14599
15374
14576
14600
15375
14577
14601
15376
14578
14602
15377
14579
14603
15378
14580
14604
15379
14581
14605
15380
14582
14606
15381
14583
14607
15382
14584
14608
15383
14585
14609
15384
14586
14610
15385
14587
14611
15386
14588
14612
15387
14589
14613
15388
14590
14614
15389
14591
14615
15390
14592
14616
15391
14593
14617
15392
14594
14618
15393
14595
14619
15394
14596
14620
15395
14597
14621
15396
14598
14622
15397
14599
14623
15398
14624
15399
14601
14625
15400
14602
14626
15401
14603
14627
15402
14604
14628
15403
14605
14629
15404
14606
14630
15405
14607
14631
15406
14608
14632
15407
14609
14633
15408
14610
14634
15409
14611
14635
15410
14612
14636
15411
14613
14637
15412
14614
14638
15413
14615
14639
15414
14616
14640
15415
14617
14641
15416
14618
14642
15417
14619
14643
15418
14620
14644
15419
14621
14645
15420
14622
14646
15421
14623
14647
15422
14624
14648
15423
14649
15424
14626
14650
15425
14627
14651
15426
14628
14652
15427
14629
14653
15428
14630
14654
15429
14631
14655
15430
14632
14656
15431
14633
14657
15432
14634
14658
15433
14635
14659
15434
14636
14660
15435
14637
14661
15436
14638
14662
15437
14639
14663
15438
14640
14664
15439
14641
14665
15440
14642
14666
15441
14643
14667
15442
14644
14668
15443
14645
14669
15444
14646
14670
15445
14647
14671
15446
14648
14672
15447
14649
14673
15448
14674
15449
14651
14675
15450
14652
14676
15451
14653
14677
15452
14654
14678
15453
14655
14679
15454
14656
14680
15455
14657
14681
15456
14658
14682
15457
14659
14683
15458
14660
14684
15459
14661
14685
15460
14662
14686
15461
14663
14687
15462
14664
14688
15463
14665
14689
15464
14666
14690
15465
14667
14691
15466
14668
14692
15467
14669
14693
15468
14670
14694
15469
14671
14695
15470
14672
14696
15471
14673
14697
15472
14674
14698
15473
14699
15474
14676
14700
15475
14677
14701
15476
14678
14702
15477
14679
14703
15478
14680
14704
15479
14681
14705
15480
14682
14706
15481
14683
14707
15482
14684
14708
15483
14685
14709
15484
14686
14710
15485
14687
14711
15486
14688
14712
15487
14689
14713
15488
14690
14714
15489
14691
14715
15490
14692
14716
15491
14693
14717
15492
14694
14718
15493
14695
14719
15494
14696
14720
15495
14697
14721
15496
14698
14722
15497
14699
14723
15498
14724
15499
14701
14725
15500
14702
14726
15501
14703
14727
15502
14704
14728
15503
14705
14729
15504
14706
14730
15505
14707
14731
15506
14708
14732
15507
14709
14733
15508
14710
14734
15509
14711
14735
15510
14712
14736
15511
14713
14737
15512
14714
14738
15513
14715
14739
15514
14716
14740
15515
14717
14741
15516
14718
14742
15517
14719
14743
15518
14720
14744
15519
14721
14745
15520
14722
14746
15521
14723
14747
15522
14724
14748
15523
14749
15524
14726
14750
15525
14727
14751
15526
14728
14752
15527
14729
14753
15528
14730
14754
15529
14731
14755
15530
14732
14756
15531
14733
14757
15532
14734
14758
15533
14735
14759
15534
14736
14760
15535
14737
14761
15536
14738
14762
15537
14739
14763
15538
14740
14764
15539
14741
14765
15540
14742
14766
15541
14743
14767
15542
14744
14768
15543
14745
14769
15544
14746
14770
15545
14747
14771
15546
14748
14772
15547
14749
14773
15548
14774
15549
14751
14775
15550
14752
14776
15551
14753
14777
15552
14754
14778
15553
14755
14779
15554
14756
14780
15555
14757
14781
15556
14758
14782
15557
14759
14783
15558
14760
14784
15559
14761
14785
15560
14762
14786
15561
14763
14787
15562
14764
14788
15563
14765
14789
15564
14766
14790
15565
14767
14791
15566
14768
14792
15567
14769
14793
15568
14770
14794
15569
14771
14795
15570
14772
14796
15571
14773
14797
15572
14774
14798
15573
14799
15574
14776
14800
15575
14777
14801
15576
14778
14802
15577
14779
14803
15578
14780
14804
15579
14781
14805
15580
14782
14806
15581
14783
14807
15582
14784
14808
15583
14785
14809
15584
14786
14810
15585
14787
14811
15586
14788
14812
15587
14789
14813
15588
14790
14814
15589
14791
14815
15590
14792
14816
15591
14793
14817
15592
14794
14818
15593
14795
14819
15594
14796
14820
15595
14797
14821
15596
14798
14822
15597
14799
14823
15598
14824
15599
14801
14825
15600
14802
14826
15601
14803
14827
15602
14804
14828
15603
14805
14829
15604
14806
14830
15605
14807
14831
15606
14808
14832
15607
14809
14833
15608
14810
14834
15609
14811
14835
15610
14812
14836
15611
14813
14837
15612
14814
14838
15613
14815
14839
15614
14816
14840
15615
14817
14841
15616
14818
14842
15617
14819
14843
15618
14820
14844
15619
14821
14845
15620
14822
14846
15621
14823
14847
15622
14824
14848
15623
14849
15624
14826
14850
15625
14827
14851
15626
14828
14852
15627
14829
14853
15628
14830
14854
15629
14831
14855
15630
14832
14856
15631
14833
14857
15632
14834
14858
15633
14835
14859
15634
14836
14860
15635
14837
14861
15636
14838
14862
15637
14839
14863
15638
14840
14864
15639
14841
14865
15640
14842
14866
15641
14843
14867
15642
14844
14868
15643
14845
14869
15644
14846
14870
15645
14847
14871
15646
14848
14872
15647
14849
14873
15648
14874
15649
14851
14875
15650
14852
14876
15651
14853
14877
15652
14854
14878
15653
14855
14879
15654
14856
14880
15655
14857
14881
15656
14858
14882
15657
14859
14883
15658
14860
14884
15659
14861
14885
15660
14862
14886
15661
14863
14887
15662
14864
14888
15663
14865
14889
15664
14866
14890
15665
14867
14891
15666
14868
14892
15667
14869
14893
15668
14870
14894
15669
14871
14895
15670
14872
14896
15671
14873
14897
15672
14874
14898
15673
14899
15674
14876
14900
15675
14877
14901
15676
14878
14902
15677
14879
14903
15678
14880
14904
15679
14881
14905
15680
14882
14906
15681
14883
14907
15682
14884
14908
15683
14885
14909
15684
14886
14910
15685
14887
14911
15686
14888
14912
15687
14889
14913
15688
14890
14914
15689
14891
14915
15690
14892
14916
15691
14893
14917
15692
14894
14918
15693
14895
14919
15694
14896
14920
15695
14897
14921
15696
14898
14922
15697
14899
14923
15698
14924
15699
14901
14925
15700
14902
14926
15701
14903
14927
15702
14904
14928
15703
14905
14929
15704
14906
14930
15705
14907
14931
15706
14908
14932
15707
14909
14933
15708
14910
14934
15709
14911
14935
15710
14912
14936
15711
14913
14937
15712
14914
14938
15713
14915
14939
15714
14916
14940
15715
14917
14941
15716
14918
14942
15717
14919
14943
15718
14920
14944
15719
14921
14945
15720
14922
14946
15721
14923
14947
15722
14924
14948
15723
14949
15724
14926
14950
15725
14927
14951
15726
14928
14952
15727
14929
14953
15728
14930
14954
15729
14931
14955
15730
14932
14956
15731
14933
14957
15732
14934
14958
15733
14935
14959
15734
14936
14960
15735
14937
14961
15736
14938
14962
15737
14939
14963
15738
14940
14964
15739
14941
14965
15740
14942
14966
15741
14943
14967
15742
14944
14968
15743
14945
14969
15744
14946
14970
15745
14947
14971
15746
14948
14972
15747
14949
14973
15748
14974
15749
14951
14975
15750
14952
14976
15751
14953
14977
15752
14954
14978
15753
14955
14979
15754
14956
14980
15755
14957
14981
15756
14958
14982
15757
14959
14983
15758
14960
14984
15759
14961
14985
15760
14962
14986
15761
14963
14987
15762
14964
14988
15763
14965
14989
15764
14966
14990
15765
14967
14991
15766
14968
14992
15767
14969
14993
15768
14970
14994
15769
14971
14995
15770
14972
14996
15771
14973
14997
15772
14974
14998
15773
14999
15774
14976
15000
15775
14977
15001
15776
14978
15002
15777
14979
15003
15778
14980
15004
15779
14981
15005
15780
14982
15006
15781
14983
15007
15782
14984
15008
15783
14985
15009
15784
14986
15010
15785
14987
15011
15786
14988
15012
15787
14989
15013
15788
14990
15014
15789
14991
15015
15790
14992
15016
15791
14993
15017
15792
14994
15018
15793
14995
15019
15794
14996
15020
15795
14997
15021
15796
14998
15022
15797
14999
15023
15798
15024
15799
15001
15025
15800
15002
15026
15801
15003
15027
15802
15004
15028
15803
15005
15029
15804
15006
15030
15805
15007
15031
15806
15008
15032
15807
15009
15033
15808
15010
15034
15809
15011
15035
15810
15012
15036
15811
15013
15037
15812
15014
15038
15813
15015
15039
15814
15016
15040
15815
15017
15041
15816
15018
15042
15817
15019
15043
15818
15020
15044
15819
15021
15045
15820
15022
15046
15821
15023
15047
15822
15024
15048
15823
15049
15824
15026
15050
15825
15027
15051
15826
15028
15052
15827
15029
15053
15828
15030
15054
15829
15031
15055
15830
15032
15056
15831
15033
15057
15832
15034
15058
15833
15035
15059
15834
15036
15060
15835
15037
15061
15836
15038
15062
15837
15039
15063
15838
15040
15064
15839
15041
15065
15840
15042
15066
15841
15043
15067
15842
15044
15068
15843
15045
15069
15844
15046
15070
15845
15047
15071
15846
15048
15072
15847
15049
15073
15848
15074
15849
15051
15075
15850
15052
15076
15851
15053
15077
15852
15054
15078
15853
15055
15079
15854
15056
15080
15855
15057
15081
15856
15058
15082
15857
15059
15083
15858
15060
15084
15859
15061
15085
15860
15062
15086
15861
15063
15087
15862
15064
15088
15863
15065
15089
15864
15066
15090
15865
15067
15091
15866
15068
15092
15867
15069
15093
15868
15070
15094
15869
15071
15095
15870
15072
15096
15871
15073
15097
15872
15074
15098
15873
15099
15874
15076
15100
15875
15077
15101
15876
15078
15102
15877
15079
15103
15878
15080
15104
15879
15081
15105
15880
15082
15106
15881
15083
15107
15882
15084
15108
15883
15085
15109
15884
15086
15110
15885
15087
15111
15886
15088
15112
15887
15089
15113
15888
15090
15114
15889
15091
15115
15890
15092
15116
15891
15093
15117
15892
15094
15118
15893
15095
15119
15894
15096
15120
15895
15097
15121
15896
15098
15122
15897
15099
15123
15898
15124
15899
15101
15125
15900
15102
15126
15901
15103
15127
15902
15104
15128
15903
15105
15129
15904
15106
15130
15905
15107
15131
15906
15108
15132
15907
15109
15133
15908
15110
15134
15909
15111
15135
15910
15112
15136
15911
15113
15137
15912
15114
15138
15913
15115
15139
15914
15116
15140
15915
15117
15141
15916
15118
15142
15917
15119
15143
15918
15120
15144
15919
15121
15145
15920
15122
15146
15921
15123
15147
15922
15124
15148
15923
15149
15924
15126
15150
15925
15127
15151
15926
15128
15152
15927
15129
15153
15928
15130
15154
15929
15131
15155
15930
15132
15156
15931
15133
15157
15932
15134
15158
15933
15135
15159
15934
15136
15160
15935
15137
15161
15936
15138
15162
15937
15139
15163
15938
15140
15164
15939
15141
15165
15940
15142
15166
15941
15143
15167
15942
15144
15168
15943
15145
15169
15944
15146
15170
15945
15147
15171
15946
15148
15172
15947
15149
15173
15948
15174
15949
15151
15175
15950
15152
15176
15951
15153
15177
15952
15154
15178
15953
15155
15179
15954
15156
15180
15955
15157
15181
15956
15158
15182
15957
15159
15183
15958
15160
15184
15959
15161
15185
15960
15162
15186
15961
15163
15187
15962
15164
15188
15963
15165
15189
15964
15166
15190
15965
15167
15191
15966
15168
15192
15967
15169
15193
15968
15170
15194
15969
15171
15195
15970
15172
15196
15971
15173
15197
15972
15174
15198
15973
15199
15974
15176
15975
15177
15976
15178
15977
15179
15978
15180
15979
15181
15980
15182
15981
15183
15982
15184
15983
15185
15984
15186
15985
15187
15986
15188
15987
15189
15988
15190
15989
15191
15990
15192
15991
15193
15992
15194
15993
15195
15994
15196
15995
15197
15996
15198
15997
15199
15998
15999
15201
15225
16000
15202
15226
16001
15203
15227
16002
15204
15228
16003
15205
15229
16004
15206
15230
16005
15207
15231
16006
15208
15232
16007
15209
15233
16008
15210
15234
16009
15211
15235
16010
15212
15236
16011
15213
15237
16012
15214
15238
16013
15215
15239
16014
15216
15240
16015
15217
15241
16016
15218
15242
16017
15219
15243
16018
15220
15244
16019
15221
15245
16020
15222
15246
16021
15223
15247
16022
15224
15248
16023
15249
16024
15226
15250
16025
15227
15251
16026
15228
15252
16027
15229
15253
16028
15230
15254
16029
15231
15255
16030
15232
15256
16031
15233
15257
16032
15234
15258
16033
15235
15259
16034
15236
15260
16035
15237
15261
16036
15238
15262
16037
15239
15263
16038
15240
15264
16039
15241
15265
16040
15242
15266
16041
15243
15267
16042
15244
15268
16043
15245
15269
16044
15246
15270
16045
15247
15271
16046
15248
15272
16047
15249
15273
16048
15274
16049
15251
15275
16050
15252
15276
16051
15253
15277
16052
15254
15278
16053
15255
15279
16054
15256
15280
16055
15257
15281
16056
15258
15282
16057
15259
15283
16058
15260
15284
16059
15261
15285
16060
15262
15286
16061
15263
15287
16062
15264
15288
16063
15265
15289
16064
15266
15290
16065
15267
15291
16066
15268
15292
16067
15269
15293
16068
15270
15294
16069
15271
15295
16070
15272
15296
16071
15273
15297
16072
15274
15298
16073
15299
16074
15276
15300
16075
15277
15301
16076
15278
15302
16077
15279
15303
16078
15280
15304
16079
15281
15305
16080
15282
15306
16081
15283
15307
16082
15284
15308
16083
15285
15309
16084
15286
15310
16085
15287
15311
16086
15288
15312
16087
15289
15313
16088
15290
15314
16089
15291
15315
16090
15292
15316
16091
15293
15317
16092
15294
15318
16093
15295
15319
16094
15296
15320
16095
15297
15321
16096
15298
15322
16097
15299
15323
16098
15324
16099
15301
15325
16100
15302
15326
16101
15303
15327
16102
15304
15328
16103
15305
15329
16104
15306
15330
16105
15307
15331
16106
15308
15332
16107
15309
15333
16108
15310
15334
16109
15311
15335
16110
15312
15336
16111
15313
15337
16112
15314
15338
16113
15315
15339
16114
15316
15340
16115
15317
15341
16116
15318
15342
16117
15319
15343
16118
15320
15344
16119
15321
15345
16120
15322
15346
16121
15323
15347
16122
15324
15348
16123
15349
16124
15326
15350
16125
15327
15351
16126
15328
15352
16127
15329
15353
16128
15330
15354
16129
15331
15355
16130
15332
15356
16131
15333
15357
16132
15334
15358
16133
15335
15359
16134
15336
15360
16135
15337
15361
16136
15338
15362
16137
15339
15363
16138
15340
15364
16139
15341
15365
16140
15342
15366
16141
15343
15367
16142
15344
15368
16143
15345
15369
16144
15346
15370
16145
15347
15371
16146
15348
15372
16147
15349
15373
16148
15374
16149
15351
15375
16150
15352
15376
16151
15353
15377
16152
15354
15378
16153
15355
15379
16154
15356
15380
16155
15357
15381
16156
15358
15382
16157
15359
15383
16158
15360
15384
16159
15361
15385
16160
15362
15386
16161
15363
15387
16162
15364
15388
16163
15365
15389
16164
15366
15390
16165
15367
15391
16166
15368
15392
16167
15369
15393
16168
15370
15394
16169
15371
15395
16170
15372
15396
16171
15373
15397
16172
15374
15398
16173
15399
16174
15376
15400
16175
15377
15401
16176
15378
15402
16177
15379
15403
16178
15380
15404
16179
15381
15405
16180
15382
15406
16181
15383
15407
16182
15384
15408
16183
15385
15409
16184
15386
15410
16185
15387
15411
16186
15388
15412
16187
15389
15413
16188
15390
15414
16189
15391
15415
16190
15392
15416
16191
15393
15417
16192
15394
15418
16193
15395
15419
16194
15396
15420
16195
15397
15421
16196
15398
15422
16197
15399
15423
16198
15424
16199
15401
15425
16200
15402
15426
16201
15403
15427
16202
15404
15428
16203
15405
15429
16204
15406
15430
16205
15407
15431
16206
15408
15432
16207
15409
15433
16208
15410
15434
16209
15411
15435
16210
15412
15436
16211
15413
15437
16212
15414
15438
16213
15415
15439
16214
15416
15440
16215
15417
15441
16216
15418
15442
16217
15419
15443
16218
15420
15444
16219
15421
15445
16220
15422
15446
16221
15423
15447
16222
15424
15448
16223
15449
16224
15426
15450
16225
15427
15451
16226
15428
15452
16227
15429
15453
16228
15430
15454
16229
15431
15455
16230
15432
15456
16231
15433
15457
16232
15434
15458
16233
15435
15459
16234
15436
15460
16235
15437
15461
16236
15438
15462
16237
15439
15463
16238
15440
15464
16239
15441
15465
16240
15442
15466
16241
15443
15467
16242
15444
15468
16243
15445
15469
16244
15446
15470
16245
15447
15471
16246
15448
15472
16247
15449
15473
16248
15474
16249
15451
15475
16250
15452
15476
16251
15453
15477
16252
15454
15478
16253
15455
15479
16254
15456
15480
16255
15457
15481
16256
15458
15482
16257
15459
15483
16258
15460
15484
16259
15461
15485
16260
15462
15486
16261
15463
15487
16262
15464
15488
16263
15465
15489
16264
15466
15490
16265
15467
15491
16266
15468
15492
16267
15469
15493
16268
15470
15494
16269
15471
15495
16270
15472
15496
16271
15473
15497
16272
15474
15498
16273
15499
16274
15476
15500
16275
15477
15501
16276
15478
15502
16277
15479
15503
16278
15480
15504
16279
15481
15505
16280
15482
15506
16281
15483
15507
16282
15484
15508
16283
15485
15509
16284
15486
15510
16285
15487
15511
16286
15488
15512
16287
15489
15513
16288
15490
15514
16289
15491
15515
16290
15492
15516
16291
15493
15517
16292
15494
15518
16293
15495
15519
16294
15496
15520
16295
15497
15521
16296
15498
15522
16297
15499
15523
16298
15524
16299
15501
15525
16300
15502
15526
16301
15503
15527
16302
15504
15528
16303
15505
15529
16304
15506
15530
16305
15507
15531
16306
15508
15532
16307
15509
15533
16308
15510
15534
16309
15511
15535
16310
15512
15536
16311
15513
15537
16312
15514
15538
16313
15515
15539
16314
15516
15540
16315
15517
15541
16316
15518
15542
16317
15519
15543
16318
15520
15544
16319
15521
15545
16320
15522
15546
16321
15523
15547
16322
15524
15548
16323
15549
16324
15526
15550
16325
15527
15551
16326
15528
15552
16327
15529
15553
16328
15530
15554
16329
15531
15555
16330
15532
15556
16331
15533
15557
16332
15534
15558
16333
15535
15559
16334
15536
15560
16335
15537
15561
16336
15538
15562
16337
15539
15563
16338
15540
15564
16339
15541
15565
16340
15542
15566
16341
15543
15567
16342
15544
15568
16343
15545
15569
16344
15546
15570
16345
15547
15571
16346
15548
15572
16347
15549
15573
16348
15574
16349
15551
15575
16350
15552
15576
16351
15553
15577
16352
15554
15578
16353
15555
15579
16354
15556
15580
16355
15557
15581
16356
15558
15582
16357
15559
15583
16358
15560
15584
16359
15561
15585
16360
15562
15586
16361
15563
15587
16362
15564
15588
16363
15565
15589
16364
15566
15590
16365
15567
15591
16366
15568
15592
16367
15569
15593
16368
15570
15594
16369
15571
15595
16370
15572
15596
16371
15573
15597
16372
15574
15598
16373
15599
16374
15576
15600
16375
15577
15601
16376
15578
15602
16377
15579
15603
16378
15580
15604
16379
15581
15605
16380
15582
15606
16381
15583
15607
16382
15584
15608
16383
15585
15609
16384
15586
15610
16385
15587
15611
16386
15588
15612
16387
15589
15613
16388
15590
15614
16389
15591
15615
16390
15592
15616
16391
15593
15617
16392
15594
15618
16393
15595
15619
16394
15596
15620
16395
15597
15621
16396
15598
15622
16397
15599
15623
16398
15624
16399
15601
15625
16400
15602
15626
16401
15603
15627
16402
15604
15628
16403
15605
15629
16404
15606
15630
16405
15607
15631
16406
15608
15632
16407
15609
15633
16408
15610
15634
16409
15611
15635
16410
15612
15636
16411
15613
15637
16412
15614
15638
16413
15615
15639
16414
15616
15640
16415
15617
15641
16416
15618
15642
16417
15619
15643
16418
15620
15644
16419
15621
15645
16420
15622
15646
16421
15623
15647
16422
15624
15648
16423
15649
16424
15626
15650
16425
15627
15651
16426
15628
15652
16427
15629
15653
16428
15630
15654
16429
15631
15655
16430
15632
15656
16431
15633
15657
16432
15634
15658
16433
15635
15659
16434
15636
15660
16435
15637
15661
16436
15638
15662
16437
15639
15663
16438
15640
15664
16439
15641
15665
16440
15642
15666
16441
15643
15667
16442
15644
15668
16443
15645
15669
16444
15646
15670
16445
15647
15671
16446
15648
15672
16447
15649
15673
16448
15674
16449
15651
15675
16450
15652
15676
16451
15653
15677
16452
15654
15678
16453
15655
15679
16454
15656
15680
16455
15657
15681
16456
15658
15682
16457
15659
15683
16458
15660
15684
16459
15661
15685
16460
15662
15686
16461
15663
15687
16462
15664
15688
16463
15665
15689
16464
15666
15690
16465
15667
15691
16466
15668
15692
16467
15669
15693
16468
15670
15694
16469
15671
15695
16470
15672
15696
16471
15673
15697
16472
15674
15698
16473
15699
16474
15676
15700
16475
15677
15701
16476
15678
15702
16477
15679
15703
16478
15680
15704
16479
15681
15705
16480
15682
15706
16481
15683
15707
16482
15684
15708
16483
15685
15709
16484
15686
15710
16485
15687
15711
16486
15688
15712
16487
15689
15713
16488
15690
15714
16489
15691
15715
16490
15692
15716
16491
15693
15717
16492
15694
15718
16493
15695
15719
16494
15696
15720
16495
15697
15721
16496
15698
15722
16497
15699
15723
16498
15724
16499
15701
15725
16500
15702
15726
16501
15703
15727
16502
15704
15728
16503
15705
15729
16504
15706
15730
16505
15707
15731
16506
15708
15732
16507
15709
15733
16508
15710
15734
16509
15711
15735
16510
15712
15736
16511
15713
15737
16512
15714
15738
16513
15715
15739
16514
15716
15740
16515
15717
15741
16516
15718
15742
16517
15719
15743
16518
15720
15744
16519
15721
15745
16520
15722
15746
16521
15723
15747
16522
15724
15748
16523
15749
16524
15726
15750
16525
15727
15751
16526
15728
15752
16527
15729
15753
16528
15730
15754
16529
15731
15755
16530
15732
15756
16531
15733
15757
16532
15734
15758
16533
15735
15759
16534
15736
15760
16535
15737
15761
16536
15738
15762
16537
15739
15763
16538
15740
15764
16539
15741
15765
16540
15742
15766
16541
15743
15767
16542
15744
15768
16543
15745
15769
16544
15746
15770
16545
15747
15771
16546
15748
15772
16547
15749
15773
16548
15774
16549
15751
15775
16550
15752
15776
16551
15753
15777
16552
15754
15778
16553
15755
15779
16554
15756
15780
16555
15757
15781
16556
15758
15782
16557
15759
15783
16558
15760
15784
16559
15761
15785
16560
15762
15786
16561
15763
15787
16562
15764
15788
16563
15765
15789
16564
15766
15790
16565
15767
15791
16566
15768
15792
16567
15769
15793
16568
15770
15794
16569
15771
15795
16570
15772
15796
16571
15773
15797
16572
15774
15798
16573
15799
16574
15776
15800
16575
15777
15801
16576
15778
15802
16577
15779
15803
16578
15780
15804
16579
15781
15805
16580
15782
15806
16581
15783
15807
16582
15784
15808
16583
15785
15809
16584
15786
15810
16585
15787
15811
16586
15788
15812
16587
15789
15813
16588
15790
15814
16589
15791
15815
16590
15792
15816
16591
15793
15817
16592
15794
15818
16593
15795
15819
16594
15796
15820
16595
15797
15821
16596
15798
15822
16597
15799
15823
16598
15824
16599
15801
15825
16600
15802
15826
16601
15803
15827
16602
15804
15828
16603
15805
15829
16604
15806
15830
16605
15807
15831
16606
15808
15832
16607
15809
15833
16608
15810
15834
16609
15811
15835
16610
15812
15836
16611
15813
15837
16612
15814
15838
16613
15815
15839
16614
15816
15840
16615
15817
15841
16616
15818
15842
16617
15819
15843
16618
15820
15844
16619
15821
15845
16620
15822
15846
16621
15823
15847
16622
15824
15848
16623
15849
16624
15826
15850
16625
15827
15851
16626
15828
15852
16627
15829
15853
16628
15830
15854
16629
15831
15855
16630
15832
15856
16631
15833
15857
16632
15834
15858
16633
15835
15859
16634
15836
15860
16635
15837
15861
16636
15838
15862
16637
15839
15863
16638
15840
15864
16639
15841
15865
16640
15842
15866
16641
15843
15867
16642
15844
15868
16643
15845
15869
16644
15846
15870
16645
15847
15871
16646
15848
15872
16647
15849
15873
16648
15874
16649
15851
15875
16650
15852
15876
16651
15853
15877
16652
15854
15878
16653
15855
15879
16654
15856
15880
16655
15857
15881
16656
15858
15882
16657
15859
15883
16658
15860
15884
16659
15861
15885
16660
15862
15886
16661
15863
15887
16662
15864
15888
16663
15865
15889
16664
15866
15890
16665
15867
15891
16666
15868
15892
16667
15869
15893
16668
15870
15894
16669
15871
15895
16670
15872
15896
16671
15873
15897
16672
15874
15898
16673
15899
16674
15876
15900
16675
15877
15901
16676
15878
15902
16677
15879
15903
16678
15880
15904
16679
15881
15905
16680
15882
15906
16681
15883
15907
16682
15884
15908
16683
15885
15909
16684
15886
15910
16685
15887
15911
16686
15888
15912
16687
15889
15913
16688
15890
15914
16689
15891
15915
16690
15892
15916
16691
15893
15917
16692
15894
15918
16693
15895
15919
16694
15896
15920
16695
15897
15921
16696
15898
15922
16697
15899
15923
16698
15924
16699
15901
15925
16700
15902
15926
16701
15903
15927
16702
15904
15928
16703
15905
15929
16704
15906
15930
16705
15907
15931
16706
15908
15932
16707
15909
15933
16708
15910
15934
16709
15911
15935
16710
15912
15936
16711
15913
15937
16712
15914
15938
16713
15915
15939
16714
15916
15940
16715
15917
15941
16716
15918
15942
16717
15919
15943
16718
15920
15944
16719
15921
15945
16720
15922
15946
16721
15923
15947
16722
15924
15948
16723
15949
16724
15926
15950
16725
15927
15951
16726
15928
15952
16727
15929
15953
16728
15930
15954
16729
15931
15955
16730
15932
15956
16731
15933
15957
16732
15934
15958
16733
15935
15959
16734
15936
15960
16735
15937
15961
16736
15938
15962
16737
15939
15963
16738
15940
15964
16739
15941
15965
16740
15942
15966
16741
15943
15967
16742
15944
15968
16743
15945
15969
16744
15946
15970
16745
15947
15971
16746
15948
15972
16747
15949
15973
16748
15974
16749
15951
15975
16750
15952
15976
16751
15953
15977
16752
15954
15978
16753
15955
15979
16754
15956
15980
16755
15957
15981
16756
15958
15982
16757
15959
15983
16758
15960
15984
16759
15961
15985
16760
15962
15986
16761
15963
15987
16762
15964
15988
16763
15965
15989
16764
15966
15990
16765
15967
15991
16766
15968
15992
16767
15969
15993
16768
15970
15994
16769
15971
15995
16770
15972
15996
16771
15973
15997
16772
15974
15998
16773
15999
16774
15976
16775
15977
16776
15978
16777
15979
16778
15980
16779
15981
16780
15982
16781
15983
16782
15984
16783
15985
16784
15986
16785
15987
16786
15988
16787
15989
16788
15990
16789
15991
16790
15992
16791
15993
16792
15994
16793
15995
16794
15996
16795
15997
16796
15998
16797
15999
16798
16799
16001
16025
16800
16002
16026
16801
16003
16027
16802
16004
16028
16803
16005
16029
16804
16006
16030
16805
16007
16031
16806
16008
16032
16807
16009
16033
16808
16010
16034
16809
16011
16035
16810
16012
16036
16811
16013
16037
16812
16014
16038
16813
16015
16039
16814
16016
16040
16815
16017
16041
16816
16018
16042
16817
16019
16043
16818
16020
16044
16819
16021
16045
16820
16022
16046
16821
16023
16047
16822
16024
16048
16823
16049
16824
16026
16050
16825
16027
16051
16826
16028
16052
16827
16029
16053
16828
16030
16054
16829
16031
16055
16830
16032
16056
16831
16033
16057
16832
16034
16058
16833
16035
16059
16834
16036
16060
16835
16037
16061
16836
16038
16062
16837
16039
16063
16838
16040
16064
16839
16041
16065
16840
16042
16066
16841
16043
16067
16842
16044
16068
16843
16045
16069
16844
16046
16070
16845
16047
16071
16846
16048
16072
16847
16049
16073
16848
16074
16849
16051
16075
16850
16052
16076
16851
16053
16077
16852
16054
16078
16853
16055
16079
16854
16056
16080
16855
16057
16081
16856
16058
16082
16857
16059
16083
16858
16060
16084
16859
16061
16085
16860
16062
16086
16861
16063
16087
16862
16064
16088
16863
16065
16089
16864
16066
16090
16865
16067
16091
16866
16068
16092
16867
16069
16093
16868
16070
16094
16869
16071
16095
16870
16072
16096
16871
16073
16097
16872
16074
16098
16873
16099
16874
16076
16100
16875
16077
16101
16876
16078
16102
16877
16079
16103
16878
16080
16104
16879
16081
16105
16880
16082
16106
16881
16083
16107
16882
16084
16108
16883
16085
16109
16884
16086
16110
16885
16087
16111
16886
16088
16112
16887
16089
16113
16888
16090
16114
16889
16091
16115
16890
16092
16116
16891
16093
16117
16892
16094
16118
16893
16095
16119
16894
16096
16120
16895
16097
16121
16896
16098
16122
16897
16099
16123
16898
16124
16899
16101
16125
16900
16102
16126
16901
16103
16127
16902
16104
16128
16903
16105
16129
16904
16106
16130
16905
16107
16131
16906
16108
16132
16907
16109
16133
16908
16110
16134
16909
16111
16135
16910
16112
16136
16911
16113
16137
16912
16114
16138
16913
16115
16139
16914
16116
16140
16915
16117
16141
16916
16118
16142
16917
16119
16143
16918
16120
16144
16919
16121
16145
16920
16122
16146
16921
16123
16147
16922
16124
16148
16923
16149
16924
16126
16150
16925
16127
16151
16926
16128
16152
16927
16129
16153
16928
16130
16154
16929
16131
16155
16930
16132
16156
16931
16133
16157
16932
16134
16158
16933
16135
16159
16934
16136
16160
16935
16137
16161
16936
16138
16162
16937
16139
16163
16938
16140
16164
16939
16141
16165
16940
16142
16166
16941
16143
16167
16942
16144
16168
16943
16145
16169
16944
16146
16170
16945
16147
16171
16946
16148
16172
16947
16149
16173
16948
16174
16949
16151
16175
16950
16152
16176
16951
16153
16177
16952
16154
16178
16953
16155
16179
16954
16156
16180
16955
16157
16181
16956
16158
16182
16957
16159
16183
16958
16160
16184
16959
16161
16185
16960
16162
16186
16961
16163
16187
16962
16164
16188
16963
16165
16189
16964
16166
16190
16965
16167
16191
16966
16168
16192
16967
16169
16193
16968
16170
16194
16969
16171
16195
16970
16172
16196
16971
16173
16197
16972
16174
16198
16973
16199
16974
16176
16200
16975
16177
16201
16976
16178
16202
16977
16179
16203
16978
16180
16204
16979
16181
16205
16980
16182
16206
16981
16183
16207
16982
16184
16208
16983
16185
16209
16984
16186
16210
16985
16187
16211
16986
16188
16212
16987
16189
16213
16988
16190
16214
16989
16191
16215
16990
16192
16216
16991
16193
16217
16992
16194
16218
16993
16195
16219
16994
16196
16220
16995
16197
16221
16996
16198
16222
16997
16199
16223
16998
16224
16999
16201
16225
17000
16202
16226
17001
16203
16227
17002
16204
16228
17003
16205
16229
17004
16206
16230
17005
16207
16231
17006
16208
16232
17007
16209
16233
17008
16210
16234
17009
16211
16235
17010
16212
16236
17011
16213
16237
17012
16214
16238
17013
16215
16239
17014
16216
16240
17015
16217
16241
17016
16218
16242
17017
16219
16243
17018
16220
16244
17019
16221
16245
17020
16222
16246
17021
16223
16247
17022
16224
16248
17023
16249
17024
16226
16250
17025
16227
16251
17026
16228
16252
17027
16229
16253
17028
16230
16254
17029
16231
16255
17030
16232
16256
17031
16233
16257
17032
16234
16258
17033
16235
16259
17034
16236
16260
17035
16237
16261
17036
16238
16262
17037
16239
16263
17038
16240
16264
17039
16241
16265
17040
16242
16266
17041
16243
16267
17042
16244
16268
17043
16245
16269
17044
16246
16270
17045
16247
16271
17046
16248
16272
17047
16249
16273
17048
16274
17049
16251
16275
17050
16252
16276
17051
16253
16277
17052
16254
16278
17053
16255
16279
17054
16256
16280
17055
16257
16281
17056
16258
16282
17057
16259
16283
17058
16260
16284
17059
16261
16285
17060
16262
16286
17061
16263
16287
17062
16264
16288
17063
16265
16289
17064
16266
16290
17065
16267
16291
17066
16268
16292
17067
16269
16293
17068
16270
16294
17069
16271
16295
17070
16272
16296
17071
16273
16297
17072
16274
16298
17073
16299
17074
16276
16300
17075
16277
16301
17076
16278
16302
17077
16279
16303
17078
16280
16304
17079
16281
16305
17080
16282
16306
17081
16283
16307
17082
16284
16308
17083
16285
16309
17084
16286
16310
17085
16287
16311
17086
16288
16312
17087
16289
16313
17088
16290
16314
17089
16291
16315
17090
16292
16316
17091
16293
16317
17092
16294
16318
17093
16295
16319
17094
16296
16320
17095
16297
16321
17096
16298
16322
17097
16299
16323
17098
16324
17099
16301
16325
17100
16302
16326
17101
16303
16327
17102
16304
16328
17103
16305
16329
17104
16306
16330
17105
16307
16331
17106
16308
16332
17107
16309
16333
17108
16310
16334
17109
16311
16335
17110
16312
16336
17111
16313
16337
17112
16314
16338
17113
16315
16339
17114
16316
16340
17115
16317
16341
17116
16318
16342
17117
16319
16343
17118
16320
16344
17119
16321
16345
17120
16322
16346
17121
16323
16347
17122
16324
16348
17123
16349
17124
16326
16350
17125
16327
16351
17126
16328
16352
17127
16329
16353
17128
16330
16354
17129
16331
16355
17130
16332
16356
17131
16333
16357
17132
16334
16358
17133
16335
16359
17134
16336
16360
17135
16337
16361
17136
16338
16362
17137
16339
16363
17138
16340
16364
17139
16341
16365
17140
16342
16366
17141
16343
16367
17142
16344
16368
17143
16345
16369
17144
16346
16370
17145
16347
16371
17146
16348
16372
17147
16349
16373
17148
16374
17149
16351
16375
17150
16352
16376
17151
16353
16377
17152
16354
16378
17153
16355
16379
17154
16356
16380
17155
16357
16381
17156
16358
16382
17157
16359
16383
17158
16360
16384
17159
16361
16385
17160
16362
16386
17161
16363
16387
17162
16364
16388
17163
16365
16389
17164
16366
16390
17165
16367
16391
17166
16368
16392
17167
16369
16393
17168
16370
16394
17169
16371
16395
17170
16372
16396
17171
16373
16397
17172
16374
16398
17173
16399
17174
16376
16400
17175
16377
16401
17176
16378
16402
17177
16379
16403
17178
16380
16404
17179
16381
16405
17180
16382
16406
17181
16383
16407
17182
16384
16408
17183
16385
16409
17184
16386
16410
17185
16387
16411
17186
16388
16412
17187
16389
16413
17188
16390
16414
17189
16391
16415
17190
16392
16416
17191
16393
16417
17192
16394
16418
17193
16395
16419
17194
16396
16420
17195
16397
16421
17196
16398
16422
17197
16399
16423
17198
16424
17199
16401
16425
17200
16402
16426
17201
16403
16427
17202
16404
16428
17203
16405
16429
17204
16406
16430
17205
16407
16431
17206
16408
16432
17207
16409
16433
17208
16410
16434
17209
16411
16435
17210
16412
16436
17211
16413
16437
17212
16414
16438
17213
16415
16439
17214
16416
16440
17215
16417
16441
17216
16418
16442
17217
16419
16443
17218
16420
16444
17219
16421
16445
17220
16422
16446
17221
16423
16447
17222
16424
16448
17223
16449
17224
16426
16450
17225
16427
16451
17226
16428
16452
17227
16429
16453
17228
16430
16454
17229
16431
16455
17230
16432
16456
17231
16433
16457
17232
16434
16458
17233
16435
16459
17234
16436
16460
17235
16437
16461
17236
16438
16462
17237
16439
16463
17238
16440
16464
17239
16441
16465
17240
16442
16466
17241
16443
16467
17242
16444
16468
17243
16445
16469
17244
16446
16470
17245
16447
16471
17246
16448
16472
17247
16449
16473
17248
16474
17249
16451
16475
17250
16452
16476
17251
16453
16477
17252
16454
16478
17253
16455
16479
17254
16456
16480
17255
16457
16481
17256
16458
16482
17257
16459
16483
17258
16460
16484
17259
16461
16485
17260
16462
16486
17261
16463
16487
17262
16464
16488
17263
16465
16489
17264
16466
16490
17265
16467
16491
17266
16468
16492
17267
16469
16493
17268
16470
16494
17269
16471
16495
17270
16472
16496
17271
16473
16497
17272
16474
16498
17273
16499
17274
16476
16500
17275
16477
16501
17276
16478
16502
17277
16479
16503
17278
16480
16504
17279
16481
16505
17280
16482
16506
17281
16483
16507
17282
16484
16508
17283
16485
16509
17284
16486
16510
17285
16487
16511
17286
16488
16512
17287
16489
16513
17288
16490
16514
17289
16491
16515
17290
16492
16516
17291
16493
16517
17292
16494
16518
17293
16495
16519
17294
16496
16520
17295
16497
16521
17296
16498
16522
17297
16499
16523
17298
16524
17299
16501
16525
17300
16502
16526
17301
16503
16527
17302
16504
16528
17303
16505
16529
17304
16506
16530
17305
16507
16531
17306
16508
16532
17307
16509
16533
17308
16510
16534
17309
16511
16535
17310
16512
16536
17311
16513
16537
17312
16514
16538
17313
16515
16539
17314
16516
16540
17315
16517
16541
17316
16518
16542
17317
16519
16543
17318
16520
16544
17319
16521
16545
17320
16522
16546
17321
16523
16547
17322
16524
16548
17323
16549
17324
16526
16550
17325
16527
16551
17326
16528
16552
17327
16529
16553
17328
16530
16554
17329
16531
16555
17330
16532
16556
17331
16533
16557
17332
16534
16558
17333
16535
16559
17334
16536
16560
17335
16537
16561
17336
16538
16562
17337
16539
16563
17338
16540
16564
17339
16541
16565
17340
16542
16566
17341
16543
16567
17342
16544
16568
17343
16545
16569
17344
16546
16570
17345
16547
16571
17346
16548
16572
17347
16549
16573
17348
16574
17349
16551
16575
17350
16552
16576
17351
16553
16577
17352
16554
16578
17353
16555
16579
17354
16556
16580
17355
16557
16581
17356
16558
16582
17357
16559
16583
17358
16560
16584
17359
16561
16585
17360
16562
16586
17361
16563
16587
17362
16564
16588
17363
16565
16589
17364
16566
16590
17365
16567
16591
17366
16568
16592
17367
16569
16593
17368
16570
16594
17369
16571
16595
17370
16572
16596
17371
16573
16597
17372
16574
16598
17373
16599
17374
16576
16600
17375
16577
16601
17376
16578
16602
17377
16579
16603
17378
16580
16604
17379
16581
16605
17380
16582
16606
17381
16583
16607
17382
16584
16608
17383
16585
16609
17384
16586
16610
17385
16587
16611
17386
16588
16612
17387
16589
16613
17388
16590
16614
17389
16591
16615
17390
16592
16616
17391
16593
16617
17392
16594
16618
17393
16595
16619
17394
16596
16620
17395
16597
16621
17396
16598
16622
17397
16599
16623
17398
16624
17399
16601
16625
17400
16602
16626
17401
16603
16627
17402
16604
16628
17403
16605
16629
17404
16606
16630
17405
16607
16631
17406
16608
16632
17407
16609
16633
17408
16610
16634
17409
16611
16635
17410
16612
16636
17411
16613
16637
17412
16614
16638
17413
16615
16639
17414
16616
16640
17415
16617
16641
17416
16618
16642
17417
16619
16643
17418
16620
16644
17419
16621
16645
17420
16622
16646
17421
16623
16647
17422
16624
16648
17423
16649
17424
16626
16650
17425
16627
16651
17426
16628
16652
17427
16629
16653
17428
16630
16654
17429
16631
16655
17430
16632
16656
17431
16633
16657
17432
16634
16658
17433
16635
16659
17434
16636
16660
17435
16637
16661
17436
16638
16662
17437
16639
16663
17438
16640
16664
17439
16641
16665
17440
16642
16666
17441
16643
16667
17442
16644
16668
17443
16645
16669
17444
16646
16670
17445
16647
16671
17446
16648
16672
17447
16649
16673
17448
16674
17449
16651
16675
17450
16652
16676
17451
16653
16677
17452
16654
16678
17453
16655
16679
17454
16656
16680
17455
16657
16681
17456
16658
16682
17457
16659
16683
17458
16660
16684
17459
16661
16685
17460
16662
16686
17461
16663
16687
17462
16664
16688
17463
16665
16689
17464
16666
16690
17465
16667
16691
17466
16668
16692
17467
16669
16693
17468
16670
16694
17469
16671
16695
17470
16672
16696
17471
16673
16697
17472
16674
16698
17473
16699
17474
16676
16700
17475
16677
16701
17476
16678
16702
17477
16679
16703
17478
16680
16704
17479
16681
16705
17480
16682
16706
17481
16683
16707
17482
16684
16708
17483
16685
16709
17484
16686
16710
17485
16687
16711
17486
16688
16712
17487
16689
16713
17488
16690
16714
17489
16691
16715
17490
16692
16716
17491
16693
16717
17492
16694
16718
17493
16695
16719
17494
16696
16720
17495
16697
16721
17496
16698
16722
17497
16699
16723
17498
16724
17499
16701
16725
17500
16702
16726
17501
16703
16727
17502
16704
16728
17503
16705
16729
17504
16706
16730
17505
16707
16731
17506
16708
16732
17507
16709
16733
17508
16710
16734
17509
16711
16735
17510
16712
16736
17511
16713
16737
17512
16714
16738
17513
16715
16739
17514
16716
16740
17515
16717
16741
17516
16718
16742
17517
16719
16743
17518
16720
16744
17519
16721
16745
17520
16722
16746
17521
16723
16747
17522
16724
16748
17523
16749
17524
16726
16750
17525
16727
16751
17526
16728
16752
17527
16729
16753
17528
16730
16754
17529
16731
16755
17530
16732
16756
17531
16733
16757
17532
16734
16758
17533
16735
16759
17534
16736
16760
17535
16737
16761
17536
16738
16762
17537
16739
16763
17538
16740
16764
17539
16741
16765
17540
16742
16766
17541
16743
16767
17542
16744
16768
17543
16745
16769
17544
16746
16770
17545
16747
16771
17546
16748
16772
17547
16749
16773
17548
16774
17549
16751
16775
17550
16752
16776
17551
16753
16777
17552
16754
16778
17553
16755
16779
17554
16756
16780
17555
16757
16781
17556
16758
16782
17557
16759
16783
17558
16760
16784
17559
16761
16785
17560
16762
16786
17561
16763
16787
17562
16764
16788
17563
16765
16789
17564
16766
16790
17565
16767
16791
17566
16768
16792
17567
16769
16793
17568
16770
16794
17569
16771
16795
17570
16772
16796
17571
16773
16797
17572
16774
16798
17573
16799
17574
16776
17575
16777
17576
16778
17577
16779
17578
16780
17579
16781
17580
16782
17581
16783
17582
16784
17583
16785
17584
16786
17585
16787
17586
16788
17587
16789
17588
16790
17589
16791
17590
16792
17591
16793
17592
16794
17593
16795
17594
16796
17595
16797
17596
16798
17597
16799
17598
17599
16801
16825
17600
16802
16826
17601
16803
16827
17602
16804
16828
17603
16805
16829
17604
16806
16830
17605
16807
16831
17606
16808
16832
17607
16809
16833
17608
16810
16834
17609
16811
16835
17610
16812
16836
17611
16813
16837
17612
16814
16838
17613
16815
16839
17614
16816
16840
17615
16817
16841
17616
16818
16842
17617
16819
16843
17618
16820
16844
17619
16821
16845
17620
16822
16846
17621
16823
16847
17622
16824
16848
17623
16849
17624
16826
16850
17625
16827
16851
17626
16828
16852
17627
16829
16853
17628
16830
16854
17629
16831
16855
17630
16832
16856
17631
16833
16857
17632
16834
16858
17633
16835
16859
17634
16836
16860
17635
16837
16861
17636
16838
16862
17637
16839
16863
17638
16840
16864
17639
16841
16865
17640
16842
16866
17641
16843
16867
17642
16844
16868
17643
16845
16869
17644
16846
16870
17645
16847
16871
17646
16848
16872
17647
16849
16873
17648
16874
17649
16851
16875
17650
16852
16876
17651
16853
16877
17652
16854
16878
17653
16855
16879
17654
16856
16880
17655
16857
16881
17656
16858
16882
17657
16859
16883
17658
16860
16884
17659
16861
16885
17660
16862
16886
17661
16863
16887
17662
16864
16888
17663
16865
16889
17664
16866
16890
17665
16867
16891
17666
16868
16892
17667
16869
16893
17668
16870
16894
17669
16871
16895
17670
16872
16896
17671
16873
16897
17672
16874
16898
17673
16899
17674
16876
16900
17675
16877
16901
17676
16878
16902
17677
16879
16903
17678
16880
16904
17679
16881
16905
17680
16882
16906
17681
16883
16907
17682
16884
16908
17683
16885
16909
17684
16886
16910
17685
16887
16911
17686
16888
16912
17687
16889
16913
17688
16890
16914
17689
16891
16915
17690
16892
16916
17691
16893
16917
17692
16894
16918
17693
16895
16919
17694
16896
16920
17695
16897
16921
17696
16898
16922
17697
16899
16923
17698
16924
17699
16901
16925
17700
16902
16926
17701
16903
16927
17702
16904
16928
17703
16905
16929
17704
16906
16930
17705
16907
16931
17706
16908
16932
17707
16909
16933
17708
16910
16934
17709
16911
16935
17710
16912
16936
17711
16913
16937
17712
16914
16938
17713
16915
16939
17714
16916
16940
17715
16917
16941
17716
16918
16942
17717
16919
16943
17718
16920
16944
17719
16921
16945
17720
16922
16946
17721
16923
16947
17722
16924
16948
17723
16949
17724
16926
16950
17725
16927
16951
17726
16928
16952
17727
16929
16953
17728
16930
16954
17729
16931
16955
17730
16932
16956
17731
16933
16957
17732
16934
16958
17733
16935
16959
17734
16936
16960
17735
16937
16961
17736
16938
16962
17737
16939
16963
17738
16940
16964
17739
16941
16965
17740
16942
16966
17741
16943
16967
17742
16944
16968
17743
16945
16969
17744
16946
16970
17745
16947
16971
17746
16948
16972
17747
16949
16973
17748
16974
17749
16951
16975
17750
16952
16976
17751
16953
16977
17752
16954
16978
17753
16955
16979
17754
16956
16980
17755
16957
16981
17756
16958
16982
17757
16959
16983
17758
16960
16984
17759
16961
16985
17760
16962
16986
17761
16963
16987
17762
16964
16988
17763
16965
16989
17764
16966
16990
17765
16967
16991
17766
16968
16992
17767
16969
16993
17768
16970
16994
17769
16971
16995
17770
16972
16996
17771
16973
16997
17772
16974
16998
17773
16999
17774
16976
17000
17775
16977
17001
17776
16978
17002
17777
16979
17003
17778
16980
17004
17779
16981
17005
17780
16982
17006
17781
16983
17007
17782
16984
17008
17783
16985
17009
17784
16986
17010
17785
16987
17011
17786
16988
17012
17787
16989
17013
17788
16990
17014
17789
16991
17015
17790
16992
17016
17791
16993
17017
17792
16994
17018
17793
16995
17019
17794
16996
17020
17795
16997
17021
17796
16998
17022
17797
16999
17023
17798
17024
17799
17001
17025
17800
17002
17026
17801
17003
17027
17802
17004
17028
17803
17005
17029
17804
17006
17030
17805
17007
17031
17806
17008
17032
17807
17009
17033
17808
17010
17034
17809
17011
17035
17810
17012
17036
17811
17013
17037
17812
17014
17038
17813
17015
17039
17814
17016
17040
17815
17017
17041
17816
17018
17042
17817
17019
17043
17818
17020
17044
17819
17021
17045
17820
17022
17046
17821
17023
17047
17822
17024
17048
17823
17049
17824
17026
17050
17825
17027
17051
17826
17028
17052
17827
17029
17053
17828
17030
17054
17829
17031
17055
17830
17032
17056
17831
17033
17057
17832
17034
17058
17833
17035
17059
17834
17036
17060
17835
17037
17061
17836
17038
17062
17837
17039
17063
17838
17040
17064
17839
17041
17065
17840
17042
17066
17841
17043
17067
17842
17044
17068
17843
17045
17069
17844
17046
17070
17845
17047
17071
17846
17048
17072
17847
17049
17073
17848
17074
17849
17051
17075
17850
17052
17076
17851
17053
17077
17852
17054
17078
17853
17055
17079
17854
17056
17080
17855
17057
17081
17856
17058
17082
17857
17059
17083
17858
17060
17084
17859
17061
17085
17860
17062
17086
17861
17063
17087
17862
17064
17088
17863
17065
17089
17864
17066
17090
17865
17067
17091
17866
17068
17092
17867
17069
17093
17868
17070
17094
17869
17071
17095
17870
17072
17096
17871
17073
17097
17872
17074
17098
17873
17099
17874
17076
17100
17875
17077
17101
17876
17078
17102
17877
17079
17103
17878
17080
17104
17879
17081
17105
17880
17082
17106
17881
17083
17107
17882
17084
17108
17883
17085
17109
17884
17086
17110
17885
17087
17111
17886
17088
17112
17887
17089
17113
17888
17090
17114
17889
17091
17115
17890
17092
17116
17891
17093
17117
17892
17094
17118
17893
17095
17119
17894
17096
17120
17895
17097
17121
17896
17098
17122
17897
17099
17123
17898
17124
17899
17101
17125
17900
17102
17126
17901
17103
17127
17902
17104
17128
17903
17105
17129
17904
17106
17130
17905
17107
17131
17906
17108
17132
17907
17109
17133
17908
17110
17134
17909
17111
17135
17910
17112
17136
17911
17113
17137
17912
17114
17138
17913
17115
17139
17914
17116
17140
17915
17117
17141
17916
17118
17142
17917
17119
17143
17918
17120
17144
17919
17121
17145
17920
17122
17146
17921
17123
17147
17922
17124
17148
17923
17149
17924
17126
17150
17925
17127
17151
17926
17128
17152
17927
17129
17153
17928
17130
17154
17929
17131
17155
17930
17132
17156
17931
17133
17157
17932
17134
17158
17933
17135
17159
17934
17136
17160
17935
17137
17161
17936
17138
17162
17937
17139
17163
17938
17140
17164
17939
17141
17165
17940
17142
17166
17941
17143
17167
17942
17144
17168
17943
17145
17169
17944
17146
17170
17945
17147
17171
17946
17148
17172
17947
17149
17173
17948
17174
17949
17151
17175
17950
17152
17176
17951
17153
17177
17952
17154
17178
17953
17155
17179
17954
17156
17180
17955
17157
17181
17956
17158
17182
17957
17159
17183
17958
17160
17184
17959
17161
17185
17960
17162
17186
17961
17163
17187
17962
17164
17188
17963
17165
17189
17964
17166
17190
17965
17167
17191
17966
17168
17192
17967
17169
17193
17968
17170
17194
17969
17171
17195
17970
17172
17196
17971
17173
17197
17972
17174
17198
17973
17199
17974
17176
17200
17975
17177
17201
17976
17178
17202
17977
17179
17203
17978
17180
17204
17979
17181
17205
17980
17182
17206
17981
17183
17207
17982
17184
17208
17983
17185
17209
17984
17186
17210
17985
17187
17211
17986
17188
17212
17987
17189
17213
17988
17190
17214
17989
17191
17215
17990
17192
17216
17991
17193
17217
17992
17194
17218
17993
17195
17219
17994
17196
17220
17995
17197
17221
17996
17198
17222
17997
17199
17223
17998
17224
17999
17201
17225
18000
17202
17226
18001
17203
17227
18002
17204
17228
18003
17205
17229
18004
17206
17230
18005
17207
17231
18006
17208
17232
18007
17209
17233
18008
17210
17234
18009
17211
17235
18010
17212
17236
18011
17213
17237
18012
17214
17238
18013
17215
17239
18014
17216
17240
18015
17217
17241
18016
17218
17242
18017
17219
17243
18018
17220
17244
18019
17221
17245
18020
17222
17246
18021
17223
17247
18022
17224
17248
18023
17249
18024
17226
17250
18025
17227
17251
18026
17228
17252
18027
17229
17253
18028
17230
17254
18029
17231
17255
18030
17232
17256
18031
17233
17257
18032
17234
17258
18033
17235
17259
18034
17236
17260
18035
17237
17261
18036
17238
17262
18037
17239
17263
18038
17240
17264
18039
17241
17265
18040
17242
17266
18041
17243
17267
18042
17244
17268
18043
17245
17269
18044
17246
17270
18045
17247
17271
18046
17248
17272
18047
17249
17273
18048
17274
18049
17251
17275
18050
17252
17276
18051
17253
17277
18052
17254
17278
18053
17255
17279
18054
17256
17280
18055
17257
17281
18056
17258
17282
18057
17259
17283
18058
17260
17284
18059
17261
17285
18060
17262
17286
18061
17263
17287
18062
17264
17288
18063
17265
17289
18064
17266
17290
18065
17267
17291
18066
17268
17292
18067
17269
17293
18068
17270
17294
18069
17271
17295
18070
17272
17296
18071
17273
17297
18072
17274
17298
18073
17299
18074
17276
17300
18075
17277
17301
18076
17278
17302
18077
17279
17303
18078
17280
17304
18079
17281
17305
18080
17282
17306
18081
17283
17307
18082
17284
17308
18083
17285
17309
18084
17286
17310
18085
17287
17311
18086
17288
17312
18087
17289
17313
18088
17290
17314
18089
17291
17315
18090
17292
17316
18091
17293
17317
18092
17294
17318
18093
17295
17319
18094
17296
17320
18095
17297
17321
18096
17298
17322
18097
17299
17323
18098
17324
18099
17301
17325
18100
17302
17326
18101
17303
17327
18102
17304
17328
18103
17305
17329
18104
17306
17330
18105
17307
17331
18106
17308
17332
18107
17309
17333
18108
17310
17334
18109
17311
17335
18110
17312
17336
18111
17313
17337
18112
17314
17338
18113
17315
17339
18114
17316
17340
18115
17317
17341
18116
17318
17342
18117
17319
17343
18118
17320
17344
18119
17321
17345
18120
17322
17346
18121
17323
17347
18122
17324
17348
18123
17349
18124
17326
17350
18125
17327
17351
18126
17328
17352
18127
17329
17353
18128
17330
17354
18129
17331
17355
18130
17332
17356
18131
17333
17357
18132
17334
17358
18133
17335
17359
18134
17336
17360
18135
17337
17361
18136
17338
17362
18137
17339
17363
18138
17340
17364
18139
17341
17365
18140
17342
17366
18141
17343
17367
18142
17344
17368
18143
17345
17369
18144
17346
17370
18145
17347
17371
18146
17348
17372
18147
17349
17373
18148
17374
18149
17351
17375
18150
17352
17376
18151
17353
17377
18152
17354
17378
18153
17355
17379
18154
17356
17380
18155
17357
17381
18156
17358
17382
18157
17359
17383
18158
17360
17384
18159
17361
17385
18160
17362
17386
18161
17363
17387
18162
17364
17388
18163
17365
17389
18164
17366
17390
18165
17367
17391
18166
17368
17392
18167
17369
17393
18168
17370
17394
18169
17371
17395
18170
17372
17396
18171
17373
17397
18172
17374
17398
18173
17399
18174
17376
17400
18175
17377
17401
18176
17378
17402
18177
17379
17403
18178
17380
17404
18179
17381
17405
18180
17382
17406
18181
17383
17407
18182
17384
17408
18183
17385
17409
18184
17386
17410
18185
17387
17411
18186
17388
17412
18187
17389
17413
18188
17390
17414
18189
17391
17415
18190
17392
17416
18191
17393
17417
18192
17394
17418
18193
17395
17419
18194
17396
17420
18195
17397
17421
18196
17398
17422
18197
17399
17423
18198
17424
18199
17401
17425
18200
17402
17426
18201
17403
17427
18202
17404
17428
18203
17405
17429
18204
17406
17430
18205
17407
17431
18206
17408
17432
18207
17409
17433
18208
17410
17434
18209
17411
17435
18210
17412
17436
18211
17413
17437
18212
17414
17438
18213
17415
17439
18214
17416
17440
18215
17417
17441
18216
17418
17442
18217
17419
17443
18218
17420
17444
18219
17421
17445
18220
17422
17446
18221
17423
17447
18222
17424
17448
18223
17449
18224
17426
17450
18225
17427
17451
18226
17428
17452
18227
17429
17453
18228
17430
17454
18229
17431
17455
18230
17432
17456
18231
17433
17457
18232
17434
17458
18233
17435
17459
18234
17436
17460
18235
17437
17461
18236
17438
17462
18237
17439
17463
18238
17440
17464
18239
17441
17465
18240
17442
17466
18241
17443
17467
18242
17444
17468
18243
17445
17469
18244
17446
17470
18245
17447
17471
18246
17448
17472
18247
17449
17473
18248
17474
18249
17451
17475
18250
17452
17476
18251
17453
17477
18252
17454
17478
18253
17455
17479
18254
17456
17480
18255
17457
17481
18256
17458
17482
18257
17459
17483
18258
17460
17484
18259
17461
17485
18260
17462
17486
18261
17463
17487
18262
17464
17488
18263
17465
17489
18264
17466
17490
18265
17467
17491
18266
17468
17492
18267
17469
17493
18268
17470
17494
18269
17471
17495
18270
17472
17496
18271
17473
17497
18272
17474
17498
18273
17499
18274
17476
17500
18275
17477
17501
18276
17478
17502
18277
17479
17503
18278
17480
17504
18279
17481
17505
18280
17482
17506
18281
17483
17507
18282
17484
17508
18283
17485
17509
18284
17486
17510
18285
17487
17511
18286
17488
17512
18287
17489
17513
18288
17490
17514
18289
17491
17515
18290
17492
17516
18291
17493
17517
18292
17494
17518
18293
17495
17519
18294
17496
17520
18295
17497
17521
18296
17498
17522
18297
17499
17523
18298
17524
18299
17501
17525
18300
17502
17526
18301
17503
17527
18302
17504
17528
18303
17505
17529
18304
17506
17530
18305
17507
17531
18306
17508
17532
18307
17509
17533
18308
17510
17534
18309
17511
17535
18310
17512
17536
18311
17513
17537
18312
17514
17538
18313
17515
17539
18314
17516
17540
18315
17517
17541
18316
17518
17542
18317
17519
17543
18318
17520
17544
18319
17521
17545
18320
17522
17546
18321
17523
17547
18322
17524
17548
18323
17549
18324
17526
17550
18325
17527
17551
18326
17528
17552
18327
17529
17553
18328
17530
17554
18329
17531
17555
18330
17532
17556
18331
17533
17557
18332
17534
17558
18333
17535
17559
18334
17536
17560
18335
17537
17561
18336
17538
17562
18337
17539
17563
18338
17540
17564
18339
17541
17565
18340
17542
17566
18341
17543
17567
18342
17544
17568
18343
17545
17569
18344
17546
17570
18345
17547
17571
18346
17548
17572
18347
17549
17573
18348
17574
18349
17551
17575
18350
17552
17576
18351
17553
17577
18352
17554
17578
18353
17555
17579
18354
17556
17580
18355
17557
17581
18356
17558
17582
18357
17559
17583
18358
17560
17584
18359
17561
17585
18360
17562
17586
18361
17563
17587
18362
17564
17588
18363
17565
17589
18364
17566
17590
18365
17567
17591
18366
17568
17592
18367
17569
17593
18368
17570
17594
18369
17571
17595
18370
17572
17596
18371
17573
17597
18372
17574
17598
18373
17599
18374
17576
18375
17577
18376
17578
18377
17579
18378
17580
18379
17581
18380
17582
18381
17583
18382
17584
18383
17585
18384
17586
18385
17587
18386
17588
18387
17589
18388
17590
18389
17591
18390
17592
18391
17593
18392
17594
18393
17595
18394
17596
18395
17597
18396
17598
18397
17599
18398
18399
17601
17625
18400
17602
17626
18401
17603
17627
18402
17604
17628
18403
17605
17629
18404
17606
17630
18405
17607
17631
18406
17608
17632
18407
17609
17633
18408
17610
17634
18409
17611
17635
18410
17612
17636
18411
17613
17637
18412
17614
17638
18413
17615
17639
18414
17616
17640
18415
17617
17641
18416
17618
17642
18417
17619
17643
18418
17620
17644
18419
17621
17645
18420
17622
17646
18421
17623
17647
18422
17624
17648
18423
17649
18424
17626
17650
18425
17627
17651
18426
17628
17652
18427
17629
17653
18428
17630
17654
18429
17631
17655
18430
17632
17656
18431
17633
17657
18432
17634
17658
18433
17635
17659
18434
17636
17660
18435
17637
17661
18436
17638
17662
18437
17639
17663
18438
17640
17664
18439
17641
17665
18440
17642
17666
18441
17643
17667
18442
17644
17668
18443
17645
17669
18444
17646
17670
18445
17647
17671
18446
17648
17672
18447
17649
17673
18448
17674
18449
17651
17675
18450
17652
17676
18451
17653
17677
18452
17654
17678
18453
17655
17679
18454
17656
17680
18455
17657
17681
18456
17658
17682
18457
17659
17683
18458
17660
17684
18459
17661
17685
18460
17662
17686
18461
17663
17687
18462
17664
17688
18463
17665
17689
18464
17666
17690
18465
17667
17691
18466
17668
17692
18467
17669
17693
18468
17670
17694
18469
17671
17695
18470
17672
17696
18471
17673
17697
18472
17674
17698
18473
17699
18474
17676
17700
18475
17677
17701
18476
17678
17702
18477
17679
17703
18478
17680
17704
18479
17681
17705
18480
17682
17706
18481
17683
17707
18482
17684
17708
18483
17685
17709
18484
17686
17710
18485
17687
17711
18486
17688
17712
18487
17689
17713
18488
17690
17714
18489
17691
17715
18490
17692
17716
18491
17693
17717
18492
17694
17718
18493
17695
17719
18494
17696
17720
18495
17697
17721
18496
17698
17722
18497
17699
17723
18498
17724
18499
17701
17725
18500
17702
17726
18501
17703
17727
18502
17704
17728
18503
17705
17729
18504
17706
17730
18505
17707
17731
18506
17708
17732
18507
17709
17733
18508
17710
17734
18509
17711
17735
18510
17712
17736
18511
17713
17737
18512
17714
17738
18513
17715
17739
18514
17716
17740
18515
17717
17741
18516
17718
17742
18517
17719
17743
18518
17720
17744
18519
17721
17745
18520
17722
17746
18521
17723
17747
18522
17724
17748
18523
17749
18524
17726
17750
18525
17727
17751
18526
17728
17752
18527
17729
17753
18528
17730
17754
18529
17731
17755
18530
17732
17756
18531
17733
17757
18532
17734
17758
18533
17735
17759
18534
17736
17760
18535
17737
17761
18536
17738
17762
18537
17739
17763
18538
17740
17764
18539
17741
17765
18540
17742
17766
18541
17743
17767
18542
17744
17768
18543
17745
17769
18544
17746
17770
18545
17747
17771
18546
17748
17772
18547
17749
17773
18548
17774
18549
17751
17775
18550
17752
17776
18551
17753
17777
18552
17754
17778
18553
17755
17779
18554
17756
17780
18555
17757
17781
18556
17758
17782
18557
17759
17783
18558
17760
17784
18559
17761
17785
18560
17762
17786
18561
17763
17787
18562
17764
17788
18563
17765
17789
18564
17766
17790
18565
17767
17791
18566
17768
17792
18567
17769
17793
18568
17770
17794
18569
17771
17795
18570
17772
17796
18571
17773
17797
18572
17774
17798
18573
17799
18574
17776
17800
18575
17777
17801
18576
17778
17802
18577
17779
17803
18578
17780
17804
18579
17781
17805
18580
17782
17806
18581
17783
17807
18582
17784
17808
18583
17785
17809
18584
17786
17810
18585
17787
17811
18586
17788
17812
18587
17789
17813
18588
17790
17814
18589
17791
17815
18590
17792
17816
18591
17793
17817
18592
17794
17818
18593
17795
17819
18594
17796
17820
18595
17797
17821
18596
17798
17822
18597
17799
17823
18598
17824
18599
17801
17825
18600
17802
17826
18601
17803
17827
18602
17804
17828
18603
17805
17829
18604
17806
17830
18605
17807
17831
18606
17808
17832
18607
17809
17833
18608
17810
17834
18609
17811
17835
18610
17812
17836
18611
17813
17837
18612
17814
17838
18613
17815
17839
18614
17816
17840
18615
17817
17841
18616
17818
17842
18617
17819
17843
18618
17820
17844
18619
17821
17845
18620
17822
17846
18621
17823
17847
18622
17824
17848
18623
17849
18624
17826
17850
18625
17827
17851
18626
17828
17852
18627
17829
17853
18628
17830
17854
18629
17831
17855
18630
17832
17856
18631
17833
17857
18632
17834
17858
18633
17835
17859
18634
17836
17860
18635
17837
17861
18636
17838
17862
18637
17839
17863
18638
17840
17864
18639
17841
17865
18640
17842
17866
18641
17843
17867
18642
17844
17868
18643
17845
17869
18644
17846
17870
18645
17847
17871
18646
17848
17872
18647
17849
17873
18648
17874
18649
17851
17875
18650
17852
17876
18651
17853
17877
18652
17854
17878
18653
17855
17879
18654
17856
17880
18655
17857
17881
18656
17858
17882
18657
17859
17883
18658
17860
17884
18659
17861
17885
18660
17862
17886
18661
17863
17887
18662
17864
17888
18663
17865
17889
18664
17866
17890
18665
17867
17891
18666
17868
17892
18667
17869
17893
18668
17870
17894
18669
17871
17895
18670
17872
17896
18671
17873
17897
18672
17874
17898
18673
17899
18674
17876
17900
18675
17877
17901
18676
17878
17902
18677
17879
17903
18678
17880
17904
18679
17881
17905
18680
17882
17906
18681
17883
17907
18682
17884
17908
18683
17885
17909
18684
17886
17910
18685
17887
17911
18686
17888
17912
18687
17889
17913
18688
17890
17914
18689
17891
17915
18690
17892
17916
18691
17893
17917
18692
17894
17918
18693
17895
17919
18694
17896
17920
18695
17897
17921
18696
17898
17922
18697
17899
17923
18698
17924
18699
17901
17925
18700
17902
17926
18701
17903
17927
18702
17904
17928
18703
17905
17929
18704
17906
17930
18705
17907
17931
18706
17908
17932
18707
17909
17933
18708
17910
17934
18709
17911
17935
18710
17912
17936
18711
17913
17937
18712
17914
17938
18713
17915
17939
18714
17916
17940
18715
17917
17941
18716
17918
17942
18717
17919
17943
18718
17920
17944
18719
17921
17945
18720
17922
17946
18721
17923
17947
18722
17924
17948
18723
17949
18724
17926
17950
18725
17927
17951
18726
17928
17952
18727
17929
17953
18728
17930
17954
18729
17931
17955
18730
17932
17956
18731
17933
17957
18732
17934
17958
18733
17935
17959
18734
17936
17960
18735
17937
17961
18736
17938
17962
18737
17939
17963
18738
17940
17964
18739
17941
17965
18740
17942
17966
18741
17943
17967
18742
17944
17968
18743
17945
17969
18744
17946
17970
18745
17947
17971
18746
17948
17972
18747
17949
17973
18748
17974
18749
17951
17975
18750
17952
17976
18751
17953
17977
18752
17954
17978
18753
17955
17979
18754
17956
17980
18755
17957
17981
18756
17958
17982
18757
17959
17983
18758
17960
17984
18759
17961
17985
18760
17962
17986
18761
17963
17987
18762
17964
17988
18763
17965
17989
18764
17966
17990
18765
17967
17991
18766
17968
17992
18767
17969
17993
18768
17970
17994
18769
17971
17995
18770
17972
17996
18771
17973
17997
18772
17974
17998
18773
17999
18774
17976
18000
18775
17977
18001
18776
17978
18002
18777
17979
18003
18778
17980
18004
18779
17981
18005
18780
17982
18006
18781
17983
18007
18782
17984
18008
18783
17985
18009
18784
17986
18010
18785
17987
18011
18786
17988
18012
18787
17989
18013
18788
17990
18014
18789
17991
18015
18790
17992
18016
18791
17993
18017
18792
17994
18018
18793
17995
18019
18794
17996
18020
18795
17997
18021
18796
17998
18022
18797
17999
18023
18798
18024
18799
18001
18025
18800
18002
18026
18801
18003
18027
18802
18004
18028
18803
18005
18029
18804
18006
18030
18805
18007
18031
18806
18008
18032
18807
18009
18033
18808
18010
18034
18809
18011
18035
18810
18012
18036
18811
18013
18037
18812
18014
18038
18813
18015
18039
18814
18016
18040
18815
18017
18041
18816
18018
18042
18817
18019
18043
18818
18020
18044
18819
18021
18045
18820
18022
18046
18821
18023
18047
18822
18024
18048
18823
18049
18824
18026
18050
18825
18027
18051
18826
18028
18052
18827
18029
18053
18828
18030
18054
18829
18031
18055
18830
18032
18056
18831
18033
18057
18832
18034
18058
18833
18035
18059
18834
18036
18060
18835
18037
18061
18836
18038
18062
18837
18039
18063
18838
18040
18064
18839
18041
18065
18840
18042
18066
18841
18043
18067
18842
18044
18068
18843
18045
18069
18844
18046
18070
18845
18047
18071
18846
18048
18072
18847
18049
18073
18848
18074
18849
18051
18075
18850
18052
18076
18851
18053
18077
18852
18054
18078
18853
18055
18079
18854
18056
18080
18855
18057
18081
18856
18058
18082
18857
18059
18083
18858
18060
18084
18859
18061
18085
18860
18062
18086
18861
18063
18087
18862
18064
18088
18863
18065
18089
18864
18066
18090
18865
18067
18091
18866
18068
18092
18867
18069
18093
18868
18070
18094
18869
18071
18095
18870
18072
18096
18871
18073
18097
18872
18074
18098
18873
18099
18874
18076
18100
18875
18077
18101
18876
18078
18102
18877
18079
18103
18878
18080
18104
18879
18081
18105
18880
18082
18106
18881
18083
18107
18882
18084
18108
18883
18085
18109
18884
18086
18110
18885
18087
18111
18886
18088
18112
18887
18089
18113
18888
18090
18114
18889
18091
18115
18890
18092
18116
18891
18093
18117
18892
18094
18118
18893
18095
18119
18894
18096
18120
18895
18097
18121
18896
18098
18122
18897
18099
18123
18898
18124
18899
18101
18125
18900
18102
18126
18901
18103
18127
18902
18104
18128
18903
18105
18129
18904
18106
18130
18905
18107
18131
18906
18108
18132
18907
18109
18133
18908
18110
18134
18909
18111
18135
18910
18112
18136
18911
18113
18137
18912
18114
18138
18913
18115
18139
18914
18116
18140
18915
18117
18141
18916
18118
18142
18917
18119
18143
18918
18120
18144
18919
18121
18145
18920
18122
18146
18921
18123
18147
18922
18124
18148
18923
18149
18924
18126
18150
18925
18127
18151
18926
18128
18152
18927
18129
18153
18928
18130
18154
18929
18131
18155
18930
18132
18156
18931
18133
18157
18932
18134
18158
18933
18135
18159
18934
18136
18160
18935
18137
18161
18936
18138
18162
18937
18139
18163
18938
18140
18164
18939
18141
18165
18940
18142
18166
18941
18143
18167
18942
18144
18168
18943
18145
18169
18944
18146
18170
18945
18147
18171
18946
18148
18172
18947
18149
18173
18948
18174
18949
18151
18175
18950
18152
18176
18951
18153
18177
18952
18154
18178
18953
18155
18179
18954
18156
18180
18955
18157
18181
18956
18158
18182
18957
18159
18183
18958
18160
18184
18959
18161
18185
18960
18162
18186
18961
18163
18187
18962
18164
18188
18963
18165
18189
18964
18166
18190
18965
18167
18191
18966
18168
18192
18967
18169
18193
18968
18170
18194
18969
18171
18195
18970
18172
18196
18971
18173
18197
18972
18174
18198
18973
18199
18974
18176
18200
18975
18177
18201
18976
18178
18202
18977
18179
18203
18978
18180
18204
18979
18181
18205
18980
18182
18206
18981
18183
18207
18982
18184
18208
18983
18185
18209
18984
18186
18210
18985
18187
18211
18986
18188
18212
18987
18189
18213
18988
18190
18214
18989
18191
18215
18990
18192
18216
18991
18193
18217
18992
18194
18218
18993
18195
18219
18994
18196
18220
18995
18197
18221
18996
18198
18222
18997
18199
18223
18998
18224
18999
18201
18225
19000
18202
18226
19001
18203
18227
19002
18204
18228
19003
18205
18229
19004
18206
18230
19005
18207
18231
19006
18208
18232
19007
18209
18233
19008
18210
18234
19009
18211
18235
19010
18212
18236
19011
18213
18237
19012
18214
18238
19013
18215
18239
19014
18216
18240
19015
18217
18241
19016
18218
18242
19017
18219
18243
19018
18220
18244
19019
18221
18245
19020
18222
18246
19021
18223
18247
19022
18224
18248
19023
18249
19024
18226
18250
19025
18227
18251
19026
18228
18252
19027
18229
18253
19028
18230
18254
19029
18231
18255
19030
18232
18256
19031
18233
18257
19032
18234
18258
19033
18235
18259
19034
18236
18260
19035
18237
18261
19036
18238
18262
19037
18239
18263
19038
18240
18264
19039
18241
18265
19040
18242
18266
19041
18243
18267
19042
18244
18268
19043
18245
18269
19044
18246
18270
19045
18247
18271
19046
18248
18272
19047
18249
18273
19048
18274
19049
18251
18275
19050
18252
18276
19051
18253
18277
19052
18254
18278
19053
18255
18279
19054
18256
18280
19055
18257
18281
19056
18258
18282
19057
18259
18283
19058
18260
18284
19059
18261
18285
19060
18262
18286
19061
18263
18287
19062
18264
18288
19063
18265
18289
19064
18266
18290
19065
18267
18291
19066
18268
18292
19067
18269
18293
19068
18270
18294
19069
18271
18295
19070
18272
18296
19071
18273
18297
19072
18274
18298
19073
18299
19074
18276
18300
19075
18277
18301
19076
18278
18302
19077
18279
18303
19078
18280
18304
19079
18281
18305
19080
18282
18306
19081
18283
18307
19082
18284
18308
19083
18285
18309
19084
18286
18310
19085
18287
18311
19086
18288
18312
19087
18289
18313
19088
18290
18314
19089
18291
18315
19090
18292
18316
19091
18293
18317
19092
18294
18318
19093
18295
18319
19094
18296
18320
19095
18297
18321
19096
18298
18322
19097
18299
18323
19098
18324
19099
18301
18325
19100
18302
18326
19101
18303
18327
19102
18304
18328
19103
18305
18329
19104
18306
18330
19105
18307
18331
19106
18308
18332
19107
18309
18333
19108
18310
18334
19109
18311
18335
19110
18312
18336
19111
18313
18337
19112
18314
18338
19113
18315
18339
19114
18316
18340
19115
18317
18341
19116
18318
18342
19117
18319
18343
19118
18320
18344
19119
18321
18345
19120
18322
18346
19121
18323
18347
19122
18324
18348
19123
18349
19124
18326
18350
19125
18327
18351
19126
18328
18352
19127
18329
18353
19128
18330
18354
19129
18331
18355
19130
18332
18356
19131
18333
18357
19132
18334
18358
19133
18335
18359
19134
18336
18360
19135
18337
18361
19136
18338
18362
19137
18339
18363
19138
18340
18364
19139
18341
18365
19140
18342
18366
19141
18343
18367
19142
18344
18368
19143
18345
18369
19144
18346
18370
19145
18347
18371
19146
18348
18372
19147
18349
18373
19148
18374
19149
18351
18375
19150
18352
18376
19151
18353
18377
19152
18354
18378
19153
18355
18379
19154
18356
18380
19155
18357
18381
19156
18358
18382
19157
18359
18383
19158
18360
18384
19159
18361
18385
19160
18362
18386
19161
18363
18387
19162
18364
18388
19163
18365
18389
19164
18366
18390
19165
18367
18391
19166
18368
18392
19167
18369
18393
19168
18370
18394
19169
18371
18395
19170
18372
18396
19171
18373
18397
19172
18374
18398
19173
18399
19174
18376
19175
18377
19176
18378
19177
18379
19178
18380
19179
18381
19180
18382
19181
18383
19182
18384
19183
18385
19184
18386
19185
18387
19186
18388
19187
18389
19188
18390
19189
18391
19190
18392
19191
18393
19192
18394
19193
18395
19194
18396
19195
18397
19196
18398
19197
18399
19198
19199
18401
18425
19200
18402
18426
19201
18403
18427
19202
18404
18428
19203
18405
18429
19204
18406
18430
19205
18407
18431
19206
18408
18432
19207
18409
18433
19208
18410
18434
19209
18411
18435
19210
18412
18436
19211
18413
18437
19212
18414
18438
19213
18415
18439
19214
18416
18440
19215
18417
18441
19216
18418
18442
19217
18419
18443
19218
18420
18444
19219
18421
18445
19220
18422
18446
19221
18423
18447
19222
18424
18448
19223
18449
19224
18426
18450
19225
18427
18451
19226
18428
18452
19227
18429
18453
19228
18430
18454
19229
18431
18455
19230
18432
18456
19231
18433
18457
19232
18434
18458
19233
18435
18459
19234
18436
18460
19235
18437
18461
19236
18438
18462
19237
18439
18463
19238
18440
18464
19239
18441
18465
19240
18442
18466
19241
18443
18467
19242
18444
18468
19243
18445
18469
19244
18446
18470
19245
18447
18471
19246
18448
18472
19247
18449
18473
19248
18474
19249
18451
18475
19250
18452
18476
19251
18453
18477
19252
18454
18478
19253
18455
18479
19254
18456
18480
19255
18457
18481
19256
18458
18482
19257
18459
18483
19258
18460
18484
19259
18461
18485
19260
18462
18486
19261
18463
18487
19262
18464
18488
19263
18465
18489
19264
18466
18490
19265
18467
18491
19266
18468
18492
19267
18469
18493
19268
18470
18494
19269
18471
18495
19270
18472
18496
19271
18473
18497
19272
18474
18498
19273
18499
19274
18476
18500
19275
18477
18501
19276
18478
18502
19277
18479
18503
19278
18480
18504
19279
18481
18505
19280
18482
18506
19281
18483
18507
19282
18484
18508
19283
18485
18509
19284
18486
18510
19285
18487
18511
19286
18488
18512
19287
18489
18513
19288
18490
18514
19289
18491
18515
19290
18492
18516
19291
18493
18517
19292
18494
18518
19293
18495
18519
19294
18496
18520
19295
18497
18521
19296
18498
18522
19297
18499
18523
19298
18524
19299
18501
18525
19300
18502
18526
19301
18503
18527
19302
18504
18528
19303
18505
18529
19304
18506
18530
19305
18507
18531
19306
18508
18532
19307
18509
18533
19308
18510
18534
19309
18511
18535
19310
18512
18536
19311
18513
18537
19312
18514
18538
19313
18515
18539
19314
18516
18540
19315
18517
18541
19316
18518
18542
19317
18519
18543
19318
18520
18544
19319
18521
18545
19320
18522
18546
19321
18523
18547
19322
18524
18548
19323
18549
19324
18526
18550
19325
18527
18551
19326
18528
18552
19327
18529
18553
19328
18530
18554
19329
18531
18555
19330
18532
18556
19331
18533
18557
19332
18534
18558
19333
18535
18559
19334
18536
18560
19335
18537
18561
19336
18538
18562
19337
18539
18563
19338
18540
18564
19339
18541
18565
19340
18542
18566
19341
18543
18567
19342
18544
18568
19343
18545
18569
19344
18546
18570
19345
18547
18571
19346
18548
18572
19347
18549
18573
19348
18574
19349
18551
18575
19350
18552
18576
19351
18553
18577
19352
18554
18578
19353
18555
18579
19354
18556
18580
19355
18557
18581
19356
18558
18582
19357
18559
18583
19358
18560
18584
19359
18561
18585
19360
18562
18586
19361
18563
18587
19362
18564
18588
19363
18565
18589
19364
18566
18590
19365
18567
18591
19366
18568
18592
19367
18569
18593
19368
18570
18594
19369
18571
18595
19370
18572
18596
19371
18573
18597
19372
18574
18598
19373
18599
19374
18576
18600
19375
18577
18601
19376
18578
18602
19377
18579
18603
19378
18580
18604
19379
18581
18605
19380
18582
18606
19381
18583
18607
19382
18584
18608
19383
18585
18609
19384
18586
18610
19385
18587
18611
19386
18588
18612
19387
18589
18613
19388
18590
18614
19389
18591
18615
19390
18592
18616
19391
18593
18617
19392
18594
18618
19393
18595
18619
19394
18596
18620
19395
18597
18621
19396
18598
18622
19397
18599
18623
19398
18624
19399
18601
18625
19400
18602
18626
19401
18603
18627
19402
18604
18628
19403
18605
18629
19404
18606
18630
19405
18607
18631
19406
18608
18632
19407
18609
18633
19408
18610
18634
19409
18611
18635
19410
18612
18636
19411
18613
18637
19412
18614
18638
19413
18615
18639
19414
18616
18640
19415
18617
18641
19416
18618
18642
19417
18619
18643
19418
18620
18644
19419
18621
18645
19420
18622
18646
19421
18623
18647
19422
18624
18648
19423
18649
19424
18626
18650
19425
18627
18651
19426
18628
18652
19427
18629
18653
19428
18630
18654
19429
18631
18655
19430
18632
18656
19431
18633
18657
19432
18634
18658
19433
18635
18659
19434
18636
18660
19435
18637
18661
19436
18638
18662
19437
18639
18663
19438
18640
18664
19439
18641
18665
19440
18642
18666
19441
18643
18667
19442
18644
18668
19443
18645
18669
19444
18646
18670
19445
18647
18671
19446
18648
18672
19447
18649
18673
19448
18674
19449
18651
18675
19450
18652
18676
19451
18653
18677
19452
18654
18678
19453
18655
18679
19454
18656
18680
19455
18657
18681
19456
18658
18682
19457
18659
18683
19458
18660
18684
19459
18661
18685
19460
18662
18686
19461
18663
18687
19462
18664
18688
19463
18665
18689
19464
18666
18690
19465
18667
18691
19466
18668
18692
19467
18669
18693
19468
18670
18694
19469
18671
18695
19470
18672
18696
19471
18673
18697
19472
18674
18698
19473
18699
19474
18676
18700
19475
18677
18701
19476
18678
18702
19477
18679
18703
19478
18680
18704
19479
18681
18705
19480
18682
18706
19481
18683
18707
19482
18684
18708
19483
18685
18709
19484
18686
18710
19485
18687
18711
19486
18688
18712
19487
18689
18713
19488
18690
18714
19489
18691
18715
19490
18692
18716
19491
18693
18717
19492
18694
18718
19493
18695
18719
19494
18696
18720
19495
18697
18721
19496
18698
18722
19497
18699
18723
19498
18724
19499
18701
18725
19500
18702
18726
19501
18703
18727
19502
18704
18728
19503
18705
18729
19504
18706
18730
19505
18707
18731
19506
18708
18732
19507
18709
18733
19508
18710
18734
19509
18711
18735
19510
18712
18736
19511
18713
18737
19512
18714
18738
19513
18715
18739
19514
18716
18740
19515
18717
18741
19516
18718
18742
19517
18719
18743
19518
18720
18744
19519
18721
18745
19520
18722
18746
19521
18723
18747
19522
18724
18748
19523
18749
19524
18726
18750
19525
18727
18751
19526
18728
18752
19527
18729
18753
19528
18730
18754
19529
18731
18755
19530
18732
18756
19531
18733
18757
19532
18734
18758
19533
18735
18759
19534
18736
18760
19535
18737
18761
19536
18738
18762
19537
18739
18763
19538
18740
18764
19539
18741
18765
19540
18742
18766
19541
18743
18767
19542
18744
18768
19543
18745
18769
19544
18746
18770
19545
18747
18771
19546
18748
18772
19547
18749
18773
19548
18774
19549
18751
18775
19550
18752
18776
19551
18753
18777
19552
18754
18778
19553
18755
18779
19554
18756
18780
19555
18757
18781
19556
18758
18782
19557
18759
18783
19558
18760
18784
19559
18761
18785
19560
18762
18786
19561
18763
18787
19562
18764
18788
19563
18765
18789
19564
18766
18790
19565
18767
18791
19566
18768
18792
19567
18769
18793
19568
18770
18794
19569
18771
18795
19570
18772
18796
19571
18773
18797
19572
18774
18798
19573
18799
19574
18776
18800
19575
18777
18801
19576
18778
18802
19577
18779
18803
19578
18780
18804
19579
18781
18805
19580
18782
18806
19581
18783
18807
19582
18784
18808
19583
18785
18809
19584
18786
18810
19585
18787
18811
19586
18788
18812
19587
18789
18813
19588
18790
18814
19589
18791
18815
19590
18792
18816
19591
18793
18817
19592
18794
18818
19593
18795
18819
19594
18796
18820
19595
18797
18821
19596
18798
18822
19597
18799
18823
19598
18824
19599
18801
18825
19600
18802
18826
19601
18803
18827
19602
18804
18828
19603
18805
18829
19604
18806
18830
19605
18807
18831
19606
18808
18832
19607
18809
18833
19608
18810
18834
19609
18811
18835
19610
18812
18836
19611
18813
18837
19612
18814
18838
19613
18815
18839
19614
18816
18840
19615
18817
18841
19616
18818
18842
19617
18819
18843
19618
18820
18844
19619
18821
18845
19620
18822
18846
19621
18823
18847
19622
18824
18848
19623
18849
19624
18826
18850
19625
18827
18851
19626
18828
18852
19627
18829
18853
19628
18830
18854
19629
18831
18855
19630
18832
18856
19631
18833
18857
19632
18834
18858
19633
18835
18859
19634
18836
18860
19635
18837
18861
19636
18838
18862
19637
18839
18863
19638
18840
18864
19639
18841
18865
19640
18842
18866
19641
18843
18867
19642
18844
18868
19643
18845
18869
19644
18846
18870
19645
18847
18871
19646
18848
18872
19647
18849
18873
19648
18874
19649
18851
18875
19650
18852
18876
19651
18853
18877
19652
18854
18878
19653
18855
18879
19654
18856
18880
19655
18857
18881
19656
18858
18882
19657
18859
18883
19658
18860
18884
19659
18861
18885
19660
18862
18886
19661
18863
18887
19662
18864
18888
19663
18865
18889
19664
18866
18890
19665
18867
18891
19666
18868
18892
19667
18869
18893
19668
18870
18894
19669
18871
18895
19670
18872
18896
19671
18873
18897
19672
18874
18898
19673
18899
19674
18876
18900
19675
18877
18901
19676
18878
18902
19677
18879
18903
19678
18880
18904
19679
18881
18905
19680
18882
18906
19681
18883
18907
19682
18884
18908
19683
18885
18909
19684
18886
18910
19685
18887
18911
19686
18888
18912
19687
18889
18913
19688
18890
18914
19689
18891
18915
19690
18892
18916
19691
18893
18917
19692
18894
18918
19693
18895
18919
19694
18896
18920
19695
18897
18921
19696
18898
18922
19697
18899
18923
19698
18924
19699
18901
18925
19700
18902
18926
19701
18903
18927
19702
18904
18928
19703
18905
18929
19704
18906
18930
19705
18907
18931
19706
18908
18932
19707
18909
18933
19708
18910
18934
19709
18911
18935
19710
18912
18936
19711
18913
18937
19712
18914
18938
19713
18915
18939
19714
18916
18940
19715
18917
18941
19716
18918
18942
19717
18919
18943
19718
18920
18944
19719
18921
18945
19720
18922
18946
19721
18923
18947
19722
18924
18948
19723
18949
19724
18926
18950
19725
18927
18951
19726
18928
18952
19727
18929
18953
19728
18930
18954
19729
18931
18955
19730
18932
18956
19731
18933
18957
19732
18934
18958
19733
18935
18959
19734
18936
18960
19735
18937
18961
19736
18938
18962
19737
18939
18963
19738
18940
18964
19739
18941
18965
19740
18942
18966
19741
18943
18967
19742
18944
18968
19743
18945
18969
19744
18946
18970
19745
18947
18971
19746
18948
18972
19747
18949
18973
19748
18974
19749
18951
18975
19750
18952
18976
19751
18953
18977
19752
18954
18978
19753
18955
18979
19754
18956
18980
19755
18957
18981
19756
18958
18982
19757
18959
18983
19758
18960
18984
19759
18961
18985
19760
18962
18986
19761
18963
18987
19762
18964
18988
19763
18965
18989
19764
18966
18990
19765
18967
18991
19766
18968
18992
19767
18969
18993
19768
18970
18994
19769
18971
18995
19770
18972
18996
19771
18973
18997
19772
18974
18998
19773
18999
19774
18976
19000
19775
18977
19001
19776
18978
19002
19777
18979
19003
19778
18980
19004
19779
18981
19005
19780
18982
19006
19781
18983
19007
19782
18984
19008
19783
18985
19009
19784
18986
19010
19785
18987
19011
19786
18988
19012
19787
18989
19013
19788
18990
19014
19789
18991
19015
19790
18992
19016
19791
18993
19017
19792
18994
19018
19793
18995
19019
19794
18996
19020
19795
18997
19021
19796
18998
19022
19797
18999
19023
19798
19024
19799
19001
19025
19800
19002
19026
19801
19003
19027
19802
19004
19028
19803
19005
19029
19804
19006
19030
19805
19007
19031
19806
19008
19032
19807
19009
19033
19808
19010
19034
19809
19011
19035
19810
19012
19036
19811
19013
19037
19812
19014
19038
19813
19015
19039
19814
19016
19040
19815
19017
19041
19816
19018
19042
19817
19019
19043
19818
19020
19044
19819
19021
19045
19820
19022
19046
19821
19023
19047
19822
19024
19048
19823
19049
19824
19026
19050
19825
19027
19051
19826
19028
19052
19827
19029
19053
19828
19030
19054
19829
19031
19055
19830
19032
19056
19831
19033
19057
19832
19034
19058
19833
19035
19059
19834
19036
19060
19835
19037
19061
19836
19038
19062
19837
19039
19063
19838
19040
19064
19839
19041
19065
19840
19042
19066
19841
19043
19067
19842
19044
19068
19843
19045
19069
19844
19046
19070
19845
19047
19071
19846
19048
19072
19847
19049
19073
19848
19074
19849
19051
19075
19850
19052
19076
19851
19053
19077
19852
19054
19078
19853
19055
19079
19854
19056
19080
19855
19057
19081
19856
19058
19082
19857
19059
19083
19858
19060
19084
19859
19061
19085
19860
19062
19086
19861
19063
19087
19862
19064
19088
19863
19065
19089
19864
19066
19090
19865
19067
19091
19866
19068
19092
19867
19069
19093
19868
19070
19094
19869
19071
19095
19870
19072
19096
19871
19073
19097
19872
19074
19098
19873
19099
19874
19076
19100
19875
19077
19101
19876
19078
19102
19877
19079
19103
19878
19080
19104
19879
19081
19105
19880
19082
19106
19881
19083
19107
19882
19084
19108
19883
19085
19109
19884
19086
19110
19885
19087
19111
19886
19088
19112
19887
19089
19113
19888
19090
19114
19889
19091
19115
19890
19092
19116
19891
19093
19117
19892
19094
19118
19893
19095
19119
19894
19096
19120
19895
19097
19121
19896
19098
19122
19897
19099
19123
19898
19124
19899
19101
19125
19900
19102
19126
19901
19103
19127
19902
19104
19128
19903
19105
19129
19904
19106
19130
19905
19107
19131
19906
19108
19132
19907
19109
19133
19908
19110
19134
19909
19111
19135
19910
19112
19136
19911
19113
19137
19912
19114
19138
19913
19115
19139
19914
19116
19140
19915
19117
19141
19916
19118
19142
19917
19119
19143
19918
19120
19144
19919
19121
19145
19920
19122
19146
19921
19123
19147
19922
19124
19148
19923
19149
19924
19126
19150
19925
19127
19151
19926
19128
19152
19927
19129
19153
19928
19130
19154
19929
19131
19155
19930
19132
19156
19931
19133
19157
19932
19134
19158
19933
19135
19159
19934
19136
19160
19935
19137
19161
19936
19138
19162
19937
19139
19163
19938
19140
19164
19939
19141
19165
19940
19142
19166
19941
19143
19167
19942
19144
19168
19943
19145
19169
19944
19146
19170
19945
19147
19171
19946
19148
19172
19947
19149
19173
19948
19174
19949
19151
19175
19950
19152
19176
19951
19153
19177
19952
19154
19178
19953
19155
19179
19954
19156
19180
19955
19157
19181
19956
19158
19182
19957
19159
19183
19958
19160
19184
19959
19161
19185
19960
19162
19186
19961
19163
19187
19962
19164
19188
19963
19165
19189
19964
19166
19190
19965
19167
19191
19966
19168
19192
19967
19169
19193
19968
19170
19194
19969
19171
19195
19970
19172
19196
19971
19173
19197
19972
19174
19198
19973
19199
19974
19176
19975
19177
19976
19178
19977
19179
19978
19180
19979
19181
19980
19182
19981
19183
19982
19184
19983
19185
19984
19186
19985
19187
19986
19188
19987
19189
19988
19190
19989
19191
19990
19192
19991
19193
19992
19194
19993
19195
19994
19196
19995
19197
19996
19198
19997
19199
19998
19999
19201
19225
20000
19202
19226
20001
19203
19227
20002
19204
19228
20003
19205
19229
20004
19206
19230
20005
19207
19231
20006
19208
19232
20007
19209
19233
20008
19210
19234
20009
19211
19235
20010
19212
19236
20011
19213
19237
20012
19214
19238
20013
19215
19239
20014
19216
19240
20015
19217
19241
20016
19218
19242
20017
19219
19243
20018
19220
19244
20019
19221
19245
20020
19222
19246
20021
19223
19247
20022
19224
19248
20023
19249
20024
19226
19250
20025
19227
19251
20026
19228
19252
20027
19229
19253
20028
19230
19254
20029
19231
19255
20030
19232
19256
20031
19233
19257
20032
19234
19258
20033
19235
19259
20034
19236
19260
20035
19237
19261
20036
19238
19262
20037
19239
19263
20038
19240
19264
20039
19241
19265
20040
19242
19266
20041
19243
19267
20042
19244
19268
20043
19245
19269
20044
19246
19270
20045
19247
19271
20046
19248
19272
20047
19249
19273
20048
19274
20049
19251
19275
20050
19252
19276
20051
19253
19277
20052
19254
19278
20053
19255
19279
20054
19256
19280
20055
19257
19281
20056
19258
19282
20057
19259
19283
20058
19260
19284
20059
19261
19285
20060
19262
19286
20061
19263
19287
20062
19264
19288
20063
19265
19289
20064
19266
19290
20065
19267
19291
20066
19268
19292
20067
19269
19293
20068
19270
19294
20069
19271
19295
20070
19272
19296
20071
19273
19297
20072
19274
19298
20073
19299
20074
19276
19300
20075
19277
19301
20076
19278
19302
20077
19279
19303
20078
19280
19304
20079
19281
19305
20080
19282
19306
20081
19283
19307
20082
19284
19308
20083
19285
19309
20084
19286
19310
20085
19287
19311
20086
19288
19312
20087
19289
19313
20088
19290
19314
20089
19291
19315
20090
19292
19316
20091
19293
19317
20092
19294
19318
20093
19295
19319
20094
19296
19320
20095
19297
19321
20096
19298
19322
20097
19299
19323
20098
19324
20099
19301
19325
20100
19302
19326
20101
19303
19327
20102
19304
19328
20103
19305
19329
20104
19306
19330
20105
19307
19331
20106
19308
19332
20107
19309
19333
20108
19310
19334
20109
19311
19335
20110
19312
19336
20111
19313
19337
20112
19314
19338
20113
19315
19339
20114
19316
19340
20115
19317
19341
20116
19318
19342
20117
19319
19343
20118
19320
19344
20119
19321
19345
20120
19322
19346
20121
19323
19347
20122
19324
19348
20123
19349
20124
19326
19350
20125
19327
19351
20126
19328
19352
20127
19329
19353
20128
19330
19354
20129
19331
19355
20130
19332
19356
20131
19333
19357
20132
19334
19358
20133
19335
19359
20134
19336
19360
20135
19337
19361
20136
19338
19362
20137
19339
19363
20138
19340
19364
20139
19341
19365
20140
19342
19366
20141
19343
19367
20142
19344
19368
20143
19345
19369
20144
19346
19370
20145
19347
19371
20146
19348
19372
20147
19349
19373
20148
19374
20149
19351
19375
20150
19352
19376
20151
19353
19377
20152
19354
19378
20153
19355
19379
20154
19356
19380
20155
19357
19381
20156
19358
19382
20157
19359
19383
20158
19360
19384
20159
19361
19385
20160
19362
19386
20161
19363
19387
20162
19364
19388
20163
19365
19389
20164
19366
19390
20165
19367
19391
20166
19368
19392
20167
19369
19393
20168
19370
19394
20169
19371
19395
20170
19372
19396
20171
19373
19397
20172
19374
19398
20173
19399
20174
19376
19400
20175
19377
19401
20176
19378
19402
20177
19379
19403
20178
19380
19404
20179
19381
19405
20180
19382
19406
20181
19383
19407
20182
19384
19408
20183
19385
19409
20184
19386
19410
20185
19387
19411
20186
19388
19412
20187
19389
19413
20188
19390
19414
20189
19391
19415
20190
19392
19416
20191
19393
19417
20192
19394
19418
20193
19395
19419
20194
19396
19420
20195
19397
19421
20196
19398
19422
20197
19399
19423
20198
19424
20199
19401
19425
20200
19402
19426
20201
19403
19427
20202
19404
19428
20203
19405
19429
20204
19406
19430
20205
19407
19431
20206
19408
19432
20207
19409
19433
20208
19410
19434
20209
19411
19435
20210
19412
19436
20211
19413
19437
20212
19414
19438
20213
19415
19439
20214
19416
19440
20215
19417
19441
20216
19418
19442
20217
19419
19443
20218
19420
19444
20219
19421
19445
20220
19422
19446
20221
19423
19447
20222
19424
19448
20223
19449
20224
19426
19450
20225
19427
19451
20226
19428
19452
20227
19429
19453
20228
19430
19454
20229
19431
19455
20230
19432
19456
20231
19433
19457
20232
19434
19458
20233
19435
19459
20234
19436
19460
20235
19437
19461
20236
19438
19462
20237
19439
19463
20238
19440
19464
20239
19441
19465
20240
19442
19466
20241
19443
19467
20242
19444
19468
20243
19445
19469
20244
19446
19470
20245
19447
19471
20246
19448
19472
20247
19449
19473
20248
19474
20249
19451
19475
20250
19452
19476
20251
19453
19477
20252
19454
19478
20253
19455
19479
20254
19456
19480
20255
19457
19481
20256
19458
19482
20257
19459
19483
20258
19460
19484
20259
19461
19485
20260
19462
19486
20261
19463
19487
20262
19464
19488
20263
19465
19489
20264
19466
19490
20265
19467
19491
20266
19468
19492
20267
19469
19493
20268
19470
19494
20269
19471
19495
20270
19472
19496
20271
19473
19497
20272
19474
19498
20273
19499
20274
19476
19500
20275
19477
19501
20276
19478
19502
20277
19479
19503
20278
19480
19504
20279
19481
19505
20280
19482
19506
20281
19483
19507
20282
19484
19508
20283
19485
19509
20284
19486
19510
20285
19487
19511
20286
19488
19512
20287
19489
19513
20288
19490
19514
20289
19491
19515
20290
19492
19516
20291
19493
19517
20292
19494
19518
20293
19495
19519
20294
19496
19520
20295
19497
19521
20296
19498
19522
20297
19499
19523
20298
19524
20299
19501
19525
20300
19502
19526
20301
19503
19527
20302
19504
19528
20303
19505
19529
20304
19506
19530
20305
19507
19531
20306
19508
19532
20307
19509
19533
20308
19510
19534
20309
19511
19535
20310
19512
19536
20311
19513
19537
20312
19514
19538
20313
19515
19539
20314
19516
19540
20315
19517
19541
20316
19518
19542
20317
19519
19543
20318
19520
19544
20319
19521
19545
20320
19522
19546
20321
19523
19547
20322
19524
19548
20323
19549
20324
19526
19550
20325
19527
19551
20326
19528
19552
20327
19529
19553
20328
19530
19554
20329
19531
19555
20330
19532
19556
20331
19533
19557
20332
19534
19558
20333
19535
19559
20334
19536
19560
20335
19537
19561
20336
19538
19562
20337
19539
19563
20338
19540
19564
20339
19541
19565
20340
19542
19566
20341
19543
19567
20342
19544
19568
20343
19545
19569
20344
19546
19570
20345
19547
19571
20346
19548
19572
20347
19549
19573
20348
19574
20349
19551
19575
20350
19552
19576
20351
19553
19577
20352
19554
19578
20353
19555
19579
20354
19556
19580
20355
19557
19581
20356
19558
19582
20357
19559
19583
20358
19560
19584
20359
19561
19585
20360
19562
19586
20361
19563
19587
20362
19564
19588
20363
19565
19589
20364
19566
19590
20365
19567
19591
20366
19568
19592
20367
19569
19593
20368
19570
19594
20369
19571
19595
20370
19572
19596
20371
19573
19597
20372
19574
19598
20373
19599
20374
19576
19600
20375
19577
19601
20376
19578
19602
20377
19579
19603
20378
19580
19604
20379
19581
19605
20380
19582
19606
20381
19583
19607
20382
19584
19608
20383
19585
19609
20384
19586
19610
20385
19587
19611
20386
19588
19612
20387
19589
19613
20388
19590
19614
20389
19591
19615
20390
19592
19616
20391
19593
19617
20392
19594
19618
20393
19595
19619
20394
19596
19620
20395
19597
19621
20396
19598
19622
20397
19599
19623
20398
19624
20399
19601
19625
20400
19602
19626
20401
19603
19627
20402
19604
19628
20403
19605
19629
20404
19606
19630
20405
19607
19631
20406
19608
19632
20407
19609
19633
20408
19610
19634
20409
19611
19635
20410
19612
19636
20411
19613
19637
20412
19614
19638
20413
19615
19639
20414
19616
19640
20415
19617
19641
20416
19618
19642
20417
19619
19643
20418
19620
19644
20419
19621
19645
20420
19622
19646
20421
19623
19647
20422
19624
19648
20423
19649
20424
19626
19650
20425
19627
19651
20426
19628
19652
20427
19629
19653
20428
19630
19654
20429
19631
19655
20430
19632
19656
20431
19633
19657
20432
19634
19658
20433
19635
19659
20434
19636
19660
20435
19637
19661
20436
19638
19662
20437
19639
19663
20438
19640
19664
20439
19641
19665
20440
19642
19666
20441
19643
19667
20442
19644
19668
20443
19645
19669
20444
19646
19670
20445
19647
19671
20446
19648
19672
20447
19649
19673
20448
19674
20449
19651
19675
20450
19652
19676
20451
19653
19677
20452
19654
19678
20453
19655
19679
20454
19656
19680
20455
19657
19681
20456
19658
19682
20457
19659
19683
20458
19660
19684
20459
19661
19685
20460
19662
19686
20461
19663
19687
20462
19664
19688
20463
19665
19689
20464
19666
19690
20465
19667
19691
20466
19668
19692
20467
19669
19693
20468
19670
19694
20469
19671
19695
20470
19672
19696
20471
19673
19697
20472
19674
19698
20473
19699
20474
19676
19700
20475
19677
19701
20476
19678
19702
20477
19679
19703
20478
19680
19704
20479
19681
19705
20480
19682
19706
20481
19683
19707
20482
19684
19708
20483
19685
19709
20484
19686
19710
20485
19687
19711
20486
19688
19712
20487
19689
19713
20488
19690
19714
20489
19691
19715
20490
19692
19716
20491
19693
19717
20492
19694
19718
20493
19695
19719
20494
19696
19720
20495
19697
19721
20496
19698
19722
20497
19699
19723
20498
19724
20499
19701
19725
20500
19702
19726
20501
19703
19727
20502
19704
19728
20503
19705
19729
20504
19706
19730
20505
19707
19731
20506
19708
19732
20507
19709
19733
20508
19710
19734
20509
19711
19735
20510
19712
19736
20511
19713
19737
20512
19714
19738
20513
19715
19739
20514
19716
19740
20515
19717
19741
20516
19718
19742
20517
19719
19743
20518
19720
19744
20519
19721
19745
20520
19722
19746
20521
19723
19747
20522
19724
19748
20523
19749
20524
19726
19750
20525
19727
19751
20526
19728
19752
20527
19729
19753
20528
19730
19754
20529
19731
19755
20530
19732
19756
20531
19733
19757
20532
19734
19758
20533
19735
19759
20534
19736
19760
20535
19737
19761
20536
19738
19762
20537
19739
19763
20538
19740
19764
20539
19741
19765
20540
19742
19766
20541
19743
19767
20542
19744
19768
20543
19745
19769
20544
19746
19770
20545
19747
19771
20546
19748
19772
20547
19749
19773
20548
19774
20549
19751
19775
20550
19752
19776
20551
19753
19777
20552
19754
19778
20553
19755
19779
20554
19756
19780
20555
19757
19781
20556
19758
19782
20557
19759
19783
20558
19760
19784
20559
19761
19785
20560
19762
19786
20561
19763
19787
20562
19764
19788
20563
19765
19789
20564
19766
19790
20565
19767
19791
20566
19768
19792
20567
19769
19793
20568
19770
19794
20569
19771
19795
20570
19772
19796
20571
19773
19797
20572
19774
19798
20573
19799
20574
19776
19800
20575
19777
19801
20576
19778
19802
20577
19779
19803
20578
19780
19804
20579
19781
19805
20580
19782
19806
20581
19783
19807
20582
19784
19808
20583
19785
19809
20584
19786
19810
20585
19787
19811
20586
19788
19812
20587
19789
19813
20588
19790
19814
20589
19791
19815
20590
19792
19816
20591
19793
19817
20592
19794
19818
20593
19795
19819
20594
19796
19820
20595
19797
19821
20596
19798
19822
20597
19799
19823
20598
19824
20599
19801
19825
20600
19802
19826
20601
19803
19827
20602
19804
19828
20603
19805
19829
20604
19806
19830
20605
19807
19831
20606
19808
19832
20607
19809
19833
20608
19810
19834
20609
19811
19835
20610
19812
19836
20611
19813
19837
20612
19814
19838
20613
19815
19839
20614
19816
19840
20615
19817
19841
20616
19818
19842
20617
19819
19843
20618
19820
19844
20619
19821
19845
20620
19822
19846
20621
19823
19847
20622
19824
19848
20623
19849
20624
19826
19850
20625
19827
19851
20626
19828
19852
20627
19829
19853
20628
19830
19854
20629
19831
19855
20630
19832
19856
20631
19833
19857
20632
19834
19858
20633
19835
19859
20634
19836
19860
20635
19837
19861
20636
19838
19862
20637
19839
19863
20638
19840
19864
20639
19841
19865
20640
19842
19866
20641
19843
19867
20642
19844
19868
20643
19845
19869
20644
19846
19870
20645
19847
19871
20646
19848
19872
20647
19849
19873
20648
19874
20649
19851
19875
20650
19852
19876
20651
19853
19877
20652
19854
19878
20653
19855
19879
20654
19856
19880
20655
19857
19881
20656
19858
19882
20657
19859
19883
20658
19860
19884
20659
19861
19885
20660
19862
19886
20661
19863
19887
20662
19864
19888
20663
19865
19889
20664
19866
19890
20665
19867
19891
20666
19868
19892
20667
19869
19893
20668
19870
19894
20669
19871
19895
20670
19872
19896
20671
19873
19897
20672
19874
19898
20673
19899
20674
19876
19900
20675
19877
19901
20676
19878
19902
20677
19879
19903
20678
19880
19904
20679
19881
19905
20680
19882
19906
20681
19883
19907
20682
19884
19908
20683
19885
19909
20684
19886
19910
20685
19887
19911
20686
19888
19912
20687
19889
19913
20688
19890
19914
20689
19891
19915
20690
19892
19916
20691
19893
19917
20692
19894
19918
20693
19895
19919
20694
19896
19920
20695
19897
19921
20696
19898
19922
20697
19899
19923
20698
19924
20699
19901
19925
20700
19902
19926
20701
19903
19927
20702
19904
19928
20703
19905
19929
20704
19906
19930
20705
19907
19931
20706
19908
19932
20707
19909
19933
20708
19910
19934
20709
19911
19935
20710
19912
19936
20711
19913
19937
20712
19914
19938
20713
19915
19939
20714
19916
19940
20715
19917
19941
20716
19918
19942
20717
19919
19943
20718
19920
19944
20719
19921
19945
20720
19922
19946
20721
19923
19947
20722
19924
19948
20723
19949
20724
19926
19950
20725
19927
19951
20726
19928
19952
20727
19929
19953
20728
19930
19954
20729
19931
19955
20730
19932
19956
20731
19933
19957
20732
19934
19958
20733
19935
19959
20734
19936
19960
20735
19937
19961
20736
19938
19962
20737
19939
19963
20738
19940
19964
20739
19941
19965
20740
19942
19966
20741
19943
19967
20742
19944
19968
20743
19945
19969
20744
19946
19970
20745
19947
19971
20746
19948
19972
20747
19949
19973
20748
19974
20749
19951
19975
20750
19952
19976
20751
19953
19977
20752
19954
19978
20753
19955
19979
20754
19956
19980
20755
19957
19981
20756
19958
19982
20757
19959
19983
20758
19960
19984
20759
19961
19985
20760
19962
19986
20761
19963
19987
20762
19964
19988
20763
19965
19989
20764
19966
19990
20765
19967
19991
20766
19968
19992
20767
19969
19993
20768
19970
19994
20769
19971
19995
20770
19972
19996
20771
19973
19997
20772
19974
19998
20773
19999
20774
19976
20775
19977
20776
19978
20777
19979
20778
19980
20779
19981
20780
19982
20781
19983
20782
19984
20783
19985
20784
19986
20785
19987
20786
19988
20787
19989
20788
19990
20789
19991
20790
19992
20791
19993
20792
19994
20793
19995
20794
19996
20795
19997
20796
19998
20797
19999
20798
20799
20001
20025
20800
20002
20026
20801
20003
20027
20802
20004
20028
20803
20005
20029
20804
20006
20030
20805
20007
20031
20806
20008
20032
20807
20009
20033
20808
20010
20034
20809
20011
20035
20810
20012
20036
20811
20013
20037
20812
20014
20038
20813
20015
20039
20814
20016
20040
20815
20017
20041
20816
20018
20042
20817
20019
20043
20818
20020
20044
20819
20021
20045
20820
20022
20046
20821
20023
20047
20822
20024
20048
20823
20049
20824
20026
20050
20825
20027
20051
20826
20028
20052
20827
20029
20053
20828
20030
20054
20829
20031
20055
20830
20032
20056
20831
20033
20057
20832
20034
20058
20833
20035
20059
20834
20036
20060
20835
20037
20061
20836
20038
20062
20837
20039
20063
20838
20040
20064
20839
20041
20065
20840
20042
20066
20841
20043
20067
20842
20044
20068
20843
20045
20069
20844
20046
20070
20845
20047
20071
20846
20048
20072
20847
20049
20073
20848
20074
20849
20051
20075
20850
20052
20076
20851
20053
20077
20852
20054
20078
20853
20055
20079
20854
20056
20080
20855
20057
20081
20856
20058
20082
20857
20059
20083
20858
20060
20084
20859
20061
20085
20860
20062
20086
20861
20063
20087
20862
20064
20088
20863
20065
20089
20864
20066
20090
20865
20067
20091
20866
20068
20092
20867
20069
20093
20868
20070
20094
20869
20071
20095
20870
20072
20096
20871
20073
20097
20872
20074
20098
20873
20099
20874
20076
20100
20875
20077
20101
20876
20078
20102
20877
20079
20103
20878
20080
20104
20879
20081
20105
20880
20082
20106
20881
20083
20107
20882
20084
20108
20883
20085
20109
20884
20086
20110
20885
20087
20111
20886
20088
20112
20887
20089
20113
20888
20090
20114
20889
20091
20115
20890
20092
20116
20891
20093
20117
20892
20094
20118
20893
20095
20119
20894
20096
20120
20895
20097
20121
20896
20098
20122
20897
20099
20123
20898
20124
20899
20101
20125
20900
20102
20126
20901
20103
20127
20902
20104
20128
20903
20105
20129
20904
20106
20130
20905
20107
20131
20906
20108
20132
20907
20109
20133
20908
20110
20134
20909
20111
20135
20910
20112
20136
20911
20113
20137
20912
20114
20138
20913
20115
20139
20914
20116
20140
20915
20117
20141
20916
20118
20142
20917
20119
20143
20918
20120
20144
20919
20121
20145
20920
20122
20146
20921
20123
20147
20922
20124
20148
20923
20149
20924
20126
20150
20925
20127
20151
20926
20128
20152
20927
20129
20153
20928
20130
20154
20929
20131
20155
20930
20132
20156
20931
20133
20157
20932
20134
20158
20933
20135
20159
20934
20136
20160
20935
20137
20161
20936
20138
20162
20937
20139
20163
20938
20140
20164
20939
20141
20165
20940
20142
20166
20941
20143
20167
20942
20144
20168
20943
20145
20169
20944
20146
20170
20945
20147
20171
20946
20148
20172
20947
20149
20173
20948
20174
20949
20151
20175
20950
20152
20176
20951
20153
20177
20952
20154
20178
20953
20155
20179
20954
20156
20180
20955
20157
20181
20956
20158
20182
20957
20159
20183
20958
20160
20184
20959
20161
20185
20960
20162
20186
20961
20163
20187
20962
20164
20188
20963
20165
20189
20964
20166
20190
20965
20167
20191
20966
20168
20192
20967
20169
20193
20968
20170
20194
20969
20171
20195
20970
20172
20196
20971
20173
20197
20972
20174
20198
20973
20199
20974
20176
20200
20975
20177
20201
20976
20178
20202
20977
20179
20203
20978
20180
20204
20979
20181
20205
20980
20182
20206
20981
20183
20207
20982
20184
20208
20983
20185
20209
20984
20186
20210
20985
20187
20211
20986
20188
20212
20987
20189
20213
20988
20190
20214
20989
20191
20215
20990
20192
20216
20991
20193
20217
20992
20194
20218
20993
20195
20219
20994
20196
20220
20995
20197
20221
20996
20198
20222
20997
20199
20223
20998
20224
20999
20201
20225
21000
20202
20226
21001
20203
20227
21002
20204
20228
21003
20205
20229
21004
20206
20230
21005
20207
20231
21006
20208
20232
21007
20209
20233
21008
20210
20234
21009
20211
20235
21010
20212
20236
21011
20213
20237
21012
20214
20238
21013
20215
20239
21014
20216
20240
21015
20217
20241
21016
20218
20242
21017
20219
20243
21018
20220
20244
21019
20221
20245
21020
20222
20246
21021
20223
20247
21022
20224
20248
21023
20249
21024
20226
20250
21025
20227
20251
21026
20228
20252
21027
20229
20253
21028
20230
20254
21029
20231
20255
21030
20232
20256
21031
20233
20257
21032
20234
20258
21033
20235
20259
21034
20236
20260
21035
20237
20261
21036
20238
20262
21037
20239
20263
21038
20240
20264
21039
20241
20265
21040
20242
20266
21041
20243
20267
21042
20244
20268
21043
20245
20269
21044
20246
20270
21045
20247
20271
21046
20248
20272
21047
20249
20273
21048
20274
21049
20251
20275
21050
20252
20276
21051
20253
20277
21052
20254
20278
21053
20255
20279
21054
20256
20280
21055
20257
20281
21056
20258
20282
21057
20259
20283
21058
20260
20284
21059
20261
20285
21060
20262
20286
21061
20263
20287
21062
20264
20288
21063
20265
20289
21064
20266
20290
21065
20267
20291
21066
20268
20292
21067
20269
20293
21068
20270
20294
21069
20271
20295
21070
20272
20296
21071
20273
20297
21072
20274
20298
21073
20299
21074
20276
20300
21075
20277
20301
21076
20278
20302
21077
20279
20303
21078
20280
20304
21079
20281
20305
21080
20282
20306
21081
20283
20307
21082
20284
20308
21083
20285
20309
21084
20286
20310
21085
20287
20311
21086
20288
20312
21087
20289
20313
21088
20290
20314
21089
20291
20315
21090
20292
20316
21091
20293
20317
21092
20294
20318
21093
20295
20319
21094
20296
20320
21095
20297
20321
21096
20298
20322
21097
20299
20323
21098
20324
21099
20301
20325
21100
20302
20326
21101
20303
20327
21102
20304
20328
21103
20305
20329
21104
20306
20330
21105
20307
20331
21106
20308
20332
21107
20309
20333
21108
20310
20334
21109
20311
20335
21110
20312
20336
21111
20313
20337
21112
20314
20338
21113
20315
20339
21114
20316
20340
21115
20317
20341
21116
20318
20342
21117
20319
20343
21118
20320
20344
21119
20321
20345
21120
20322
20346
21121
20323
20347
21122
20324
20348
21123
20349
21124
20326
20350
21125
20327
20351
21126
20328
20352
21127
20329
20353
21128
20330
20354
21129
20331
20355
21130
20332
20356
21131
20333
20357
21132
20334
20358
21133
20335
20359
21134
20336
20360
21135
20337
20361
21136
20338
20362
21137
20339
20363
21138
20340
20364
21139
20341
20365
21140
20342
20366
21141
20343
20367
21142
20344
20368
21143
20345
20369
21144
20346
20370
21145
20347
20371
21146
20348
20372
21147
20349
20373
21148
20374
21149
20351
20375
21150
20352
20376
21151
20353
20377
21152
20354
20378
21153
20355
20379
21154
20356
20380
21155
20357
20381
21156
20358
20382
21157
20359
20383
21158
20360
20384
21159
20361
20385
21160
20362
20386
21161
20363
20387
21162
20364
20388
21163
20365
20389
21164
20366
20390
21165
20367
20391
21166
20368
20392
21167
20369
20393
21168
20370
20394
21169
20371
20395
21170
20372
20396
21171
20373
20397
21172
20374
20398
21173
20399
21174
20376
20400
21175
20377
20401
21176
20378
20402
21177
20379
20403
21178
20380
20404
21179
20381
20405
21180
20382
20406
21181
20383
20407
21182
20384
20408
21183
20385
20409
21184
20386
20410
21185
20387
20411
21186
20388
20412
21187
20389
20413
21188
20390
20414
21189
20391
20415
21190
20392
20416
21191
20393
20417
21192
20394
20418
21193
20395
20419
21194
20396
20420
21195
20397
20421
21196
20398
20422
21197
20399
20423
21198
20424
21199
20401
20425
21200
20402
20426
21201
20403
20427
21202
20404
20428
21203
20405
20429
21204
20406
20430
21205
20407
20431
21206
20408
20432
21207
20409
20433
21208
20410
20434
21209
20411
20435
21210
20412
20436
21211
20413
20437
21212
20414
20438
21213
20415
20439
21214
20416
20440
21215
20417
20441
21216
20418
20442
21217
20419
20443
21218
20420
20444
21219
20421
20445
21220
20422
20446
21221
20423
20447
21222
20424
20448
21223
20449
21224
20426
20450
21225
20427
20451
21226
20428
20452
21227
20429
20453
21228
20430
20454
21229
20431
20455
21230
20432
20456
21231
20433
20457
21232
20434
20458
21233
20435
20459
21234
20436
20460
21235
20437
20461
21236
20438
20462
21237
20439
20463
21238
20440
20464
21239
20441
20465
21240
20442
20466
21241
20443
20467
21242
20444
20468
21243
20445
20469
21244
20446
20470
21245
20447
20471
21246
20448
20472
21247
20449
20473
21248
20474
21249
20451
20475
21250
20452
20476
21251
20453
20477
21252
20454
20478
21253
20455
20479
21254
20456
20480
21255
20457
20481
21256
20458
20482
21257
20459
20483
21258
20460
20484
21259
20461
20485
21260
20462
20486
21261
20463
20487
21262
20464
20488
21263
20465
20489
21264
20466
20490
21265
20467
20491
21266
20468
20492
21267
20469
20493
21268
20470
20494
21269
20471
20495
21270
20472
20496
21271
20473
20497
21272
20474
20498
21273
20499
21274
20476
20500
21275
20477
20501
21276
20478
20502
21277
20479
20503
21278
20480
20504
21279
20481
20505
21280
20482
20506
21281
20483
20507
21282
20484
20508
21283
20485
20509
21284
20486
20510
21285
20487
20511
21286
20488
20512
21287
20489
20513
21288
20490
20514
21289
20491
20515
21290
20492
20516
21291
20493
20517
21292
20494
20518
21293
20495
20519
21294
20496
20520
21295
20497
20521
21296
20498
20522
21297
20499
20523
21298
20524
21299
20501
20525
21300
20502
20526
21301
20503
20527
21302
20504
20528
21303
20505
20529
21304
20506
20530
21305
20507
20531
21306
20508
20532
21307
20509
20533
21308
20510
20534
21309
20511
20535
21310
20512
20536
21311
20513
20537
21312
20514
20538
21313
20515
20539
21314
20516
20540
21315
20517
20541
21316
20518
20542
21317
20519
20543
21318
20520
20544
21319
20521
20545
21320
20522
20546
21321
20523
20547
21322
20524
20548
21323
20549
21324
20526
20550
21325
20527
20551
21326
20528
20552
21327
20529
20553
21328
20530
20554
21329
20531
20555
21330
20532
20556
21331
20533
20557
21332
20534
20558
21333
20535
20559
21334
20536
20560
21335
20537
20561
21336
20538
20562
21337
20539
20563
21338
20540
20564
21339
20541
20565
21340
20542
20566
21341
20543
20567
21342
20544
20568
21343
20545
20569
21344
20546
20570
21345
20547
20571
21346
20548
20572
21347
20549
20573
21348
20574
21349
20551
20575
21350
20552
20576
21351
20553
20577
21352
20554
20578
21353
20555
20579
21354
20556
20580
21355
20557
20581
21356
20558
20582
21357
20559
20583
21358
20560
20584
21359
20561
20585
21360
20562
20586
21361
20563
20587
21362
20564
20588
21363
20565
20589
21364
20566
20590
21365
20567
20591
21366
20568
20592
21367
20569
20593
21368
20570
20594
21369
20571
20595
21370
20572
20596
21371
20573
20597
21372
20574
20598
21373
20599
21374
20576
20600
21375
20577
20601
21376
20578
20602
21377
20579
20603
21378
20580
20604
21379
20581
20605
21380
20582
20606
21381
20583
20607
21382
20584
20608
21383
20585
20609
21384
20586
20610
21385
20587
20611
21386
20588
20612
21387
20589
20613
21388
20590
20614
21389
20591
20615
21390
20592
20616
21391
20593
20617
21392
20594
20618
21393
20595
20619
21394
20596
20620
21395
20597
20621
21396
20598
20622
21397
20599
20623
21398
20624
21399
20601
20625
21400
20602
20626
21401
20603
20627
21402
20604
20628
21403
20605
20629
21404
20606
20630
21405
20607
20631
21406
20608
20632
21407
20609
20633
21408
20610
20634
21409
20611
20635
21410
20612
20636
21411
20613
20637
21412
20614
20638
21413
20615
20639
21414
20616
20640
21415
20617
20641
21416
20618
20642
21417
20619
20643
21418
20620
20644
21419
20621
20645
21420
20622
20646
21421
20623
20647
21422
20624
20648
21423
20649
21424
20626
20650
21425
20627
20651
21426
20628
20652
21427
20629
20653
21428
20630
20654
21429
20631
20655
21430
20632
20656
21431
20633
20657
21432
20634
20658
21433
20635
20659
21434
20636
20660
21435
20637
20661
21436
20638
20662
21437
20639
20663
21438
20640
20664
21439
20641
20665
21440
20642
20666
21441
20643
20667
21442
20644
20668
21443
20645
20669
21444
20646
20670
21445
20647
20671
21446
20648
20672
21447
20649
20673
21448
20674
21449
20651
20675
21450
20652
20676
21451
20653
20677
21452
20654
20678
21453
20655
20679
21454
20656
20680
21455
20657
20681
21456
20658
20682
21457
20659
20683
21458
20660
20684
21459
20661
20685
21460
20662
20686
21461
20663
20687
21462
20664
20688
21463
20665
20689
21464
20666
20690
21465
20667
20691
21466
20668
20692
21467
20669
20693
21468
20670
20694
21469
20671
20695
21470
20672
20696
21471
20673
20697
21472
20674
20698
21473
20699
21474
20676
20700
21475
20677
20701
21476
20678
20702
21477
20679
20703
21478
20680
20704
21479
20681
20705
21480
20682
20706
21481
20683
20707
21482
20684
20708
21483
20685
20709
21484
20686
20710
21485
20687
20711
21486
20688
20712
21487
20689
20713
21488
20690
20714
21489
20691
20715
21490
20692
20716
21491
20693
20717
21492
20694
20718
21493
20695
20719
21494
20696
20720
21495
20697
20721
21496
20698
20722
21497
20699
20723
21498
20724
21499
20701
20725
21500
20702
20726
21501
20703
20727
21502
20704
20728
21503
20705
20729
21504
20706
20730
21505
20707
20731
21506
20708
20732
21507
20709
20733
21508
20710
20734
21509
20711
20735
21510
20712
20736
21511
20713
20737
21512
20714
20738
21513
20715
20739
21514
20716
20740
21515
20717
20741
21516
20718
20742
21517
20719
20743
21518
20720
20744
21519
20721
20745
21520
20722
20746
21521
20723
20747
21522
20724
20748
21523
20749
21524
20726
20750
21525
20727
20751
21526
20728
20752
21527
20729
20753
21528
20730
20754
21529
20731
20755
21530
20732
20756
21531
20733
20757
21532
20734
20758
21533
20735
20759
21534
20736
20760
21535
20737
20761
21536
20738
20762
21537
20739
20763
21538
20740
20764
21539
20741
20765
21540
20742
20766
21541
20743
20767
21542
20744
20768
21543
20745
20769
21544
20746
20770
21545
20747
20771
21546
20748
20772
21547
20749
20773
21548
20774
21549
20751
20775
21550
20752
20776
21551
20753
20777
21552
20754
20778
21553
20755
20779
21554
20756
20780
21555
20757
20781
21556
20758
20782
21557
20759
20783
21558
20760
20784
21559
20761
20785
21560
20762
20786
21561
20763
20787
21562
20764
20788
21563
20765
20789
21564
20766
20790
21565
20767
20791
21566
20768
20792
21567
20769
20793
21568
20770
20794
21569
20771
20795
21570
20772
20796
21571
20773
20797
21572
20774
20798
21573
20799
21574
20776
21575
20777
21576
20778
21577
20779
21578
20780
21579
20781
21580
20782
21581
20783
21582
20784
21583
20785
21584
20786
21585
20787
21586
20788
21587
20789
21588
20790
21589
20791
21590
20792
21591
20793
21592
20794
21593
20795
21594
20796
21595
20797
21596
20798
21597
20799
21598
21599
20801
20825
21600
20802
20826
21601
20803
20827
21602
20804
20828
21603
20805
20829
21604
20806
20830
21605
20807
20831
21606
20808
20832
21607
20809
20833
21608
20810
20834
21609
20811
20835
21610
20812
20836
21611
20813
20837
21612
20814
20838
21613
20815
20839
21614
20816
20840
21615
20817
20841
21616
20818
20842
21617
20819
20843
21618
20820
20844
21619
20821
20845
21620
20822
20846
21621
20823
20847
21622
20824
20848
21623
20849
21624
20826
20850
21625
20827
20851
21626
20828
20852
21627
20829
20853
21628
20830
20854
21629
20831
20855
21630
20832
20856
21631
20833
20857
21632
20834
20858
21633
20835
20859
21634
20836
20860
21635
20837
20861
21636
20838
20862
21637
20839
20863
21638
20840
20864
21639
20841
20865
21640
20842
20866
21641
20843
20867
21642
20844
20868
21643
20845
20869
21644
20846
20870
21645
20847
20871
21646
20848
20872
21647
20849
20873
21648
20874
21649
20851
20875
21650
20852
20876
21651
20853
20877
21652
20854
20878
21653
20855
20879
21654
20856
20880
21655
20857
20881
21656
20858
20882
21657
20859
20883
21658
20860
20884
21659
20861
20885
21660
20862
20886
21661
20863
20887
21662
20864
20888
21663
20865
20889
21664
20866
20890
21665
20867
20891
21666
20868
20892
21667
20869
20893
21668
20870
20894
21669
20871
20895
21670
20872
20896
21671
20873
20897
21672
20874
20898
21673
20899
21674
20876
20900
21675
20877
20901
21676
20878
20902
21677
20879
20903
21678
20880
20904
21679
20881
20905
21680
20882
20906
21681
20883
20907
21682
20884
20908
21683
20885
20909
21684
20886
20910
21685
20887
20911
21686
20888
20912
21687
20889
20913
21688
20890
20914
21689
20891
20915
21690
20892
20916
21691
20893
20917
21692
20894
20918
21693
20895
20919
21694
20896
20920
21695
20897
20921
21696
20898
20922
21697
20899
20923
21698
20924
21699
20901
20925
21700
20902
20926
21701
20903
20927
21702
20904
20928
21703
20905
20929
21704
20906
20930
21705
20907
20931
21706
20908
20932
21707
20909
20933
21708
20910
20934
21709
20911
20935
21710
20912
20936
21711
20913
20937
21712
20914
20938
21713
20915
20939
21714
20916
20940
21715
20917
20941
21716
20918
20942
21717
20919
20943
21718
20920
20944
21719
20921
20945
21720
20922
20946
21721
20923
20947
21722
20924
20948
21723
20949
21724
20926
20950
21725
20927
20951
21726
20928
20952
21727
20929
20953
21728
20930
20954
21729
20931
20955
21730
20932
20956
21731
20933
20957
21732
20934
20958
21733
20935
20959
21734
20936
20960
21735
20937
20961
21736
20938
20962
21737
20939
20963
21738
20940
20964
21739
20941
20965
21740
20942
20966
21741
20943
20967
21742
20944
20968
21743
20945
20969
21744
20946
20970
21745
20947
20971
21746
20948
20972
21747
20949
20973
21748
20974
21749
20951
20975
21750
20952
20976
21751
20953
20977
21752
20954
20978
21753
20955
20979
21754
20956
20980
21755
20957
20981
21756
20958
20982
21757
20959
20983
21758
20960
20984
21759
20961
20985
21760
20962
20986
21761
20963
20987
21762
20964
20988
21763
20965
20989
21764
20966
20990
21765
20967
20991
21766
20968
20992
21767
20969
20993
21768
20970
20994
21769
20971
20995
21770
20972
20996
21771
20973
20997
21772
20974
20998
21773
20999
21774
20976
21000
21775
20977
21001
21776
20978
21002
21777
20979
21003
21778
20980
21004
21779
20981
21005
21780
20982
21006
21781
20983
21007
21782
20984
21008
21783
20985
21009
21784
20986
21010
21785
20987
21011
21786
20988
21012
21787
20989
21013
21788
20990
21014
21789
20991
21015
21790
20992
21016
21791
20993
21017
21792
20994
21018
21793
20995
21019
21794
20996
21020
21795
20997
21021
21796
20998
21022
21797
20999
21023
21798
21024
21799
21001
21025
21800
21002
21026
21801
21003
21027
21802
21004
21028
21803
21005
21029
21804
21006
21030
21805
21007
21031
21806
21008
21032
21807
21009
21033
21808
21010
21034
21809
21011
21035
21810
21012
21036
21811
21013
21037
21812
21014
21038
21813
21015
21039
21814
21016
21040
21815
21017
21041
21816
21018
21042
21817
21019
21043
21818
21020
21044
21819
21021
21045
21820
21022
21046
21821
21023
21047
21822
21024
21048
21823
21049
21824
21026
21050
21825
21027
21051
21826
21028
21052
21827
21029
21053
21828
21030
21054
21829
21031
21055
21830
21032
21056
21831
21033
21057
21832
21034
21058
21833
21035
21059
21834
21036
21060
21835
21037
21061
21836
21038
21062
21837
21039
21063
21838
21040
21064
21839
21041
21065
21840
21042
21066
21841
21043
21067
21842
21044
21068
21843
21045
21069
21844
21046
21070
21845
21047
21071
21846
21048
21072
21847
21049
21073
21848
21074
21849
21051
21075
21850
21052
21076
21851
21053
21077
21852
21054
21078
21853
21055
21079
21854
21056
21080
21855
21057
21081
21856
21058
21082
21857
21059
21083
21858
21060
21084
21859
21061
21085
21860
21062
21086
21861
21063
21087
21862
21064
21088
21863
21065
21089
21864
21066
21090
21865
21067
21091
21866
21068
21092
21867
21069
21093
21868
21070
21094
21869
21071
21095
21870
21072
21096
21871
21073
21097
21872
21074
21098
21873
21099
21874
21076
21100
21875
21077
21101
21876
21078
21102
21877
21079
21103
21878
21080
21104
21879
21081
21105
21880
21082
21106
21881
21083
21107
21882
21084
21108
21883
21085
21109
21884
21086
21110
21885
21087
21111
21886
21088
21112
21887
21089
21113
21888
21090
21114
21889
21091
21115
21890
21092
21116
21891
21093
21117
21892
21094
21118
21893
21095
21119
21894
21096
21120
21895
21097
21121
21896
21098
21122
21897
21099
21123
21898
21124
21899
21101
21125
21900
21102
21126
21901
21103
21127
21902
21104
21128
21903
21105
21129
21904
21106
21130
21905
21107
21131
21906
21108
21132
21907
21109
21133
21908
21110
21134
21909
21111
21135
21910
21112
21136
21911
21113
21137
21912
21114
21138
21913
21115
21139
21914
21116
21140
21915
21117
21141
21916
21118
21142
21917
21119
21143
21918
21120
21144
21919
21121
21145
21920
21122
21146
21921
21123
21147
21922
21124
21148
21923
21149
21924
21126
21150
21925
21127
21151
21926
21128
21152
21927
21129
21153
21928
21130
21154
21929
21131
21155
21930
21132
21156
21931
21133
21157
21932
21134
21158
21933
21135
21159
21934
21136
21160
21935
21137
21161
21936
21138
21162
21937
21139
21163
21938
21140
21164
21939
21141
21165
21940
21142
21166
21941
21143
21167
21942
21144
21168
21943
21145
21169
21944
21146
21170
21945
21147
21171
21946
21148
21172
21947
21149
21173
21948
21174
21949
21151
21175
21950
21152
21176
21951
21153
21177
21952
21154
21178
21953
21155
21179
21954
21156
21180
21955
21157
21181
21956
21158
21182
21957
21159
21183
21958
21160
21184
21959
21161
21185
21960
21162
21186
21961
21163
21187
21962
21164
21188
21963
21165
21189
21964
21166
21190
21965
21167
21191
21966
21168
21192
21967
21169
21193
21968
21170
21194
21969
21171
21195
21970
21172
21196
21971
21173
21197
21972
21174
21198
21973
21199
21974
21176
21200
21975
21177
21201
21976
21178
21202
21977
21179
21203
21978
21180
21204
21979
21181
21205
21980
21182
21206
21981
21183
21207
21982
21184
21208
21983
21185
21209
21984
21186
21210
21985
21187
21211
21986
21188
21212
21987
21189
21213
21988
21190
21214
21989
21191
21215
21990
21192
21216
21991
21193
21217
21992
21194
21218
21993
21195
21219
21994
21196
21220
21995
21197
21221
21996
21198
21222
21997
21199
21223
21998
21224
21999
21201
21225
22000
21202
21226
22001
21203
21227
22002
21204
21228
22003
21205
21229
22004
21206
21230
22005
21207
21231
22006
21208
21232
22007
21209
21233
22008
21210
21234
22009
21211
21235
22010
21212
21236
22011
21213
21237
22012
21214
21238
22013
21215
21239
22014
21216
21240
22015
21217
21241
22016
21218
21242
22017
21219
21243
22018
21220
21244
22019
21221
21245
22020
21222
21246
22021
21223
21247
22022
21224
21248
22023
21249
22024
21226
21250
22025
21227
21251
22026
21228
21252
22027
21229
21253
22028
21230
21254
22029
21231
21255
22030
21232
21256
22031
21233
21257
22032
21234
21258
22033
21235
21259
22034
21236
21260
22035
21237
21261
22036
21238
21262
22037
21239
21263
22038
21240
21264
22039
21241
21265
22040
21242
21266
22041
21243
21267
22042
21244
21268
22043
21245
21269
22044
21246
21270
22045
21247
21271
22046
21248
21272
22047
21249
21273
22048
21274
22049
21251
21275
22050
21252
21276
22051
21253
21277
22052
21254
21278
22053
21255
21279
22054
21256
21280
22055
21257
21281
22056
21258
21282
22057
21259
21283
22058
21260
21284
22059
21261
21285
22060
21262
21286
22061
21263
21287
22062
21264
21288
22063
21265
21289
22064
21266
21290
22065
21267
21291
22066
21268
21292
22067
21269
21293
22068
21270
21294
22069
21271
21295
22070
21272
21296
22071
21273
21297
22072
21274
21298
22073
21299
22074
21276
21300
22075
21277
21301
22076
21278
21302
22077
21279
21303
22078
21280
21304
22079
21281
21305
22080
21282
21306
22081
21283
21307
22082
21284
21308
22083
21285
21309
22084
21286
21310
22085
21287
21311
22086
21288
21312
22087
21289
21313
22088
21290
21314
22089
21291
21315
22090
21292
21316
22091
21293
21317
22092
21294
21318
22093
21295
21319
22094
21296
21320
22095
21297
21321
22096
21298
21322
22097
21299
21323
22098
21324
22099
21301
21325
22100
21302
21326
22101
21303
21327
22102
21304
21328
22103
21305
21329
22104
21306
21330
22105
21307
21331
22106
21308
21332
22107
21309
21333
22108
21310
21334
22109
21311
21335
22110
21312
21336
22111
21313
21337
22112
21314
21338
22113
21315
21339
22114
21316
21340
22115
21317
21341
22116
21318
21342
22117
21319
21343
22118
21320
21344
22119
21321
21345
22120
21322
21346
22121
21323
21347
22122
21324
21348
22123
21349
22124
21326
21350
22125
21327
21351
22126
21328
21352
22127
21329
21353
22128
21330
21354
22129
21331
21355
22130
21332
21356
22131
21333
21357
22132
21334
21358
22133
21335
21359
22134
21336
21360
22135
21337
21361
22136
21338
21362
22137
21339
21363
22138
21340
21364
22139
21341
21365
22140
21342
21366
22141
21343
21367
22142
21344
21368
22143
21345
21369
22144
21346
21370
22145
21347
21371
22146
21348
21372
22147
21349
21373
22148
21374
22149
21351
21375
22150
21352
21376
22151
21353
21377
22152
21354
21378
22153
21355
21379
22154
21356
21380
22155
21357
21381
22156
21358
21382
22157
21359
21383
22158
21360
21384
22159
21361
21385
22160
21362
21386
22161
21363
21387
22162
21364
21388
22163
21365
21389
22164
21366
21390
22165
21367
21391
22166
21368
21392
22167
21369
21393
22168
21370
21394
22169
21371
21395
22170
21372
21396
22171
21373
21397
22172
21374
21398
22173
21399
22174
21376
21400
22175
21377
21401
22176
21378
21402
22177
21379
21403
22178
21380
21404
22179
21381
21405
22180
21382
21406
22181
21383
21407
22182
21384
21408
22183
21385
21409
22184
21386
21410
22185
21387
21411
22186
21388
21412
22187
21389
21413
22188
21390
21414
22189
21391
21415
22190
21392
21416
22191
21393
21417
22192
21394
21418
22193
21395
21419
22194
21396
21420
22195
21397
21421
22196
21398
21422
22197
21399
21423
22198
21424
22199
21401
21425
22200
21402
21426
22201
21403
21427
22202
21404
21428
22203
21405
21429
22204
21406
21430
22205
21407
21431
22206
21408
21432
22207
21409
21433
22208
21410
21434
22209
21411
21435
22210
21412
21436
22211
21413
21437
22212
21414
21438
22213
21415
21439
22214
21416
21440
22215
21417
21441
22216
21418
21442
22217
21419
21443
22218
21420
21444
22219
21421
21445
22220
21422
21446
22221
21423
21447
22222
21424
21448
22223
21449
22224
21426
21450
22225
21427
21451
22226
21428
21452
22227
21429
21453
22228
21430
21454
22229
21431
21455
22230
21432
21456
22231
21433
21457
22232
21434
21458
22233
21435
21459
22234
21436
21460
22235
21437
21461
22236
21438
21462
22237
21439
21463
22238
21440
21464
22239
21441
21465
22240
21442
21466
22241
21443
21467
22242
21444
21468
22243
21445
21469
22244
21446
21470
22245
21447
21471
22246
21448
21472
22247
21449
21473
22248
21474
22249
21451
21475
22250
21452
21476
22251
21453
21477
22252
21454
21478
22253
21455
21479
22254
21456
21480
22255
21457
21481
22256
21458
21482
22257
21459
21483
22258
21460
21484
22259
21461
21485
22260
21462
21486
22261
21463
21487
22262
21464
21488
22263
21465
21489
22264
21466
21490
22265
21467
21491
22266
21468
21492
22267
21469
21493
22268
21470
21494
22269
21471
21495
22270
21472
21496
22271
21473
21497
22272
21474
21498
22273
21499
22274
21476
21500
22275
21477
21501
22276
21478
21502
22277
21479
21503
22278
21480
21504
22279
21481
21505
22280
21482
21506
22281
21483
21507
22282
21484
21508
22283
21485
21509
22284
21486
21510
22285
21487
21511
22286
21488
21512
22287
21489
21513
22288
21490
21514
22289
21491
21515
22290
21492
21516
22291
21493
21517
22292
21494
21518
22293
21495
21519
22294
21496
21520
22295
21497
21521
22296
21498
21522
22297
21499
21523
22298
21524
22299
21501
21525
22300
21502
21526
22301
21503
21527
22302
21504
21528
22303
21505
21529
22304
21506
21530
22305
21507
21531
22306
21508
21532
22307
21509
21533
22308
21510
21534
22309
21511
21535
22310
21512
21536
22311
21513
21537
22312
21514
21538
22313
21515
21539
22314
21516
21540
22315
21517
21541
22316
21518
21542
22317
21519
21543
22318
21520
21544
22319
21521
21545
22320
21522
21546
22321
21523
21547
22322
21524
21548
22323
21549
22324
21526
21550
22325
21527
21551
22326
21528
21552
22327
21529
21553
22328
21530
21554
22329
21531
21555
22330
21532
21556
22331
21533
21557
22332
21534
21558
22333
21535
21559
22334
21536
21560
22335
21537
21561
22336
21538
21562
22337
21539
21563
22338
21540
21564
22339
21541
21565
22340
21542
21566
22341
21543
21567
22342
21544
21568
22343
21545
21569
22344
21546
21570
22345
21547
21571
22346
21548
21572
22347
21549
21573
22348
21574
22349
21551
21575
22350
21552
21576
22351
21553
21577
22352
21554
21578
22353
21555
21579
22354
21556
21580
22355
21557
21581
22356
21558
21582
22357
21559
21583
22358
21560
21584
22359
21561
21585
22360
21562
21586
22361
21563
21587
22362
21564
21588
22363
21565
21589
22364
21566
21590
22365
21567
21591
22366
21568
21592
22367
21569
21593
22368
21570
21594
22369
21571
21595
22370
21572
21596
22371
21573
21597
22372
21574
21598
22373
21599
22374
21576
22375
21577
22376
21578
22377
21579
22378
21580
22379
21581
22380
21582
22381
21583
22382
21584
22383
21585
22384
21586
22385
21587
22386
21588
22387
21589
22388
21590
22389
21591
22390
21592
22391
21593
22392
21594
22393
21595
22394
21596
22395
21597
22396
21598
22397
21599
22398
22399
21601
21625
22400
21602
21626
22401
21603
21627
22402
21604
21628
22403
21605
21629
22404
21606
21630
22405
21607
21631
22406
21608
21632
22407
21609
21633
22408
21610
21634
22409
21611
21635
22410
21612
21636
22411
21613
21637
22412
21614
21638
22413
21615
21639
22414
21616
21640
22415
21617
21641
22416
21618
21642
22417
21619
21643
22418
21620
21644
22419
21621
21645
22420
21622
21646
22421
21623
21647
22422
21624
21648
22423
21649
22424
21626
21650
22425
21627
21651
22426
21628
21652
22427
21629
21653
22428
21630
21654
22429
21631
21655
22430
21632
21656
22431
21633
21657
22432
21634
21658
22433
21635
21659
22434
21636
21660
22435
21637
21661
22436
21638
21662
22437
21639
21663
22438
21640
21664
22439
21641
21665
22440
21642
21666
22441
21643
21667
22442
21644
21668
22443
21645
21669
22444
21646
21670
22445
21647
21671
22446
21648
21672
22447
21649
21673
22448
21674
22449
21651
21675
22450
21652
21676
22451
21653
21677
22452
21654
21678
22453
21655
21679
22454
21656
21680
22455
21657
21681
22456
21658
21682
22457
21659
21683
22458
21660
21684
22459
21661
21685
22460
21662
21686
22461
21663
21687
22462
21664
21688
22463
21665
21689
22464
21666
21690
22465
21667
21691
22466
21668
21692
22467
21669
21693
22468
21670
21694
22469
21671
21695
22470
21672
21696
22471
21673
21697
22472
21674
21698
22473
21699
22474
21676
21700
22475
21677
21701
22476
21678
21702
22477
21679
21703
22478
21680
21704
22479
21681
21705
22480
21682
21706
22481
21683
21707
22482
21684
21708
22483
21685
21709
22484
21686
21710
22485
21687
21711
22486
21688
21712
22487
21689
21713
22488
21690
21714
22489
21691
21715
22490
21692
21716
22491
21693
21717
22492
21694
21718
22493
21695
21719
22494
21696
21720
22495
21697
21721
22496
21698
21722
22497
21699
21723
22498
21724
22499
21701
21725
22500
21702
21726
22501
21703
21727
22502
21704
21728
22503
21705
21729
22504
21706
21730
22505
21707
21731
22506
21708
21732
22507
21709
21733
22508
21710
21734
22509
21711
21735
22510
21712
21736
22511
21713
21737
22512
21714
21738
22513
21715
21739
22514
21716
21740
22515
21717
21741
22516
21718
21742
22517
21719
21743
22518
21720
21744
22519
21721
21745
22520
21722
21746
22521
21723
21747
22522
21724
21748
22523
21749
22524
21726
21750
22525
21727
21751
22526
21728
21752
22527
21729
21753
22528
21730
21754
22529
21731
21755
22530
21732
21756
22531
21733
21757
22532
21734
21758
22533
21735
21759
22534
21736
21760
22535
21737
21761
22536
21738
21762
22537
21739
21763
22538
21740
21764
22539
21741
21765
22540
21742
21766
22541
21743
21767
22542
21744
21768
22543
21745
21769
22544
21746
21770
22545
21747
21771
22546
21748
21772
22547
21749
21773
22548
21774
22549
21751
21775
22550
21752
21776
22551
21753
21777
22552
21754
21778
22553
21755
21779
22554
21756
21780
22555
21757
21781
22556
21758
21782
22557
21759
21783
22558
21760
21784
22559
21761
21785
22560
21762
21786
22561
21763
21787
22562
21764
21788
22563
21765
21789
22564
21766
21790
22565
21767
21791
22566
21768
21792
22567
21769
21793
22568
21770
21794
22569
21771
21795
22570
21772
21796
22571
21773
21797
22572
21774
21798
22573
21799
22574
21776
21800
22575
21777
21801
22576
21778
21802
22577
21779
21803
22578
21780
21804
22579
21781
21805
22580
21782
21806
22581
21783
21807
22582
21784
21808
22583
21785
21809
22584
21786
21810
22585
21787
21811
22586
21788
21812
22587
21789
21813
22588
21790
21814
22589
21791
21815
22590
21792
21816
22591
21793
21817
22592
21794
21818
22593
21795
21819
22594
21796
21820
22595
21797
21821
22596
21798
21822
22597
21799
21823
22598
21824
22599
21801
21825
22600
21802
21826
22601
21803
21827
22602
21804
21828
22603
21805
21829
22604
21806
21830
22605
21807
21831
22606
21808
21832
22607
21809
21833
22608
21810
21834
22609
21811
21835
22610
21812
21836
22611
21813
21837
22612
21814
21838
22613
21815
21839
22614
21816
21840
22615
21817
21841
22616
21818
21842
22617
21819
21843
22618
21820
21844
22619
21821
21845
22620
21822
21846
22621
21823
21847
22622
21824
21848
22623
21849
22624
21826
21850
22625
21827
21851
22626
21828
21852
22627
21829
21853
22628
21830
21854
22629
21831
21855
22630
21832
21856
22631
21833
21857
22632
21834
21858
22633
21835
21859
22634
21836
21860
22635
21837
21861
22636
21838
21862
22637
21839
21863
22638
21840
21864
22639
21841
21865
22640
21842
21866
22641
21843
21867
22642
21844
21868
22643
21845
21869
22644
21846
21870
22645
21847
21871
22646
21848
21872
22647
21849
21873
22648
21874
22649
21851
21875
22650
21852
21876
22651
21853
21877
22652
21854
21878
22653
21855
21879
22654
21856
21880
22655
21857
21881
22656
21858
21882
22657
21859
21883
22658
21860
21884
22659
21861
21885
22660
21862
21886
22661
21863
21887
22662
21864
21888
22663
21865
21889
22664
21866
21890
22665
21867
21891
22666
21868
21892
22667
21869
21893
22668
21870
21894
22669
21871
21895
22670
21872
21896
22671
21873
21897
22672
21874
21898
22673
21899
22674
21876
21900
22675
21877
21901
22676
21878
21902
22677
21879
21903
22678
21880
21904
22679
21881
21905
22680
21882
21906
22681
21883
21907
22682
21884
21908
22683
21885
21909
22684
21886
21910
22685
21887
21911
22686
21888
21912
22687
21889
21913
22688
21890
21914
22689
21891
21915
22690
21892
21916
22691
21893
21917
22692
21894
21918
22693
21895
21919
22694
21896
21920
22695
21897
21921
22696
21898
21922
22697
21899
21923
22698
21924
22699
21901
21925
22700
21902
21926
22701
21903
21927
22702
21904
21928
22703
21905
21929
22704
21906
21930
22705
21907
21931
22706
21908
21932
22707
21909
21933
22708
21910
21934
22709
21911
21935
22710
21912
21936
22711
21913
21937
22712
21914
21938
22713
21915
21939
22714
21916
21940
22715
21917
21941
22716
21918
21942
22717
21919
21943
22718
21920
21944
22719
21921
21945
22720
21922
21946
22721
21923
21947
22722
21924
21948
22723
21949
22724
21926
21950
22725
21927
21951
22726
21928
21952
22727
21929
21953
22728
21930
21954
22729
21931
21955
22730
21932
21956
22731
21933
21957
22732
21934
21958
22733
21935
21959
22734
21936
21960
22735
21937
21961
22736
21938
21962
22737
21939
21963
22738
21940
21964
22739
21941
21965
22740
21942
21966
22741
21943
21967
22742
21944
21968
22743
21945
21969
22744
21946
21970
22745
21947
21971
22746
21948
21972
22747
21949
21973
22748
21974
22749
21951
21975
22750
21952
21976
22751
21953
21977
22752
21954
21978
22753
21955
21979
22754
21956
21980
22755
21957
21981
22756
21958
21982
22757
21959
21983
22758
21960
21984
22759
21961
21985
22760
21962
21986
22761
21963
21987
22762
21964
21988
22763
21965
21989
22764
21966
21990
22765
21967
21991
22766
21968
21992
22767
21969
21993
22768
21970
21994
22769
21971
21995
22770
21972
21996
22771
21973
21997
22772
21974
21998
22773
21999
22774
21976
22000
22775
21977
22001
22776
21978
22002
22777
21979
22003
22778
21980
22004
22779
21981
22005
22780
21982
22006
22781
21983
22007
22782
21984
22008
22783
21985
22009
22784
21986
22010
22785
21987
22011
22786
21988
22012
22787
21989
22013
22788
21990
22014
22789
21991
22015
22790
21992
22016
22791
21993
22017
22792
21994
22018
22793
21995
22019
22794
21996
22020
22795
21997
22021
22796
21998
22022
22797
21999
22023
22798
22024
22799
22001
22025
22800
22002
22026
22801
22003
22027
22802
22004
22028
22803
22005
22029
22804
22006
22030
22805
22007
22031
22806
22008
22032
22807
22009
22033
22808
22010
22034
22809
22011
22035
22810
22012
22036
22811
22013
22037
22812
22014
22038
22813
22015
22039
22814
22016
22040
22815
22017
22041
22816
22018
22042
22817
22019
22043
22818
22020
22044
22819
22021
22045
22820
22022
22046
22821
22023
22047
22822
22024
22048
22823
22049
22824
22026
22050
22825
22027
22051
22826
22028
22052
22827
22029
22053
22828
22030
22054
22829
22031
22055
22830
22032
22056
22831
22033
22057
22832
22034
22058
22833
22035
22059
22834
22036
22060
22835
22037
22061
22836
22038
22062
22837
22039
22063
22838
22040
22064
22839
22041
22065
22840
22042
22066
22841
22043
22067
22842
22044
22068
22843
22045
22069
22844
22046
22070
22845
22047
22071
22846
22048
22072
22847
22049
22073
22848
22074
22849
22051
22075
22850
22052
22076
22851
22053
22077
22852
22054
22078
22853
22055
22079
22854
22056
22080
22855
22057
22081
22856
22058
22082
22857
22059
22083
22858
22060
22084
22859
22061
22085
22860
22062
22086
22861
22063
22087
22862
22064
22088
22863
22065
22089
22864
22066
22090
22865
22067
22091
22866
22068
22092
22867
22069
22093
22868
22070
22094
22869
22071
22095
22870
22072
22096
22871
22073
22097
22872
22074
22098
22873
22099
22874
22076
22100
22875
22077
22101
22876
22078
22102
22877
22079
22103
22878
22080
22104
22879
22081
22105
22880
22082
22106
22881
22083
22107
22882
22084
22108
22883
22085
22109
22884
22086
22110
22885
22087
22111
22886
22088
22112
22887
22089
22113
22888
22090
22114
22889
22091
22115
22890
22092
22116
22891
22093
22117
22892
22094
22118
22893
22095
22119
22894
22096
22120
22895
22097
22121
22896
22098
22122
22897
22099
22123
22898
22124
22899
22101
22125
22900
22102
22126
22901
22103
22127
22902
22104
22128
22903
22105
22129
22904
22106
22130
22905
22107
22131
22906
22108
22132
22907
22109
22133
22908
22110
22134
22909
22111
22135
22910
22112
22136
22911
22113
22137
22912
22114
22138
22913
22115
22139
22914
22116
22140
22915
22117
22141
22916
22118
22142
22917
22119
22143
22918
22120
22144
22919
22121
22145
22920
22122
22146
22921
22123
22147
22922
22124
22148
22923
22149
22924
22126
22150
22925
22127
22151
22926
22128
22152
22927
22129
22153
22928
22130
22154
22929
22131
22155
22930
22132
22156
22931
22133
22157
22932
22134
22158
22933
22135
22159
22934
22136
22160
22935
22137
22161
22936
22138
22162
22937
22139
22163
22938
22140
22164
22939
22141
22165
22940
22142
22166
22941
22143
22167
22942
22144
22168
22943
22145
22169
22944
22146
22170
22945
22147
22171
22946
22148
22172
22947
22149
22173
22948
22174
22949
22151
22175
22950
22152
22176
22951
22153
22177
22952
22154
22178
22953
22155
22179
22954
22156
22180
22955
22157
22181
22956
22158
22182
22957
22159
22183
22958
22160
22184
22959
22161
22185
22960
22162
22186
22961
22163
22187
22962
22164
22188
22963
22165
22189
22964
22166
22190
22965
22167
22191
22966
22168
22192
22967
22169
22193
22968
22170
22194
22969
22171
22195
22970
22172
22196
22971
22173
22197
22972
22174
22198
22973
22199
22974
22176
22200
22975
22177
22201
22976
22178
22202
22977
22179
22203
22978
22180
22204
22979
22181
22205
22980
22182
22206
22981
22183
22207
22982
22184
22208
22983
22185
22209
22984
22186
22210
22985
22187
22211
22986
22188
22212
22987
22189
22213
22988
22190
22214
22989
22191
22215
22990
22192
22216
22991
22193
22217
22992
22194
22218
22993
22195
22219
22994
22196
22220
22995
22197
22221
22996
22198
22222
22997
22199
22223
22998
22224
22999
22201
22225
23000
22202
22226
23001
22203
22227
23002
22204
22228
23003
22205
22229
23004
22206
22230
23005
22207
22231
23006
22208
22232
23007
22209
22233
23008
22210
22234
23009
22211
22235
23010
22212
22236
23011
22213
22237
23012
22214
22238
23013
22215
22239
23014
22216
22240
23015
22217
22241
23016
22218
22242
23017
22219
22243
23018
22220
22244
23019
22221
22245
23020
22222
22246
23021
22223
22247
23022
22224
22248
23023
22249
23024
22226
22250
23025
22227
22251
23026
22228
22252
23027
22229
22253
23028
22230
22254
23029
22231
22255
23030
22232
22256
23031
22233
22257
23032
22234
22258
23033
22235
22259
23034
22236
22260
23035
22237
22261
23036
22238
22262
23037
22239
22263
23038
22240
22264
23039
22241
22265
23040
22242
22266
23041
22243
22267
23042
22244
22268
23043
22245
22269
23044
22246
22270
23045
22247
22271
23046
22248
22272
23047
22249
22273
23048
22274
23049
22251
22275
23050
22252
22276
23051
22253
22277
23052
22254
22278
23053
22255
22279
23054
22256
22280
23055
22257
22281
23056
22258
22282
23057
22259
22283
23058
22260
22284
23059
22261
22285
23060
22262
22286
23061
22263
22287
23062
22264
22288
23063
22265
22289
23064
22266
22290
23065
22267
22291
23066
22268
22292
23067
22269
22293
23068
22270
22294
23069
22271
22295
23070
22272
22296
23071
22273
22297
23072
22274
22298
23073
22299
23074
22276
22300
23075
22277
22301
23076
22278
22302
23077
22279
22303
23078
22280
22304
23079
22281
22305
23080
22282
22306
23081
22283
22307
23082
22284
22308
23083
22285
22309
23084
22286
22310
23085
22287
22311
23086
22288
22312
23087
22289
22313
23088
22290
22314
23089
22291
22315
23090
22292
22316
23091
22293
22317
23092
22294
22318
23093
22295
22319
23094
22296
22320
23095
22297
22321
23096
22298
22322
23097
22299
22323
23098
22324
23099
22301
22325
23100
22302
22326
23101
22303
22327
23102
22304
22328
23103
22305
22329
23104
22306
22330
23105
22307
22331
23106
22308
22332
23107
22309
22333
23108
22310
22334
23109
22311
22335
23110
22312
22336
23111
22313
22337
23112
22314
22338
23113
22315
22339
23114
22316
22340
23115
22317
22341
23116
22318
22342
23117
22319
22343
23118
22320
22344
23119
22321
22345
23120
22322
22346
23121
22323
22347
23122
22324
22348
23123
22349
23124
22326
22350
23125
22327
22351
23126
22328
22352
23127
22329
22353
23128
22330
22354
23129
22331
22355
23130
22332
22356
23131
22333
22357
23132
22334
22358
23133
22335
22359
23134
22336
22360
23135
22337
22361
23136
22338
22362
23137
22339
22363
23138
22340
22364
23139
22341
22365
23140
22342
22366
23141
22343
22367
23142
22344
22368
23143
22345
22369
23144
22346
22370
23145
22347
22371
23146
22348
22372
23147
22349
22373
23148
22374
23149
22351
22375
23150
22352
22376
23151
22353
22377
23152
22354
22378
23153
22355
22379
23154
22356
22380
23155
22357
22381
23156
22358
22382
23157
22359
22383
23158
22360
22384
23159
22361
22385
23160
22362
22386
23161
22363
22387
23162
22364
22388
23163
22365
22389
23164
22366
22390
23165
22367
22391
23166
22368
22392
23167
22369
22393
23168
22370
22394
23169
22371
22395
23170
22372
22396
23171
22373
22397
23172
22374
22398
23173
22399
23174
22376
23175
22377
23176
22378
23177
22379
23178
22380
23179
22381
23180
22382
23181
22383
23182
22384
23183
22385
23184
22386
23185
22387
23186
22388
23187
22389
23188
22390
23189
22391
23190
22392
23191
22393
23192
22394
23193
22395
23194
22396
23195
22397
23196
22398
23197
22399
23198
23199
22401
22425
23200
22402
22426
23201
22403
22427
23202
22404
22428
23203
22405
22429
23204
22406
22430
23205
22407
22431
23206
22408
22432
23207
22409
22433
23208
22410
22434
23209
22411
22435
23210
22412
22436
23211
22413
22437
23212
22414
22438
23213
22415
22439
23214
22416
22440
23215
22417
22441
23216
22418
22442
23217
22419
22443
23218
22420
22444
23219
22421
22445
23220
22422
22446
23221
22423
22447
23222
22424
22448
23223
22449
23224
22426
22450
23225
22427
22451
23226
22428
22452
23227
22429
22453
23228
22430
22454
23229
22431
22455
23230
22432
22456
23231
22433
22457
23232
22434
22458
23233
22435
22459
23234
22436
22460
23235
22437
22461
23236
22438
22462
23237
22439
22463
23238
22440
22464
23239
22441
22465
23240
22442
22466
23241
22443
22467
23242
22444
22468
23243
22445
22469
23244
22446
22470
23245
22447
22471
23246
22448
22472
23247
22449
22473
23248
22474
23249
22451
22475
23250
22452
22476
23251
22453
22477
23252
22454
22478
23253
22455
22479
23254
22456
22480
23255
22457
22481
23256
22458
22482
23257
22459
22483
23258
22460
22484
23259
22461
22485
23260
22462
22486
23261
22463
22487
23262
22464
22488
23263
22465
22489
23264
22466
22490
23265
22467
22491
23266
22468
22492
23267
22469
22493
23268
22470
22494
23269
22471
22495
23270
22472
22496
23271
22473
22497
23272
22474
22498
23273
22499
23274
22476
22500
23275
22477
22501
23276
22478
22502
23277
22479
22503
23278
22480
22504
23279
22481
22505
23280
22482
22506
23281
22483
22507
23282
22484
22508
23283
22485
22509
23284
22486
22510
23285
22487
22511
23286
22488
22512
23287
22489
22513
23288
22490
22514
23289
22491
22515
23290
22492
22516
23291
22493
22517
23292
22494
22518
23293
22495
22519
23294
22496
22520
23295
22497
22521
23296
22498
22522
23297
22499
22523
23298
22524
23299
22501
22525
23300
22502
22526
23301
22503
22527
23302
22504
22528
23303
22505
22529
23304
22506
22530
23305
22507
22531
23306
22508
22532
23307
22509
22533
23308
22510
22534
23309
22511
22535
23310
22512
22536
23311
22513
22537
23312
22514
22538
23313
22515
22539
23314
22516
22540
23315
22517
22541
23316
22518
22542
23317
22519
22543
23318
22520
22544
23319
22521
22545
23320
22522
22546
23321
22523
22547
23322
22524
22548
23323
22549
23324
22526
22550
23325
22527
22551
23326
22528
22552
23327
22529
22553
23328
22530
22554
23329
22531
22555
23330
22532
22556
23331
22533
22557
23332
22534
22558
23333
22535
22559
23334
22536
22560
23335
22537
22561
23336
22538
22562
23337
22539
22563
23338
22540
22564
23339
22541
22565
23340
22542
22566
23341
22543
22567
23342
22544
22568
23343
22545
22569
23344
22546
22570
23345
22547
22571
23346
22548
22572
23347
22549
22573
23348
22574
23349
22551
22575
23350
22552
22576
23351
22553
22577
23352
22554
22578
23353
22555
22579
23354
22556
22580
23355
22557
22581
23356
22558
22582
23357
22559
22583
23358
22560
22584
23359
22561
22585
23360
22562
22586
23361
22563
22587
23362
22564
22588
23363
22565
22589
23364
22566
22590
23365
22567
22591
23366
22568
22592
23367
22569
22593
23368
22570
22594
23369
22571
22595
23370
22572
22596
23371
22573
22597
23372
22574
22598
23373
22599
23374
22576
22600
23375
22577
22601
23376
22578
22602
23377
22579
22603
23378
22580
22604
23379
22581
22605
23380
22582
22606
23381
22583
22607
23382
22584
22608
23383
22585
22609
23384
22586
22610
23385
22587
22611
23386
22588
22612
23387
22589
22613
23388
22590
22614
23389
22591
22615
23390
22592
22616
23391
22593
22617
23392
22594
22618
23393
22595
22619
23394
22596
22620
23395
22597
22621
23396
22598
22622
23397
22599
22623
23398
22624
23399
22601
22625
23400
22602
22626
23401
22603
22627
23402
22604
22628
23403
22605
22629
23404
22606
22630
23405
22607
22631
23406
22608
22632
23407
22609
22633
23408
22610
22634
23409
22611
22635
23410
22612
22636
23411
22613
22637
23412
22614
22638
23413
22615
22639
23414
22616
22640
23415
22617
22641
23416
22618
22642
23417
22619
22643
23418
22620
22644
23419
22621
22645
23420
22622
22646
23421
22623
22647
23422
22624
22648
23423
22649
23424
22626
22650
23425
22627
22651
23426
22628
22652
23427
22629
22653
23428
22630
22654
23429
22631
22655
23430
22632
22656
23431
22633
22657
23432
22634
22658
23433
22635
22659
23434
22636
22660
23435
22637
22661
23436
22638
22662
23437
22639
22663
23438
22640
22664
23439
22641
22665
23440
22642
22666
23441
22643
22667
23442
22644
22668
23443
22645
22669
23444
22646
22670
23445
22647
22671
23446
22648
22672
23447
22649
22673
23448
22674
23449
22651
22675
23450
22652
22676
23451
22653
22677
23452
22654
22678
23453
22655
22679
23454
22656
22680
23455
22657
22681
23456
22658
22682
23457
22659
22683
23458
22660
22684
23459
22661
22685
23460
22662
22686
23461
22663
22687
23462
22664
22688
23463
22665
22689
23464
22666
22690
23465
22667
22691
23466
22668
22692
23467
22669
22693
23468
22670
22694
23469
22671
22695
23470
22672
22696
23471
22673
22697
23472
22674
22698
23473
22699
23474
22676
22700
23475
22677
22701
23476
22678
22702
23477
22679
22703
23478
22680
22704
23479
22681
22705
23480
22682
22706
23481
22683
22707
23482
22684
22708
23483
22685
22709
23484
22686
22710
23485
22687
22711
23486
22688
22712
23487
22689
22713
23488
22690
22714
23489
22691
22715
23490
22692
22716
23491
22693
22717
23492
22694
22718
23493
22695
22719
23494
22696
22720
23495
22697
22721
23496
22698
22722
23497
22699
22723
23498
22724
23499
22701
22725
23500
22702
22726
23501
22703
22727
23502
22704
22728
23503
22705
22729
23504
22706
22730
23505
22707
22731
23506
22708
22732
23507
22709
22733
23508
22710
22734
23509
22711
22735
23510
22712
22736
23511
22713
22737
23512
22714
22738
23513
22715
22739
23514
22716
22740
23515
22717
22741
23516
22718
22742
23517
22719
22743
23518
22720
22744
23519
22721
22745
23520
22722
22746
23521
22723
22747
23522
22724
22748
23523
22749
23524
22726
22750
23525
22727
22751
23526
22728
22752
23527
22729
22753
23528
22730
22754
23529
22731
22755
23530
22732
22756
23531
22733
22757
23532
22734
22758
23533
22735
22759
23534
22736
22760
23535
22737
22761
23536
22738
22762
23537
22739
22763
23538
22740
22764
23539
22741
22765
23540
22742
22766
23541
22743
22767
23542
22744
22768
23543
22745
22769
23544
22746
22770
23545
22747
22771
23546
22748
22772
23547
22749
22773
23548
22774
23549
22751
22775
23550
22752
22776
23551
22753
22777
23552
22754
22778
23553
22755
22779
23554
22756
22780
23555
22757
22781
23556
22758
22782
23557
22759
22783
23558
22760
22784
23559
22761
22785
23560
22762
22786
23561
22763
22787
23562
22764
22788
23563
22765
22789
23564
22766
22790
23565
22767
22791
23566
22768
22792
23567
22769
22793
23568
22770
22794
23569
22771
22795
23570
22772
22796
23571
22773
22797
23572
22774
22798
23573
22799
23574
22776
22800
23575
22777
22801
23576
22778
22802
23577
22779
22803
23578
22780
22804
23579
22781
22805
23580
22782
22806
23581
22783
22807
23582
22784
22808
23583
22785
22809
23584
22786
22810
23585
22787
22811
23586
22788
22812
23587
22789
22813
23588
22790
22814
23589
22791
22815
23590
22792
22816
23591
22793
22817
23592
22794
22818
23593
22795
22819
23594
22796
22820
23595
22797
22821
23596
22798
22822
23597
22799
22823
23598
22824
23599
22801
22825
23600
22802
22826
23601
22803
22827
23602
22804
22828
23603
22805
22829
23604
22806
22830
23605
22807
22831
23606
22808
22832
23607
22809
22833
23608
22810
22834
23609
22811
22835
23610
22812
22836
23611
22813
22837
23612
22814
22838
23613
22815
22839
23614
22816
22840
23615
22817
22841
23616
22818
22842
23617
22819
22843
23618
22820
22844
23619
22821
22845
23620
22822
22846
23621
22823
22847
23622
22824
22848
23623
22849
23624
22826
22850
23625
22827
22851
23626
22828
22852
23627
22829
22853
23628
22830
22854
23629
22831
22855
23630
22832
22856
23631
22833
22857
23632
22834
22858
23633
22835
22859
23634
22836
22860
23635
22837
22861
23636
22838
22862
23637
22839
22863
23638
22840
22864
23639
22841
22865
23640
22842
22866
23641
22843
22867
23642
22844
22868
23643
22845
22869
23644
22846
22870
23645
22847
22871
23646
22848
22872
23647
22849
22873
23648
22874
23649
22851
22875
23650
22852
22876
23651
22853
22877
23652
22854
22878
23653
22855
22879
23654
22856
22880
23655
22857
22881
23656
22858
22882
23657
22859
22883
23658
22860
22884
23659
22861
22885
23660
22862
22886
23661
22863
22887
23662
22864
22888
23663
22865
22889
23664
22866
22890
23665
22867
22891
23666
22868
22892
23667
22869
22893
23668
22870
22894
23669
22871
22895
23670
22872
22896
23671
22873
22897
23672
22874
22898
23673
22899
23674
22876
22900
23675
22877
22901
23676
22878
22902
23677
22879
22903
23678
22880
22904
23679
22881
22905
23680
22882
22906
23681
22883
22907
23682
22884
22908
23683
22885
22909
23684
22886
22910
23685
22887
22911
23686
22888
22912
23687
22889
22913
23688
22890
22914
23689
22891
22915
23690
22892
22916
23691
22893
22917
23692
22894
22918
23693
22895
22919
23694
22896
22920
23695
22897
22921
23696
22898
22922
23697
22899
22923
23698
22924
23699
22901
22925
23700
22902
22926
23701
22903
22927
23702
22904
22928
23703
22905
22929
23704
22906
22930
23705
22907
22931
23706
22908
22932
23707
22909
22933
23708
22910
22934
23709
22911
22935
23710
22912
22936
23711
22913
22937
23712
22914
22938
23713
22915
22939
23714
22916
22940
23715
22917
22941
23716
22918
22942
23717
22919
22943
23718
22920
22944
23719
22921
22945
23720
22922
22946
23721
22923
22947
23722
22924
22948
23723
22949
23724
22926
22950
23725
22927
22951
23726
22928
22952
23727
22929
22953
23728
22930
22954
23729
22931
22955
23730
22932
22956
23731
22933
22957
23732
22934
22958
23733
22935
22959
23734
22936
22960
23735
22937
22961
23736
22938
22962
23737
22939
22963
23738
22940
22964
23739
22941
22965
23740
22942
22966
23741
22943
22967
23742
22944
22968
23743
22945
22969
23744
22946
22970
23745
22947
22971
23746
22948
22972
23747
22949
22973
23748
22974
23749
22951
22975
23750
22952
22976
23751
22953
22977
23752
22954
22978
23753
22955
22979
23754
22956
22980
23755
22957
22981
23756
22958
22982
23757
22959
22983
23758
22960
22984
23759
22961
22985
23760
22962
22986
23761
22963
22987
23762
22964
22988
23763
22965
22989
23764
22966
22990
23765
22967
22991
23766
22968
22992
23767
22969
22993
23768
22970
22994
23769
22971
22995
23770
22972
22996
23771
22973
22997
23772
22974
22998
23773
22999
23774
22976
23000
23775
22977
23001
23776
22978
23002
23777
22979
23003
23778
22980
23004
23779
22981
23005
23780
22982
23006
23781
22983
23007
23782
22984
23008
23783
22985
23009
23784
22986
23010
23785
22987
23011
23786
22988
23012
23787
22989
23013
23788
22990
23014
23789
22991
23015
23790
22992
23016
23791
22993
23017
23792
22994
23018
23793
22995
23019
23794
22996
23020
23795
22997
23021
23796
22998
23022
23797
22999
23023
23798
23024
23799
23001
23025
23800
23002
23026
23801
23003
23027
23802
23004
23028
23803
23005
23029
23804
23006
23030
23805
23007
23031
23806
23008
23032
23807
23009
23033
23808
23010
23034
23809
23011
23035
23810
23012
23036
23811
23013
23037
23812
23014
23038
23813
23015
23039
23814
23016
23040
23815
23017
23041
23816
23018
23042
23817
23019
23043
23818
23020
23044
23819
23021
23045
23820
23022
23046
23821
23023
23047
23822
23024
23048
23823
23049
23824
23026
23050
23825
23027
23051
23826
23028
23052
23827
23029
23053
23828
23030
23054
23829
23031
23055
23830
23032
23056
23831
23033
23057
23832
23034
23058
23833
23035
23059
23834
23036
23060
23835
23037
23061
23836
23038
23062
23837
23039
23063
23838
23040
23064
23839
23041
23065
23840
23042
23066
23841
23043
23067
23842
23044
23068
23843
23045
23069
23844
23046
23070
23845
23047
23071
23846
23048
23072
23847
23049
23073
23848
23074
23849
23051
23075
23850
23052
23076
23851
23053
23077
23852
23054
23078
23853
23055
23079
23854
23056
23080
23855
23057
23081
23856
23058
23082
23857
23059
23083
23858
23060
23084
23859
23061
23085
23860
23062
23086
23861
23063
23087
23862
23064
23088
23863
23065
23089
23864
23066
23090
23865
23067
23091
23866
23068
23092
23867
23069
23093
23868
23070
23094
23869
23071
23095
23870
23072
23096
23871
23073
23097
23872
23074
23098
23873
23099
23874
23076
23100
23875
23077
23101
23876
23078
23102
23877
23079
23103
23878
23080
23104
23879
23081
23105
23880
23082
23106
23881
23083
23107
23882
23084
23108
23883
23085
23109
23884
23086
23110
23885
23087
23111
23886
23088
23112
23887
23089
23113
23888
23090
23114
23889
23091
23115
23890
23092
23116
23891
23093
23117
23892
23094
23118
23893
23095
23119
23894
23096
23120
23895
23097
23121
23896
23098
23122
23897
23099
23123
23898
23124
23899
23101
23125
23900
23102
23126
23901
23103
23127
23902
23104
23128
23903
23105
23129
23904
23106
23130
23905
23107
23131
23906
23108
23132
23907
23109
23133
23908
23110
23134
23909
23111
23135
23910
23112
23136
23911
23113
23137
23912
23114
23138
23913
23115
23139
23914
23116
23140
23915
23117
23141
23916
23118
23142
23917
23119
23143
23918
23120
23144
23919
23121
23145
23920
23122
23146
23921
23123
23147
23922
23124
23148
23923
23149
23924
23126
23150
23925
23127
23151
23926
23128
23152
23927
23129
23153
23928
23130
23154
23929
23131
23155
23930
23132
23156
23931
23133
23157
23932
23134
23158
23933
23135
23159
23934
23136
23160
23935
23137
23161
23936
23138
23162
23937
23139
23163
23938
23140
23164
23939
23141
23165
23940
23142
23166
23941
23143
23167
23942
23144
23168
23943
23145
23169
23944
23146
23170
23945
23147
23171
23946
23148
23172
23947
23149
23173
23948
23174
23949
23151
23175
23950
23152
23176
23951
23153
23177
23952
23154
23178
23953
23155
23179
23954
23156
23180
23955
23157
23181
23956
23158
23182
23957
23159
23183
23958
23160
23184
23959
23161
23185
23960
23162
23186
23961
23163
23187
23962
23164
23188
23963
23165
23189
23964
23166
23190
23965
23167
23191
23966
23168
23192
23967
23169
23193
23968
23170
23194
23969
23171
23195
23970
23172
23196
23971
23173
23197
23972
23174
23198
23973
23199
23974
23176
23975
23177
23976
23178
23977
23179
23978
23180
23979
23181
23980
23182
23981
23183
23982
23184
23983
23185
23984
23186
23985
23187
23986
23188
23987
23189
23988
23190
23989
23191
23990
23192
23991
23193
23992
23194
23993
23195
23994
23196
23995
23197
23996
23198
23997
23199
23998
23999
23201
23225
24000
23202
23226
24001
23203
23227
24002
23204
23228
24003
23205
23229
24004
23206
23230
24005
23207
23231
24006
23208
23232
24007
23209
23233
24008
23210
23234
24009
23211
23235
24010
23212
23236
24011
23213
23237
24012
23214
23238
24013
23215
23239
24014
23216
23240
24015
23217
23241
24016
23218
23242
24017
23219
23243
24018
23220
23244
24019
23221
23245
24020
23222
23246
24021
23223
23247
24022
23224
23248
24023
23249
24024
23226
23250
24025
23227
23251
24026
23228
23252
24027
23229
23253
24028
23230
23254
24029
23231
23255
24030
23232
23256
24031
23233
23257
24032
23234
23258
24033
23235
23259
24034
23236
23260
24035
23237
23261
24036
23238
23262
24037
23239
23263
24038
23240
23264
24039
23241
23265
24040
23242
23266
24041
23243
23267
24042
23244
23268
24043
23245
23269
24044
23246
23270
24045
23247
23271
24046
23248
23272
24047
23249
23273
24048
23274
24049
23251
23275
24050
23252
23276
24051
23253
23277
24052
23254
23278
24053
23255
23279
24054
23256
23280
24055
23257
23281
24056
23258
23282
24057
23259
23283
24058
23260
23284
24059
23261
23285
24060
23262
23286
24061
23263
23287
24062
23264
23288
24063
23265
23289
24064
23266
23290
24065
23267
23291
24066
23268
23292
24067
23269
23293
24068
23270
23294
24069
23271
23295
24070
23272
23296
24071
23273
23297
24072
23274
23298
24073
23299
24074
23276
23300
24075
23277
23301
24076
23278
23302
24077
23279
23303
24078
23280
23304
24079
23281
23305
24080
23282
23306
24081
23283
23307
24082
23284
23308
24083
23285
23309
24084
23286
23310
24085
23287
23311
24086
23288
23312
24087
23289
23313
24088
23290
23314
24089
23291
23315
24090
23292
23316
24091
23293
23317
24092
23294
23318
24093
23295
23319
24094
23296
23320
24095
23297
23321
24096
23298
23322
24097
23299
23323
24098
23324
24099
23301
23325
24100
23302
23326
24101
23303
23327
24102
23304
23328
24103
23305
23329
24104
23306
23330
24105
23307
23331
24106
23308
23332
24107
23309
23333
24108
23310
23334
24109
23311
23335
24110
23312
23336
24111
23313
23337
24112
23314
23338
24113
23315
23339
24114
23316
23340
24115
23317
23341
24116
23318
23342
24117
23319
23343
24118
23320
23344
24119
23321
23345
24120
23322
23346
24121
23323
23347
24122
23324
23348
24123
23349
24124
23326
23350
24125
23327
23351
24126
23328
23352
24127
23329
23353
24128
23330
23354
24129
23331
23355
24130
23332
23356
24131
23333
23357
24132
23334
23358
24133
23335
23359
24134
23336
23360
24135
23337
23361
24136
23338
23362
24137
23339
23363
24138
23340
23364
24139
23341
23365
24140
23342
23366
24141
23343
23367
24142
23344
23368
24143
23345
23369
24144
23346
23370
24145
23347
23371
24146
23348
23372
24147
23349
23373
24148
23374
24149
23351
23375
24150
23352
23376
24151
23353
23377
24152
23354
23378
24153
23355
23379
24154
23356
23380
24155
23357
23381
24156
23358
23382
24157
23359
23383
24158
23360
23384
24159
23361
23385
24160
23362
23386
24161
23363
23387
24162
23364
23388
24163
23365
23389
24164
23366
23390
24165
23367
23391
24166
23368
23392
24167
23369
23393
24168
23370
23394
24169
23371
23395
24170
23372
23396
24171
23373
23397
24172
23374
23398
24173
23399
24174
23376
23400
24175
23377
23401
24176
23378
23402
24177
23379
23403
24178
23380
23404
24179
23381
23405
24180
23382
23406
24181
23383
23407
24182
23384
23408
24183
23385
23409
24184
23386
23410
24185
23387
23411
24186
23388
23412
24187
23389
23413
24188
23390
23414
24189
23391
23415
24190
23392
23416
24191
23393
23417
24192
23394
23418
24193
23395
23419
24194
23396
23420
24195
23397
23421
24196
23398
23422
24197
23399
23423
24198
23424
24199
23401
23425
24200
23402
23426
24201
23403
23427
24202
23404
23428
24203
23405
23429
24204
23406
23430
24205
23407
23431
24206
23408
23432
24207
23409
23433
24208
23410
23434
24209
23411
23435
24210
23412
23436
24211
23413
23437
24212
23414
23438
24213
23415
23439
24214
23416
23440
24215
23417
23441
24216
23418
23442
24217
23419
23443
24218
23420
23444
24219
23421
23445
24220
23422
23446
24221
23423
23447
24222
23424
23448
24223
23449
24224
23426
23450
24225
23427
23451
24226
23428
23452
24227
23429
23453
24228
23430
23454
24229
23431
23455
24230
23432
23456
24231
23433
23457
24232
23434
23458
24233
23435
23459
24234
23436
23460
24235
23437
23461
24236
23438
23462
24237
23439
23463
24238
23440
23464
24239
23441
23465
24240
23442
23466
24241
23443
23467
24242
23444
23468
24243
23445
23469
24244
23446
23470
24245
23447
23471
24246
23448
23472
24247
23449
23473
24248
23474
24249
23451
23475
24250
23452
23476
24251
23453
23477
24252
23454
23478
24253
23455
23479
24254
23456
23480
24255
23457
23481
24256
23458
23482
24257
23459
23483
24258
23460
23484
24259
23461
23485
24260
23462
23486
24261
23463
23487
24262
23464
23488
24263
23465
23489
24264
23466
23490
24265
23467
23491
24266
23468
23492
24267
23469
23493
24268
23470
23494
24269
23471
23495
24270
23472
23496
24271
23473
23497
24272
23474
23498
24273
23499
24274
23476
23500
24275
23477
23501
24276
23478
23502
24277
23479
23503
24278
23480
23504
24279
23481
23505
24280
23482
23506
24281
23483
23507
24282
23484
23508
24283
23485
23509
24284
23486
23510
24285
23487
23511
24286
23488
23512
24287
23489
23513
24288
23490
23514
24289
23491
23515
24290
23492
23516
24291
23493
23517
24292
23494
23518
24293
23495
23519
24294
23496
23520
24295
23497
23521
24296
23498
23522
24297
23499
23523
24298
23524
24299
23501
23525
24300
23502
23526
24301
23503
23527
24302
23504
23528
24303
23505
23529
24304
23506
23530
24305
23507
23531
24306
23508
23532
24307
23509
23533
24308
23510
23534
24309
23511
23535
24310
23512
23536
24311
23513
23537
24312
23514
23538
24313
23515
23539
24314
23516
23540
24315
23517
23541
24316
23518
23542
24317
23519
23543
24318
23520
23544
24319
23521
23545
24320
23522
23546
24321
23523
23547
24322
23524
23548
24323
23549
24324
23526
23550
24325
23527
23551
24326
23528
23552
24327
23529
23553
24328
23530
23554
24329
23531
23555
24330
23532
23556
24331
23533
23557
24332
23534
23558
24333
23535
23559
24334
23536
23560
24335
23537
23561
24336
23538
23562
24337
23539
23563
24338
23540
23564
24339
23541
23565
24340
23542
23566
24341
23543
23567
24342
23544
23568
24343
23545
23569
24344
23546
23570
24345
23547
23571
24346
23548
23572
24347
23549
23573
24348
23574
24349
23551
23575
24350
23552
23576
24351
23553
23577
24352
23554
23578
24353
23555
23579
24354
23556
23580
24355
23557
23581
24356
23558
23582
24357
23559
23583
24358
23560
23584
24359
23561
23585
24360
23562
23586
24361
23563
23587
24362
23564
23588
24363
23565
23589
24364
23566
23590
24365
23567
23591
24366
23568
23592
24367
23569
23593
24368
23570
23594
24369
23571
23595
24370
23572
23596
24371
23573
23597
24372
23574
23598
24373
23599
24374
23576
23600
24375
23577
23601
24376
23578
23602
24377
23579
23603
24378
23580
23604
24379
23581
23605
24380
23582
23606
24381
23583
23607
24382
23584
23608
24383
23585
23609
24384
23586
23610
24385
23587
23611
24386
23588
23612
24387
23589
23613
24388
23590
23614
24389
23591
23615
24390
23592
23616
24391
23593
23617
24392
23594
23618
24393
23595
23619
24394
23596
23620
24395
23597
23621
24396
23598
23622
24397
23599
23623
24398
23624
24399
23601
23625
24400
23602
23626
24401
23603
23627
24402
23604
23628
24403
23605
23629
24404
23606
23630
24405
23607
23631
24406
23608
23632
24407
23609
23633
24408
23610
23634
24409
23611
23635
24410
23612
23636
24411
23613
23637
24412
23614
23638
24413
23615
23639
24414
23616
23640
24415
23617
23641
24416
23618
23642
24417
23619
23643
24418
23620
23644
24419
23621
23645
24420
23622
23646
24421
23623
23647
24422
23624
23648
24423
23649
24424
23626
23650
24425
23627
23651
24426
23628
23652
24427
23629
23653
24428
23630
23654
24429
23631
23655
24430
23632
23656
24431
23633
23657
24432
23634
23658
24433
23635
23659
24434
23636
23660
24435
23637
23661
24436
23638
23662
24437
23639
23663
24438
23640
23664
24439
23641
23665
24440
23642
23666
24441
23643
23667
24442
23644
23668
24443
23645
23669
24444
23646
23670
24445
23647
23671
24446
23648
23672
24447
23649
23673
24448
23674
24449
23651
23675
24450
23652
23676
24451
23653
23677
24452
23654
23678
24453
23655
23679
24454
23656
23680
24455
23657
23681
24456
23658
23682
24457
23659
23683
24458
23660
23684
24459
23661
23685
24460
23662
23686
24461
23663
23687
24462
23664
23688
24463
23665
23689
24464
23666
23690
24465
23667
23691
24466
23668
23692
24467
23669
23693
24468
23670
23694
24469
23671
23695
24470
23672
23696
24471
23673
23697
24472
23674
23698
24473
23699
24474
23676
23700
24475
23677
23701
24476
23678
23702
24477
23679
23703
24478
23680
23704
24479
23681
23705
24480
23682
23706
24481
23683
23707
24482
23684
23708
24483
23685
23709
24484
23686
23710
24485
23687
23711
24486
23688
23712
24487
23689
23713
24488
23690
23714
24489
23691
23715
24490
23692
23716
24491
23693
23717
24492
23694
23718
24493
23695
23719
24494
23696
23720
24495
23697
23721
24496
23698
23722
24497
23699
23723
24498
23724
24499
23701
23725
24500
23702
23726
24501
23703
23727
24502
23704
23728
24503
23705
23729
24504
23706
23730
24505
23707
23731
24506
23708
23732
24507
23709
23733
24508
23710
23734
24509
23711
23735
24510
23712
23736
24511
23713
23737
24512
23714
23738
24513
23715
23739
24514
23716
23740
24515
23717
23741
24516
23718
23742
24517
23719
23743
24518
23720
23744
24519
23721
23745
24520
23722
23746
24521
23723
23747
24522
23724
23748
24523
23749
24524
23726
23750
24525
23727
23751
24526
23728
23752
24527
23729
23753
24528
23730
23754
24529
23731
23755
24530
23732
23756
24531
23733
23757
24532
23734
23758
24533
23735
23759
24534
23736
23760
24535
23737
23761
24536
23738
23762
24537
23739
23763
24538
23740
23764
24539
23741
23765
24540
23742
23766
24541
23743
23767
24542
23744
23768
24543
23745
23769
24544
23746
23770
24545
23747
23771
24546
23748
23772
24547
23749
23773
24548
23774
24549
23751
23775
24550
23752
23776
24551
23753
23777
24552
23754
23778
24553
23755
23779
24554
23756
23780
24555
23757
23781
24556
23758
23782
24557
23759
23783
24558
23760
23784
24559
23761
23785
24560
23762
23786
24561
23763
23787
24562
23764
23788
24563
23765
23789
24564
23766
23790
24565
23767
23791
24566
23768
23792
24567
23769
23793
24568
23770
23794
24569
23771
23795
24570
23772
23796
24571
23773
23797
24572
23774
23798
24573
23799
24574
23776
23800
24575
23777
23801
24576
23778
23802
24577
23779
23803
24578
23780
23804
24579
23781
23805
24580
23782
23806
24581
23783
23807
24582
23784
23808
24583
23785
23809
24584
23786
23810
24585
23787
23811
24586
23788
23812
24587
23789
23813
24588
23790
23814
24589
23791
23815
24590
23792
23816
24591
23793
23817
24592
23794
23818
24593
23795
23819
24594
23796
23820
24595
23797
23821
24596
23798
23822
24597
23799
23823
24598
23824
24599
23801
23825
24600
23802
23826
24601
23803
23827
24602
23804
23828
24603
23805
23829
24604
23806
23830
24605
23807
23831
24606
23808
23832
24607
23809
23833
24608
23810
23834
24609
23811
23835
24610
23812
23836
24611
23813
23837
24612
23814
23838
24613
23815
23839
24614
23816
23840
24615
23817
23841
24616
23818
23842
24617
23819
23843
24618
23820
23844
24619
23821
23845
24620
23822
23846
24621
23823
23847
24622
23824
23848
24623
23849
24624
23826
23850
24625
23827
23851
24626
23828
23852
24627
23829
23853
24628
23830
23854
24629
23831
23855
24630
23832
23856
24631
23833
23857
24632
23834
23858
24633
23835
23859
24634
23836
23860
24635
23837
23861
24636
23838
23862
24637
23839
23863
24638
23840
23864
24639
23841
23865
24640
23842
23866
24641
23843
23867
24642
23844
23868
24643
23845
23869
24644
23846
23870
24645
23847
23871
24646
23848
23872
24647
23849
23873
24648
23874
24649
23851
23875
24650
23852
23876
24651
23853
23877
24652
23854
23878
24653
23855
23879
24654
23856
23880
24655
23857
23881
24656
23858
23882
24657
23859
23883
24658
23860
23884
24659
23861
23885
24660
23862
23886
24661
23863
23887
24662
23864
23888
24663
23865
23889
24664
23866
23890
24665
23867
23891
24666
23868
23892
24667
23869
23893
24668
23870
23894
24669
23871
23895
24670
23872
23896
24671
23873
23897
24672
23874
23898
24673
23899
24674
23876
23900
24675
23877
23901
24676
23878
23902
24677
23879
23903
24678
23880
23904
24679
23881
23905
24680
23882
23906
24681
23883
23907
24682
23884
23908
24683
23885
23909
24684
23886
23910
24685
23887
23911
24686
23888
23912
24687
23889
23913
24688
23890
23914
24689
23891
23915
24690
23892
23916
24691
23893
23917
24692
23894
23918
24693
23895
23919
24694
23896
23920
24695
23897
23921
24696
23898
23922
24697
23899
23923
24698
23924
24699
23901
23925
24700
23902
23926
24701
23903
23927
24702
23904
23928
24703
23905
23929
24704
23906
23930
24705
23907
23931
24706
23908
23932
24707
23909
23933
24708
23910
23934
24709
23911
23935
24710
23912
23936
24711
23913
23937
24712
23914
23938
24713
23915
23939
24714
23916
23940
24715
23917
23941
24716
23918
23942
24717
23919
23943
24718
23920
23944
24719
23921
23945
24720
23922
23946
24721
23923
23947
24722
23924
23948
24723
23949
24724
23926
23950
24725
23927
23951
24726
23928
23952
24727
23929
23953
24728
23930
23954
24729
23931
23955
24730
23932
23956
24731
23933
23957
24732
23934
23958
24733
23935
23959
24734
23936
23960
24735
23937
23961
24736
23938
23962
24737
23939
23963
24738
23940
23964
24739
23941
23965
24740
23942
23966
24741
23943
23967
24742
23944
23968
24743
23945
23969
24744
23946
23970
24745
23947
23971
24746
23948
23972
24747
23949
23973
24748
23974
24749
23951
23975
24750
23952
23976
24751
23953
23977
24752
23954
23978
24753
23955
23979
24754
23956
23980
24755
23957
23981
24756
23958
23982
24757
23959
23983
24758
23960
23984
24759
23961
23985
24760
23962
23986
24761
23963
23987
24762
23964
23988
24763
23965
23989
24764
23966
23990
24765
23967
23991
24766
23968
23992
24767
23969
23993
24768
23970
23994
24769
23971
23995
24770
23972
23996
24771
23973
23997
24772
23974
23998
24773
23999
24774
23976
24775
23977
24776
23978
24777
23979
24778
23980
24779
23981
24780
23982
24781
23983
24782
23984
24783
23985
24784
23986
24785
23987
24786
23988
24787
23989
24788
23990
24789
23991
24790
23992
24791
23993
24792
23994
24793
23995
24794
23996
24795
23997
24796
23998
24797
23999
24798
24799
24001
24025
24800
24002
24026
24801
24003
24027
24802
24004
24028
24803
24005
24029
24804
24006
24030
24805
24007
24031
24806
24008
24032
24807
24009
24033
24808
24010
24034
24809
24011
24035
24810
24012
24036
24811
24013
24037
24812
24014
24038
24813
24015
24039
24814
24016
24040
24815
24017
24041
24816
24018
24042
24817
24019
24043
24818
24020
24044
24819
24021
24045
24820
24022
24046
24821
24023
24047
24822
24024
24048
24823
24049
24824
24026
24050
24825
24027
24051
24826
24028
24052
24827
24029
24053
24828
24030
24054
24829
24031
24055
24830
24032
24056
24831
24033
24057
24832
24034
24058
24833
24035
24059
24834
24036
24060
24835
24037
24061
24836
24038
24062
24837
24039
24063
24838
24040
24064
24839
24041
24065
24840
24042
24066
24841
24043
24067
24842
24044
24068
24843
24045
24069
24844
24046
24070
24845
24047
24071
24846
24048
24072
24847
24049
24073
24848
24074
24849
24051
24075
24850
24052
24076
24851
24053
24077
24852
24054
24078
24853
24055
24079
24854
24056
24080
24855
24057
24081
24856
24058
24082
24857
24059
24083
24858
24060
24084
24859
24061
24085
24860
24062
24086
24861
24063
24087
24862
24064
24088
24863
24065
24089
24864
24066
24090
24865
24067
24091
24866
24068
24092
24867
24069
24093
24868
24070
24094
24869
24071
24095
24870
24072
24096
24871
24073
24097
24872
24074
24098
24873
24099
24874
24076
24100
24875
24077
24101
24876
24078
24102
24877
24079
24103
24878
24080
24104
24879
24081
24105
24880
24082
24106
24881
24083
24107
24882
24084
24108
24883
24085
24109
24884
24086
24110
24885
24087
24111
24886
24088
24112
24887
24089
24113
24888
24090
24114
24889
24091
24115
24890
24092
24116
24891
24093
24117
24892
24094
24118
24893
24095
24119
24894
24096
24120
24895
24097
24121
24896
24098
24122
24897
24099
24123
24898
24124
24899
24101
24125
24900
24102
24126
24901
24103
24127
24902
24104
24128
24903
24105
24129
24904
24106
24130
24905
24107
24131
24906
24108
24132
24907
24109
24133
24908
24110
24134
24909
24111
24135
24910
24112
24136
24911
24113
24137
24912
24114
24138
24913
24115
24139
24914
24116
24140
24915
24117
24141
24916
24118
24142
24917
24119
24143
24918
24120
24144
24919
24121
24145
24920
24122
24146
24921
24123
24147
24922
24124
24148
24923
24149
24924
24126
24150
24925
24127
24151
24926
24128
24152
24927
24129
24153
24928
24130
24154
24929
24131
24155
24930
24132
24156
24931
24133
24157
24932
24134
24158
24933
24135
24159
24934
24136
24160
24935
24137
24161
24936
24138
24162
24937
24139
24163
24938
24140
24164
24939
24141
24165
24940
24142
24166
24941
24143
24167
24942
24144
24168
24943
24145
24169
24944
24146
24170
24945
24147
24171
24946
24148
24172
24947
24149
24173
24948
24174
24949
24151
24175
24950
24152
24176
24951
24153
24177
24952
24154
24178
24953
24155
24179
24954
24156
24180
24955
24157
24181
24956
24158
24182
24957
24159
24183
24958
24160
24184
24959
24161
24185
24960
24162
24186
24961
24163
24187
24962
24164
24188
24963
24165
24189
24964
24166
24190
24965
24167
24191
24966
24168
24192
24967
24169
24193
24968
24170
24194
24969
24171
24195
24970
24172
24196
24971
24173
24197
24972
24174
24198
24973
24199
24974
24176
24200
24975
24177
24201
24976
24178
24202
24977
24179
24203
24978
24180
24204
24979
24181
24205
24980
24182
24206
24981
24183
24207
24982
24184
24208
24983
24185
24209
24984
24186
24210
24985
24187
24211
24986
24188
24212
24987
24189
24213
24988
24190
24214
24989
24191
24215
24990
24192
24216
24991
24193
24217
24992
24194
24218
24993
24195
24219
24994
24196
24220
24995
24197
24221
24996
24198
24222
24997
24199
24223
24998
24224
24999
24201
24225
25000
24202
24226
25001
24203
24227
25002
24204
24228
25003
24205
24229
25004
24206
24230
25005
24207
24231
25006
24208
24232
25007
24209
24233
25008
24210
24234
25009
24211
24235
25010
24212
24236
25011
24213
24237
25012
24214
24238
25013
24215
24239
25014
24216
24240
25015
24217
24241
25016
24218
24242
25017
24219
24243
25018
24220
24244
25019
24221
24245
25020
24222
24246
25021
24223
24247
25022
24224
24248
25023
24249
25024
24226
24250
25025
24227
24251
25026
24228
24252
25027
24229
24253
25028
24230
24254
25029
24231
24255
25030
24232
24256
25031
24233
24257
25032
24234
24258
25033
24235
24259
25034
24236
24260
25035
24237
24261
25036
24238
24262
25037
24239
24263
25038
24240
24264
25039
24241
24265
25040
24242
24266
25041
24243
24267
25042
24244
24268
25043
24245
24269
25044
24246
24270
25045
24247
24271
25046
24248
24272
25047
24249
24273
25048
24274
25049
24251
24275
25050
24252
24276
25051
24253
24277
25052
24254
24278
25053
24255
24279
25054
24256
24280
25055
24257
24281
25056
24258
24282
25057
24259
24283
25058
24260
24284
25059
24261
24285
25060
24262
24286
25061
24263
24287
25062
24264
24288
25063
24265
24289
25064
24266
24290
25065
24267
24291
25066
24268
24292
25067
24269
24293
25068
24270
24294
25069
24271
24295
25070
24272
24296
25071
24273
24297
25072
24274
24298
25073
24299
25074
24276
24300
25075
24277
24301
25076
24278
24302
25077
24279
24303
25078
24280
24304
25079
24281
24305
25080
24282
24306
25081
24283
24307
25082
24284
24308
25083
24285
24309
25084
24286
24310
25085
24287
24311
25086
24288
24312
25087
24289
24313
25088
24290
24314
25089
24291
24315
25090
24292
24316
25091
24293
24317
25092
24294
24318
25093
24295
24319
25094
24296
24320
25095
24297
24321
25096
24298
24322
25097
24299
24323
25098
24324
25099
24301
24325
25100
24302
24326
25101
24303
24327
25102
24304
24328
25103
24305
24329
25104
24306
24330
25105
24307
24331
25106
24308
24332
25107
24309
24333
25108
24310
24334
25109
24311
24335
25110
24312
24336
25111
24313
24337
25112
24314
24338
25113
24315
24339
25114
24316
24340
25115
24317
24341
25116
24318
24342
25117
24319
24343
25118
24320
24344
25119
24321
24345
25120
24322
24346
25121
24323
24347
25122
24324
24348
25123
24349
25124
24326
24350
25125
24327
24351
25126
24328
24352
25127
24329
24353
25128
24330
24354
25129
24331
24355
25130
24332
24356
25131
24333
24357
25132
24334
24358
25133
24335
24359
25134
24336
24360
25135
24337
24361
25136
24338
24362
25137
24339
24363
25138
24340
24364
25139
24341
24365
25140
24342
24366
25141
24343
24367
25142
24344
24368
25143
24345
24369
25144
24346
24370
25145
24347
24371
25146
24348
24372
25147
24349
24373
25148
24374
25149
24351
24375
25150
24352
24376
25151
24353
24377
25152
24354
24378
25153
24355
24379
25154
24356
24380
25155
24357
24381
25156
24358
24382
25157
24359
24383
25158
24360
24384
25159
24361
24385
25160
24362
24386
25161
24363
24387
25162
24364
24388
25163
24365
24389
25164
24366
24390
25165
24367
24391
25166
24368
24392
25167
24369
24393
25168
24370
24394
25169
24371
24395
25170
24372
24396
25171
24373
24397
25172
24374
24398
25173
24399
25174
24376
24400
25175
24377
24401
25176
24378
24402
25177
24379
24403
25178
24380
24404
25179
24381
24405
25180
24382
24406
25181
24383
24407
25182
24384
24408
25183
24385
24409
25184
24386
24410
25185
24387
24411
25186
24388
24412
25187
24389
24413
25188
24390
24414
25189
24391
24415
25190
24392
24416
25191
24393
24417
25192
24394
24418
25193
24395
24419
25194
24396
24420
25195
24397
24421
25196
24398
24422
25197
24399
24423
25198
24424
25199
24401
24425
25200
24402
24426
25201
24403
24427
25202
24404
24428
25203
24405
24429
25204
24406
24430
25205
24407
24431
25206
24408
24432
25207
24409
24433
25208
24410
24434
25209
24411
24435
25210
24412
24436
25211
24413
24437
25212
24414
24438
25213
24415
24439
25214
24416
24440
25215
24417
24441
25216
24418
24442
25217
24419
24443
25218
24420
24444
25219
24421
24445
25220
24422
24446
25221
24423
24447
25222
24424
24448
25223
24449
25224
24426
24450
25225
24427
24451
25226
24428
24452
25227
24429
24453
25228
24430
24454
25229
24431
24455
25230
24432
24456
25231
24433
24457
25232
24434
24458
25233
24435
24459
25234
24436
24460
25235
24437
24461
25236
24438
24462
25237
24439
24463
25238
24440
24464
25239
24441
24465
25240
24442
24466
25241
24443
24467
25242
24444
24468
25243
24445
24469
25244
24446
24470
25245
24447
24471
25246
24448
24472
25247
24449
24473
25248
24474
25249
24451
24475
25250
24452
24476
25251
24453
24477
25252
24454
24478
25253
24455
24479
25254
24456
24480
25255
24457
24481
25256
24458
24482
25257
24459
24483
25258
24460
24484
25259
24461
24485
25260
24462
24486
25261
24463
24487
25262
24464
24488
25263
24465
24489
25264
24466
24490
25265
24467
24491
25266
24468
24492
25267
24469
24493
25268
24470
24494
25269
24471
24495
25270
24472
24496
25271
24473
24497
25272
24474
24498
25273
24499
25274
24476
24500
25275
24477
24501
25276
24478
24502
25277
24479
24503
25278
24480
24504
25279
24481
24505
25280
24482
24506
25281
24483
24507
25282
24484
24508
25283
24485
24509
25284
24486
24510
25285
24487
24511
25286
24488
24512
25287
24489
24513
25288
24490
24514
25289
24491
24515
25290
24492
24516
25291
24493
24517
25292
24494
24518
25293
24495
24519
25294
24496
24520
25295
24497
24521
25296
24498
24522
25297
24499
24523
25298
24524
25299
24501
24525
25300
24502
24526
25301
24503
24527
25302
24504
24528
25303
24505
24529
25304
24506
24530
25305
24507
24531
25306
24508
24532
25307
24509
24533
25308
24510
24534
25309
24511
24535
25310
24512
24536
25311
24513
24537
25312
24514
24538
25313
24515
24539
25314
24516
24540
25315
24517
24541
25316
24518
24542
25317
24519
24543
25318
24520
24544
25319
24521
24545
25320
24522
24546
25321
24523
24547
25322
24524
24548
25323
24549
25324
24526
24550
25325
24527
24551
25326
24528
24552
25327
24529
24553
25328
24530
24554
25329
24531
24555
25330
24532
24556
25331
24533
24557
25332
24534
24558
25333
24535
24559
25334
24536
24560
25335
24537
24561
25336
24538
24562
25337
24539
24563
25338
24540
24564
25339
24541
24565
25340
24542
24566
25341
24543
24567
25342
24544
24568
25343
24545
24569
25344
24546
24570
25345
24547
24571
25346
24548
24572
25347
24549
24573
25348
24574
25349
24551
24575
25350
24552
24576
25351
24553
24577
25352
24554
24578
25353
24555
24579
25354
24556
24580
25355
24557
24581
25356
24558
24582
25357
24559
24583
25358
24560
24584
25359
24561
24585
25360
24562
24586
25361
24563
24587
25362
24564
24588
25363
24565
24589
25364
24566
24590
25365
24567
24591
25366
24568
24592
25367
24569
24593
25368
24570
24594
25369
24571
24595
25370
24572
24596
25371
24573
24597
25372
24574
24598
25373
24599
25374
24576
24600
25375
24577
24601
25376
24578
24602
25377
24579
24603
25378
24580
24604
25379
24581
24605
25380
24582
24606
25381
24583
24607
25382
24584
24608
25383
24585
24609
25384
24586
24610
25385
24587
24611
25386
24588
24612
25387
24589
24613
25388
24590
24614
25389
24591
24615
25390
24592
24616
25391
24593
24617
25392
24594
24618
25393
24595
24619
25394
24596
24620
25395
24597
24621
25396
24598
24622
25397
24599
24623
25398
24624
25399
24601
24625
25400
24602
24626
25401
24603
24627
25402
24604
24628
25403
24605
24629
25404
24606
24630
25405
24607
24631
25406
24608
24632
25407
24609
24633
25408
24610
24634
25409
24611
24635
25410
24612
24636
25411
24613
24637
25412
24614
24638
25413
24615
24639
25414
24616
24640
25415
24617
24641
25416
24618
24642
25417
24619
24643
25418
24620
24644
25419
24621
24645
25420
24622
24646
25421
24623
24647
25422
24624
24648
25423
24649
25424
24626
24650
25425
24627
24651
25426
24628
24652
25427
24629
24653
25428
24630
24654
25429
24631
24655
25430
24632
24656
25431
24633
24657
25432
24634
24658
25433
24635
24659
25434
24636
24660
25435
24637
24661
25436
24638
24662
25437
24639
24663
25438
24640
24664
25439
24641
24665
25440
24642
24666
25441
24643
24667
25442
24644
24668
25443
24645
24669
25444
24646
24670
25445
24647
24671
25446
24648
24672
25447
24649
24673
25448
24674
25449
24651
24675
25450
24652
24676
25451
24653
24677
25452
24654
24678
25453
24655
24679
25454
24656
24680
25455
24657
24681
25456
24658
24682
25457
24659
24683
25458
24660
24684
25459
24661
24685
25460
24662
24686
25461
24663
24687
25462
24664
24688
25463
24665
24689
25464
24666
24690
25465
24667
24691
25466
24668
24692
25467
24669
24693
25468
24670
24694
25469
24671
24695
25470
24672
24696
25471
24673
24697
25472
24674
24698
25473
24699
25474
24676
24700
25475
24677
24701
25476
24678
24702
25477
24679
24703
25478
24680
24704
25479
24681
24705
25480
24682
24706
25481
24683
24707
25482
24684
24708
25483
24685
24709
25484
24686
24710
25485
24687
24711
25486
24688
24712
25487
24689
24713
25488
24690
24714
25489
24691
24715
25490
24692
24716
25491
24693
24717
25492
24694
24718
25493
24695
24719
25494
24696
24720
25495
24697
24721
25496
24698
24722
25497
24699
24723
25498
24724
25499
24701
24725
25500
24702
24726
25501
24703
24727
25502
24704
24728
25503
24705
24729
25504
24706
24730
25505
24707
24731
25506
24708
24732
25507
24709
24733
25508
24710
24734
25509
24711
24735
25510
24712
24736
25511
24713
24737
25512
24714
24738
25513
24715
24739
25514
24716
24740
25515
24717
24741
25516
24718
24742
25517
24719
24743
25518
24720
24744
25519
24721
24745
25520
24722
24746
25521
24723
24747
25522
24724
24748
25523
24749
25524
24726
24750
25525
24727
24751
25526
24728
24752
25527
24729
24753
25528
24730
24754
25529
24731
24755
25530
24732
24756
25531
24733
24757
25532
24734
24758
25533
24735
24759
25534
24736
24760
25535
24737
24761
25536
24738
24762
25537
24739
24763
25538
24740
24764
25539
24741
24765
25540
24742
24766
25541
24743
24767
25542
24744
24768
25543
24745
24769
25544
24746
24770
25545
24747
24771
25546
24748
24772
25547
24749
24773
25548
24774
25549
24751
24775
25550
24752
24776
25551
24753
24777
25552
24754
24778
25553
24755
24779
25554
24756
24780
25555
24757
24781
25556
24758
24782
25557
24759
24783
25558
24760
24784
25559
24761
24785
25560
24762
24786
25561
24763
24787
25562
24764
24788
25563
24765
24789
25564
24766
24790
25565
24767
24791
25566
24768
24792
25567
24769
24793
25568
24770
24794
25569
24771
24795
25570
24772
24796
25571
24773
24797
25572
24774
24798
25573
24799
25574
24776
25575
24777
25576
24778
25577
24779
25578
24780
25579
24781
25580
24782
25581
24783
25582
24784
25583
24785
25584
24786
25585
24787
25586
24788
25587
24789
25588
24790
25589
24791
25590
24792
25591
24793
25592
24794
25593
24795
25594
24796
25595
24797
25596
24798
25597
24799
25598
25599
24801
24825
25600
24802
24826
25601
24803
24827
25602
24804
24828
25603
24805
24829
25604
24806
24830
25605
24807
24831
25606
24808
24832
25607
24809
24833
25608
24810
24834
25609
24811
24835
25610
24812
24836
25611
24813
24837
25612
24814
24838
25613
24815
24839
25614
24816
24840
25615
24817
24841
25616
24818
24842
25617
24819
24843
25618
24820
24844
25619
24821
24845
25620
24822
24846
25621
24823
24847
25622
24824
24848
25623
24849
25624
24826
24850
25625
24827
24851
25626
24828
24852
25627
24829
24853
25628
24830
24854
25629
24831
24855
25630
24832
24856
25631
24833
24857
25632
24834
24858
25633
24835
24859
25634
24836
24860
25635
24837
24861
25636
24838
24862
25637
24839
24863
25638
24840
24864
25639
24841
24865
25640
24842
24866
25641
24843
24867
25642
24844
24868
25643
24845
24869
25644
24846
24870
25645
24847
24871
25646
24848
24872
25647
24849
24873
25648
24874
25649
24851
24875
25650
24852
24876
25651
24853
24877
25652
24854
24878
25653
24855
24879
25654
24856
24880
25655
24857
24881
25656
24858
24882
25657
24859
24883
25658
24860
24884
25659
24861
24885
25660
24862
24886
25661
24863
24887
25662
24864
24888
25663
24865
24889
25664
24866
24890
25665
24867
24891
25666
24868
24892
25667
24869
24893
25668
24870
24894
25669
24871
24895
25670
24872
24896
25671
24873
24897
25672
24874
24898
25673
24899
25674
24876
24900
25675
24877
24901
25676
24878
24902
25677
24879
24903
25678
24880
24904
25679
24881
24905
25680
24882
24906
25681
24883
24907
25682
24884
24908
25683
24885
24909
25684
24886
24910
25685
24887
24911
25686
24888
24912
25687
24889
24913
25688
24890
24914
25689
24891
24915
25690
24892
24916
25691
24893
24917
25692
24894
24918
25693
24895
24919
25694
24896
24920
25695
24897
24921
25696
24898
24922
25697
24899
24923
25698
24924
25699
24901
24925
25700
24902
24926
25701
24903
24927
25702
24904
24928
25703
24905
24929
25704
24906
24930
25705
24907
24931
25706
24908
24932
25707
24909
24933
25708
24910
24934
25709
24911
24935
25710
24912
24936
25711
24913
24937
25712
24914
24938
25713
24915
24939
25714
24916
24940
25715
24917
24941
25716
24918
24942
25717
24919
24943
25718
24920
24944
25719
24921
24945
25720
24922
24946
25721
24923
24947
25722
24924
24948
25723
24949
25724
24926
24950
25725
24927
24951
25726
24928
24952
25727
24929
24953
25728
24930
24954
25729
24931
24955
25730
24932
24956
25731
24933
24957
25732
24934
24958
25733
24935
24959
25734
24936
24960
25735
24937
24961
25736
24938
24962
25737
24939
24963
25738
24940
24964
25739
24941
24965
25740
24942
24966
25741
24943
24967
25742
24944
24968
25743
24945
24969
25744
24946
24970
25745
24947
24971
25746
24948
24972
25747
24949
24973
25748
24974
25749
24951
24975
25750
24952
24976
25751
24953
24977
25752
24954
24978
25753
24955
24979
25754
24956
24980
25755
24957
24981
25756
24958
24982
25757
24959
24983
25758
24960
24984
25759
24961
24985
25760
24962
24986
25761
24963
24987
25762
24964
24988
25763
24965
24989
25764
24966
24990
25765
24967
24991
25766
24968
24992
25767
24969
24993
25768
24970
24994
25769
24971
24995
25770
24972
24996
25771
24973
24997
25772
24974
24998
25773
24999
25774
24976
25000
25775
24977
25001
25776
24978
25002
25777
24979
25003
25778
24980
25004
25779
24981
25005
25780
24982
25006
25781
24983
25007
25782
24984
25008
25783
24985
25009
25784
24986
25010
25785
24987
25011
25786
24988
25012
25787
24989
25013
25788
24990
25014
25789
24991
25015
25790
24992
25016
25791
24993
25017
25792
24994
25018
25793
24995
25019
25794
24996
25020
25795
24997
25021
25796
24998
25022
25797
24999
25023
25798
25024
25799
25001
25025
25800
25002
25026
25801
25003
25027
25802
25004
25028
25803
25005
25029
25804
25006
25030
25805
25007
25031
25806
25008
25032
25807
25009
25033
25808
25010
25034
25809
25011
25035
25810
25012
25036
25811
25013
25037
25812
25014
25038
25813
25015
25039
25814
25016
25040
25815
25017
25041
25816
25018
25042
25817
25019
25043
25818
25020
25044
25819
25021
25045
25820
25022
25046
25821
25023
25047
25822
25024
25048
25823
25049
25824
25026
25050
25825
25027
25051
25826
25028
25052
25827
25029
25053
25828
25030
25054
25829
25031
25055
25830
25032
25056
25831
25033
25057
25832
25034
25058
25833
25035
25059
25834
25036
25060
25835
25037
25061
25836
25038
25062
25837
25039
25063
25838
25040
25064
25839
25041
25065
25840
25042
25066
25841
25043
25067
25842
25044
25068
25843
25045
25069
25844
25046
25070
25845
25047
25071
25846
25048
25072
25847
25049
25073
25848
25074
25849
25051
25075
25850
25052
25076
25851
25053
25077
25852
25054
25078
25853
25055
25079
25854
25056
25080
25855
25057
25081
25856
25058
25082
25857
25059
25083
25858
25060
25084
25859
25061
25085
25860
25062
25086
25861
25063
25087
25862
25064
25088
25863
25065
25089
25864
25066
25090
25865
25067
25091
25866
25068
25092
25867
25069
25093
25868
25070
25094
25869
25071
25095
25870
25072
25096
25871
25073
25097
25872
25074
25098
25873
25099
25874
25076
25100
25875
25077
25101
25876
25078
25102
25877
25079
25103
25878
25080
25104
25879
25081
25105
25880
25082
25106
25881
25083
25107
25882
25084
25108
25883
25085
25109
25884
25086
25110
25885
25087
25111
25886
25088
25112
25887
25089
25113
25888
25090
25114
25889
25091
25115
25890
25092
25116
25891
25093
25117
25892
25094
25118
25893
25095
25119
25894
25096
25120
25895
25097
25121
25896
25098
25122
25897
25099
25123
25898
25124
25899
25101
25125
25900
25102
25126
25901
25103
25127
25902
25104
25128
25903
25105
25129
25904
25106
25130
25905
25107
25131
25906
25108
25132
25907
25109
25133
25908
25110
25134
25909
25111
25135
25910
25112
25136
25911
25113
25137
25912
25114
25138
25913
25115
25139
25914
25116
25140
25915
25117
25141
25916
25118
25142
25917
25119
25143
25918
25120
25144
25919
25121
25145
25920
25122
25146
25921
25123
25147
25922
25124
25148
25923
25149
25924
25126
25150
25925
25127
25151
25926
25128
25152
25927
25129
25153
25928
25130
25154
25929
25131
25155
25930
25132
25156
25931
25133
25157
25932
25134
25158
25933
25135
25159
25934
25136
25160
25935
25137
25161
25936
25138
25162
25937
25139
25163
25938
25140
25164
25939
25141
25165
25940
25142
25166
25941
25143
25167
25942
25144
25168
25943
25145
25169
25944
25146
25170
25945
25147
25171
25946
25148
25172
25947
25149
25173
25948
25174
25949
25151
25175
25950
25152
25176
25951
25153
25177
25952
25154
25178
25953
25155
25179
25954
25156
25180
25955
25157
25181
25956
25158
25182
25957
25159
25183
25958
25160
25184
25959
25161
25185
25960
25162
25186
25961
25163
25187
25962
25164
25188
25963
25165
25189
25964
25166
25190
25965
25167
25191
25966
25168
25192
25967
25169
25193
25968
25170
25194
25969
25171
25195
25970
25172
25196
25971
25173
25197
25972
25174
25198
25973
25199
25974
25176
25200
25975
25177
25201
25976
25178
25202
25977
25179
25203
25978
25180
25204
25979
25181
25205
25980
25182
25206
25981
25183
25207
25982
25184
25208
25983
25185
25209
25984
25186
25210
25985
25187
25211
25986
25188
25212
25987
25189
25213
25988
25190
25214
25989
25191
25215
25990
25192
25216
25991
25193
25217
25992
25194
25218
25993
25195
25219
25994
25196
25220
25995
25197
25221
25996
25198
25222
25997
25199
25223
25998
25224
25999
25201
25225
26000
25202
25226
26001
25203
25227
26002
25204
25228
26003
25205
25229
26004
25206
25230
26005
25207
25231
26006
25208
25232
26007
25209
25233
26008
25210
25234
26009
25211
25235
26010
25212
25236
26011
25213
25237
26012
25214
25238
26013
25215
25239
26014
25216
25240
26015
25217
25241
26016
25218
25242
26017
25219
25243
26018
25220
25244
26019
25221
25245
26020
25222
25246
26021
25223
25247
26022
25224
25248
26023
25249
26024
25226
25250
26025
25227
25251
26026
25228
25252
26027
25229
25253
26028
25230
25254
26029
25231
25255
26030
25232
25256
26031
25233
25257
26032
25234
25258
26033
25235
25259
26034
25236
25260
26035
25237
25261
26036
25238
25262
26037
25239
25263
26038
25240
25264
26039
25241
25265
26040
25242
25266
26041
25243
25267
26042
25244
25268
26043
25245
25269
26044
25246
25270
26045
25247
25271
26046
25248
25272
26047
25249
25273
26048
25274
26049
25251
25275
26050
25252
25276
26051
25253
25277
26052
25254
25278
26053
25255
25279
26054
25256
25280
26055
25257
25281
26056
25258
25282
26057
25259
25283
26058
25260
25284
26059
25261
25285
26060
25262
25286
26061
25263
25287
26062
25264
25288
26063
25265
25289
26064
25266
25290
26065
25267
25291
26066
25268
25292
26067
25269
25293
26068
25270
25294
26069
25271
25295
26070
25272
25296
26071
25273
25297
26072
25274
25298
26073
25299
26074
25276
25300
26075
25277
25301
26076
25278
25302
26077
25279
25303
26078
25280
25304
26079
25281
25305
26080
25282
25306
26081
25283
25307
26082
25284
25308
26083
25285
25309
26084
25286
25310
26085
25287
25311
26086
25288
25312
26087
25289
25313
26088
25290
25314
26089
25291
25315
26090
25292
25316
26091
25293
25317
26092
25294
25318
26093
25295
25319
26094
25296
25320
26095
25297
25321
26096
25298
25322
26097
25299
25323
26098
25324
26099
25301
25325
26100
25302
25326
26101
25303
25327
26102
25304
25328
26103
25305
25329
26104
25306
25330
26105
25307
25331
26106
25308
25332
26107
25309
25333
26108
25310
25334
26109
25311
25335
26110
25312
25336
26111
25313
25337
26112
25314
25338
26113
25315
25339
26114
25316
25340
26115
25317
25341
26116
25318
25342
26117
25319
25343
26118
25320
25344
26119
25321
25345
26120
25322
25346
26121
25323
25347
26122
25324
25348
26123
25349
26124
25326
25350
26125
25327
25351
26126
25328
25352
26127
25329
25353
26128
25330
25354
26129
25331
25355
26130
25332
25356
26131
25333
25357
26132
25334
25358
26133
25335
25359
26134
25336
25360
26135
25337
25361
26136
25338
25362
26137
25339
25363
26138
25340
25364
26139
25341
25365
26140
25342
25366
26141
25343
25367
26142
25344
25368
26143
25345
25369
26144
25346
25370
26145
25347
25371
26146
25348
25372
26147
25349
25373
26148
25374
26149
25351
25375
26150
25352
25376
26151
25353
25377
26152
25354
25378
26153
25355
25379
26154
25356
25380
26155
25357
25381
26156
25358
25382
26157
25359
25383
26158
25360
25384
26159
25361
25385
26160
25362
25386
26161
25363
25387
26162
25364
25388
26163
25365
25389
26164
25366
25390
26165
25367
25391
26166
25368
25392
26167
25369
25393
26168
25370
25394
26169
25371
25395
26170
25372
25396
26171
25373
25397
26172
25374
25398
26173
25399
26174
25376
25400
26175
25377
25401
26176
25378
25402
26177
25379
25403
26178
25380
25404
26179
25381
25405
26180
25382
25406
26181
25383
25407
26182
25384
25408
26183
25385
25409
26184
25386
25410
26185
25387
25411
26186
25388
25412
26187
25389
25413
26188
25390
25414
26189
25391
25415
26190
25392
25416
26191
25393
25417
26192
25394
25418
26193
25395
25419
26194
25396
25420
26195
25397
25421
26196
25398
25422
26197
25399
25423
26198
25424
26199
25401
25425
26200
25402
25426
26201
25403
25427
26202
25404
25428
26203
25405
25429
26204
25406
25430
26205
25407
25431
26206
25408
25432
26207
25409
25433
26208
25410
25434
26209
25411
25435
26210
25412
25436
26211
25413
25437
26212
25414
25438
26213
25415
25439
26214
25416
25440
26215
25417
25441
26216
25418
25442
26217
25419
25443
26218
25420
25444
26219
25421
25445
26220
25422
25446
26221
25423
25447
26222
25424
25448
26223
25449
26224
25426
25450
26225
25427
25451
26226
25428
25452
26227
25429
25453
26228
25430
25454
26229
25431
25455
26230
25432
25456
26231
25433
25457
26232
25434
25458
26233
25435
25459
26234
25436
25460
26235
25437
25461
26236
25438
25462
26237
25439
25463
26238
25440
25464
26239
25441
25465
26240
25442
25466
26241
25443
25467
26242
25444
25468
26243
25445
25469
26244
25446
25470
26245
25447
25471
26246
25448
25472
26247
25449
25473
26248
25474
26249
25451
25475
26250
25452
25476
26251
25453
25477
26252
25454
25478
26253
25455
25479
26254
25456
25480
26255
25457
25481
26256
25458
25482
26257
25459
25483
26258
25460
25484
26259
25461
25485
26260
25462
25486
26261
25463
25487
26262
25464
25488
26263
25465
25489
26264
25466
25490
26265
25467
25491
26266
25468
25492
26267
25469
25493
26268
25470
25494
26269
25471
25495
26270
25472
25496
26271
25473
25497
26272
25474
25498
26273
25499
26274
25476
25500
26275
25477
25501
26276
25478
25502
26277
25479
25503
26278
25480
25504
26279
25481
25505
26280
25482
25506
26281
25483
25507
26282
25484
25508
26283
25485
25509
26284
25486
25510
26285
25487
25511
26286
25488
25512
26287
25489
25513
26288
25490
25514
26289
25491
25515
26290
25492
25516
26291
25493
25517
26292
25494
25518
26293
25495
25519
26294
25496
25520
26295
25497
25521
26296
25498
25522
26297
25499
25523
26298
25524
26299
25501
25525
26300
25502
25526
26301
25503
25527
26302
25504
25528
26303
25505
25529
26304
25506
25530
26305
25507
25531
26306
25508
25532
26307
25509
25533
26308
25510
25534
26309
25511
25535
26310
25512
25536
26311
25513
25537
26312
25514
25538
26313
25515
25539
26314
25516
25540
26315
25517
25541
26316
25518
25542
26317
25519
25543
26318
25520
25544
26319
25521
25545
26320
25522
25546
26321
25523
25547
26322
25524
25548
26323
25549
26324
25526
25550
26325
25527
25551
26326
25528
25552
26327
25529
25553
26328
25530
25554
26329
25531
25555
26330
25532
25556
26331
25533
25557
26332
25534
25558
26333
25535
25559
26334
25536
25560
26335
25537
25561
26336
25538
25562
26337
25539
25563
26338
25540
25564
26339
25541
25565
26340
25542
25566
26341
25543
25567
26342
25544
25568
26343
25545
25569
26344
25546
25570
26345
25547
25571
26346
25548
25572
26347
25549
25573
26348
25574
26349
25551
25575
26350
25552
25576
26351
25553
25577
26352
25554
25578
26353
25555
25579
26354
25556
25580
26355
25557
25581
26356
25558
25582
26357
25559
25583
26358
25560
25584
26359
25561
25585
26360
25562
25586
26361
25563
25587
26362
25564
25588
26363
25565
25589
26364
25566
25590
26365
25567
25591
26366
25568
25592
26367
25569
25593
26368
25570
25594
26369
25571
25595
26370
25572
25596
26371
25573
25597
26372
25574
25598
26373
25599
26374
25576
26375
25577
26376
25578
26377
25579
26378
25580
26379
25581
26380
25582
26381
25583
26382
25584
26383
25585
26384
25586
26385
25587
26386
25588
26387
25589
26388
25590
26389
25591
26390
25592
26391
25593
26392
25594
26393
25595
26394
25596
26395
25597
26396
25598
26397
25599
26398
26399
25601
25625
26400
25602
25626
26401
25603
25627
26402
25604
25628
26403
25605
25629
26404
25606
25630
26405
25607
25631
26406
25608
25632
26407
25609
25633
26408
25610
25634
26409
25611
25635
26410
25612
25636
26411
25613
25637
26412
25614
25638
26413
25615
25639
26414
25616
25640
26415
25617
25641
26416
25618
25642
26417
25619
25643
26418
25620
25644
26419
25621
25645
26420
25622
25646
26421
25623
25647
26422
25624
25648
26423
25649
26424
25626
25650
26425
25627
25651
26426
25628
25652
26427
25629
25653
26428
25630
25654
26429
25631
25655
26430
25632
25656
26431
25633
25657
26432
25634
25658
26433
25635
25659
26434
25636
25660
26435
25637
25661
26436
25638
25662
26437
25639
25663
26438
25640
25664
26439
25641
25665
26440
25642
25666
26441
25643
25667
26442
25644
25668
26443
25645
25669
26444
25646
25670
26445
25647
25671
26446
25648
25672
26447
25649
25673
26448
25674
26449
25651
25675
26450
25652
25676
26451
25653
25677
26452
25654
25678
26453
25655
25679
26454
25656
25680
26455
25657
25681
26456
25658
25682
26457
25659
25683
26458
25660
25684
26459
25661
25685
26460
25662
25686
26461
25663
25687
26462
25664
25688
26463
25665
25689
26464
25666
25690
26465
25667
25691
26466
25668
25692
26467
25669
25693
26468
25670
25694
26469
25671
25695
26470
25672
25696
26471
25673
25697
26472
25674
25698
26473
25699
26474
25676
25700
26475
25677
25701
26476
25678
25702
26477
25679
25703
26478
25680
25704
26479
25681
25705
26480
25682
25706
26481
25683
25707
26482
25684
25708
26483
25685
25709
26484
25686
25710
26485
25687
25711
26486
25688
25712
26487
25689
25713
26488
25690
25714
26489
25691
25715
26490
25692
25716
26491
25693
25717
26492
25694
25718
26493
25695
25719
26494
25696
25720
26495
25697
25721
26496
25698
25722
26497
25699
25723
26498
25724
26499
25701
25725
26500
25702
25726
26501
25703
25727
26502
25704
25728
26503
25705
25729
26504
25706
25730
26505
25707
25731
26506
25708
25732
26507
25709
25733
26508
25710
25734
26509
25711
25735
26510
25712
25736
26511
25713
25737
26512
25714
25738
26513
25715
25739
26514
25716
25740
26515
25717
25741
26516
25718
25742
26517
25719
25743
26518
25720
25744
26519
25721
25745
26520
25722
25746
26521
25723
25747
26522
25724
25748
26523
25749
26524
25726
25750
26525
25727
25751
26526
25728
25752
26527
25729
25753
26528
25730
25754
26529
25731
25755
26530
25732
25756
26531
25733
25757
26532
25734
25758
26533
25735
25759
26534
25736
25760
26535
25737
25761
26536
25738
25762
26537
25739
25763
26538
25740
25764
26539
25741
25765
26540
25742
25766
26541
25743
25767
26542
25744
25768
26543
25745
25769
26544
25746
25770
26545
25747
25771
26546
25748
25772
26547
25749
25773
26548
25774
26549
25751
25775
26550
25752
25776
26551
25753
25777
26552
25754
25778
26553
25755
25779
26554
25756
25780
26555
25757
25781
26556
25758
25782
26557
25759
25783
26558
25760
25784
26559
25761
25785
26560
25762
25786
26561
25763
25787
26562
25764
25788
26563
25765
25789
26564
25766
25790
26565
25767
25791
26566
25768
25792
26567
25769
25793
26568
25770
25794
26569
25771
25795
26570
25772
25796
26571
25773
25797
26572
25774
25798
26573
25799
26574
25776
25800
26575
25777
25801
26576
25778
25802
26577
25779
25803
26578
25780
25804
26579
25781
25805
26580
25782
25806
26581
25783
25807
26582
25784
25808
26583
25785
25809
26584
25786
25810
26585
25787
25811
26586
25788
25812
26587
25789
25813
26588
25790
25814
26589
25791
25815
26590
25792
25816
26591
25793
25817
26592
25794
25818
26593
25795
25819
26594
25796
25820
26595
25797
25821
26596
25798
25822
26597
25799
25823
26598
25824
26599
25801
25825
26600
25802
25826
26601
25803
25827
26602
25804
25828
26603
25805
25829
26604
25806
25830
26605
25807
25831
26606
25808
25832
26607
25809
25833
26608
25810
25834
26609
25811
25835
26610
25812
25836
26611
25813
25837
26612
25814
25838
26613
25815
25839
26614
25816
25840
26615
25817
25841
26616
25818
25842
26617
25819
25843
26618
25820
25844
26619
25821
25845
26620
25822
25846
26621
25823
25847
26622
25824
25848
26623
25849
26624
25826
25850
26625
25827
25851
26626
25828
25852
26627
25829
25853
26628
25830
25854
26629
25831
25855
26630
25832
25856
26631
25833
25857
26632
25834
25858
26633
25835
25859
26634
25836
25860
26635
25837
25861
26636
25838
25862
26637
25839
25863
26638
25840
25864
26639
25841
25865
26640
25842
25866
26641
25843
25867
26642
25844
25868
26643
25845
25869
26644
25846
25870
26645
25847
25871
26646
25848
25872
26647
25849
25873
26648
25874
26649
25851
25875
26650
25852
25876
26651
25853
25877
26652
25854
25878
26653
25855
25879
26654
25856
25880
26655
25857
25881
26656
25858
25882
26657
25859
25883
26658
25860
25884
26659
25861
25885
26660
25862
25886
26661
25863
25887
26662
25864
25888
26663
25865
25889
26664
25866
25890
26665
25867
25891
26666
25868
25892
26667
25869
25893
26668
25870
25894
26669
25871
25895
26670
25872
25896
26671
25873
25897
26672
25874
25898
26673
25899
26674
25876
25900
26675
25877
25901
26676
25878
25902
26677
25879
25903
26678
25880
25904
26679
25881
25905
26680
25882
25906
26681
25883
25907
26682
25884
25908
26683
25885
25909
26684
25886
25910
26685
25887
25911
26686
25888
25912
26687
25889
25913
26688
25890
25914
26689
25891
25915
26690
25892
25916
26691
25893
25917
26692
25894
25918
26693
25895
25919
26694
25896
25920
26695
25897
25921
26696
25898
25922
26697
25899
25923
26698
25924
26699
25901
25925
26700
25902
25926
26701
25903
25927
26702
25904
25928
26703
25905
25929
26704
25906
25930
26705
25907
25931
26706
25908
25932
26707
25909
25933
26708
25910
25934
26709
25911
25935
26710
25912
25936
26711
25913
25937
26712
25914
25938
26713
25915
25939
26714
25916
25940
26715
25917
25941
26716
25918
25942
26717
25919
25943
26718
25920
25944
26719
25921
25945
26720
25922
25946
26721
25923
25947
26722
25924
25948
26723
25949
26724
25926
25950
26725
25927
25951
26726
25928
25952
26727
25929
25953
26728
25930
25954
26729
25931
25955
26730
25932
25956
26731
25933
25957
26732
25934
25958
26733
25935
25959
26734
25936
25960
26735
25937
25961
26736
25938
25962
26737
25939
25963
26738
25940
25964
26739
25941
25965
26740
25942
25966
26741
25943
25967
26742
25944
25968
26743
25945
25969
26744
25946
25970
26745
25947
25971
26746
25948
25972
26747
25949
25973
26748
25974
26749
25951
25975
26750
25952
25976
26751
25953
25977
26752
25954
25978
26753
25955
25979
26754
25956
25980
26755
25957
25981
26756
25958
25982
26757
25959
25983
26758
25960
25984
26759
25961
25985
26760
25962
25986
26761
25963
25987
26762
25964
25988
26763
25965
25989
26764
25966
25990
26765
25967
25991
26766
25968
25992
26767
25969
25993
26768
25970
25994
26769
25971
25995
26770
25972
25996
26771
25973
25997
26772
25974
25998
26773
25999
26774
25976
26000
26775
25977
26001
26776
25978
26002
26777
25979
26003
26778
25980
26004
26779
25981
26005
26780
25982
26006
26781
25983
26007
26782
25984
26008
26783
25985
26009
26784
25986
26010
26785
25987
26011
26786
25988
26012
26787
25989
26013
26788
25990
26014
26789
25991
26015
26790
25992
26016
26791
25993
26017
26792
25994
26018
26793
25995
26019
26794
25996
26020
26795
25997
26021
26796
25998
26022
26797
25999
26023
26798
26024
26799
26001
26025
26800
26002
26026
26801
26003
26027
26802
26004
26028
26803
26005
26029
26804
26006
26030
26805
26007
26031
26806
26008
26032
26807
26009
26033
26808
26010
26034
26809
26011
26035
26810
26012
26036
26811
26013
26037
26812
26014
26038
26813
26015
26039
26814
26016
26040
26815
26017
26041
26816
26018
26042
26817
26019
26043
26818
26020
26044
26819
26021
26045
26820
26022
26046
26821
26023
26047
26822
26024
26048
26823
26049
26824
26026
26050
26825
26027
26051
26826
26028
26052
26827
26029
26053
26828
26030
26054
26829
26031
26055
26830
26032
26056
26831
26033
26057
26832
26034
26058
26833
26035
26059
26834
26036
26060
26835
26037
26061
26836
26038
26062
26837
26039
26063
26838
26040
26064
26839
26041
26065
26840
26042
26066
26841
26043
26067
26842
26044
26068
26843
26045
26069
26844
26046
26070
26845
26047
26071
26846
26048
26072
26847
26049
26073
26848
26074
26849
26051
26075
26850
26052
26076
26851
26053
26077
26852
26054
26078
26853
26055
26079
26854
26056
26080
26855
26057
26081
26856
26058
26082
26857
26059
26083
26858
26060
26084
26859
26061
26085
26860
26062
26086
26861
26063
26087
26862
26064
26088
26863
26065
26089
26864
26066
26090
26865
26067
26091
26866
26068
26092
26867
26069
26093
26868
26070
26094
26869
26071
26095
26870
26072
26096
26871
26073
26097
26872
26074
26098
26873
26099
26874
26076
26100
26875
26077
26101
26876
26078
26102
26877
26079
26103
26878
26080
26104
26879
26081
26105
26880
26082
26106
26881
26083
26107
26882
26084
26108
26883
26085
26109
26884
26086
26110
26885
26087
26111
26886
26088
26112
26887
26089
26113
26888
26090
26114
26889
26091
26115
26890
26092
26116
26891
26093
26117
26892
26094
26118
26893
26095
26119
26894
26096
26120
26895
26097
26121
26896
26098
26122
26897
26099
26123
26898
26124
26899
26101
26125
26900
26102
26126
26901
26103
26127
26902
26104
26128
26903
26105
26129
26904
26106
26130
26905
26107
26131
26906
26108
26132
26907
26109
26133
26908
26110
26134
26909
26111
26135
26910
26112
26136
26911
26113
26137
26912
26114
26138
26913
26115
26139
26914
26116
26140
26915
26117
26141
26916
26118
26142
26917
26119
26143
26918
26120
26144
26919
26121
26145
26920
26122
26146
26921
26123
26147
26922
26124
26148
26923
26149
26924
26126
26150
26925
26127
26151
26926
26128
26152
26927
26129
26153
26928
26130
26154
26929
26131
26155
26930
26132
26156
26931
26133
26157
26932
26134
26158
26933
26135
26159
26934
26136
26160
26935
26137
26161
26936
26138
26162
26937
26139
26163
26938
26140
26164
26939
26141
26165
26940
26142
26166
26941
26143
26167
26942
26144
26168
26943
26145
26169
26944
26146
26170
26945
26147
26171
26946
26148
26172
26947
26149
26173
26948
26174
26949
26151
26175
26950
26152
26176
26951
26153
26177
26952
26154
26178
26953
26155
26179
26954
26156
26180
26955
26157
26181
26956
26158
26182
26957
26159
26183
26958
26160
26184
26959
26161
26185
26960
26162
26186
26961
26163
26187
26962
26164
26188
26963
26165
26189
26964
26166
26190
26965
26167
26191
26966
26168
26192
26967
26169
26193
26968
26170
26194
26969
26171
26195
26970
26172
26196
26971
26173
26197
26972
26174
26198
26973
26199
26974
26176
26200
26975
26177
26201
26976
26178
26202
26977
26179
26203
26978
26180
26204
26979
26181
26205
26980
26182
26206
26981
26183
26207
26982
26184
26208
26983
26185
26209
26984
26186
26210
26985
26187
26211
26986
26188
26212
26987
26189
26213
26988
26190
26214
26989
26191
26215
26990
26192
26216
26991
26193
26217
26992
26194
26218
26993
26195
26219
26994
26196
26220
26995
26197
26221
26996
26198
26222
26997
26199
26223
26998
26224
26999
26201
26225
27000
26202
26226
27001
26203
26227
27002
26204
26228
27003
26205
26229
27004
26206
26230
27005
26207
26231
27006
26208
26232
27007
26209
26233
27008
26210
26234
27009
26211
26235
27010
26212
26236
27011
26213
26237
27012
26214
26238
27013
26215
26239
27014
26216
26240
27015
26217
26241
27016
26218
26242
27017
26219
26243
27018
26220
26244
27019
26221
26245
27020
26222
26246
27021
26223
26247
27022
26224
26248
27023
26249
27024
26226
26250
27025
26227
26251
27026
26228
26252
27027
26229
26253
27028
26230
26254
27029
26231
26255
27030
26232
26256
27031
26233
26257
27032
26234
26258
27033
26235
26259
27034
26236
26260
27035
26237
26261
27036
26238
26262
27037
26239
26263
27038
26240
26264
27039
26241
26265
27040
26242
26266
27041
26243
26267
27042
26244
26268
27043
26245
26269
27044
26246
26270
27045
26247
26271
27046
26248
26272
27047
26249
26273
27048
26274
27049
26251
26275
27050
26252
26276
27051
26253
26277
27052
26254
26278
27053
26255
26279
27054
26256
26280
27055
26257
26281
27056
26258
26282
27057
26259
26283
27058
26260
26284
27059
26261
26285
27060
26262
26286
27061
26263
26287
27062
26264
26288
27063
26265
26289
27064
26266
26290
27065
26267
26291
27066
26268
26292
27067
26269
26293
27068
26270
26294
27069
26271
26295
27070
26272
26296
27071
26273
26297
27072
26274
26298
27073
26299
27074
26276
26300
27075
26277
26301
27076
26278
26302
27077
26279
26303
27078
26280
26304
27079
26281
26305
27080
26282
26306
27081
26283
26307
27082
26284
26308
27083
26285
26309
27084
26286
26310
27085
26287
26311
27086
26288
26312
27087
26289
26313
27088
26290
26314
27089
26291
26315
27090
26292
26316
27091
26293
26317
27092
26294
26318
27093
26295
26319
27094
26296
26320
27095
26297
26321
27096
26298
26322
27097
26299
26323
27098
26324
27099
26301
26325
27100
26302
26326
27101
26303
26327
27102
26304
26328
27103
26305
26329
27104
26306
26330
27105
26307
26331
27106
26308
26332
27107
26309
26333
27108
26310
26334
27109
26311
26335
27110
26312
26336
27111
26313
26337
27112
26314
26338
27113
26315
26339
27114
26316
26340
27115
26317
26341
27116
26318
26342
27117
26319
26343
27118
26320
26344
27119
26321
26345
27120
26322
26346
27121
26323
26347
27122
26324
26348
27123
26349
27124
26326
26350
27125
26327
26351
27126
26328
26352
27127
26329
26353
27128
26330
26354
27129
26331
26355
27130
26332
26356
27131
26333
26357
27132
26334
26358
27133
26335
26359
27134
26336
26360
27135
26337
26361
27136
26338
26362
27137
26339
26363
27138
26340
26364
27139
26341
26365
27140
26342
26366
27141
26343
26367
27142
26344
26368
27143
26345
26369
27144
26346
26370
27145
26347
26371
27146
26348
26372
27147
26349
26373
27148
26374
27149
26351
26375
27150
26352
26376
27151
26353
26377
27152
26354
26378
27153
26355
26379
27154
26356
26380
27155
26357
26381
27156
26358
26382
27157
26359
26383
27158
26360
26384
27159
26361
26385
27160
26362
26386
27161
26363
26387
27162
26364
26388
27163
26365
26389
27164
26366
26390
27165
26367
26391
27166
26368
26392
27167
26369
26393
27168
26370
26394
27169
26371
26395
27170
26372
26396
27171
26373
26397
27172
26374
26398
27173
26399
27174
26376
27175
26377
27176
26378
27177
26379
27178
26380
27179
26381
27180
26382
27181
26383
27182
26384
27183
26385
27184
26386
27185
26387
27186
26388
27187
26389
27188
26390
27189
26391
27190
26392
27191
26393
27192
26394
27193
26395
27194
26396
27195
26397
27196
26398
27197
26399
27198
27199
26401
26425
27200
26402
26426
27201
26403
26427
27202
26404
26428
27203
26405
26429
27204
26406
26430
27205
26407
26431
27206
26408
26432
27207
26409
26433
27208
26410
26434
27209
26411
26435
27210
26412
26436
27211
26413
26437
27212
26414
26438
27213
26415
26439
27214
26416
26440
27215
26417
26441
27216
26418
26442
27217
26419
26443
27218
26420
26444
27219
26421
26445
27220
26422
26446
27221
26423
26447
27222
26424
26448
27223
26449
27224
26426
26450
27225
26427
26451
27226
26428
26452
27227
26429
26453
27228
26430
26454
27229
26431
26455
27230
26432
26456
27231
26433
26457
27232
26434
26458
27233
26435
26459
27234
26436
26460
27235
26437
26461
27236
26438
26462
27237
26439
26463
27238
26440
26464
27239
26441
26465
27240
26442
26466
27241
26443
26467
27242
26444
26468
27243
26445
26469
27244
26446
26470
27245
26447
26471
27246
26448
26472
27247
26449
26473
27248
26474
27249
26451
26475
27250
26452
26476
27251
26453
26477
27252
26454
26478
27253
26455
26479
27254
26456
26480
27255
26457
26481
27256
26458
26482
27257
26459
26483
27258
26460
26484
27259
26461
26485
27260
26462
26486
27261
26463
26487
27262
26464
26488
27263
26465
26489
27264
26466
26490
27265
26467
26491
27266
26468
26492
27267
26469
26493
27268
26470
26494
27269
26471
26495
27270
26472
26496
27271
26473
26497
27272
26474
26498
27273
26499
27274
26476
26500
27275
26477
26501
27276
26478
26502
27277
26479
26503
27278
26480
26504
27279
26481
26505
27280
26482
26506
27281
26483
26507
27282
26484
26508
27283
26485
26509
27284
26486
26510
27285
26487
26511
27286
26488
26512
27287
26489
26513
27288
26490
26514
27289
26491
26515
27290
26492
26516
27291
26493
26517
27292
26494
26518
27293
26495
26519
27294
26496
26520
27295
26497
26521
27296
26498
26522
27297
26499
26523
27298
26524
27299
26501
26525
27300
26502
26526
27301
26503
26527
27302
26504
26528
27303
26505
26529
27304
26506
26530
27305
26507
26531
27306
26508
26532
27307
26509
26533
27308
26510
26534
27309
26511
26535
27310
26512
26536
27311
26513
26537
27312
26514
26538
27313
26515
26539
27314
26516
26540
27315
26517
26541
27316
26518
26542
27317
26519
26543
27318
26520
26544
27319
26521
26545
27320
26522
26546
27321
26523
26547
27322
26524
26548
27323
26549
27324
26526
26550
27325
26527
26551
27326
26528
26552
27327
26529
26553
27328
26530
26554
27329
26531
26555
27330
26532
26556
27331
26533
26557
27332
26534
26558
27333
26535
26559
27334
26536
26560
27335
26537
26561
27336
26538
26562
27337
26539
26563
27338
26540
26564
27339
26541
26565
27340
26542
26566
27341
26543
26567
27342
26544
26568
27343
26545
26569
27344
26546
26570
27345
26547
26571
27346
26548
26572
27347
26549
26573
27348
26574
27349
26551
26575
27350
26552
26576
27351
26553
26577
27352
26554
26578
27353
26555
26579
27354
26556
26580
27355
26557
26581
27356
26558
26582
27357
26559
26583
27358
26560
26584
27359
26561
26585
27360
26562
26586
27361
26563
26587
27362
26564
26588
27363
26565
26589
27364
26566
26590
27365
26567
26591
27366
26568
26592
27367
26569
26593
27368
26570
26594
27369
26571
26595
27370
26572
26596
27371
26573
26597
27372
26574
26598
27373
26599
27374
26576
26600
27375
26577
26601
27376
26578
26602
27377
26579
26603
27378
26580
26604
27379
26581
26605
27380
26582
26606
27381
26583
26607
27382
26584
26608
27383
26585
26609
27384
26586
26610
27385
26587
26611
27386
26588
26612
27387
26589
26613
27388
26590
26614
27389
26591
26615
27390
26592
26616
27391
26593
26617
27392
26594
26618
27393
26595
26619
27394
26596
26620
27395
26597
26621
27396
26598
26622
27397
26599
26623
27398
26624
27399
26601
26625
27400
26602
26626
27401
26603
26627
27402
26604
26628
27403
26605
26629
27404
26606
26630
27405
26607
26631
27406
26608
26632
27407
26609
26633
27408
26610
26634
27409
26611
26635
27410
26612
26636
27411
26613
26637
27412
26614
26638
27413
26615
26639
27414
26616
26640
27415
26617
26641
27416
26618
26642
27417
26619
26643
27418
26620
26644
27419
26621
26645
27420
26622
26646
27421
26623
26647
27422
26624
26648
27423
26649
27424
26626
26650
27425
26627
26651
27426
26628
26652
27427
26629
26653
27428
26630
26654
27429
26631
26655
27430
26632
26656
27431
26633
26657
27432
26634
26658
27433
26635
26659
27434
26636
26660
27435
26637
26661
27436
26638
26662
27437
26639
26663
27438
26640
26664
27439
26641
26665
27440
26642
26666
27441
26643
26667
27442
26644
26668
27443
26645
26669
27444
26646
26670
27445
26647
26671
27446
26648
26672
27447
26649
26673
27448
26674
27449
26651
26675
27450
26652
26676
27451
26653
26677
27452
26654
26678
27453
26655
26679
27454
26656
26680
27455
26657
26681
27456
26658
26682
27457
26659
26683
27458
26660
26684
27459
26661
26685
27460
26662
26686
27461
26663
26687
27462
26664
26688
27463
26665
26689
27464
26666
26690
27465
26667
26691
27466
26668
26692
27467
26669
26693
27468
26670
26694
27469
26671
26695
27470
26672
26696
27471
26673
26697
27472
26674
26698
27473
26699
27474
26676
26700
27475
26677
26701
27476
26678
26702
27477
26679
26703
27478
26680
26704
27479
26681
26705
27480
26682
26706
27481
26683
26707
27482
26684
26708
27483
26685
26709
27484
26686
26710
27485
26687
26711
27486
26688
26712
27487
26689
26713
27488
26690
26714
27489
26691
26715
27490
26692
26716
27491
26693
26717
27492
26694
26718
27493
26695
26719
27494
26696
26720
27495
26697
26721
27496
26698
26722
27497
26699
26723
27498
26724
27499
26701
26725
27500
26702
26726
27501
26703
26727
27502
26704
26728
27503
26705
26729
27504
26706
26730
27505
26707
26731
27506
26708
26732
27507
26709
26733
27508
26710
26734
27509
26711
26735
27510
26712
26736
27511
26713
26737
27512
26714
26738
27513
26715
26739
27514
26716
26740
27515
26717
26741
27516
26718
26742
27517
26719
26743
27518
26720
26744
27519
26721
26745
27520
26722
26746
27521
26723
26747
27522
26724
26748
27523
26749
27524
26726
26750
27525
26727
26751
27526
26728
26752
27527
26729
26753
27528
26730
26754
27529
26731
26755
27530
26732
26756
27531
26733
26757
27532
26734
26758
27533
26735
26759
27534
26736
26760
27535
26737
26761
27536
26738
26762
27537
26739
26763
27538
26740
26764
27539
26741
26765
27540
26742
26766
27541
26743
26767
27542
26744
26768
27543
26745
26769
27544
26746
26770
27545
26747
26771
27546
26748
26772
27547
26749
26773
27548
26774
27549
26751
26775
27550
26752
26776
27551
26753
26777
27552
26754
26778
27553
26755
26779
27554
26756
26780
27555
26757
26781
27556
26758
26782
27557
26759
26783
27558
26760
26784
27559
26761
26785
27560
26762
26786
27561
26763
26787
27562
26764
26788
27563
26765
26789
27564
26766
26790
27565
26767
26791
27566
26768
26792
27567
26769
26793
27568
26770
26794
27569
26771
26795
27570
26772
26796
27571
26773
26797
27572
26774
26798
27573
26799
27574
26776
26800
27575
26777
26801
27576
26778
26802
27577
26779
26803
27578
26780
26804
27579
26781
26805
27580
26782
26806
27581
26783
26807
27582
26784
26808
27583
26785
26809
27584
26786
26810
27585
26787
26811
27586
26788
26812
27587
26789
26813
27588
26790
26814
27589
26791
26815
27590
26792
26816
27591
26793
26817
27592
26794
26818
27593
26795
26819
27594
26796
26820
27595
26797
26821
27596
26798
26822
27597
26799
26823
27598
26824
27599
26801
26825
27600
26802
26826
27601
26803
26827
27602
26804
26828
27603
26805
26829
27604
26806
26830
27605
26807
26831
27606
26808
26832
27607
26809
26833
27608
26810
26834
27609
26811
26835
27610
26812
26836
27611
26813
26837
27612
26814
26838
27613
26815
26839
27614
26816
26840
27615
26817
26841
27616
26818
26842
27617
26819
26843
27618
26820
26844
27619
26821
26845
27620
26822
26846
27621
26823
26847
27622
26824
26848
27623
26849
27624
26826
26850
27625
26827
26851
27626
26828
26852
27627
26829
26853
27628
26830
26854
27629
26831
26855
27630
26832
26856
27631
26833
26857
27632
26834
26858
27633
26835
26859
27634
26836
26860
27635
26837
26861
27636
26838
26862
27637
26839
26863
27638
26840
26864
27639
26841
26865
27640
26842
26866
27641
26843
26867
27642
26844
26868
27643
26845
26869
27644
26846
26870
27645
26847
26871
27646
26848
26872
27647
26849
26873
27648
26874
27649
26851
26875
27650
26852
26876
27651
26853
26877
27652
26854
26878
27653
26855
26879
27654
26856
26880
27655
26857
26881
27656
26858
26882
27657
26859
26883
27658
26860
26884
27659
26861
26885
27660
26862
26886
27661
26863
26887
27662
26864
26888
27663
26865
26889
27664
26866
26890
27665
26867
26891
27666
26868
26892
27667
26869
26893
27668
26870
26894
27669
26871
26895
27670
26872
26896
27671
26873
26897
27672
26874
26898
27673
26899
27674
26876
26900
27675
26877
26901
27676
26878
26902
27677
26879
26903
27678
26880
26904
27679
26881
26905
27680
26882
26906
27681
26883
26907
27682
26884
26908
27683
26885
26909
27684
26886
26910
27685
26887
26911
27686
26888
26912
27687
26889
26913
27688
26890
26914
27689
26891
26915
27690
26892
26916
27691
26893
26917
27692
26894
26918
27693
26895
26919
27694
26896
26920
27695
26897
26921
27696
26898
26922
27697
26899
26923
27698
26924
27699
26901
26925
27700
26902
26926
27701
26903
26927
27702
26904
26928
27703
26905
26929
27704
26906
26930
27705
26907
26931
27706
26908
26932
27707
26909
26933
27708
26910
26934
27709
26911
26935
27710
26912
26936
27711
26913
26937
27712
26914
26938
27713
26915
26939
27714
26916
26940
27715
26917
26941
27716
26918
26942
27717
26919
26943
27718
26920
26944
27719
26921
26945
27720
26922
26946
27721
26923
26947
27722
26924
26948
27723
26949
27724
26926
26950
27725
26927
26951
27726
26928
26952
27727
26929
26953
27728
26930
26954
27729
26931
26955
27730
26932
26956
27731
26933
26957
27732
26934
26958
27733
26935
26959
27734
26936
26960
27735
26937
26961
27736
26938
26962
27737
26939
26963
27738
26940
26964
27739
26941
26965
27740
26942
26966
27741
26943
26967
27742
26944
26968
27743
26945
26969
27744
26946
26970
27745
26947
26971
27746
26948
26972
27747
26949
26973
27748
26974
27749
26951
26975
27750
26952
26976
27751
26953
26977
27752
26954
26978
27753
26955
26979
27754
26956
26980
27755
26957
26981
27756
26958
26982
27757
26959
26983
27758
26960
26984
27759
26961
26985
27760
26962
26986
27761
26963
26987
27762
26964
26988
27763
26965
26989
27764
26966
26990
27765
26967
26991
27766
26968
26992
27767
26969
26993
27768
26970
26994
27769
26971
26995
27770
26972
26996
27771
26973
26997
27772
26974
26998
27773
26999
27774
26976
27000
27775
26977
27001
27776
26978
27002
27777
26979
27003
27778
26980
27004
27779
26981
27005
27780
26982
27006
27781
26983
27007
27782
26984
27008
27783
26985
27009
27784
26986
27010
27785
26987
27011
27786
26988
27012
27787
26989
27013
27788
26990
27014
27789
26991
27015
27790
26992
27016
27791
26993
27017
27792
26994
27018
27793
26995
27019
27794
26996
27020
27795
26997
27021
27796
26998
27022
27797
26999
27023
27798
27024
27799
27001
27025
27800
27002
27026
27801
27003
27027
27802
27004
27028
27803
27005
27029
27804
27006
27030
27805
27007
27031
27806
27008
27032
27807
27009
27033
27808
27010
27034
27809
27011
27035
27810
27012
27036
27811
27013
27037
27812
27014
27038
27813
27015
27039
27814
27016
27040
27815
27017
27041
27816
27018
27042
27817
27019
27043
27818
27020
27044
27819
27021
27045
27820
27022
27046
27821
27023
27047
27822
27024
27048
27823
27049
27824
27026
27050
27825
27027
27051
27826
27028
27052
27827
27029
27053
27828
27030
27054
27829
27031
27055
27830
27032
27056
27831
27033
27057
27832
27034
27058
27833
27035
27059
27834
27036
27060
27835
27037
27061
27836
27038
27062
27837
27039
27063
27838
27040
27064
27839
27041
27065
27840
27042
27066
27841
27043
27067
27842
27044
27068
27843
27045
27069
27844
27046
27070
27845
27047
27071
27846
27048
27072
27847
27049
27073
27848
27074
27849
27051
27075
27850
27052
27076
27851
27053
27077
27852
27054
27078
27853
27055
27079
27854
27056
27080
27855
27057
27081
27856
27058
27082
27857
27059
27083
27858
27060
27084
27859
27061
27085
27860
27062
27086
27861
27063
27087
27862
27064
27088
27863
27065
27089
27864
27066
27090
27865
27067
27091
27866
27068
27092
27867
27069
27093
27868
27070
27094
27869
27071
27095
27870
27072
27096
27871
27073
27097
27872
27074
27098
27873
27099
27874
27076
27100
27875
27077
27101
27876
27078
27102
27877
27079
27103
27878
27080
27104
27879
27081
27105
27880
27082
27106
27881
27083
27107
27882
27084
27108
27883
27085
27109
27884
27086
27110
27885
27087
27111
27886
27088
27112
27887
27089
27113
27888
27090
27114
27889
27091
27115
27890
27092
27116
27891
27093
27117
27892
27094
27118
27893
27095
27119
27894
27096
27120
27895
27097
27121
27896
27098
27122
27897
27099
27123
27898
27124
27899
27101
27125
27900
27102
27126
27901
27103
27127
27902
27104
27128
27903
27105
27129
27904
27106
27130
27905
27107
27131
27906
27108
27132
27907
27109
27133
27908
27110
27134
27909
27111
27135
27910
27112
27136
27911
27113
27137
27912
27114
27138
27913
27115
27139
27914
27116
27140
27915
27117
27141
27916
27118
27142
27917
27119
27143
27918
27120
27144
27919
27121
27145
27920
27122
27146
27921
27123
27147
27922
27124
27148
27923
27149
27924
27126
27150
27925
27127
27151
27926
27128
27152
27927
27129
27153
27928
27130
27154
27929
27131
27155
27930
27132
27156
27931
27133
27157
27932
27134
27158
27933
27135
27159
27934
27136
27160
27935
27137
27161
27936
27138
27162
27937
27139
27163
27938
27140
27164
27939
27141
27165
27940
27142
27166
27941
27143
27167
27942
27144
27168
27943
27145
27169
27944
27146
27170
27945
27147
27171
27946
27148
27172
27947
27149
27173
27948
27174
27949
27151
27175
27950
27152
27176
27951
27153
27177
27952
27154
27178
27953
27155
27179
27954
27156
27180
27955
27157
27181
27956
27158
27182
27957
27159
27183
27958
27160
27184
27959
27161
27185
27960
27162
27186
27961
27163
27187
27962
27164
27188
27963
27165
27189
27964
27166
27190
27965
27167
27191
27966
27168
27192
27967
27169
27193
27968
27170
27194
27969
27171
27195
27970
27172
27196
27971
27173
27197
27972
27174
27198
27973
27199
27974
27176
27975
27177
27976
27178
27977
27179
27978
27180
27979
27181
27980
27182
27981
27183
27982
27184
27983
27185
27984
27186
27985
27187
27986
27188
27987
27189
27988
27190
27989
27191
27990
27192
27991
27193
27992
27194
27993
27195
27994
27196
27995
27197
27996
27198
27997
27199
27998
27999
27201
27225
28000
27202
27226
28001
27203
27227
28002
27204
27228
28003
27205
27229
28004
27206
27230
28005
27207
27231
28006
27208
27232
28007
27209
27233
28008
27210
27234
28009
27211
27235
28010
27212
27236
28011
27213
27237
28012
27214
27238
28013
27215
27239
28014
27216
27240
28015
27217
27241
28016
27218
27242
28017
27219
27243
28018
27220
27244
28019
27221
27245
28020
27222
27246
28021
27223
27247
28022
27224
27248
28023
27249
28024
27226
27250
28025
27227
27251
28026
27228
27252
28027
27229
27253
28028
27230
27254
28029
27231
27255
28030
27232
27256
28031
27233
27257
28032
27234
27258
28033
27235
27259
28034
27236
27260
28035
27237
27261
28036
27238
27262
28037
27239
27263
28038
27240
27264
28039
27241
27265
28040
27242
27266
28041
27243
27267
28042
27244
27268
28043
27245
27269
28044
27246
27270
28045
27247
27271
28046
27248
27272
28047
27249
27273
28048
27274
28049
27251
27275
28050
27252
27276
28051
27253
27277
28052
27254
27278
28053
27255
27279
28054
27256
27280
28055
27257
27281
28056
27258
27282
28057
27259
27283
28058
27260
27284
28059
27261
27285
28060
27262
27286
28061
27263
27287
28062
27264
27288
28063
27265
27289
28064
27266
27290
28065
27267
27291
28066
27268
27292
28067
27269
27293
28068
27270
27294
28069
27271
27295
28070
27272
27296
28071
27273
27297
28072
27274
27298
28073
27299
28074
27276
27300
28075
27277
27301
28076
27278
27302
28077
27279
27303
28078
27280
27304
28079
27281
27305
28080
27282
27306
28081
27283
27307
28082
27284
27308
28083
27285
27309
28084
27286
27310
28085
27287
27311
28086
27288
27312
28087
27289
27313
28088
27290
27314
28089
27291
27315
28090
27292
27316
28091
27293
27317
28092
27294
27318
28093
27295
27319
28094
27296
27320
28095
27297
27321
28096
27298
27322
28097
27299
27323
28098
27324
28099
27301
27325
28100
27302
27326
28101
27303
27327
28102
27304
27328
28103
27305
27329
28104
27306
27330
28105
27307
27331
28106
27308
27332
28107
27309
27333
28108
27310
27334
28109
27311
27335
28110
27312
27336
28111
27313
27337
28112
27314
27338
28113
27315
27339
28114
27316
27340
28115
27317
27341
28116
27318
27342
28117
27319
27343
28118
27320
27344
28119
27321
27345
28120
27322
27346
28121
27323
27347
28122
27324
27348
28123
27349
28124
27326
27350
28125
27327
27351
28126
27328
27352
28127
27329
27353
28128
27330
27354
28129
27331
27355
28130
27332
27356
28131
27333
27357
28132
27334
27358
28133
27335
27359
28134
27336
27360
28135
27337
27361
28136
27338
27362
28137
27339
27363
28138
27340
27364
28139
27341
27365
28140
27342
27366
28141
27343
27367
28142
27344
27368
28143
27345
27369
28144
27346
27370
28145
27347
27371
28146
27348
27372
28147
27349
27373
28148
27374
28149
27351
27375
28150
27352
27376
28151
27353
27377
28152
27354
27378
28153
27355
27379
28154
27356
27380
28155
27357
27381
28156
27358
27382
28157
27359
27383
28158
27360
27384
28159
27361
27385
28160
27362
27386
28161
27363
27387
28162
27364
27388
28163
27365
27389
28164
27366
27390
28165
27367
27391
28166
27368
27392
28167
27369
27393
28168
27370
27394
28169
27371
27395
28170
27372
27396
28171
27373
27397
28172
27374
27398
28173
27399
28174
27376
27400
28175
27377
27401
28176
27378
27402
28177
27379
27403
28178
27380
27404
28179
27381
27405
28180
27382
27406
28181
27383
27407
28182
27384
27408
28183
27385
27409
28184
27386
27410
28185
27387
27411
28186
27388
27412
28187
27389
27413
28188
27390
27414
28189
27391
27415
28190
27392
27416
28191
27393
27417
28192
27394
27418
28193
27395
27419
28194
27396
27420
28195
27397
27421
28196
27398
27422
28197
27399
27423
28198
27424
28199
27401
27425
28200
27402
27426
28201
27403
27427
28202
27404
27428
28203
27405
27429
28204
27406
27430
28205
27407
27431
28206
27408
27432
28207
27409
27433
28208
27410
27434
28209
27411
27435
28210
27412
27436
28211
27413
27437
28212
27414
27438
28213
27415
27439
28214
27416
27440
28215
27417
27441
28216
27418
27442
28217
27419
27443
28218
27420
27444
28219
27421
27445
28220
27422
27446
28221
27423
27447
28222
27424
27448
28223
27449
28224
27426
27450
28225
27427
27451
28226
27428
27452
28227
27429
27453
28228
27430
27454
28229
27431
27455
28230
27432
27456
28231
27433
27457
28232
27434
27458
28233
27435
27459
28234
27436
27460
28235
27437
27461
28236
27438
27462
28237
27439
27463
28238
27440
27464
28239
27441
27465
28240
27442
27466
28241
27443
27467
28242
27444
27468
28243
27445
27469
28244
27446
27470
28245
27447
27471
28246
27448
27472
28247
27449
27473
28248
27474
28249
27451
27475
28250
27452
27476
28251
27453
27477
28252
27454
27478
28253
27455
27479
28254
27456
27480
28255
27457
27481
28256
27458
27482
28257
27459
27483
28258
27460
27484
28259
27461
27485
28260
27462
27486
28261
27463
27487
28262
27464
27488
28263
27465
27489
28264
27466
27490
28265
27467
27491
28266
27468
27492
28267
27469
27493
28268
27470
27494
28269
27471
27495
28270
27472
27496
28271
27473
27497
28272
27474
27498
28273
27499
28274
27476
27500
28275
27477
27501
28276
27478
27502
28277
27479
27503
28278
27480
27504
28279
27481
27505
28280
27482
27506
28281
27483
27507
28282
27484
27508
28283
27485
27509
28284
27486
27510
28285
27487
27511
28286
27488
27512
28287
27489
27513
28288
27490
27514
28289
27491
27515
28290
27492
27516
28291
27493
27517
28292
27494
27518
28293
27495
27519
28294
27496
27520
28295
27497
27521
28296
27498
27522
28297
27499
27523
28298
27524
28299
27501
27525
28300
27502
27526
28301
27503
27527
28302
27504
27528
28303
27505
27529
28304
27506
27530
28305
27507
27531
28306
27508
27532
28307
27509
27533
28308
27510
27534
28309
27511
27535
28310
27512
27536
28311
27513
27537
28312
27514
27538
28313
27515
27539
28314
27516
27540
28315
27517
27541
28316
27518
27542
28317
27519
27543
28318
27520
27544
28319
27521
27545
28320
27522
27546
28321
27523
27547
28322
27524
27548
28323
27549
28324
27526
27550
28325
27527
27551
28326
27528
27552
28327
27529
27553
28328
27530
27554
28329
27531
27555
28330
27532
27556
28331
27533
27557
28332
27534
27558
28333
27535
27559
28334
27536
27560
28335
27537
27561
28336
27538
27562
28337
27539
27563
28338
27540
27564
28339
27541
27565
28340
27542
27566
28341
27543
27567
28342
27544
27568
28343
27545
27569
28344
27546
27570
28345
27547
27571
28346
27548
27572
28347
27549
27573
28348
27574
28349
27551
27575
28350
27552
27576
28351
27553
27577
28352
27554
27578
28353
27555
27579
28354
27556
27580
28355
27557
27581
28356
27558
27582
28357
27559
27583
28358
27560
27584
28359
27561
27585
28360
27562
27586
28361
27563
27587
28362
27564
27588
28363
27565
27589
28364
27566
27590
28365
27567
27591
28366
27568
27592
28367
27569
27593
28368
27570
27594
28369
27571
27595
28370
27572
27596
28371
27573
27597
28372
27574
27598
28373
27599
28374
27576
27600
28375
27577
27601
28376
27578
27602
28377
27579
27603
28378
27580
27604
28379
27581
27605
28380
27582
27606
28381
27583
27607
28382
27584
27608
28383
27585
27609
28384
27586
27610
28385
27587
27611
28386
27588
27612
28387
27589
27613
28388
27590
27614
28389
27591
27615
28390
27592
27616
28391
27593
27617
28392
27594
27618
28393
27595
27619
28394
27596
27620
28395
27597
27621
28396
27598
27622
28397
27599
27623
28398
27624
28399
27601
27625
28400
27602
27626
28401
27603
27627
28402
27604
27628
28403
27605
27629
28404
27606
27630
28405
27607
27631
28406
27608
27632
28407
27609
27633
28408
27610
27634
28409
27611
27635
28410
27612
27636
28411
27613
27637
28412
27614
27638
28413
27615
27639
28414
27616
27640
28415
27617
27641
28416
27618
27642
28417
27619
27643
28418
27620
27644
28419
27621
27645
28420
27622
27646
28421
27623
27647
28422
27624
27648
28423
27649
28424
27626
27650
28425
27627
27651
28426
27628
27652
28427
27629
27653
28428
27630
27654
28429
27631
27655
28430
27632
27656
28431
27633
27657
28432
27634
27658
28433
27635
27659
28434
27636
27660
28435
27637
27661
28436
27638
27662
28437
27639
27663
28438
27640
27664
28439
27641
27665
28440
27642
27666
28441
27643
27667
28442
27644
27668
28443
27645
27669
28444
27646
27670
28445
27647
27671
28446
27648
27672
28447
27649
27673
28448
27674
28449
27651
27675
28450
27652
27676
28451
27653
27677
28452
27654
27678
28453
27655
27679
28454
27656
27680
28455
27657
27681
28456
27658
27682
28457
27659
27683
28458
27660
27684
28459
27661
27685
28460
27662
27686
28461
27663
27687
28462
27664
27688
28463
27665
27689
28464
27666
27690
28465
27667
27691
28466
27668
27692
28467
27669
27693
28468
27670
27694
28469
27671
27695
28470
27672
27696
28471
27673
27697
28472
27674
27698
28473
27699
28474
27676
27700
28475
27677
27701
28476
27678
27702
28477
27679
27703
28478
27680
27704
28479
27681
27705
28480
27682
27706
28481
27683
27707
28482
27684
27708
28483
27685
27709
28484
27686
27710
28485
27687
27711
28486
27688
27712
28487
27689
27713
28488
27690
27714
28489
27691
27715
28490
27692
27716
28491
27693
27717
28492
27694
27718
28493
27695
27719
28494
27696
27720
28495
27697
27721
28496
27698
27722
28497
27699
27723
28498
27724
28499
27701
27725
28500
27702
27726
28501
27703
27727
28502
27704
27728
28503
27705
27729
28504
27706
27730
28505
27707
27731
28506
27708
27732
28507
27709
27733
28508
27710
27734
28509
27711
27735
28510
27712
27736
28511
27713
27737
28512
27714
27738
28513
27715
27739
28514
27716
27740
28515
27717
27741
28516
27718
27742
28517
27719
27743
28518
27720
27744
28519
27721
27745
28520
27722
27746
28521
27723
27747
28522
27724
27748
28523
27749
28524
27726
27750
28525
27727
27751
28526
27728
27752
28527
27729
27753
28528
27730
27754
28529
27731
27755
28530
27732
27756
28531
27733
27757
28532
27734
27758
28533
27735
27759
28534
27736
27760
28535
27737
27761
28536
27738
27762
28537
27739
27763
28538
27740
27764
28539
27741
27765
28540
27742
27766
28541
27743
27767
28542
27744
27768
28543
27745
27769
28544
27746
27770
28545
27747
27771
28546
27748
27772
28547
27749
27773
28548
27774
28549
27751
27775
28550
27752
27776
28551
27753
27777
28552
27754
27778
28553
27755
27779
28554
27756
27780
28555
27757
27781
28556
27758
27782
28557
27759
27783
28558
27760
27784
28559
27761
27785
28560
27762
27786
28561
27763
27787
28562
27764
27788
28563
27765
27789
28564
27766
27790
28565
27767
27791
28566
27768
27792
28567
27769
27793
28568
27770
27794
28569
27771
27795
28570
27772
27796
28571
27773
27797
28572
27774
27798
28573
27799
28574
27776
27800
28575
27777
27801
28576
27778
27802
28577
27779
27803
28578
27780
27804
28579
27781
27805
28580
27782
27806
28581
27783
27807
28582
27784
27808
28583
27785
27809
28584
27786
27810
28585
27787
27811
28586
27788
27812
28587
27789
27813
28588
27790
27814
28589
27791
27815
28590
27792
27816
28591
27793
27817
28592
27794
27818
28593
27795
27819
28594
27796
27820
28595
27797
27821
28596
27798
27822
28597
27799
27823
28598
27824
28599
27801
27825
28600
27802
27826
28601
27803
27827
28602
27804
27828
28603
27805
27829
28604
27806
27830
28605
27807
27831
28606
27808
27832
28607
27809
27833
28608
27810
27834
28609
27811
27835
28610
27812
27836
28611
27813
27837
28612
27814
27838
28613
27815
27839
28614
27816
27840
28615
27817
27841
28616
27818
27842
28617
27819
27843
28618
27820
27844
28619
27821
27845
28620
27822
27846
28621
27823
27847
28622
27824
27848
28623
27849
28624
27826
27850
28625
27827
27851
28626
27828
27852
28627
27829
27853
28628
27830
27854
28629
27831
27855
28630
27832
27856
28631
27833
27857
28632
27834
27858
28633
27835
27859
28634
27836
27860
28635
27837
27861
28636
27838
27862
28637
27839
27863
28638
27840
27864
28639
27841
27865
28640
27842
27866
28641
27843
27867
28642
27844
27868
28643
27845
27869
28644
27846
27870
28645
27847
27871
28646
27848
27872
28647
27849
27873
28648
27874
28649
27851
27875
28650
27852
27876
28651
27853
27877
28652
27854
27878
28653
27855
27879
28654
27856
27880
28655
27857
27881
28656
27858
27882
28657
27859
27883
28658
27860
27884
28659
27861
27885
28660
27862
27886
28661
27863
27887
28662
27864
27888
28663
27865
27889
28664
27866
27890
28665
27867
27891
28666
27868
27892
28667
27869
27893
28668
27870
27894
28669
27871
27895
28670
27872
27896
28671
27873
27897
28672
27874
27898
28673
27899
28674
27876
27900
28675
27877
27901
28676
27878
27902
28677
27879
27903
28678
27880
27904
28679
27881
27905
28680
27882
27906
28681
27883
27907
28682
27884
27908
28683
27885
27909
28684
27886
27910
28685
27887
27911
28686
27888
27912
28687
27889
27913
28688
27890
27914
28689
27891
27915
28690
27892
27916
28691
27893
27917
28692
27894
27918
28693
27895
27919
28694
27896
27920
28695
27897
27921
28696
27898
27922
28697
27899
27923
28698
27924
28699
27901
27925
28700
27902
27926
28701
27903
27927
28702
27904
27928
28703
27905
27929
28704
27906
27930
28705
27907
27931
28706
27908
27932
28707
27909
27933
28708
27910
27934
28709
27911
27935
28710
27912
27936
28711
27913
27937
28712
27914
27938
28713
27915
27939
28714
27916
27940
28715
27917
27941
28716
27918
27942
28717
27919
27943
28718
27920
27944
28719
27921
27945
28720
27922
27946
28721
27923
27947
28722
27924
27948
28723
27949
28724
27926
27950
28725
27927
27951
28726
27928
27952
28727
27929
27953
28728
27930
27954
28729
27931
27955
28730
27932
27956
28731
27933
27957
28732
27934
27958
28733
27935
27959
28734
27936
27960
28735
27937
27961
28736
27938
27962
28737
27939
27963
28738
27940
27964
28739
27941
27965
28740
27942
27966
28741
27943
27967
28742
27944
27968
28743
27945
27969
28744
27946
27970
28745
27947
27971
28746
27948
27972
28747
27949
27973
28748
27974
28749
27951
27975
28750
27952
27976
28751
27953
27977
28752
27954
27978
28753
27955
27979
28754
27956
27980
28755
27957
27981
28756
27958
27982
28757
27959
27983
28758
27960
27984
28759
27961
27985
28760
27962
27986
28761
27963
27987
28762
27964
27988
28763
27965
27989
28764
27966
27990
28765
27967
27991
28766
27968
27992
28767
27969
27993
28768
27970
27994
28769
27971
27995
28770
27972
27996
28771
27973
27997
28772
27974
27998
28773
27999
28774
27976
28775
27977
28776
27978
28777
27979
28778
27980
28779
27981
28780
27982
28781
27983
28782
27984
28783
27985
28784
27986
28785
27987
28786
27988
28787
27989
28788
27990
28789
27991
28790
27992
28791
27993
28792
27994
28793
27995
28794
27996
28795
27997
28796
27998
28797
27999
28798
28799
28001
28025
28800
28002
28026
28801
28003
28027
28802
28004
28028
28803
28005
28029
28804
28006
28030
28805
28007
28031
28806
28008
28032
28807
28009
28033
28808
28010
28034
28809
28011
28035
28810
28012
28036
28811
28013
28037
28812
28014
28038
28813
28015
28039
28814
28016
28040
28815
28017
28041
28816
28018
28042
28817
28019
28043
28818
28020
28044
28819
28021
28045
28820
28022
28046
28821
28023
28047
28822
28024
28048
28823
28049
28824
28026
28050
28825
28027
28051
28826
28028
28052
28827
28029
28053
28828
28030
28054
28829
28031
28055
28830
28032
28056
28831
28033
28057
28832
28034
28058
28833
28035
28059
28834
28036
28060
28835
28037
28061
28836
28038
28062
28837
28039
28063
28838
28040
28064
28839
28041
28065
28840
28042
28066
28841
28043
28067
28842
28044
28068
28843
28045
28069
28844
28046
28070
28845
28047
28071
28846
28048
28072
28847
28049
28073
28848
28074
28849
28051
28075
28850
28052
28076
28851
28053
28077
28852
28054
28078
28853
28055
28079
28854
28056
28080
28855
28057
28081
28856
28058
28082
28857
28059
28083
28858
28060
28084
28859
28061
28085
28860
28062
28086
28861
28063
28087
28862
28064
28088
28863
28065
28089
28864
28066
28090
28865
28067
28091
28866
28068
28092
28867
28069
28093
28868
28070
28094
28869
28071
28095
28870
28072
28096
28871
28073
28097
28872
28074
28098
28873
28099
28874
28076
28100
28875
28077
28101
28876
28078
28102
28877
28079
28103
28878
28080
28104
28879
28081
28105
28880
28082
28106
28881
28083
28107
28882
28084
28108
28883
28085
28109
28884
28086
28110
28885
28087
28111
28886
28088
28112
28887
28089
28113
28888
28090
28114
28889
28091
28115
28890
28092
28116
28891
28093
28117
28892
28094
28118
28893
28095
28119
28894
28096
28120
28895
28097
28121
28896
28098
28122
28897
28099
28123
28898
28124
28899
28101
28125
28900
28102
28126
28901
28103
28127
28902
28104
28128
28903
28105
28129
28904
28106
28130
28905
28107
28131
28906
28108
28132
28907
28109
28133
28908
28110
28134
28909
28111
28135
28910
28112
28136
28911
28113
28137
28912
28114
28138
28913
28115
28139
28914
28116
28140
28915
28117
28141
28916
28118
28142
28917
28119
28143
28918
28120
28144
28919
28121
28145
28920
28122
28146
28921
28123
28147
28922
28124
28148
28923
28149
28924
28126
28150
28925
28127
28151
28926
28128
28152
28927
28129
28153
28928
28130
28154
28929
28131
28155
28930
28132
28156
28931
28133
28157
28932
28134
28158
28933
28135
28159
28934
28136
28160
28935
28137
28161
28936
28138
28162
28937
28139
28163
28938
28140
28164
28939
28141
28165
28940
28142
28166
28941
28143
28167
28942
28144
28168
28943
28145
28169
28944
28146
28170
28945
28147
28171
28946
28148
28172
28947
28149
28173
28948
28174
28949
28151
28175
28950
28152
28176
28951
28153
28177
28952
28154
28178
28953
28155
28179
28954
28156
28180
28955
28157
28181
28956
28158
28182
28957
28159
28183
28958
28160
28184
28959
28161
28185
28960
28162
28186
28961
28163
28187
28962
28164
28188
28963
28165
28189
28964
28166
28190
28965
28167
28191
28966
28168
28192
28967
28169
28193
28968
28170
28194
28969
28171
28195
28970
28172
28196
28971
28173
28197
28972
28174
28198
28973
28199
28974
28176
28200
28975
28177
28201
28976
28178
28202
28977
28179
28203
28978
28180
28204
28979
28181
28205
28980
28182
28206
28981
28183
28207
28982
28184
28208
28983
28185
28209
28984
28186
28210
28985
28187
28211
28986
28188
28212
28987
28189
28213
28988
28190
28214
28989
28191
28215
28990
28192
28216
28991
28193
28217
28992
28194
28218
28993
28195
28219
28994
28196
28220
28995
28197
28221
28996
28198
28222
28997
28199
28223
28998
28224
28999
28201
28225
29000
28202
28226
29001
28203
28227
29002
28204
28228
29003
28205
28229
29004
28206
28230
29005
28207
28231
29006
28208
28232
29007
28209
28233
29008
28210
28234
29009
28211
28235
29010
28212
28236
29011
28213
28237
29012
28214
28238
29013
28215
28239
29014
28216
28240
29015
28217
28241
29016
28218
28242
29017
28219
28243
29018
28220
28244
29019
28221
28245
29020
28222
28246
29021
28223
28247
29022
28224
28248
29023
28249
29024
28226
28250
29025
28227
28251
29026
28228
28252
29027
28229
28253
29028
28230
28254
29029
28231
28255
29030
28232
28256
29031
28233
28257
29032
28234
28258
29033
28235
28259
29034
28236
28260
29035
28237
28261
29036
28238
28262
29037
28239
28263
29038
28240
28264
29039
28241
28265
29040
28242
28266
29041
28243
28267
29042
28244
28268
29043
28245
28269
29044
28246
28270
29045
28247
28271
29046
28248
28272
29047
28249
28273
29048
28274
29049
28251
28275
29050
28252
28276
29051
28253
28277
29052
28254
28278
29053
28255
28279
29054
28256
28280
29055
28257
28281
29056
28258
28282
29057
28259
28283
29058
28260
28284
29059
28261
28285
29060
28262
28286
29061
28263
28287
29062
28264
28288
29063
28265
28289
29064
28266
28290
29065
28267
28291
29066
28268
28292
29067
28269
28293
29068
28270
28294
29069
28271
28295
29070
28272
28296
29071
28273
28297
29072
28274
28298
29073
28299
29074
28276
28300
29075
28277
28301
29076
28278
28302
29077
28279
28303
29078
28280
28304
29079
28281
28305
29080
28282
28306
29081
28283
28307
29082
28284
28308
29083
28285
28309
29084
28286
28310
29085
28287
28311
29086
28288
28312
29087
28289
28313
29088
28290
28314
29089
28291
28315
29090
28292
28316
29091
28293
28317
29092
28294
28318
29093
28295
28319
29094
28296
28320
29095
28297
28321
29096
28298
28322
29097
28299
28323
29098
28324
29099
28301
28325
29100
28302
28326
29101
28303
28327
29102
28304
28328
29103
28305
28329
29104
28306
28330
29105
28307
28331
29106
28308
28332
29107
28309
28333
29108
28310
28334
29109
28311
28335
29110
28312
28336
29111
28313
28337
29112
28314
28338
29113
28315
28339
29114
28316
28340
29115
28317
28341
29116
28318
28342
29117
28319
28343
29118
28320
28344
29119
28321
28345
29120
28322
28346
29121
28323
28347
29122
28324
28348
29123
28349
29124
28326
28350
29125
28327
28351
29126
28328
28352
29127
28329
28353
29128
28330
28354
29129
28331
28355
29130
28332
28356
29131
28333
28357
29132
28334
28358
29133
28335
28359
29134
28336
28360
29135
28337
28361
29136
28338
28362
29137
28339
28363
29138
28340
28364
29139
28341
28365
29140
28342
28366
29141
28343
28367
29142
28344
28368
29143
28345
28369
29144
28346
28370
29145
28347
28371
29146
28348
28372
29147
28349
28373
29148
28374
29149
28351
28375
29150
28352
28376
29151
28353
28377
29152
28354
28378
29153
28355
28379
29154
28356
28380
29155
28357
28381
29156
28358
28382
29157
28359
28383
29158
28360
28384
29159
28361
28385
29160
28362
28386
29161
28363
28387
29162
28364
28388
29163
28365
28389
29164
28366
28390
29165
28367
28391
29166
28368
28392
29167
28369
28393
29168
28370
28394
29169
28371
28395
29170
28372
28396
29171
28373
28397
29172
28374
28398
29173
28399
29174
28376
28400
29175
28377
28401
29176
28378
28402
29177
28379
28403
29178
28380
28404
29179
28381
28405
29180
28382
28406
29181
28383
28407
29182
28384
28408
29183
28385
28409
29184
28386
28410
29185
28387
28411
29186
28388
28412
29187
28389
28413
29188
28390
28414
29189
28391
28415
29190
28392
28416
29191
28393
28417
29192
28394
28418
29193
28395
28419
29194
28396
28420
29195
28397
28421
29196
28398
28422
29197
28399
28423
29198
28424
29199
28401
28425
29200
28402
28426
29201
28403
28427
29202
28404
28428
29203
28405
28429
29204
28406
28430
29205
28407
28431
29206
28408
28432
29207
28409
28433
29208
28410
28434
29209
28411
28435
29210
28412
28436
29211
28413
28437
29212
28414
28438
29213
28415
28439
29214
28416
28440
29215
28417
28441
29216
28418
28442
29217
28419
28443
29218
28420
28444
29219
28421
28445
29220
28422
28446
29221
28423
28447
29222
28424
28448
29223
28449
29224
28426
28450
29225
28427
28451
29226
28428
28452
29227
28429
28453
29228
28430
28454
29229
28431
28455
29230
28432
28456
29231
28433
28457
29232
28434
28458
29233
28435
28459
29234
28436
28460
29235
28437
28461
29236
28438
28462
29237
28439
28463
29238
28440
28464
29239
28441
28465
29240
28442
28466
29241
28443
28467
29242
28444
28468
29243
28445
28469
29244
28446
28470
29245
28447
28471
29246
28448
28472
29247
28449
28473
29248
28474
29249
28451
28475
29250
28452
28476
29251
28453
28477
29252
28454
28478
29253
28455
28479
29254
28456
28480
29255
28457
28481
29256
28458
28482
29257
28459
28483
29258
28460
28484
29259
28461
28485
29260
28462
28486
29261
28463
28487
29262
28464
28488
29263
28465
28489
29264
28466
28490
29265
28467
28491
29266
28468
28492
29267
28469
28493
29268
28470
28494
29269
28471
28495
29270
28472
28496
29271
28473
28497
29272
28474
28498
29273
28499
29274
28476
28500
29275
28477
28501
29276
28478
28502
29277
28479
28503
29278
28480
28504
29279
28481
28505
29280
28482
28506
29281
28483
28507
29282
28484
28508
29283
28485
28509
29284
28486
28510
29285
28487
28511
29286
28488
28512
29287
28489
28513
29288
28490
28514
29289
28491
28515
29290
28492
28516
29291
28493
28517
29292
28494
28518
29293
28495
28519
29294
28496
28520
29295
28497
28521
29296
28498
28522
29297
28499
28523
29298
28524
29299
28501
28525
29300
28502
28526
29301
28503
28527
29302
28504
28528
29303
28505
28529
29304
28506
28530
29305
28507
28531
29306
28508
28532
29307
28509
28533
29308
28510
28534
29309
28511
28535
29310
28512
28536
29311
28513
28537
29312
28514
28538
29313
28515
28539
29314
28516
28540
29315
28517
28541
29316
28518
28542
29317
28519
28543
29318
28520
28544
29319
28521
28545
29320
28522
28546
29321
28523
28547
29322
28524
28548
29323
28549
29324
28526
28550
29325
28527
28551
29326
28528
28552
29327
28529
28553
29328
28530
28554
29329
28531
28555
29330
28532
28556
29331
28533
28557
29332
28534
28558
29333
28535
28559
29334
28536
28560
29335
28537
28561
29336
28538
28562
29337
28539
28563
29338
28540
28564
29339
28541
28565
29340
28542
28566
29341
28543
28567
29342
28544
28568
29343
28545
28569
29344
28546
28570
29345
28547
28571
29346
28548
28572
29347
28549
28573
29348
28574
29349
28551
28575
29350
28552
28576
29351
28553
28577
29352
28554
28578
29353
28555
28579
29354
28556
28580
29355
28557
28581
29356
28558
28582
29357
28559
28583
29358
28560
28584
29359
28561
28585
29360
28562
28586
29361
28563
28587
29362
28564
28588
29363
28565
28589
29364
28566
28590
29365
28567
28591
29366
28568
28592
29367
28569
28593
29368
28570
28594
29369
28571
28595
29370
28572
28596
29371
28573
28597
29372
28574
28598
29373
28599
29374
28576
28600
29375
28577
28601
29376
28578
28602
29377
28579
28603
29378
28580
28604
29379
28581
28605
29380
28582
28606
29381
28583
28607
29382
28584
28608
29383
28585
28609
29384
28586
28610
29385
28587
28611
29386
28588
28612
29387
28589
28613
29388
28590
28614
29389
28591
28615
29390
28592
28616
29391
28593
28617
29392
28594
28618
29393
28595
28619
29394
28596
28620
29395
28597
28621
29396
28598
28622
29397
28599
28623
29398
28624
29399
28601
28625
29400
28602
28626
29401
28603
28627
29402
28604
28628
29403
28605
28629
29404
28606
28630
29405
28607
28631
29406
28608
28632
29407
28609
28633
29408
28610
28634
29409
28611
28635
29410
28612
28636
29411
28613
28637
29412
28614
28638
29413
28615
28639
29414
28616
28640
29415
28617
28641
29416
28618
28642
29417
28619
28643
29418
28620
28644
29419
28621
28645
29420
28622
28646
29421
28623
28647
29422
28624
28648
29423
28649
29424
28626
28650
29425
28627
28651
29426
28628
28652
29427
28629
28653
29428
28630
28654
29429
28631
28655
29430
28632
28656
29431
28633
28657
29432
28634
28658
29433
28635
28659
29434
28636
28660
29435
28637
28661
29436
28638
28662
29437
28639
28663
29438
28640
28664
29439
28641
28665
29440
28642
28666
29441
28643
28667
29442
28644
28668
29443
28645
28669
29444
28646
28670
29445
28647
28671
29446
28648
28672
29447
28649
28673
29448
28674
29449
28651
28675
29450
28652
28676
29451
28653
28677
29452
28654
28678
29453
28655
28679
29454
28656
28680
29455
28657
28681
29456
28658
28682
29457
28659
28683
29458
28660
28684
29459
28661
28685
29460
28662
28686
29461
28663
28687
29462
28664
28688
29463
28665
28689
29464
28666
28690
29465
28667
28691
29466
28668
28692
29467
28669
28693
29468
28670
28694
29469
28671
28695
29470
28672
28696
29471
28673
28697
29472
28674
28698
29473
28699
29474
28676
28700
29475
28677
28701
29476
28678
28702
29477
28679
28703
29478
28680
28704
29479
28681
28705
29480
28682
28706
29481
28683
28707
29482
28684
28708
29483
28685
28709
29484
28686
28710
29485
28687
28711
29486
28688
28712
29487
28689
28713
29488
28690
28714
29489
28691
28715
29490
28692
28716
29491
28693
28717
29492
28694
28718
29493
28695
28719
29494
28696
28720
29495
28697
28721
29496
28698
28722
29497
28699
28723
29498
28724
29499
28701
28725
29500
28702
28726
29501
28703
28727
29502
28704
28728
29503
28705
28729
29504
28706
28730
29505
28707
28731
29506
28708
28732
29507
28709
28733
29508
28710
28734
29509
28711
28735
29510
28712
28736
29511
28713
28737
29512
28714
28738
29513
28715
28739
29514
28716
28740
29515
28717
28741
29516
28718
28742
29517
28719
28743
29518
28720
28744
29519
28721
28745
29520
28722
28746
29521
28723
28747
29522
28724
28748
29523
28749
29524
28726
28750
29525
28727
28751
29526
28728
28752
29527
28729
28753
29528
28730
28754
29529
28731
28755
29530
28732
28756
29531
28733
28757
29532
28734
28758
29533
28735
28759
29534
28736
28760
29535
28737
28761
29536
28738
28762
29537
28739
28763
29538
28740
28764
29539
28741
28765
29540
28742
28766
29541
28743
28767
29542
28744
28768
29543
28745
28769
29544
28746
28770
29545
28747
28771
29546
28748
28772
29547
28749
28773
29548
28774
29549
28751
28775
29550
28752
28776
29551
28753
28777
29552
28754
28778
29553
28755
28779
29554
28756
28780
29555
28757
28781
29556
28758
28782
29557
28759
28783
29558
28760
28784
29559
28761
28785
29560
28762
28786
29561
28763
28787
29562
28764
28788
29563
28765
28789
29564
28766
28790
29565
28767
28791
29566
28768
28792
29567
28769
28793
29568
28770
28794
29569
28771
28795
29570
28772
28796
29571
28773
28797
29572
28774
28798
29573
28799
29574
28776
29575
28777
29576
28778
29577
28779
29578
28780
29579
28781
29580
28782
29581
28783
29582
28784
29583
28785
29584
28786
29585
28787
29586
28788
29587
28789
29588
28790
29589
28791
29590
28792
29591
28793
29592
28794
29593
28795
29594
28796
29595
28797
29596
28798
29597
28799
29598
29599
28801
28825
29600
28802
28826
29601
28803
28827
29602
28804
28828
29603
28805
28829
29604
28806
28830
29605
28807
28831
29606
28808
28832
29607
28809
28833
29608
28810
28834
29609
28811
28835
29610
28812
28836
29611
28813
28837
29612
28814
28838
29613
28815
28839
29614
28816
28840
29615
28817
28841
29616
28818
28842
29617
28819
28843
29618
28820
28844
29619
28821
28845
29620
28822
28846
29621
28823
28847
29622
28824
28848
29623
28849
29624
28826
28850
29625
28827
28851
29626
28828
28852
29627
28829
28853
29628
28830
28854
29629
28831
28855
29630
28832
28856
29631
28833
28857
29632
28834
28858
29633
28835
28859
29634
28836
28860
29635
28837
28861
29636
28838
28862
29637
28839
28863
29638
28840
28864
29639
28841
28865
29640
28842
28866
29641
28843
28867
29642
28844
28868
29643
28845
28869
29644
28846
28870
29645
28847
28871
29646
28848
28872
29647
28849
28873
29648
28874
29649
28851
28875
29650
28852
28876
29651
28853
28877
29652
28854
28878
29653
28855
28879
29654
28856
28880
29655
28857
28881
29656
28858
28882
29657
28859
28883
29658
28860
28884
29659
28861
28885
29660
28862
28886
29661
28863
28887
29662
28864
28888
29663
28865
28889
29664
28866
28890
29665
28867
28891
29666
28868
28892
29667
28869
28893
29668
28870
28894
29669
28871
28895
29670
28872
28896
29671
28873
28897
29672
28874
28898
29673
28899
29674
28876
28900
29675
28877
28901
29676
28878
28902
29677
28879
28903
29678
28880
28904
29679
28881
28905
29680
28882
28906
29681
28883
28907
29682
28884
28908
29683
28885
28909
29684
28886
28910
29685
28887
28911
29686
28888
28912
29687
28889
28913
29688
28890
28914
29689
28891
28915
29690
28892
28916
29691
28893
28917
29692
28894
28918
29693
28895
28919
29694
28896
28920
29695
28897
28921
29696
28898
28922
29697
28899
28923
29698
28924
29699
28901
28925
29700
28902
28926
29701
28903
28927
29702
28904
28928
29703
28905
28929
29704
28906
28930
29705
28907
28931
29706
28908
28932
29707
28909
28933
29708
28910
28934
29709
28911
28935
29710
28912
28936
29711
28913
28937
29712
28914
28938
29713
28915
28939
29714
28916
28940
29715
28917
28941
29716
28918
28942
29717
28919
28943
29718
28920
28944
29719
28921
28945
29720
28922
28946
29721
28923
28947
29722
28924
28948
29723
28949
29724
28926
28950
29725
28927
28951
29726
28928
28952
29727
28929
28953
29728
28930
28954
29729
28931
28955
29730
28932
28956
29731
28933
28957
29732
28934
28958
29733
28935
28959
29734
28936
28960
29735
28937
28961
29736
28938
28962
29737
28939
28963
29738
28940
28964
29739
28941
28965
29740
28942
28966
29741
28943
28967
29742
28944
28968
29743
28945
28969
29744
28946
28970
29745
28947
28971
29746
28948
28972
29747
28949
28973
29748
28974
29749
28951
28975
29750
28952
28976
29751
28953
28977
29752
28954
28978
29753
28955
28979
29754
28956
28980
29755
28957
28981
29756
28958
28982
29757
28959
28983
29758
28960
28984
29759
28961
28985
29760
28962
28986
29761
28963
28987
29762
28964
28988
29763
28965
28989
29764
28966
28990
29765
28967
28991
29766
28968
28992
29767
28969
28993
29768
28970
28994
29769
28971
28995
29770
28972
28996
29771
28973
28997
29772
28974
28998
29773
28999
29774
28976
29000
29775
28977
29001
29776
28978
29002
29777
28979
29003
29778
28980
29004
29779
28981
29005
29780
28982
29006
29781
28983
29007
29782
28984
29008
29783
28985
29009
29784
28986
29010
29785
28987
29011
29786
28988
29012
29787
28989
29013
29788
28990
29014
29789
28991
29015
29790
28992
29016
29791
28993
29017
29792
28994
29018
29793
28995
29019
29794
28996
29020
29795
28997
29021
29796
28998
29022
29797
28999
29023
29798
29024
29799
29001
29025
29800
29002
29026
29801
29003
29027
29802
29004
29028
29803
29005
29029
29804
29006
29030
29805
29007
29031
29806
29008
29032
29807
29009
29033
29808
29010
29034
29809
29011
29035
29810
29012
29036
29811
29013
29037
29812
29014
29038
29813
29015
29039
29814
29016
29040
29815
29017
29041
29816
29018
29042
29817
29019
29043
29818
29020
29044
29819
29021
29045
29820
29022
29046
29821
29023
29047
29822
29024
29048
29823
29049
29824
29026
29050
29825
29027
29051
29826
29028
29052
29827
29029
29053
29828
29030
29054
29829
29031
29055
29830
29032
29056
29831
29033
29057
29832
29034
29058
29833
29035
29059
29834
29036
29060
29835
29037
29061
29836
29038
29062
29837
29039
29063
29838
29040
29064
29839
29041
29065
29840
29042
29066
29841
29043
29067
29842
29044
29068
29843
29045
29069
29844
29046
29070
29845
29047
29071
29846
29048
29072
29847
29049
29073
29848
29074
29849
29051
29075
29850
29052
29076
29851
29053
29077
29852
29054
29078
29853
29055
29079
29854
29056
29080
29855
29057
29081
29856
29058
29082
29857
29059
29083
29858
29060
29084
29859
29061
29085
29860
29062
29086
29861
29063
29087
29862
29064
29088
29863
29065
29089
29864
29066
29090
29865
29067
29091
29866
29068
29092
29867
29069
29093
29868
29070
29094
29869
29071
29095
29870
29072
29096
29871
29073
29097
29872
29074
29098
29873
29099
29874
29076
29100
29875
29077
29101
29876
29078
29102
29877
29079
29103
29878
29080
29104
29879
29081
29105
29880
29082
29106
29881
29083
29107
29882
29084
29108
29883
29085
29109
29884
29086
29110
29885
29087
29111
29886
29088
29112
29887
29089
29113
29888
29090
29114
29889
29091
29115
29890
29092
29116
29891
29093
29117
29892
29094
29118
29893
29095
29119
29894
29096
29120
29895
29097
29121
29896
29098
29122
29897
29099
29123
29898
29124
29899
29101
29125
29900
29102
29126
29901
29103
29127
29902
29104
29128
29903
29105
29129
29904
29106
29130
29905
29107
29131
29906
29108
29132
29907
29109
29133
29908
29110
29134
29909
29111
29135
29910
29112
29136
29911
29113
29137
29912
29114
29138
29913
29115
29139
29914
29116
29140
29915
29117
29141
29916
29118
29142
29917
29119
29143
29918
29120
29144
29919
29121
29145
29920
29122
29146
29921
29123
29147
29922
29124
29148
29923
29149
29924
29126
29150
29925
29127
29151
29926
29128
29152
29927
29129
29153
29928
29130
29154
29929
29131
29155
29930
29132
29156
29931
29133
29157
29932
29134
29158
29933
29135
29159
29934
29136
29160
29935
29137
29161
29936
29138
29162
29937
29139
29163
29938
29140
29164
29939
29141
29165
29940
29142
29166
29941
29143
29167
29942
29144
29168
29943
29145
29169
29944
29146
29170
29945
29147
29171
29946
29148
29172
29947
29149
29173
29948
29174
29949
29151
29175
29950
29152
29176
29951
29153
29177
29952
29154
29178
29953
29155
29179
29954
29156
29180
29955
29157
29181
29956
29158
29182
29957
29159
29183
29958
29160
29184
29959
29161
29185
29960
29162
29186
29961
29163
29187
29962
29164
29188
29963
29165
29189
29964
29166
29190
29965
29167
29191
29966
29168
29192
29967
29169
29193
29968
29170
29194
29969
29171
29195
29970
29172
29196
29971
29173
29197
29972
29174
29198
29973
29199
29974
29176
29200
29975
29177
29201
29976
29178
29202
29977
29179
29203
29978
29180
29204
29979
29181
29205
29980
29182
29206
29981
29183
29207
29982
29184
29208
29983
29185
29209
29984
29186
29210
29985
29187
29211
29986
29188
29212
29987
29189
29213
29988
29190
29214
29989
29191
29215
29990
29192
29216
29991
29193
29217
29992
29194
29218
29993
29195
29219
29994
29196
29220
29995
29197
29221
29996
29198
29222
29997
29199
29223
29998
29224
29999
29201
29225
30000
29202
29226
30001
29203
29227
30002
29204
29228
30003
29205
29229
30004
29206
29230
30005
29207
29231
30006
29208
29232
30007
29209
29233
30008
29210
29234
30009
29211
29235
30010
29212
29236
30011
29213
29237
30012
29214
29238
30013
29215
29239
30014
29216
29240
30015
29217
29241
30016
29218
29242
30017
29219
29243
30018
29220
29244
30019
29221
29245
30020
29222
29246
30021
29223
29247
30022
29224
29248
30023
29249
30024
29226
29250
30025
29227
29251
30026
29228
29252
30027
29229
29253
30028
29230
29254
30029
29231
29255
30030
29232
29256
30031
29233
29257
30032
29234
29258
30033
29235
29259
30034
29236
29260
30035
29237
29261
30036
29238
29262
30037
29239
29263
30038
29240
29264
30039
29241
29265
30040
29242
29266
30041
29243
29267
30042
29244
29268
30043
29245
29269
30044
29246
29270
30045
29247
29271
30046
29248
29272
30047
29249
29273
30048
29274
30049
29251
29275
30050
29252
29276
30051
29253
29277
30052
29254
29278
30053
29255
29279
30054
29256
29280
30055
29257
29281
30056
29258
29282
30057
29259
29283
30058
29260
29284
30059
29261
29285
30060
29262
29286
30061
29263
29287
30062
29264
29288
30063
29265
29289
30064
29266
29290
30065
29267
29291
30066
29268
29292
30067
29269
29293
30068
29270
29294
30069
29271
29295
30070
29272
29296
30071
29273
29297
30072
29274
29298
30073
29299
30074
29276
29300
30075
29277
29301
30076
29278
29302
30077
29279
29303
30078
29280
29304
30079
29281
29305
30080
29282
29306
30081
29283
29307
30082
29284
29308
30083
29285
29309
30084
29286
29310
30085
29287
29311
30086
29288
29312
30087
29289
29313
30088
29290
29314
30089
29291
29315
30090
29292
29316
30091
29293
29317
30092
29294
29318
30093
29295
29319
30094
29296
29320
30095
29297
29321
30096
29298
29322
30097
29299
29323
30098
29324
30099
29301
29325
30100
29302
29326
30101
29303
29327
30102
29304
29328
30103
29305
29329
30104
29306
29330
30105
29307
29331
30106
29308
29332
30107
29309
29333
30108
29310
29334
30109
29311
29335
30110
29312
29336
30111
29313
29337
30112
29314
29338
30113
29315
29339
30114
29316
29340
30115
29317
29341
30116
29318
29342
30117
29319
29343
30118
29320
29344
30119
29321
29345
30120
29322
29346
30121
29323
29347
30122
29324
29348
30123
29349
30124
29326
29350
30125
29327
29351
30126
29328
29352
30127
29329
29353
30128
29330
29354
30129
29331
29355
30130
29332
29356
30131
29333
29357
30132
29334
29358
30133
29335
29359
30134
29336
29360
30135
29337
29361
30136
29338
29362
30137
29339
29363
30138
29340
29364
30139
29341
29365
30140
29342
29366
30141
29343
29367
30142
29344
29368
30143
29345
29369
30144
29346
29370
30145
29347
29371
30146
29348
29372
30147
29349
29373
30148
29374
30149
29351
29375
30150
29352
29376
30151
29353
29377
30152
29354
29378
30153
29355
29379
30154
29356
29380
30155
29357
29381
30156
29358
29382
30157
29359
29383
30158
29360
29384
30159
29361
29385
30160
29362
29386
30161
29363
29387
30162
29364
29388
30163
29365
29389
30164
29366
29390
30165
29367
29391
30166
29368
29392
30167
29369
29393
30168
29370
29394
30169
29371
29395
30170
29372
29396
30171
29373
29397
30172
29374
29398
30173
29399
30174
29376
29400
30175
29377
29401
30176
29378
29402
30177
29379
29403
30178
29380
29404
30179
29381
29405
30180
29382
29406
30181
29383
29407
30182
29384
29408
30183
29385
29409
30184
29386
29410
30185
29387
29411
30186
29388
29412
30187
29389
29413
30188
29390
29414
30189
29391
29415
30190
29392
29416
30191
29393
29417
30192
29394
29418
30193
29395
29419
30194
29396
29420
30195
29397
29421
30196
29398
29422
30197
29399
29423
30198
29424
30199
29401
29425
30200
29402
29426
30201
29403
29427
30202
29404
29428
30203
29405
29429
30204
29406
29430
30205
29407
29431
30206
29408
29432
30207
29409
29433
30208
29410
29434
30209
29411
29435
30210
29412
29436
30211
29413
29437
30212
29414
29438
30213
29415
29439
30214
29416
29440
30215
29417
29441
30216
29418
29442
30217
29419
29443
30218
29420
29444
30219
29421
29445
30220
29422
29446
30221
29423
29447
30222
29424
29448
30223
29449
30224
29426
29450
30225
29427
29451
30226
29428
29452
30227
29429
29453
30228
29430
29454
30229
29431
29455
30230
29432
29456
30231
29433
29457
30232
29434
29458
30233
29435
29459
30234
29436
29460
30235
29437
29461
30236
29438
29462
30237
29439
29463
30238
29440
29464
30239
29441
29465
30240
29442
29466
30241
29443
29467
30242
29444
29468
30243
29445
29469
30244
29446
29470
30245
29447
29471
30246
29448
29472
30247
29449
29473
30248
29474
30249
29451
29475
30250
29452
29476
30251
29453
29477
30252
29454
29478
30253
29455
29479
30254
29456
29480
30255
29457
29481
30256
29458
29482
30257
29459
29483
30258
29460
29484
30259
29461
29485
30260
29462
29486
30261
29463
29487
30262
29464
29488
30263
29465
29489
30264
29466
29490
30265
29467
29491
30266
29468
29492
30267
29469
29493
30268
29470
29494
30269
29471
29495
30270
29472
29496
30271
29473
29497
30272
29474
29498
30273
29499
30274
29476
29500
30275
29477
29501
30276
29478
29502
30277
29479
29503
30278
29480
29504
30279
29481
29505
30280
29482
29506
30281
29483
29507
30282
29484
29508
30283
29485
29509
30284
29486
29510
30285
29487
29511
30286
29488
29512
30287
29489
29513
30288
29490
29514
30289
29491
29515
30290
29492
29516
30291
29493
29517
30292
29494
29518
30293
29495
29519
30294
29496
29520
30295
29497
29521
30296
29498
29522
30297
29499
29523
30298
29524
30299
29501
29525
30300
29502
29526
30301
29503
29527
30302
29504
29528
30303
29505
29529
30304
29506
29530
30305
29507
29531
30306
29508
29532
30307
29509
29533
30308
29510
29534
30309
29511
29535
30310
29512
29536
30311
29513
29537
30312
29514
29538
30313
29515
29539
30314
29516
29540
30315
29517
29541
30316
29518
29542
30317
29519
29543
30318
29520
29544
30319
29521
29545
30320
29522
29546
30321
29523
29547
30322
29524
29548
30323
29549
30324
29526
29550
30325
29527
29551
30326
29528
29552
30327
29529
29553
30328
29530
29554
30329
29531
29555
30330
29532
29556
30331
29533
29557
30332
29534
29558
30333
29535
29559
30334
29536
29560
30335
29537
29561
30336
29538
29562
30337
29539
29563
30338
29540
29564
30339
29541
29565
30340
29542
29566
30341
29543
29567
30342
29544
29568
30343
29545
29569
30344
29546
29570
30345
29547
29571
30346
29548
29572
30347
29549
29573
30348
29574
30349
29551
29575
30350
29552
29576
30351
29553
29577
30352
29554
29578
30353
29555
29579
30354
29556
29580
30355
29557
29581
30356
29558
29582
30357
29559
29583
30358
29560
29584
30359
29561
29585
30360
29562
29586
30361
29563
29587
30362
29564
29588
30363
29565
29589
30364
29566
29590
30365
29567
29591
30366
29568
29592
30367
29569
29593
30368
29570
29594
30369
29571
29595
30370
29572
29596
30371
29573
29597
30372
29574
29598
30373
29599
30374
29576
30375
29577
30376
29578
30377
29579
30378
29580
30379
29581
30380
29582
30381
29583
30382
29584
30383
29585
30384
29586
30385
29587
30386
29588
30387
29589
30388
29590
30389
29591
30390
29592
30391
29593
30392
29594
30393
29595
30394
29596
30395
29597
30396
29598
30397
29599
30398
30399
29601
29625
30400
29602
29626
30401
29603
29627
30402
29604
29628
30403
29605
29629
30404
29606
29630
30405
29607
29631
30406
29608
29632
30407
29609
29633
30408
29610
29634
30409
29611
29635
30410
29612
29636
30411
29613
29637
30412
29614
29638
30413
29615
29639
30414
29616
29640
30415
29617
29641
30416
29618
29642
30417
29619
29643
30418
29620
29644
30419
29621
29645
30420
29622
29646
30421
29623
29647
30422
29624
29648
30423
29649
30424
29626
29650
30425
29627
29651
30426
29628
29652
30427
29629
29653
30428
29630
29654
30429
29631
29655
30430
29632
29656
30431
29633
29657
30432
29634
29658
30433
29635
29659
30434
29636
29660
30435
29637
29661
30436
29638
29662
30437
29639
29663
30438
29640
29664
30439
29641
29665
30440
29642
29666
30441
29643
29667
30442
29644
29668
30443
29645
29669
30444
29646
29670
30445
29647
29671
30446
29648
29672
30447
29649
29673
30448
29674
30449
29651
29675
30450
29652
29676
30451
29653
29677
30452
29654
29678
30453
29655
29679
30454
29656
29680
30455
29657
29681
30456
29658
29682
30457
29659
29683
30458
29660
29684
30459
29661
29685
30460
29662
29686
30461
29663
29687
30462
29664
29688
30463
29665
29689
30464
29666
29690
30465
29667
29691
30466
29668
29692
30467
29669
29693
30468
29670
29694
30469
29671
29695
30470
29672
29696
30471
29673
29697
30472
29674
29698
30473
29699
30474
29676
29700
30475
29677
29701
30476
29678
29702
30477
29679
29703
30478
29680
29704
30479
29681
29705
30480
29682
29706
30481
29683
29707
30482
29684
29708
30483
29685
29709
30484
29686
29710
30485
29687
29711
30486
29688
29712
30487
29689
29713
30488
29690
29714
30489
29691
29715
30490
29692
29716
30491
29693
29717
30492
29694
29718
30493
29695
29719
30494
29696
29720
30495
29697
29721
30496
29698
29722
30497
29699
29723
30498
29724
30499
29701
29725
30500
29702
29726
30501
29703
29727
30502
29704
29728
30503
29705
29729
30504
29706
29730
30505
29707
29731
30506
29708
29732
30507
29709
29733
30508
29710
29734
30509
29711
29735
30510
29712
29736
30511
29713
29737
30512
29714
29738
30513
29715
29739
30514
29716
29740
30515
29717
29741
30516
29718
29742
30517
29719
29743
30518
29720
29744
30519
29721
29745
30520
29722
29746
30521
29723
29747
30522
29724
29748
30523
29749
30524
29726
29750
30525
29727
29751
30526
29728
29752
30527
29729
29753
30528
29730
29754
30529
29731
29755
30530
29732
29756
30531
29733
29757
30532
29734
29758
30533
29735
29759
30534
29736
29760
30535
29737
29761
30536
29738
29762
30537
29739
29763
30538
29740
29764
30539
29741
29765
30540
29742
29766
30541
29743
29767
30542
29744
29768
30543
29745
29769
30544
29746
29770
30545
29747
29771
30546
29748
29772
30547
29749
29773
30548
29774
30549
29751
29775
30550
29752
29776
30551
29753
29777
30552
29754
29778
30553
29755
29779
30554
29756
29780
30555
29757
29781
30556
29758
29782
30557
29759
29783
30558
29760
29784
30559
29761
29785
30560
29762
29786
30561
29763
29787
30562
29764
29788
30563
29765
29789
30564
29766
29790
30565
29767
29791
30566
29768
29792
30567
29769
29793
30568
29770
29794
30569
29771
29795
30570
29772
29796
30571
29773
29797
30572
29774
29798
30573
29799
30574
29776
29800
30575
29777
29801
30576
29778
29802
30577
29779
29803
30578
29780
29804
30579
29781
29805
30580
29782
29806
30581
29783
29807
30582
29784
29808
30583
29785
29809
30584
29786
29810
30585
29787
29811
30586
29788
29812
30587
29789
29813
30588
29790
29814
30589
29791
29815
30590
29792
29816
30591
29793
29817
30592
29794
29818
30593
29795
29819
30594
29796
29820
30595
29797
29821
30596
29798
29822
30597
29799
29823
30598
29824
30599
29801
29825
30600
29802
29826
30601
29803
29827
30602
29804
29828
30603
29805
29829
30604
29806
29830
30605
29807
29831
30606
29808
29832
30607
29809
29833
30608
29810
29834
30609
29811
29835
30610
29812
29836
30611
29813
29837
30612
29814
29838
30613
29815
29839
30614
29816
29840
30615
29817
29841
30616
29818
29842
30617
29819
29843
30618
29820
29844
30619
29821
29845
30620
29822
29846
30621
29823
29847
30622
29824
29848
30623
29849
30624
29826
29850
30625
29827
29851
30626
29828
29852
30627
29829
29853
30628
29830
29854
30629
29831
29855
30630
29832
29856
30631
29833
29857
30632
29834
29858
30633
29835
29859
30634
29836
29860
30635
29837
29861
30636
29838
29862
30637
29839
29863
30638
29840
29864
30639
29841
29865
30640
29842
29866
30641
29843
29867
30642
29844
29868
30643
29845
29869
30644
29846
29870
30645
29847
29871
30646
29848
29872
30647
29849
29873
30648
29874
30649
29851
29875
30650
29852
29876
30651
29853
29877
30652
29854
29878
30653
29855
29879
30654
29856
29880
30655
29857
29881
30656
29858
29882
30657
29859
29883
30658
29860
29884
30659
29861
29885
30660
29862
29886
30661
29863
29887
30662
29864
29888
30663
29865
29889
30664
29866
29890
30665
29867
29891
30666
29868
29892
30667
29869
29893
30668
29870
29894
30669
29871
29895
30670
29872
29896
30671
29873
29897
30672
29874
29898
30673
29899
30674
29876
29900
30675
29877
29901
30676
29878
29902
30677
29879
29903
30678
29880
29904
30679
29881
29905
30680
29882
29906
30681
29883
29907
30682
29884
29908
30683
29885
29909
30684
29886
29910
30685
29887
29911
30686
29888
29912
30687
29889
29913
30688
29890
29914
30689
29891
29915
30690
29892
29916
30691
29893
29917
30692
29894
29918
30693
29895
29919
30694
29896
29920
30695
29897
29921
30696
29898
29922
30697
29899
29923
30698
29924
30699
29901
29925
30700
29902
29926
30701
29903
29927
30702
29904
29928
30703
29905
29929
30704
29906
29930
30705
29907
29931
30706
29908
29932
30707
29909
29933
30708
29910
29934
30709
29911
29935
30710
29912
29936
30711
29913
29937
30712
29914
29938
30713
29915
29939
30714
29916
29940
30715
29917
29941
30716
29918
29942
30717
29919
29943
30718
29920
29944
30719
29921
29945
30720
29922
29946
30721
29923
29947
30722
29924
29948
30723
29949
30724
29926
29950
30725
29927
29951
30726
29928
29952
30727
29929
29953
30728
29930
29954
30729
29931
29955
30730
29932
29956
30731
29933
29957
30732
29934
29958
30733
29935
29959
30734
29936
29960
30735
29937
29961
30736
29938
29962
30737
29939
29963
30738
29940
29964
30739
29941
29965
30740
29942
29966
30741
29943
29967
30742
29944
29968
30743
29945
29969
30744
29946
29970
30745
29947
29971
30746
29948
29972
30747
29949
29973
30748
29974
30749
29951
29975
30750
29952
29976
30751
29953
29977
30752
29954
29978
30753
29955
29979
30754
29956
29980
30755
29957
29981
30756
29958
29982
30757
29959
29983
30758
29960
29984
30759
29961
29985
30760
29962
29986
30761
29963
29987
30762
29964
29988
30763
29965
29989
30764
29966
29990
30765
29967
29991
30766
29968
29992
30767
29969
29993
30768
29970
29994
30769
29971
29995
30770
29972
29996
30771
29973
29997
30772
29974
29998
30773
29999
30774
29976
30000
30775
29977
30001
30776
29978
30002
30777
29979
30003
30778
29980
30004
30779
29981
30005
30780
29982
30006
30781
29983
30007
30782
29984
30008
30783
29985
30009
30784
29986
30010
30785
29987
30011
30786
29988
30012
30787
29989
30013
30788
29990
30014
30789
29991
30015
30790
29992
30016
30791
29993
30017
30792
29994
30018
30793
29995
30019
30794
29996
30020
30795
29997
30021
30796
29998
30022
30797
29999
30023
30798
30024
30799
30001
30025
30800
30002
30026
30801
30003
30027
30802
30004
30028
30803
30005
30029
30804
30006
30030
30805
30007
30031
30806
30008
30032
30807
30009
30033
30808
30010
30034
30809
30011
30035
30810
30012
30036
30811
30013
30037
30812
30014
30038
30813
30015
30039
30814
30016
30040
30815
30017
30041
30816
30018
30042
30817
30019
30043
30818
30020
30044
30819
30021
30045
30820
30022
30046
30821
30023
30047
30822
30024
30048
30823
30049
30824
30026
30050
30825
30027
30051
30826
30028
30052
30827
30029
30053
30828
30030
30054
30829
30031
30055
30830
30032
30056
30831
30033
30057
30832
30034
30058
30833
30035
30059
30834
30036
30060
30835
30037
30061
30836
30038
30062
30837
30039
30063
30838
30040
30064
30839
30041
30065
30840
30042
30066
30841
30043
30067
30842
30044
30068
30843
30045
30069
30844
30046
30070
30845
30047
30071
30846
30048
30072
30847
30049
30073
30848
30074
30849
30051
30075
30850
30052
30076
30851
30053
30077
30852
30054
30078
30853
30055
30079
30854
30056
30080
30855
30057
30081
30856
30058
30082
30857
30059
30083
30858
30060
30084
30859
30061
30085
30860
30062
30086
30861
30063
30087
30862
30064
30088
30863
30065
30089
30864
30066
30090
30865
30067
30091
30866
30068
30092
30867
30069
30093
30868
30070
30094
30869
30071
30095
30870
30072
30096
30871
30073
30097
30872
30074
30098
30873
30099
30874
30076
30100
30875
30077
30101
30876
30078
30102
30877
30079
30103
30878
30080
30104
30879
30081
30105
30880
30082
30106
30881
30083
30107
30882
30084
30108
30883
30085
30109
30884
30086
30110
30885
30087
30111
30886
30088
30112
30887
30089
30113
30888
30090
30114
30889
30091
30115
30890
30092
30116
30891
30093
30117
30892
30094
30118
30893
30095
30119
30894
30096
30120
30895
30097
30121
30896
30098
30122
30897
30099
30123
30898
30124
30899
30101
30125
30900
30102
30126
30901
30103
30127
30902
30104
30128
30903
30105
30129
30904
30106
30130
30905
30107
30131
30906
30108
30132
30907
30109
30133
30908
30110
30134
30909
30111
30135
30910
30112
30136
30911
30113
30137
30912
30114
30138
30913
30115
30139
30914
30116
30140
30915
30117
30141
30916
30118
30142
30917
30119
30143
30918
30120
30144
30919
30121
30145
30920
30122
30146
30921
30123
30147
30922
30124
30148
30923
30149
30924
30126
30150
30925
30127
30151
30926
30128
30152
30927
30129
30153
30928
30130
30154
30929
30131
30155
30930
30132
30156
30931
30133
30157
30932
30134
30158
30933
30135
30159
30934
30136
30160
30935
30137
30161
30936
30138
30162
30937
30139
30163
30938
30140
30164
30939
30141
30165
30940
30142
30166
30941
30143
30167
30942
30144
30168
30943
30145
30169
30944
30146
30170
30945
30147
30171
30946
30148
30172
30947
30149
30173
30948
30174
30949
30151
30175
30950
30152
30176
30951
30153
30177
30952
30154
30178
30953
30155
30179
30954
30156
30180
30955
30157
30181
30956
30158
30182
30957
30159
30183
30958
30160
30184
30959
30161
30185
30960
30162
30186
30961
30163
30187
30962
30164
30188
30963
30165
30189
30964
30166
30190
30965
30167
30191
30966
30168
30192
30967
30169
30193
30968
30170
30194
30969
30171
30195
30970
30172
30196
30971
30173
30197
30972
30174
30198
30973
30199
30974
30176
30200
30975
30177
30201
30976
30178
30202
30977
30179
30203
30978
30180
30204
30979
30181
30205
30980
30182
30206
30981
30183
30207
30982
30184
30208
30983
30185
30209
30984
30186
30210
30985
30187
30211
30986
30188
30212
30987
30189
30213
30988
30190
30214
30989
30191
30215
30990
30192
30216
30991
30193
30217
30992
30194
30218
30993
30195
30219
30994
30196
30220
30995
30197
30221
30996
30198
30222
30997
30199
30223
30998
30224
30999
30201
30225
31000
30202
30226
31001
30203
30227
31002
30204
30228
31003
30205
30229
31004
30206
30230
31005
30207
30231
31006
30208
30232
31007
30209
30233
31008
30210
30234
31009
30211
30235
31010
30212
30236
31011
30213
30237
31012
30214
30238
31013
30215
30239
31014
30216
30240
31015
30217
30241
31016
30218
30242
31017
30219
30243
31018
30220
30244
31019
30221
30245
31020
30222
30246
31021
30223
30247
31022
30224
30248
31023
30249
31024
30226
30250
31025
30227
30251
31026
30228
30252
31027
30229
30253
31028
30230
30254
31029
30231
30255
31030
30232
30256
31031
30233
30257
31032
30234
30258
31033
30235
30259
31034
30236
30260
31035
30237
30261
31036
30238
30262
31037
30239
30263
31038
30240
30264
31039
30241
30265
31040
30242
30266
31041
30243
30267
31042
30244
30268
31043
30245
30269
31044
30246
30270
31045
30247
30271
31046
30248
30272
31047
30249
30273
31048
30274
31049
30251
30275
31050
30252
30276
31051
30253
30277
31052
30254
30278
31053
30255
30279
31054
30256
30280
31055
30257
30281
31056
30258
30282
31057
30259
30283
31058
30260
30284
31059
30261
30285
31060
30262
30286
31061
30263
30287
31062
30264
30288
31063
30265
30289
31064
30266
30290
31065
30267
30291
31066
30268
30292
31067
30269
30293
31068
30270
30294
31069
30271
30295
31070
30272
30296
31071
30273
30297
31072
30274
30298
31073
30299
31074
30276
30300
31075
30277
30301
31076
30278
30302
31077
30279
30303
31078
30280
30304
31079
30281
30305
31080
30282
30306
31081
30283
30307
31082
30284
30308
31083
30285
30309
31084
30286
30310
31085
30287
30311
31086
30288
30312
31087
30289
30313
31088
30290
30314
31089
30291
30315
31090
30292
30316
31091
30293
30317
31092
30294
30318
31093
30295
30319
31094
30296
30320
31095
30297
30321
31096
30298
30322
31097
30299
30323
31098
30324
31099
30301
30325
31100
30302
30326
31101
30303
30327
31102
30304
30328
31103
30305
30329
31104
30306
30330
31105
30307
30331
31106
30308
30332
31107
30309
30333
31108
30310
30334
31109
30311
30335
31110
30312
30336
31111
30313
30337
31112
30314
30338
31113
30315
30339
31114
30316
30340
31115
30317
30341
31116
30318
30342
31117
30319
30343
31118
30320
30344
31119
30321
30345
31120
30322
30346
31121
30323
30347
31122
30324
30348
31123
30349
31124
30326
30350
31125
30327
30351
31126
30328
30352
31127
30329
30353
31128
30330
30354
31129
30331
30355
31130
30332
30356
31131
30333
30357
31132
30334
30358
31133
30335
30359
31134
30336
30360
31135
30337
30361
31136
30338
30362
31137
30339
30363
31138
30340
30364
31139
30341
30365
31140
30342
30366
31141
30343
30367
31142
30344
30368
31143
30345
30369
31144
30346
30370
31145
30347
30371
31146
30348
30372
31147
30349
30373
31148
30374
31149
30351
30375
31150
30352
30376
31151
30353
30377
31152
30354
30378
31153
30355
30379
31154
30356
30380
31155
30357
30381
31156
30358
30382
31157
30359
30383
31158
30360
30384
31159
30361
30385
31160
30362
30386
31161
30363
30387
31162
30364
30388
31163
30365
30389
31164
30366
30390
31165
30367
30391
31166
30368
30392
31167
30369
30393
31168
30370
30394
31169
30371
30395
31170
30372
30396
31171
30373
30397
31172
30374
30398
31173
30399
31174
30376
31175
30377
31176
30378
31177
30379
31178
30380
31179
30381
31180
30382
31181
30383
31182
30384
31183
30385
31184
30386
31185
30387
31186
30388
31187
30389
31188
30390
31189
30391
31190
30392
31191
30393
31192
30394
31193
30395
31194
30396
31195
30397
31196
30398
31197
30399
31198
31199
30401
30425
31200
30402
30426
31201
30403
30427
31202
30404
30428
31203
30405
30429
31204
30406
30430
31205
30407
30431
31206
30408
30432
31207
30409
30433
31208
30410
30434
31209
30411
30435
31210
30412
30436
31211
30413
30437
31212
30414
30438
31213
30415
30439
31214
30416
30440
31215
30417
30441
31216
30418
30442
31217
30419
30443
31218
30420
30444
31219
30421
30445
31220
30422
30446
31221
30423
30447
31222
30424
30448
31223
30449
31224
30426
30450
31225
30427
30451
31226
30428
30452
31227
30429
30453
31228
30430
30454
31229
30431
30455
31230
30432
30456
31231
30433
30457
31232
30434
30458
31233
30435
30459
31234
30436
30460
31235
30437
30461
31236
30438
30462
31237
30439
30463
31238
30440
30464
31239
30441
30465
31240
30442
30466
31241
30443
30467
31242
30444
30468
31243
30445
30469
31244
30446
30470
31245
30447
30471
31246
30448
30472
31247
30449
30473
31248
30474
31249
30451
30475
31250
30452
30476
31251
30453
30477
31252
30454
30478
31253
30455
30479
31254
30456
30480
31255
30457
30481
31256
30458
30482
31257
30459
30483
31258
30460
30484
31259
30461
30485
31260
30462
30486
31261
30463
30487
31262
30464
30488
31263
30465
30489
31264
30466
30490
31265
30467
30491
31266
30468
30492
31267
30469
30493
31268
30470
30494
31269
30471
30495
31270
30472
30496
31271
30473
30497
31272
30474
30498
31273
30499
31274
30476
30500
31275
30477
30501
31276
30478
30502
31277
30479
30503
31278
30480
30504
31279
30481
30505
31280
30482
30506
31281
30483
30507
31282
30484
30508
31283
30485
30509
31284
30486
30510
31285
30487
30511
31286
30488
30512
31287
30489
30513
31288
30490
30514
31289
30491
30515
31290
30492
30516
31291
30493
30517
31292
30494
30518
31293
30495
30519
31294
30496
30520
31295
30497
30521
31296
30498
30522
31297
30499
30523
31298
30524
31299
30501
30525
31300
30502
30526
31301
30503
30527
31302
30504
30528
31303
30505
30529
31304
30506
30530
31305
30507
30531
31306
30508
30532
31307
30509
30533
31308
30510
30534
31309
30511
30535
31310
30512
30536
31311
30513
30537
31312
30514
30538
31313
30515
30539
31314
30516
30540
31315
30517
30541
31316
30518
30542
31317
30519
30543
31318
30520
30544
31319
30521
30545
31320
30522
30546
31321
30523
30547
31322
30524
30548
31323
30549
31324
30526
30550
31325
30527
30551
31326
30528
30552
31327
30529
30553
31328
30530
30554
31329
30531
30555
31330
30532
30556
31331
30533
30557
31332
30534
30558
31333
30535
30559
31334
30536
30560
31335
30537
30561
31336
30538
30562
31337
30539
30563
31338
30540
30564
31339
30541
30565
31340
30542
30566
31341
30543
30567
31342
30544
30568
31343
30545
30569
31344
30546
30570
31345
30547
30571
31346
30548
30572
31347
30549
30573
31348
30574
31349
30551
30575
31350
30552
30576
31351
30553
30577
31352
30554
30578
31353
30555
30579
31354
30556
30580
31355
30557
30581
31356
30558
30582
31357
30559
30583
31358
30560
30584
31359
30561
30585
31360
30562
30586
31361
30563
30587
31362
30564
30588
31363
30565
30589
31364
30566
30590
31365
30567
30591
31366
30568
30592
31367
30569
30593
31368
30570
30594
31369
30571
30595
31370
30572
30596
31371
30573
30597
31372
30574
30598
31373
30599
31374
30576
30600
31375
30577
30601
31376
30578
30602
31377
30579
30603
31378
30580
30604
31379
30581
30605
31380
30582
30606
31381
30583
30607
31382
30584
30608
31383
30585
30609
31384
30586
30610
31385
30587
30611
31386
30588
30612
31387
30589
30613
31388
30590
30614
31389
30591
30615
31390
30592
30616
31391
30593
30617
31392
30594
30618
31393
30595
30619
31394
30596
30620
31395
30597
30621
31396
30598
30622
31397
30599
30623
31398
30624
31399
30601
30625
31400
30602
30626
31401
30603
30627
31402
30604
30628
31403
30605
30629
31404
30606
30630
31405
30607
30631
31406
30608
30632
31407
30609
30633
31408
30610
30634
31409
30611
30635
31410
30612
30636
31411
30613
30637
31412
30614
30638
31413
30615
30639
31414
30616
30640
31415
30617
30641
31416
30618
30642
31417
30619
30643
31418
30620
30644
31419
30621
30645
31420
30622
30646
31421
30623
30647
31422
30624
30648
31423
30649
31424
30626
30650
31425
30627
30651
31426
30628
30652
31427
30629
30653
31428
30630
30654
31429
30631
30655
31430
30632
30656
31431
30633
30657
31432
30634
30658
31433
30635
30659
31434
30636
30660
31435
30637
30661
31436
30638
30662
31437
30639
30663
31438
30640
30664
31439
30641
30665
31440
30642
30666
31441
30643
30667
31442
30644
30668
31443
30645
30669
31444
30646
30670
31445
30647
30671
31446
30648
30672
31447
30649
30673
31448
30674
31449
30651
30675
31450
30652
30676
31451
30653
30677
31452
30654
30678
31453
30655
30679
31454
30656
30680
31455
30657
30681
31456
30658
30682
31457
30659
30683
31458
30660
30684
31459
30661
30685
31460
30662
30686
31461
30663
30687
31462
30664
30688
31463
30665
30689
31464
30666
30690
31465
30667
30691
31466
30668
30692
31467
30669
30693
31468
30670
30694
31469
30671
30695
31470
30672
30696
31471
30673
30697
31472
30674
30698
31473
30699
31474
30676
30700
31475
30677
30701
31476
30678
30702
31477
30679
30703
31478
30680
30704
31479
30681
30705
31480
30682
30706
31481
30683
30707
31482
30684
30708
31483
30685
30709
31484
30686
30710
31485
30687
30711
31486
30688
30712
31487
30689
30713
31488
30690
30714
31489
30691
30715
31490
30692
30716
31491
30693
30717
31492
30694
30718
31493
30695
30719
31494
30696
30720
31495
30697
30721
31496
30698
30722
31497
30699
30723
31498
30724
31499
30701
30725
31500
30702
30726
31501
30703
30727
31502
30704
30728
31503
30705
30729
31504
30706
30730
31505
30707
30731
31506
30708
30732
31507
30709
30733
31508
30710
30734
31509
30711
30735
31510
30712
30736
31511
30713
30737
31512
30714
30738
31513
30715
30739
31514
30716
30740
31515
30717
30741
31516
30718
30742
31517
30719
30743
31518
30720
30744
31519
30721
30745
31520
30722
30746
31521
30723
30747
31522
30724
30748
31523
30749
31524
30726
30750
31525
30727
30751
31526
30728
30752
31527
30729
30753
31528
30730
30754
31529
30731
30755
31530
30732
30756
31531
30733
30757
31532
30734
30758
31533
30735
30759
31534
30736
30760
31535
30737
30761
31536
30738
30762
31537
30739
30763
31538
30740
30764
31539
30741
30765
31540
30742
30766
31541
30743
30767
31542
30744
30768
31543
30745
30769
31544
30746
30770
31545
30747
30771
31546
30748
30772
31547
30749
30773
31548
30774
31549
30751
30775
31550
30752
30776
31551
30753
30777
31552
30754
30778
31553
30755
30779
31554
30756
30780
31555
30757
30781
31556
30758
30782
31557
30759
30783
31558
30760
30784
31559
30761
30785
31560
30762
30786
31561
30763
30787
31562
30764
30788
31563
30765
30789
31564
30766
30790
31565
30767
30791
31566
30768
30792
31567
30769
30793
31568
30770
30794
31569
30771
30795
31570
30772
30796
31571
30773
30797
31572
30774
30798
31573
30799
31574
30776
30800
31575
30777
30801
31576
30778
30802
31577
30779
30803
31578
30780
30804
31579
30781
30805
31580
30782
30806
31581
30783
30807
31582
30784
30808
31583
30785
30809
31584
30786
30810
31585
30787
30811
31586
30788
30812
31587
30789
30813
31588
30790
30814
31589
30791
30815
31590
30792
30816
31591
30793
30817
31592
30794
30818
31593
30795
30819
31594
30796
30820
31595
30797
30821
31596
30798
30822
31597
30799
30823
31598
30824
31599
30801
30825
31600
30802
30826
31601
30803
30827
31602
30804
30828
31603
30805
30829
31604
30806
30830
31605
30807
30831
31606
30808
30832
31607
30809
30833
31608
30810
30834
31609
30811
30835
31610
30812
30836
31611
30813
30837
31612
30814
30838
31613
30815
30839
31614
30816
30840
31615
30817
30841
31616
30818
30842
31617
30819
30843
31618
30820
30844
31619
30821
30845
31620
30822
30846
31621
30823
30847
31622
30824
30848
31623
30849
31624
30826
30850
31625
30827
30851
31626
30828
30852
31627
30829
30853
31628
30830
30854
31629
30831
30855
31630
30832
30856
31631
30833
30857
31632
30834
30858
31633
30835
30859
31634
30836
30860
31635
30837
30861
31636
30838
30862
31637
30839
30863
31638
30840
30864
31639
30841
30865
31640
30842
30866
31641
30843
30867
31642
30844
30868
31643
30845
30869
31644
30846
30870
31645
30847
30871
31646
30848
30872
31647
30849
30873
31648
30874
31649
30851
30875
31650
30852
30876
31651
30853
30877
31652
30854
30878
31653
30855
30879
31654
30856
30880
31655
30857
30881
31656
30858
30882
31657
30859
30883
31658
30860
30884
31659
30861
30885
31660
30862
30886
31661
30863
30887
31662
30864
30888
31663
30865
30889
31664
30866
30890
31665
30867
30891
31666
30868
30892
31667
30869
30893
31668
30870
30894
31669
30871
30895
31670
30872
30896
31671
30873
30897
31672
30874
30898
31673
30899
31674
30876
30900
31675
30877
30901
31676
30878
30902
31677
30879
30903
31678
30880
30904
31679
30881
30905
31680
30882
30906
31681
30883
30907
31682
30884
30908
31683
30885
30909
31684
30886
30910
31685
30887
30911
31686
30888
30912
31687
30889
30913
31688
30890
30914
31689
30891
30915
31690
30892
30916
31691
30893
30917
31692
30894
30918
31693
30895
30919
31694
30896
30920
31695
30897
30921
31696
30898
30922
31697
30899
30923
31698
30924
31699
30901
30925
31700
30902
30926
31701
30903
30927
31702
30904
30928
31703
30905
30929
31704
30906
30930
31705
30907
30931
31706
30908
30932
31707
30909
30933
31708
30910
30934
31709
30911
30935
31710
30912
30936
31711
30913
30937
31712
30914
30938
31713
30915
30939
31714
30916
30940
31715
30917
30941
31716
30918
30942
31717
30919
30943
31718
30920
30944
31719
30921
30945
31720
30922
30946
31721
30923
30947
31722
30924
30948
31723
30949
31724
30926
30950
31725
30927
30951
31726
30928
30952
31727
30929
30953
31728
30930
30954
31729
30931
30955
31730
30932
30956
31731
30933
30957
31732
30934
30958
31733
30935
30959
31734
30936
30960
31735
30937
30961
31736
30938
30962
31737
30939
30963
31738
30940
30964
31739
30941
30965
31740
30942
30966
31741
30943
30967
31742
30944
30968
31743
30945
30969
31744
30946
30970
31745
30947
30971
31746
30948
30972
31747
30949
30973
31748
30974
31749
30951
30975
31750
30952
30976
31751
30953
30977
31752
30954
30978
31753
30955
30979
31754
30956
30980
31755
30957
30981
31756
30958
30982
31757
30959
30983
31758
30960
30984
31759
30961
30985
31760
30962
30986
31761
30963
30987
31762
30964
30988
31763
30965
30989
31764
30966
30990
31765
30967
30991
31766
30968
30992
31767
30969
30993
31768
30970
30994
31769
30971
30995
31770
30972
30996
31771
30973
30997
31772
30974
30998
31773
30999
31774
30976
31000
31775
30977
31001
31776
30978
31002
31777
30979
31003
31778
30980
31004
31779
30981
31005
31780
30982
31006
31781
30983
31007
31782
30984
31008
31783
30985
31009
31784
30986
31010
31785
30987
31011
31786
30988
31012
31787
30989
31013
31788
30990
31014
31789
30991
31015
31790
30992
31016
31791
30993
31017
31792
30994
31018
31793
30995
31019
31794
30996
31020
31795
30997
31021
31796
30998
31022
31797
30999
31023
31798
31024
31799
31001
31025
31800
31002
31026
31801
31003
31027
31802
31004
31028
31803
31005
31029
31804
31006
31030
31805
31007
31031
31806
31008
31032
31807
31009
31033
31808
31010
31034
31809
31011
31035
31810
31012
31036
31811
31013
31037
31812
31014
31038
31813
31015
31039
31814
31016
31040
31815
31017
31041
31816
31018
31042
31817
31019
31043
31818
31020
31044
31819
31021
31045
31820
31022
31046
31821
31023
31047
31822
31024
31048
31823
31049
31824
31026
31050
31825
31027
31051
31826
31028
31052
31827
31029
31053
31828
31030
31054
31829
31031
31055
31830
31032
31056
31831
31033
31057
31832
31034
31058
31833
31035
31059
31834
31036
31060
31835
31037
31061
31836
31038
31062
31837
31039
31063
31838
31040
31064
31839
31041
31065
31840
31042
31066
31841
31043
31067
31842
31044
31068
31843
31045
31069
31844
31046
31070
31845
31047
31071
31846
31048
31072
31847
31049
31073
31848
31074
31849
31051
31075
31850
31052
31076
31851
31053
31077
31852
31054
31078
31853
31055
31079
31854
31056
31080
31855
31057
31081
31856
31058
31082
31857
31059
31083
31858
31060
31084
31859
31061
31085
31860
31062
31086
31861
31063
31087
31862
31064
31088
31863
31065
31089
31864
31066
31090
31865
31067
31091
31866
31068
31092
31867
31069
31093
31868
31070
31094
31869
31071
31095
31870
31072
31096
31871
31073
31097
31872
31074
31098
31873
31099
31874
31076
31100
31875
31077
31101
31876
31078
31102
31877
31079
31103
31878
31080
31104
31879
31081
31105
31880
31082
31106
31881
31083
31107
31882
31084
31108
31883
31085
31109
31884
31086
31110
31885
31087
31111
31886
31088
31112
31887
31089
31113
31888
31090
31114
31889
31091
31115
31890
31092
31116
31891
31093
31117
31892
31094
31118
31893
31095
31119
31894
31096
31120
31895
31097
31121
31896
31098
31122
31897
31099
31123
31898
31124
31899
31101
31125
31900
31102
31126
31901
31103
31127
31902
31104
31128
31903
31105
31129
31904
31106
31130
31905
31107
31131
31906
31108
31132
31907
31109
31133
31908
31110
31134
31909
31111
31135
31910
31112
31136
31911
31113
31137
31912
31114
31138
31913
31115
31139
31914
31116
31140
31915
31117
31141
31916
31118
31142
31917
31119
31143
31918
31120
31144
31919
31121
31145
31920
31122
31146
31921
31123
31147
31922
31124
31148
31923
31149
31924
31126
31150
31925
31127
31151
31926
31128
31152
31927
31129
31153
31928
31130
31154
31929
31131
31155
31930
31132
31156
31931
31133
31157
31932
31134
31158
31933
31135
31159
31934
31136
31160
31935
31137
31161
31936
31138
31162
31937
31139
31163
31938
31140
31164
31939
31141
31165
31940
31142
31166
31941
31143
31167
31942
31144
31168
31943
31145
31169
31944
31146
31170
31945
31147
31171
31946
31148
31172
31947
31149
31173
31948
31174
31949
31151
31175
31950
31152
31176
31951
31153
31177
31952
31154
31178
31953
31155
31179
31954
31156
31180
31955
31157
31181
31956
31158
31182
31957
31159
31183
31958
31160
31184
31959
31161
31185
31960
31162
31186
31961
31163
31187
31962
31164
31188
31963
31165
31189
31964
31166
31190
31965
31167
31191
31966
31168
31192
31967
31169
31193
31968
31170
31194
31969
31171
31195
31970
31172
31196
31971
31173
31197
31972
31174
31198
31973
31199
31974
31176
31975
31177
31976
31178
31977
31179
31978
31180
31979
31181
31980
31182
31981
31183
31982
31184
31983
31185
31984
31186
31985
31187
31986
31188
31987
31189
31988
31190
31989
31191
31990
31192
31991
31193
31992
31194
31993
31195
31994
31196
31995
31197
31996
31198
31997
31199
31998
31999
31201
31225
32000
31202
31226
32001
31203
31227
32002
31204
31228
32003
31205
31229
32004
31206
31230
32005
31207
31231
32006
31208
31232
32007
31209
31233
32008
31210
31234
32009
31211
31235
32010
31212
31236
32011
31213
31237
32012
31214
31238
32013
31215
31239
32014
31216
31240
32015
31217
31241
32016
31218
31242
32017
31219
31243
32018
31220
31244
32019
31221
31245
32020
31222
31246
32021
31223
31247
32022
31224
31248
32023
31249
32024
31226
31250
32025
31227
31251
32026
31228
31252
32027
31229
31253
32028
31230
31254
32029
31231
31255
32030
31232
31256
32031
31233
31257
32032
31234
31258
32033
31235
31259
32034
31236
31260
32035
31237
31261
32036
31238
31262
32037
31239
31263
32038
31240
31264
32039
31241
31265
32040
31242
31266
32041
31243
31267
32042
31244
31268
32043
31245
31269
32044
31246
31270
32045
31247
31271
32046
31248
31272
32047
31249
31273
32048
31274
32049
31251
31275
32050
31252
31276
32051
31253
31277
32052
31254
31278
32053
31255
31279
32054
31256
31280
32055
31257
31281
32056
31258
31282
32057
31259
31283
32058
31260
31284
32059
31261
31285
32060
31262
31286
32061
31263
31287
32062
31264
31288
32063
31265
31289
32064
31266
31290
32065
31267
31291
32066
31268
31292
32067
31269
31293
32068
31270
31294
32069
31271
31295
32070
31272
31296
32071
31273
31297
32072
31274
31298
32073
31299
32074
31276
31300
32075
31277
31301
32076
31278
31302
32077
31279
31303
32078
31280
31304
32079
31281
31305
32080
31282
31306
32081
31283
31307
32082
31284
31308
32083
31285
31309
32084
31286
31310
32085
31287
31311
32086
31288
31312
32087
31289
31313
32088
31290
31314
32089
31291
31315
32090
31292
31316
32091
31293
31317
32092
31294
31318
32093
31295
31319
32094
31296
31320
32095
31297
31321
32096
31298
31322
32097
31299
31323
32098
31324
32099
31301
31325
32100
31302
31326
32101
31303
31327
32102
31304
31328
32103
31305
31329
32104
31306
31330
32105
31307
31331
32106
31308
31332
32107
31309
31333
32108
31310
31334
32109
31311
31335
32110
31312
31336
32111
31313
31337
32112
31314
31338
32113
31315
31339
32114
31316
31340
32115
31317
31341
32116
31318
31342
32117
31319
31343
32118
31320
31344
32119
31321
31345
32120
31322
31346
32121
31323
31347
32122
31324
31348
32123
31349
32124
31326
31350
32125
31327
31351
32126
31328
31352
32127
31329
31353
32128
31330
31354
32129
31331
31355
32130
31332
31356
32131
31333
31357
32132
31334
31358
32133
31335
31359
32134
31336
31360
32135
31337
31361
32136
31338
31362
32137
31339
31363
32138
31340
31364
32139
31341
31365
32140
31342
31366
32141
31343
31367
32142
31344
31368
32143
31345
31369
32144
31346
31370
32145
31347
31371
32146
31348
31372
32147
31349
31373
32148
31374
32149
31351
31375
32150
31352
31376
32151
31353
31377
32152
31354
31378
32153
31355
31379
32154
31356
31380
32155
31357
31381
32156
31358
31382
32157
31359
31383
32158
31360
31384
32159
31361
31385
32160
31362
31386
32161
31363
31387
32162
31364
31388
32163
31365
31389
32164
31366
31390
32165
31367
31391
32166
31368
31392
32167
31369
31393
32168
31370
31394
32169
31371
31395
32170
31372
31396
32171
31373
31397
32172
31374
31398
32173
31399
32174
31376
31400
32175
31377
31401
32176
31378
31402
32177
31379
31403
32178
31380
31404
32179
31381
31405
32180
31382
31406
32181
31383
31407
32182
31384
31408
32183
31385
31409
32184
31386
31410
32185
31387
31411
32186
31388
31412
32187
31389
31413
32188
31390
31414
32189
31391
31415
32190
31392
31416
32191
31393
31417
32192
31394
31418
32193
31395
31419
32194
31396
31420
32195
31397
31421
32196
31398
31422
32197
31399
31423
32198
31424
32199
31401
31425
32200
31402
31426
32201
31403
31427
32202
31404
31428
32203
31405
31429
32204
31406
31430
32205
31407
31431
32206
31408
31432
32207
31409
31433
32208
31410
31434
32209
31411
31435
32210
31412
31436
32211
31413
31437
32212
31414
31438
32213
31415
31439
32214
31416
31440
32215
31417
31441
32216
31418
31442
32217
31419
31443
32218
31420
31444
32219
31421
31445
32220
31422
31446
32221
31423
31447
32222
31424
31448
32223
31449
32224
31426
31450
32225
31427
31451
32226
31428
31452
32227
31429
31453
32228
31430
31454
32229
31431
31455
32230
31432
31456
32231
31433
31457
32232
31434
31458
32233
31435
31459
32234
31436
31460
32235
31437
31461
32236
31438
31462
32237
31439
31463
32238
31440
31464
32239
31441
31465
32240
31442
31466
32241
31443
31467
32242
31444
31468
32243
31445
31469
32244
31446
31470
32245
31447
31471
32246
31448
31472
32247
31449
31473
32248
31474
32249
31451
31475
32250
31452
31476
32251
31453
31477
32252
31454
31478
32253
31455
31479
32254
31456
31480
32255
31457
31481
32256
31458
31482
32257
31459
31483
32258
31460
31484
32259
31461
31485
32260
31462
31486
32261
31463
31487
32262
31464
31488
32263
31465
31489
32264
31466
31490
32265
31467
31491
32266
31468
31492
32267
31469
31493
32268
31470
31494
32269
31471
31495
32270
31472
31496
32271
31473
31497
32272
31474
31498
32273
31499
32274
31476
31500
32275
31477
31501
32276
31478
31502
32277
31479
31503
32278
31480
31504
32279
31481
31505
32280
31482
31506
32281
31483
31507
32282
31484
31508
32283
31485
31509
32284
31486
31510
32285
31487
31511
32286
31488
31512
32287
31489
31513
32288
31490
31514
32289
31491
31515
32290
31492
31516
32291
31493
31517
32292
31494
31518
32293
31495
31519
32294
31496
31520
32295
31497
31521
32296
31498
31522
32297
31499
31523
32298
31524
32299
31501
31525
32300
31502
31526
32301
31503
31527
32302
31504
31528
32303
31505
31529
32304
31506
31530
32305
31507
31531
32306
31508
31532
32307
31509
31533
32308
31510
31534
32309
31511
31535
32310
31512
31536
32311
31513
31537
32312
31514
31538
32313
31515
31539
32314
31516
31540
32315
31517
31541
32316
31518
31542
32317
31519
31543
32318
31520
31544
32319
31521
31545
32320
31522
31546
32321
31523
31547
32322
31524
31548
32323
31549
32324
31526
31550
32325
31527
31551
32326
31528
31552
32327
31529
31553
32328
31530
31554
32329
31531
31555
32330
31532
31556
32331
31533
31557
32332
31534
31558
32333
31535
31559
32334
31536
31560
32335
31537
31561
32336
31538
31562
32337
31539
31563
32338
31540
31564
32339
31541
31565
32340
31542
31566
32341
31543
31567
32342
31544
31568
32343
31545
31569
32344
31546
31570
32345
31547
31571
32346
31548
31572
32347
31549
31573
32348
31574
32349
31551
31575
32350
31552
31576
32351
31553
31577
32352
31554
31578
32353
31555
31579
32354
31556
31580
32355
31557
31581
32356
31558
31582
32357
31559
31583
32358
31560
31584
32359
31561
31585
32360
31562
31586
32361
31563
31587
32362
31564
31588
32363
31565
31589
32364
31566
31590
32365
31567
31591
32366
31568
31592
32367
31569
31593
32368
31570
31594
32369
31571
31595
32370
31572
31596
32371
31573
31597
32372
31574
31598
32373
31599
32374
31576
31600
32375
31577
31601
32376
31578
31602
32377
31579
31603
32378
31580
31604
32379
31581
31605
32380
31582
31606
32381
31583
31607
32382
31584
31608
32383
31585
31609
32384
31586
31610
32385
31587
31611
32386
31588
31612
32387
31589
31613
32388
31590
31614
32389
31591
31615
32390
31592
31616
32391
31593
31617
32392
31594
31618
32393
31595
31619
32394
31596
31620
32395
31597
31621
32396
31598
31622
32397
31599
31623
32398
31624
32399
31601
31625
32400
31602
31626
32401
31603
31627
32402
31604
31628
32403
31605
31629
32404
31606
31630
32405
31607
31631
32406
31608
31632
32407
31609
31633
32408
31610
31634
32409
31611
31635
32410
31612
31636
32411
31613
31637
32412
31614
31638
32413
31615
31639
32414
31616
31640
32415
31617
31641
32416
31618
31642
32417
31619
31643
32418
31620
31644
32419
31621
31645
32420
31622
31646
32421
31623
31647
32422
31624
31648
32423
31649
32424
31626
31650
32425
31627
31651
32426
31628
31652
32427
31629
31653
32428
31630
31654
32429
31631
31655
32430
31632
31656
32431
31633
31657
32432
31634
31658
32433
31635
31659
32434
31636
31660
32435
31637
31661
32436
31638
31662
32437
31639
31663
32438
31640
31664
32439
31641
31665
32440
31642
31666
32441
31643
31667
32442
31644
31668
32443
31645
31669
32444
31646
31670
32445
31647
31671
32446
31648
31672
32447
31649
31673
32448
31674
32449
31651
31675
32450
31652
31676
32451
31653
31677
32452
31654
31678
32453
31655
31679
32454
31656
31680
32455
31657
31681
32456
31658
31682
32457
31659
31683
32458
31660
31684
32459
31661
31685
32460
31662
31686
32461
31663
31687
32462
31664
31688
32463
31665
31689
32464
31666
31690
32465
31667
31691
32466
31668
31692
32467
31669
31693
32468
31670
31694
32469
31671
31695
32470
31672
31696
32471
31673
31697
32472
31674
31698
32473
31699
32474
31676
31700
32475
31677
31701
32476
31678
31702
32477
31679
31703
32478
31680
31704
32479
31681
31705
32480
31682
31706
32481
31683
31707
32482
31684
31708
32483
31685
31709
32484
31686
31710
32485
31687
31711
32486
31688
31712
32487
31689
31713
32488
31690
31714
32489
31691
31715
32490
31692
31716
32491
31693
31717
32492
31694
31718
32493
31695
31719
32494
31696
31720
32495
31697
31721
32496
31698
31722
32497
31699
31723
32498
31724
32499
31701
31725
32500
31702
31726
32501
31703
31727
32502
31704
31728
32503
31705
31729
32504
31706
31730
32505
31707
31731
32506
31708
31732
32507
31709
31733
32508
31710
31734
32509
31711
31735
32510
31712
31736
32511
31713
31737
32512
31714
31738
32513
31715
31739
32514
31716
31740
32515
31717
31741
32516
31718
31742
32517
31719
31743
32518
31720
31744
32519
31721
31745
32520
31722
31746
32521
31723
31747
32522
31724
31748
32523
31749
32524
31726
31750
32525
31727
31751
32526
31728
31752
32527
31729
31753
32528
31730
31754
32529
31731
31755
32530
31732
31756
32531
31733
31757
32532
31734
31758
32533
31735
31759
32534
31736
31760
32535
31737
31761
32536
31738
31762
32537
31739
31763
32538
31740
31764
32539
31741
31765
32540
31742
31766
32541
31743
31767
32542
31744
31768
32543
31745
31769
32544
31746
31770
32545
31747
31771
32546
31748
31772
32547
31749
31773
32548
31774
32549
31751
31775
32550
31752
31776
32551
31753
31777
32552
31754
31778
32553
31755
31779
32554
31756
31780
32555
31757
31781
32556
31758
31782
32557
31759
31783
32558
31760
31784
32559
31761
31785
32560
31762
31786
32561
31763
31787
32562
31764
31788
32563
31765
31789
32564
31766
31790
32565
31767
31791
32566
31768
31792
32567
31769
31793
32568
31770
31794
32569
31771
31795
32570
31772
31796
32571
31773
31797
32572
31774
31798
32573
31799
32574
31776
31800
32575
31777
31801
32576
31778
31802
32577
31779
31803
32578
31780
31804
32579
31781
31805
32580
31782
31806
32581
31783
31807
32582
31784
31808
32583
31785
31809
32584
31786
31810
32585
31787
31811
32586
31788
31812
32587
31789
31813
32588
31790
31814
32589
31791
31815
32590
31792
31816
32591
31793
31817
32592
31794
31818
32593
31795
31819
32594
31796
31820
32595
31797
31821
32596
31798
31822
32597
31799
31823
32598
31824
32599
31801
31825
32600
31802
31826
32601
31803
31827
32602
31804
31828
32603
31805
31829
32604
31806
31830
32605
31807
31831
32606
31808
31832
32607
31809
31833
32608
31810
31834
32609
31811
31835
32610
31812
31836
32611
31813
31837
32612
31814
31838
32613
31815
31839
32614
31816
31840
32615
31817
31841
32616
31818
31842
32617
31819
31843
32618
31820
31844
32619
31821
31845
32620
31822
31846
32621
31823
31847
32622
31824
31848
32623
31849
32624
31826
31850
32625
31827
31851
32626
31828
31852
32627
31829
31853
32628
31830
31854
32629
31831
31855
32630
31832
31856
32631
31833
31857
32632
31834
31858
32633
31835
31859
32634
31836
31860
32635
31837
31861
32636
31838
31862
32637
31839
31863
32638
31840
31864
32639
31841
31865
32640
31842
31866
32641
31843
31867
32642
31844
31868
32643
31845
31869
32644
31846
31870
32645
31847
31871
32646
31848
31872
32647
31849
31873
32648
31874
32649
31851
31875
32650
31852
31876
32651
31853
31877
32652
31854
31878
32653
31855
31879
32654
31856
31880
32655
31857
31881
32656
31858
31882
32657
31859
31883
32658
31860
31884
32659
31861
31885
32660
31862
31886
32661
31863
31887
32662
31864
31888
32663
31865
31889
32664
31866
31890
32665
31867
31891
32666
31868
31892
32667
31869
31893
32668
31870
31894
32669
31871
31895
32670
31872
31896
32671
31873
31897
32672
31874
31898
32673
31899
32674
31876
31900
32675
31877
31901
32676
31878
31902
32677
31879
31903
32678
31880
31904
32679
31881
31905
32680
31882
31906
32681
31883
31907
32682
31884
31908
32683
31885
31909
32684
31886
31910
32685
31887
31911
32686
31888
31912
32687
31889
31913
32688
31890
31914
32689
31891
31915
32690
31892
31916
32691
31893
31917
32692
31894
31918
32693
31895
31919
32694
31896
31920
32695
31897
31921
32696
31898
31922
32697
31899
31923
32698
31924
32699
31901
31925
32700
31902
31926
32701
31903
31927
32702
31904
31928
32703
31905
31929
32704
31906
31930
32705
31907
31931
32706
31908
31932
32707
31909
31933
32708
31910
31934
32709
31911
31935
32710
31912
31936
32711
31913
31937
32712
31914
31938
32713
31915
31939
32714
31916
31940
32715
31917
31941
32716
31918
31942
32717
31919
31943
32718
31920
31944
32719
31921
31945
32720
31922
31946
32721
31923
31947
32722
31924
31948
32723
31949
32724
31926
31950
32725
31927
31951
32726
31928
31952
32727
31929
31953
32728
31930
31954
32729
31931
31955
32730
31932
31956
32731
31933
31957
32732
31934
31958
32733
31935
31959
32734
31936
31960
32735
31937
31961
32736
31938
31962
32737
31939
31963
32738
31940
31964
32739
31941
31965
32740
31942
31966
32741
31943
31967
32742
31944
31968
32743
31945
31969
32744
31946
31970
32745
31947
31971
32746
31948
31972
32747
31949
31973
32748
31974
32749
31951
31975
32750
31952
31976
32751
31953
31977
32752
31954
31978
32753
31955
31979
32754
31956
31980
32755
31957
31981
32756
31958
31982
32757
31959
31983
32758
31960
31984
32759
31961
31985
32760
31962
31986
32761
31963
31987
32762
31964
31988
32763
31965
31989
32764
31966
31990
32765
31967
31991
32766
31968
31992
32767
31969
31993
32768
31970
31994
32769
31971
31995
32770
31972
31996
32771
31973
31997
32772
31974
31998
32773
31999
32774
31976
32775
31977
32776
31978
32777
31979
32778
31980
32779
31981
32780
31982
32781
31983
32782
31984
32783
31985
32784
31986
32785
31987
32786
31988
32787
31989
32788
31990
32789
31991
32790
31992
32791
31993
32792
31994
32793
31995
32794
31996
32795
31997
32796
31998
32797
31999
32798
32799
32001
32025
32800
32002
32026
32801
32003
32027
32802
32004
32028
32803
32005
32029
32804
32006
32030
32805
32007
32031
32806
32008
32032
32807
32009
32033
32808
32010
32034
32809
32011
32035
32810
32012
32036
32811
32013
32037
32812
32014
32038
32813
32015
32039
32814
32016
32040
32815
32017
32041
32816
32018
32042
32817
32019
32043
32818
32020
32044
32819
32021
32045
32820
32022
32046
32821
32023
32047
32822
32024
32048
32823
32049
32824
32026
32050
32825
32027
32051
32826
32028
32052
32827
32029
32053
32828
32030
32054
32829
32031
32055
32830
32032
32056
32831
32033
32057
32832
32034
32058
32833
32035
32059
32834
32036
32060
32835
32037
32061
32836
32038
32062
32837
32039
32063
32838
32040
32064
32839
32041
32065
32840
32042
32066
32841
32043
32067
32842
32044
32068
32843
32045
32069
32844
32046
32070
32845
32047
32071
32846
32048
32072
32847
32049
32073
32848
32074
32849
32051
32075
32850
32052
32076
32851
32053
32077
32852
32054
32078
32853
32055
32079
32854
32056
32080
32855
32057
32081
32856
32058
32082
32857
32059
32083
32858
32060
32084
32859
32061
32085
32860
32062
32086
32861
32063
32087
32862
32064
32088
32863
32065
32089
32864
32066
32090
32865
32067
32091
32866
32068
32092
32867
32069
32093
32868
32070
32094
32869
32071
32095
32870
32072
32096
32871
32073
32097
32872
32074
32098
32873
32099
32874
32076
32100
32875
32077
32101
32876
32078
32102
32877
32079
32103
32878
32080
32104
32879
32081
32105
32880
32082
32106
32881
32083
32107
32882
32084
32108
32883
32085
32109
32884
32086
32110
32885
32087
32111
32886
32088
32112
32887
32089
32113
32888
32090
32114
32889
32091
32115
32890
32092
32116
32891
32093
32117
32892
32094
32118
32893
32095
32119
32894
32096
32120
32895
32097
32121
32896
32098
32122
32897
32099
32123
32898
32124
32899
32101
32125
32900
32102
32126
32901
32103
32127
32902
32104
32128
32903
32105
32129
32904
32106
32130
32905
32107
32131
32906
32108
32132
32907
32109
32133
32908
32110
32134
32909
32111
32135
32910
32112
32136
32911
32113
32137
32912
32114
32138
32913
32115
32139
32914
32116
32140
32915
32117
32141
32916
32118
32142
32917
32119
32143
32918
32120
32144
32919
32121
32145
32920
32122
32146
32921
32123
32147
32922
32124
32148
32923
32149
32924
32126
32150
32925
32127
32151
32926
32128
32152
32927
32129
32153
32928
32130
32154
32929
32131
32155
32930
32132
32156
32931
32133
32157
32932
32134
32158
32933
32135
32159
32934
32136
32160
32935
32137
32161
32936
32138
32162
32937
32139
32163
32938
32140
32164
32939
32141
32165
32940
32142
32166
32941
32143
32167
32942
32144
32168
32943
32145
32169
32944
32146
32170
32945
32147
32171
32946
32148
32172
32947
32149
32173
32948
32174
32949
32151
32175
32950
32152
32176
32951
32153
32177
32952
32154
32178
32953
32155
32179
32954
32156
32180
32955
32157
32181
32956
32158
32182
32957
32159
32183
32958
32160
32184
32959
32161
32185
32960
32162
32186
32961
32163
32187
32962
32164
32188
32963
32165
32189
32964
32166
32190
32965
32167
32191
32966
32168
32192
32967
32169
32193
32968
32170
32194
32969
32171
32195
32970
32172
32196
32971
32173
32197
32972
32174
32198
32973
32199
32974
32176
32200
32975
32177
32201
32976
32178
32202
32977
32179
32203
32978
32180
32204
32979
32181
32205
32980
32182
32206
32981
32183
32207
32982
32184
32208
32983
32185
32209
32984
32186
32210
32985
32187
32211
32986
32188
32212
32987
32189
32213
32988
32190
32214
32989
32191
32215
32990
32192
32216
32991
32193
32217
32992
32194
32218
32993
32195
32219
32994
32196
32220
32995
32197
32221
32996
32198
32222
32997
32199
32223
32998
32224
32999
32201
32225
33000
32202
32226
33001
32203
32227
33002
32204
32228
33003
32205
32229
33004
32206
32230
33005
32207
32231
33006
32208
32232
33007
32209
32233
33008
32210
32234
33009
32211
32235
33010
32212
32236
33011
32213
32237
33012
32214
32238
33013
32215
32239
33014
32216
32240
33015
32217
32241
33016
32218
32242
33017
32219
32243
33018
32220
32244
33019
32221
32245
33020
32222
32246
33021
32223
32247
33022
32224
32248
33023
32249
33024
32226
32250
33025
32227
32251
33026
32228
32252
33027
32229
32253
33028
32230
32254
33029
32231
32255
33030
32232
32256
33031
32233
32257
33032
32234
32258
33033
32235
32259
33034
32236
32260
33035
32237
32261
33036
32238
32262
33037
32239
32263
33038
32240
32264
33039
32241
32265
33040
32242
32266
33041
32243
32267
33042
32244
32268
33043
32245
32269
33044
32246
32270
33045
32247
32271
33046
32248
32272
33047
32249
32273
33048
32274
33049
32251
32275
33050
32252
32276
33051
32253
32277
33052
32254
32278
33053
32255
32279
33054
32256
32280
33055
32257
32281
33056
32258
32282
33057
32259
32283
33058
32260
32284
33059
32261
32285
33060
32262
32286
33061
32263
32287
33062
32264
32288
33063
32265
32289
33064
32266
32290
33065
32267
32291
33066
32268
32292
33067
32269
32293
33068
32270
32294
33069
32271
32295
33070
32272
32296
33071
32273
32297
33072
32274
32298
33073
32299
33074
32276
32300
33075
32277
32301
33076
32278
32302
33077
32279
32303
33078
32280
32304
33079
32281
32305
33080
32282
32306
33081
32283
32307
33082
32284
32308
33083
32285
32309
33084
32286
32310
33085
32287
32311
33086
32288
32312
33087
32289
32313
33088
32290
32314
33089
32291
32315
33090
32292
32316
33091
32293
32317
33092
32294
32318
33093
32295
32319
33094
32296
32320
33095
32297
32321
33096
32298
32322
33097
32299
32323
33098
32324
33099
32301
32325
33100
32302
32326
33101
32303
32327
33102
32304
32328
33103
32305
32329
33104
32306
32330
33105
32307
32331
33106
32308
32332
33107
32309
32333
33108
32310
32334
33109
32311
32335
33110
32312
32336
33111
32313
32337
33112
32314
32338
33113
32315
32339
33114
32316
32340
33115
32317
32341
33116
32318
32342
33117
32319
32343
33118
32320
32344
33119
32321
32345
33120
32322
32346
33121
32323
32347
33122
32324
32348
33123
32349
33124
32326
32350
33125
32327
32351
33126
32328
32352
33127
32329
32353
33128
32330
32354
33129
32331
32355
33130
32332
32356
33131
32333
32357
33132
32334
32358
33133
32335
32359
33134
32336
32360
33135
32337
32361
33136
32338
32362
33137
32339
32363
33138
32340
32364
33139
32341
32365
33140
32342
32366
33141
32343
32367
33142
32344
32368
33143
32345
32369
33144
32346
32370
33145
32347
32371
33146
32348
32372
33147
32349
32373
33148
32374
33149
32351
32375
33150
32352
32376
33151
32353
32377
33152
32354
32378
33153
32355
32379
33154
32356
32380
33155
32357
32381
33156
32358
32382
33157
32359
32383
33158
32360
32384
33159
32361
32385
33160
32362
32386
33161
32363
32387
33162
32364
32388
33163
32365
32389
33164
32366
32390
33165
32367
32391
33166
32368
32392
33167
32369
32393
33168
32370
32394
33169
32371
32395
33170
32372
32396
33171
32373
32397
33172
32374
32398
33173
32399
33174
32376
32400
33175
32377
32401
33176
32378
32402
33177
32379
32403
33178
32380
32404
33179
32381
32405
33180
32382
32406
33181
32383
32407
33182
32384
32408
33183
32385
32409
33184
32386
32410
33185
32387
32411
33186
32388
32412
33187
32389
32413
33188
32390
32414
33189
32391
32415
33190
32392
32416
33191
32393
32417
33192
32394
32418
33193
32395
32419
33194
32396
32420
33195
32397
32421
33196
32398
32422
33197
32399
32423
33198
32424
33199
32401
32425
33200
32402
32426
33201
32403
32427
33202
32404
32428
33203
32405
32429
33204
32406
32430
33205
32407
32431
33206
32408
32432
33207
32409
32433
33208
32410
32434
33209
32411
32435
33210
32412
32436
33211
32413
32437
33212
32414
32438
33213
32415
32439
33214
32416
32440
33215
32417
32441
33216
32418
32442
33217
32419
32443
33218
32420
32444
33219
32421
32445
33220
32422
32446
33221
32423
32447
33222
32424
32448
33223
32449
33224
32426
32450
33225
32427
32451
33226
32428
32452
33227
32429
32453
33228
32430
32454
33229
32431
32455
33230
32432
32456
33231
32433
32457
33232
32434
32458
33233
32435
32459
33234
32436
32460
33235
32437
32461
33236
32438
32462
33237
32439
32463
33238
32440
32464
33239
32441
32465
33240
32442
32466
33241
32443
32467
33242
32444
32468
33243
32445
32469
33244
32446
32470
33245
32447
32471
33246
32448
32472
33247
32449
32473
33248
32474
33249
32451
32475
33250
32452
32476
33251
32453
32477
33252
32454
32478
33253
32455
32479
33254
32456
32480
33255
32457
32481
33256
32458
32482
33257
32459
32483
33258
32460
32484
33259
32461
32485
33260
32462
32486
33261
32463
32487
33262
32464
32488
33263
32465
32489
33264
32466
32490
33265
32467
32491
33266
32468
32492
33267
32469
32493
33268
32470
32494
33269
32471
32495
33270
32472
32496
33271
32473
32497
33272
32474
32498
33273
32499
33274
32476
32500
33275
32477
32501
33276
32478
32502
33277
32479
32503
33278
32480
32504
33279
32481
32505
33280
32482
32506
33281
32483
32507
33282
32484
32508
33283
32485
32509
33284
32486
32510
33285
32487
32511
33286
32488
32512
33287
32489
32513
33288
32490
32514
33289
32491
32515
33290
32492
32516
33291
32493
32517
33292
32494
32518
33293
32495
32519
33294
32496
32520
33295
32497
32521
33296
32498
32522
33297
32499
32523
33298
32524
33299
32501
32525
33300
32502
32526
33301
32503
32527
33302
32504
32528
33303
32505
32529
33304
32506
32530
33305
32507
32531
33306
32508
32532
33307
32509
32533
33308
32510
32534
33309
32511
32535
33310
32512
32536
33311
32513
32537
33312
32514
32538
33313
32515
32539
33314
32516
32540
33315
32517
32541
33316
32518
32542
33317
32519
32543
33318
32520
32544
33319
32521
32545
33320
32522
32546
33321
32523
32547
33322
32524
32548
33323
32549
33324
32526
32550
33325
32527
32551
33326
32528
32552
33327
32529
32553
33328
32530
32554
33329
32531
32555
33330
32532
32556
33331
32533
32557
33332
32534
32558
33333
32535
32559
33334
32536
32560
33335
32537
32561
33336
32538
32562
33337
32539
32563
33338
32540
32564
33339
32541
32565
33340
32542
32566
33341
32543
32567
33342
32544
32568
33343
32545
32569
33344
32546
32570
33345
32547
32571
33346
32548
32572
33347
32549
32573
33348
32574
33349
32551
32575
33350
32552
32576
33351
32553
32577
33352
32554
32578
33353
32555
32579
33354
32556
32580
33355
32557
32581
33356
32558
32582
33357
32559
32583
33358
32560
32584
33359
32561
32585
33360
32562
32586
33361
32563
32587
33362
32564
32588
33363
32565
32589
33364
32566
32590
33365
32567
32591
33366
32568
32592
33367
32569
32593
33368
32570
32594
33369
32571
32595
33370
32572
32596
33371
32573
32597
33372
32574
32598
33373
32599
33374
32576
32600
33375
32577
32601
33376
32578
32602
33377
32579
32603
33378
32580
32604
33379
32581
32605
33380
32582
32606
33381
32583
32607
33382
32584
32608
33383
32585
32609
33384
32586
32610
33385
32587
32611
33386
32588
32612
33387
32589
32613
33388
32590
32614
33389
32591
32615
33390
32592
32616
33391
32593
32617
33392
32594
32618
33393
32595
32619
33394
32596
32620
33395
32597
32621
33396
32598
32622
33397
32599
32623
33398
32624
33399
32601
32625
33400
32602
32626
33401
32603
32627
33402
32604
32628
33403
32605
32629
33404
32606
32630
33405
32607
32631
33406
32608
32632
33407
32609
32633
33408
32610
32634
33409
32611
32635
33410
32612
32636
33411
32613
32637
33412
32614
32638
33413
32615
32639
33414
32616
32640
33415
32617
32641
33416
32618
32642
33417
32619
32643
33418
32620
32644
33419
32621
32645
33420
32622
32646
33421
32623
32647
33422
32624
32648
33423
32649
33424
32626
32650
33425
32627
32651
33426
32628
32652
33427
32629
32653
33428
32630
32654
33429
32631
32655
33430
32632
32656
33431
32633
32657
33432
32634
32658
33433
32635
32659
33434
32636
32660
33435
32637
32661
33436
32638
32662
33437
32639
32663
33438
32640
32664
33439
32641
32665
33440
32642
32666
33441
32643
32667
33442
32644
32668
33443
32645
32669
33444
32646
32670
33445
32647
32671
33446
32648
32672
33447
32649
32673
33448
32674
33449
32651
32675
33450
32652
32676
33451
32653
32677
33452
32654
32678
33453
32655
32679
33454
32656
32680
33455
32657
32681
33456
32658
32682
33457
32659
32683
33458
32660
32684
33459
32661
32685
33460
32662
32686
33461
32663
32687
33462
32664
32688
33463
32665
32689
33464
32666
32690
33465
32667
32691
33466
32668
32692
33467
32669
32693
33468
32670
32694
33469
32671
32695
33470
32672
32696
33471
32673
32697
33472
32674
32698
33473
32699
33474
32676
32700
33475
32677
32701
33476
32678
32702
33477
32679
32703
33478
32680
32704
33479
32681
32705
33480
32682
32706
33481
32683
32707
33482
32684
32708
33483
32685
32709
33484
32686
32710
33485
32687
32711
33486
32688
32712
33487
32689
32713
33488
32690
32714
33489
32691
32715
33490
32692
32716
33491
32693
32717
33492
32694
32718
33493
32695
32719
33494
32696
32720
33495
32697
32721
33496
32698
32722
33497
32699
32723
33498
32724
33499
32701
32725
33500
32702
32726
33501
32703
32727
33502
32704
32728
33503
32705
32729
33504
32706
32730
33505
32707
32731
33506
32708
32732
33507
32709
32733
33508
32710
32734
33509
32711
32735
33510
32712
32736
33511
32713
32737
33512
32714
32738
33513
32715
32739
33514
32716
32740
33515
32717
32741
33516
32718
32742
33517
32719
32743
33518
32720
32744
33519
32721
32745
33520
32722
32746
33521
32723
32747
33522
32724
32748
33523
32749
33524
32726
32750
33525
32727
32751
33526
32728
32752
33527
32729
32753
33528
32730
32754
33529
32731
32755
33530
32732
32756
33531
32733
32757
33532
32734
32758
33533
32735
32759
33534
32736
32760
33535
32737
32761
33536
32738
32762
33537
32739
32763
33538
32740
32764
33539
32741
32765
33540
32742
32766
33541
32743
32767
33542
32744
32768
33543
32745
32769
33544
32746
32770
33545
32747
32771
33546
32748
32772
33547
32749
32773
33548
32774
33549
32751
32775
33550
32752
32776
33551
32753
32777
33552
32754
32778
33553
32755
32779
33554
32756
32780
33555
32757
32781
33556
32758
32782
33557
32759
32783
33558
32760
32784
33559
32761
32785
33560
32762
32786
33561
32763
32787
33562
32764
32788
33563
32765
32789
33564
32766
32790
33565
32767
32791
33566
32768
32792
33567
32769
32793
33568
32770
32794
33569
32771
32795
33570
32772
32796
33571
32773
32797
33572
32774
32798
33573
32799
33574
32776
33575
32777
33576
32778
33577
32779
33578
32780
33579
32781
33580
32782
33581
32783
33582
32784
33583
32785
33584
32786
33585
32787
33586
32788
33587
32789
33588
32790
33589
32791
33590
32792
33591
32793
33592
32794
33593
32795
33594
32796
33595
32797
33596
32798
33597
32799
33598
33599
32801
32825
33600
32802
32826
33601
32803
32827
33602
32804
32828
33603
32805
32829
33604
32806
32830
33605
32807
32831
33606
32808
32832
33607
32809
32833
33608
32810
32834
33609
32811
32835
33610
32812
32836
33611
32813
32837
33612
32814
32838
33613
32815
32839
33614
32816
32840
33615
32817
32841
33616
32818
32842
33617
32819
32843
33618
32820
32844
33619
32821
32845
33620
32822
32846
33621
32823
32847
33622
32824
32848
33623
32849
33624
32826
32850
33625
32827
32851
33626
32828
32852
33627
32829
32853
33628
32830
32854
33629
32831
32855
33630
32832
32856
33631
32833
32857
33632
32834
32858
33633
32835
32859
33634
32836
32860
33635
32837
32861
33636
32838
32862
33637
32839
32863
33638
32840
32864
33639
32841
32865
33640
32842
32866
33641
32843
32867
33642
32844
32868
33643
32845
32869
33644
32846
32870
33645
32847
32871
33646
32848
32872
33647
32849
32873
33648
32874
33649
32851
32875
33650
32852
32876
33651
32853
32877
33652
32854
32878
33653
32855
32879
33654
32856
32880
33655
32857
32881
33656
32858
32882
33657
32859
32883
33658
32860
32884
33659
32861
32885
33660
32862
32886
33661
32863
32887
33662
32864
32888
33663
32865
32889
33664
32866
32890
33665
32867
32891
33666
32868
32892
33667
32869
32893
33668
32870
32894
33669
32871
32895
33670
32872
32896
33671
32873
32897
33672
32874
32898
33673
32899
33674
32876
32900
33675
32877
32901
33676
32878
32902
33677
32879
32903
33678
32880
32904
33679
32881
32905
33680
32882
32906
33681
32883
32907
33682
32884
32908
33683
32885
32909
33684
32886
32910
33685
32887
32911
33686
32888
32912
33687
32889
32913
33688
32890
32914
33689
32891
32915
33690
32892
32916
33691
32893
32917
33692
32894
32918
33693
32895
32919
33694
32896
32920
33695
32897
32921
33696
32898
32922
33697
32899
32923
33698
32924
33699
32901
32925
33700
32902
32926
33701
32903
32927
33702
32904
32928
33703
32905
32929
33704
32906
32930
33705
32907
32931
33706
32908
32932
33707
32909
32933
33708
32910
32934
33709
32911
32935
33710
32912
32936
33711
32913
32937
33712
32914
32938
33713
32915
32939
33714
32916
32940
33715
32917
32941
33716
32918
32942
33717
32919
32943
33718
32920
32944
33719
32921
32945
33720
32922
32946
33721
32923
32947
33722
32924
32948
33723
32949
33724
32926
32950
33725
32927
32951
33726
32928
32952
33727
32929
32953
33728
32930
32954
33729
32931
32955
33730
32932
32956
33731
32933
32957
33732
32934
32958
33733
32935
32959
33734
32936
32960
33735
32937
32961
33736
32938
32962
33737
32939
32963
33738
32940
32964
33739
32941
32965
33740
32942
32966
33741
32943
32967
33742
32944
32968
33743
32945
32969
33744
32946
32970
33745
32947
32971
33746
32948
32972
33747
32949
32973
33748
32974
33749
32951
32975
33750
32952
32976
33751
32953
32977
33752
32954
32978
33753
32955
32979
33754
32956
32980
33755
32957
32981
33756
32958
32982
33757
32959
32983
33758
32960
32984
33759
32961
32985
33760
32962
32986
33761
32963
32987
33762
32964
32988
33763
32965
32989
33764
32966
32990
33765
32967
32991
33766
32968
32992
33767
32969
32993
33768
32970
32994
33769
32971
32995
33770
32972
32996
33771
32973
32997
33772
32974
32998
33773
32999
33774
32976
33000
33775
32977
33001
33776
32978
33002
33777
32979
33003
33778
32980
33004
33779
32981
33005
33780
32982
33006
33781
32983
33007
33782
32984
33008
33783
32985
33009
33784
32986
33010
33785
32987
33011
33786
32988
33012
33787
32989
33013
33788
32990
33014
33789
32991
33015
33790
32992
33016
33791
32993
33017
33792
32994
33018
33793
32995
33019
33794
32996
33020
33795
32997
33021
33796
32998
33022
33797
32999
33023
33798
33024
33799
33001
33025
33800
33002
33026
33801
33003
33027
33802
33004
33028
33803
33005
33029
33804
33006
33030
33805
33007
33031
33806
33008
33032
33807
33009
33033
33808
33010
33034
33809
33011
33035
33810
33012
33036
33811
33013
33037
33812
33014
33038
33813
33015
33039
33814
33016
33040
33815
33017
33041
33816
33018
33042
33817
33019
33043
33818
33020
33044
33819
33021
33045
33820
33022
33046
33821
33023
33047
33822
33024
33048
33823
33049
33824
33026
33050
33825
33027
33051
33826
33028
33052
33827
33029
33053
33828
33030
33054
33829
33031
33055
33830
33032
33056
33831
33033
33057
33832
33034
33058
33833
33035
33059
33834
33036
33060
33835
33037
33061
33836
33038
33062
33837
33039
33063
33838
33040
33064
33839
33041
33065
33840
33042
33066
33841
33043
33067
33842
33044
33068
33843
33045
33069
33844
33046
33070
33845
33047
33071
33846
33048
33072
33847
33049
33073
33848
33074
33849
33051
33075
33850
33052
33076
33851
33053
33077
33852
33054
33078
33853
33055
33079
33854
33056
33080
33855
33057
33081
33856
33058
33082
33857
33059
33083
33858
33060
33084
33859
33061
33085
33860
33062
33086
33861
33063
33087
33862
33064
33088
33863
33065
33089
33864
33066
33090
33865
33067
33091
33866
33068
33092
33867
33069
33093
33868
33070
33094
33869
33071
33095
33870
33072
33096
33871
33073
33097
33872
33074
33098
33873
33099
33874
33076
33100
33875
33077
33101
33876
33078
33102
33877
33079
33103
33878
33080
33104
33879
33081
33105
33880
33082
33106
33881
33083
33107
33882
33084
33108
33883
33085
33109
33884
33086
33110
33885
33087
33111
33886
33088
33112
33887
33089
33113
33888
33090
33114
33889
33091
33115
33890
33092
33116
33891
33093
33117
33892
33094
33118
33893
33095
33119
33894
33096
33120
33895
33097
33121
33896
33098
33122
33897
33099
33123
33898
33124
33899
33101
33125
33900
33102
33126
33901
33103
33127
33902
33104
33128
33903
33105
33129
33904
33106
33130
33905
33107
33131
33906
33108
33132
33907
33109
33133
33908
33110
33134
33909
33111
33135
33910
33112
33136
33911
33113
33137
33912
33114
33138
33913
33115
33139
33914
33116
33140
33915
33117
33141
33916
33118
33142
33917
33119
33143
33918
33120
33144
33919
33121
33145
33920
33122
33146
33921
33123
33147
33922
33124
33148
33923
33149
33924
33126
33150
33925
33127
33151
33926
33128
33152
33927
33129
33153
33928
33130
33154
33929
33131
33155
33930
33132
33156
33931
33133
33157
33932
33134
33158
33933
33135
33159
33934
33136
33160
33935
33137
33161
33936
33138
33162
33937
33139
33163
33938
33140
33164
33939
33141
33165
33940
33142
33166
33941
33143
33167
33942
33144
33168
33943
33145
33169
33944
33146
33170
33945
33147
33171
33946
33148
33172
33947
33149
33173
33948
33174
33949
33151
33175
33950
33152
33176
33951
33153
33177
33952
33154
33178
33953
33155
33179
33954
33156
33180
33955
33157
33181
33956
33158
33182
33957
33159
33183
33958
33160
33184
33959
33161
33185
33960
33162
33186
33961
33163
33187
33962
33164
33188
33963
33165
33189
33964
33166
33190
33965
33167
33191
33966
33168
33192
33967
33169
33193
33968
33170
33194
33969
33171
33195
33970
33172
33196
33971
33173
33197
33972
33174
33198
33973
33199
33974
33176
33200
33975
33177
33201
33976
33178
33202
33977
33179
33203
33978
33180
33204
33979
33181
33205
33980
33182
33206
33981
33183
33207
33982
33184
33208
33983
33185
33209
33984
33186
33210
33985
33187
33211
33986
33188
33212
33987
33189
33213
33988
33190
33214
33989
33191
33215
33990
33192
33216
33991
33193
33217
33992
33194
33218
33993
33195
33219
33994
33196
33220
33995
33197
33221
33996
33198
33222
33997
33199
33223
33998
33224
33999
33201
33225
34000
33202
33226
34001
33203
33227
34002
33204
33228
34003
33205
33229
34004
33206
33230
34005
33207
33231
34006
33208
33232
34007
33209
33233
34008
33210
33234
34009
33211
33235
34010
33212
33236
34011
33213
33237
34012
33214
33238
34013
33215
33239
34014
33216
33240
34015
33217
33241
34016
33218
33242
34017
33219
33243
34018
33220
33244
34019
33221
33245
34020
33222
33246
34021
33223
33247
34022
33224
33248
34023
33249
34024
33226
33250
34025
33227
33251
34026
33228
33252
34027
33229
33253
34028
33230
33254
34029
33231
33255
34030
33232
33256
34031
33233
33257
34032
33234
33258
34033
33235
33259
34034
33236
33260
34035
33237
33261
34036
33238
33262
34037
33239
33263
34038
33240
33264
34039
33241
33265
34040
33242
33266
34041
33243
33267
34042
33244
33268
34043
33245
33269
34044
33246
33270
34045
33247
33271
34046
33248
33272
34047
33249
33273
34048
33274
34049
33251
33275
34050
33252
33276
34051
33253
33277
34052
33254
33278
34053
33255
33279
34054
33256
33280
34055
33257
33281
34056
33258
33282
34057
33259
33283
34058
33260
33284
34059
33261
33285
34060
33262
33286
34061
33263
33287
34062
33264
33288
34063
33265
33289
34064
33266
33290
34065
33267
33291
34066
33268
33292
34067
33269
33293
34068
33270
33294
34069
33271
33295
34070
33272
33296
34071
33273
33297
34072
33274
33298
34073
33299
34074
33276
33300
34075
33277
33301
34076
33278
33302
34077
33279
33303
34078
33280
33304
34079
33281
33305
34080
33282
33306
34081
33283
33307
34082
33284
33308
34083
33285
33309
34084
33286
33310
34085
33287
33311
34086
33288
33312
34087
33289
33313
34088
33290
33314
34089
33291
33315
34090
33292
33316
34091
33293
33317
34092
33294
33318
34093
33295
33319
34094
33296
33320
34095
33297
33321
34096
33298
33322
34097
33299
33323
34098
33324
34099
33301
33325
34100
33302
33326
34101
33303
33327
34102
33304
33328
34103
33305
33329
34104
33306
33330
34105
33307
33331
34106
33308
33332
34107
33309
33333
34108
33310
33334
34109
33311
33335
34110
33312
33336
34111
33313
33337
34112
33314
33338
34113
33315
33339
34114
33316
33340
34115
33317
33341
34116
33318
33342
34117
33319
33343
34118
33320
33344
34119
33321
33345
34120
33322
33346
34121
33323
33347
34122
33324
33348
34123
33349
34124
33326
33350
34125
33327
33351
34126
33328
33352
34127
33329
33353
34128
33330
33354
34129
33331
33355
34130
33332
33356
34131
33333
33357
34132
33334
33358
34133
33335
33359
34134
33336
33360
34135
33337
33361
34136
33338
33362
34137
33339
33363
34138
33340
33364
34139
33341
33365
34140
33342
33366
34141
33343
33367
34142
33344
33368
34143
33345
33369
34144
33346
33370
34145
33347
33371
34146
33348
33372
34147
33349
33373
34148
33374
34149
33351
33375
34150
33352
33376
34151
33353
33377
34152
33354
33378
34153
33355
33379
34154
33356
33380
34155
33357
33381
34156
33358
33382
34157
33359
33383
34158
33360
33384
34159
33361
33385
34160
33362
33386
34161
33363
33387
34162
33364
33388
34163
33365
33389
34164
33366
33390
34165
33367
33391
34166
33368
33392
34167
33369
33393
34168
33370
33394
34169
33371
33395
34170
33372
33396
34171
33373
33397
34172
33374
33398
34173
33399
34174
33376
33400
34175
33377
33401
34176
33378
33402
34177
33379
33403
34178
33380
33404
34179
33381
33405
34180
33382
33406
34181
33383
33407
34182
33384
33408
34183
33385
33409
34184
33386
33410
34185
33387
33411
34186
33388
33412
34187
33389
33413
34188
33390
33414
34189
33391
33415
34190
33392
33416
34191
33393
33417
34192
33394
33418
34193
33395
33419
34194
33396
33420
34195
33397
33421
34196
33398
33422
34197
33399
33423
34198
33424
34199
33401
33425
34200
33402
33426
34201
33403
33427
34202
33404
33428
34203
33405
33429
34204
33406
33430
34205
33407
33431
34206
33408
33432
34207
33409
33433
34208
33410
33434
34209
33411
33435
34210
33412
33436
34211
33413
33437
34212
33414
33438
34213
33415
33439
34214
33416
33440
34215
33417
33441
34216
33418
33442
34217
33419
33443
34218
33420
33444
34219
33421
33445
34220
33422
33446
34221
33423
33447
34222
33424
33448
34223
33449
34224
33426
33450
34225
33427
33451
34226
33428
33452
34227
33429
33453
34228
33430
33454
34229
33431
33455
34230
33432
33456
34231
33433
33457
34232
33434
33458
34233
33435
33459
34234
33436
33460
34235
33437
33461
34236
33438
33462
34237
33439
33463
34238
33440
33464
34239
33441
33465
34240
33442
33466
34241
33443
33467
34242
33444
33468
34243
33445
33469
34244
33446
33470
34245
33447
33471
34246
33448
33472
34247
33449
33473
34248
33474
34249
33451
33475
34250
33452
33476
34251
33453
33477
34252
33454
33478
34253
33455
33479
34254
33456
33480
34255
33457
33481
34256
33458
33482
34257
33459
33483
34258
33460
33484
34259
33461
33485
34260
33462
33486
34261
33463
33487
34262
33464
33488
34263
33465
33489
34264
33466
33490
34265
33467
33491
34266
33468
33492
34267
33469
33493
34268
33470
33494
34269
33471
33495
34270
33472
33496
34271
33473
33497
34272
33474
33498
34273
33499
34274
33476
33500
34275
33477
33501
34276
33478
33502
34277
33479
33503
34278
33480
33504
34279
33481
33505
34280
33482
33506
34281
33483
33507
34282
33484
33508
34283
33485
33509
34284
33486
33510
34285
33487
33511
34286
33488
33512
34287
33489
33513
34288
33490
33514
34289
33491
33515
34290
33492
33516
34291
33493
33517
34292
33494
33518
34293
33495
33519
34294
33496
33520
34295
33497
33521
34296
33498
33522
34297
33499
33523
34298
33524
34299
33501
33525
34300
33502
33526
34301
33503
33527
34302
33504
33528
34303
33505
33529
34304
33506
33530
34305
33507
33531
34306
33508
33532
34307
33509
33533
34308
33510
33534
34309
33511
33535
34310
33512
33536
34311
33513
33537
34312
33514
33538
34313
33515
33539
34314
33516
33540
34315
33517
33541
34316
33518
33542
34317
33519
33543
34318
33520
33544
34319
33521
33545
34320
33522
33546
34321
33523
33547
34322
33524
33548
34323
33549
34324
33526
33550
34325
33527
33551
34326
33528
33552
34327
33529
33553
34328
33530
33554
34329
33531
33555
34330
33532
33556
34331
33533
33557
34332
33534
33558
34333
33535
33559
34334
33536
33560
34335
33537
33561
34336
33538
33562
34337
33539
33563
34338
33540
33564
34339
33541
33565
34340
33542
33566
34341
33543
33567
34342
33544
33568
34343
33545
33569
34344
33546
33570
34345
33547
33571
34346
33548
33572
34347
33549
33573
34348
33574
34349
33551
33575
34350
33552
33576
34351
33553
33577
34352
33554
33578
34353
33555
33579
34354
33556
33580
34355
33557
33581
34356
33558
33582
34357
33559
33583
34358
33560
33584
34359
33561
33585
34360
33562
33586
34361
33563
33587
34362
33564
33588
34363
33565
33589
34364
33566
33590
34365
33567
33591
34366
33568
33592
34367
33569
33593
34368
33570
33594
34369
33571
33595
34370
33572
33596
34371
33573
33597
34372
33574
33598
34373
33599
34374
33576
34375
33577
34376
33578
34377
33579
34378
33580
34379
33581
34380
33582
34381
33583
34382
33584
34383
33585
34384
33586
34385
33587
34386
33588
34387
33589
34388
33590
34389
33591
34390
33592
34391
33593
34392
33594
34393
33595
34394
33596
34395
33597
34396
33598
34397
33599
34398
34399
33601
33625
34400
33602
33626
34401
33603
33627
34402
33604
33628
34403
33605
33629
34404
33606
33630
34405
33607
33631
34406
33608
33632
34407
33609
33633
34408
33610
33634
34409
33611
33635
34410
33612
33636
34411
33613
33637
34412
33614
33638
34413
33615
33639
34414
33616
33640
34415
33617
33641
34416
33618
33642
34417
33619
33643
34418
33620
33644
34419
33621
33645
34420
33622
33646
34421
33623
33647
34422
33624
33648
34423
33649
34424
33626
33650
34425
33627
33651
34426
33628
33652
34427
33629
33653
34428
33630
33654
34429
33631
33655
34430
33632
33656
34431
33633
33657
34432
33634
33658
34433
33635
33659
34434
33636
33660
34435
33637
33661
34436
33638
33662
34437
33639
33663
34438
33640
33664
34439
33641
33665
34440
33642
33666
34441
33643
33667
34442
33644
33668
34443
33645
33669
34444
33646
33670
34445
33647
33671
34446
33648
33672
34447
33649
33673
34448
33674
34449
33651
33675
34450
33652
33676
34451
33653
33677
34452
33654
33678
34453
33655
33679
34454
33656
33680
34455
33657
33681
34456
33658
33682
34457
33659
33683
34458
33660
33684
34459
33661
33685
34460
33662
33686
34461
33663
33687
34462
33664
33688
34463
33665
33689
34464
33666
33690
34465
33667
33691
34466
33668
33692
34467
33669
33693
34468
33670
33694
34469
33671
33695
34470
33672
33696
34471
33673
33697
34472
33674
33698
34473
33699
34474
33676
33700
34475
33677
33701
34476
33678
33702
34477
33679
33703
34478
33680
33704
34479
33681
33705
34480
33682
33706
34481
33683
33707
34482
33684
33708
34483
33685
33709
34484
33686
33710
34485
33687
33711
34486
33688
33712
34487
33689
33713
34488
33690
33714
34489
33691
33715
34490
33692
33716
34491
33693
33717
34492
33694
33718
34493
33695
33719
34494
33696
33720
34495
33697
33721
34496
33698
33722
34497
33699
33723
34498
33724
34499
33701
33725
34500
33702
33726
34501
33703
33727
34502
33704
33728
34503
33705
33729
34504
33706
33730
34505
33707
33731
34506
33708
33732
34507
33709
33733
34508
33710
33734
34509
33711
33735
34510
33712
33736
34511
33713
33737
34512
33714
33738
34513
33715
33739
34514
33716
33740
34515
33717
33741
34516
33718
33742
34517
33719
33743
34518
33720
33744
34519
33721
33745
34520
33722
33746
34521
33723
33747
34522
33724
33748
34523
33749
34524
33726
33750
34525
33727
33751
34526
33728
33752
34527
33729
33753
34528
33730
33754
34529
33731
33755
34530
33732
33756
34531
33733
33757
34532
33734
33758
34533
33735
33759
34534
33736
33760
34535
33737
33761
34536
33738
33762
34537
33739
33763
34538
33740
33764
34539
33741
33765
34540
33742
33766
34541
33743
33767
34542
33744
33768
34543
33745
33769
34544
33746
33770
34545
33747
33771
34546
33748
33772
34547
33749
33773
34548
33774
34549
33751
33775
34550
33752
33776
34551
33753
33777
34552
33754
33778
34553
33755
33779
34554
33756
33780
34555
33757
33781
34556
33758
33782
34557
33759
33783
34558
33760
33784
34559
33761
33785
34560
33762
33786
34561
33763
33787
34562
33764
33788
34563
33765
33789
34564
33766
33790
34565
33767
33791
34566
33768
33792
34567
33769
33793
34568
33770
33794
34569
33771
33795
34570
33772
33796
34571
33773
33797
34572
33774
33798
34573
33799
34574
33776
33800
34575
33777
33801
34576
33778
33802
34577
33779
33803
34578
33780
33804
34579
33781
33805
34580
33782
33806
34581
33783
33807
34582
33784
33808
34583
33785
33809
34584
33786
33810
34585
33787
33811
34586
33788
33812
34587
33789
33813
34588
33790
33814
34589
33791
33815
34590
33792
33816
34591
33793
33817
34592
33794
33818
34593
33795
33819
34594
33796
33820
34595
33797
33821
34596
33798
33822
34597
33799
33823
34598
33824
34599
33801
33825
34600
33802
33826
34601
33803
33827
34602
33804
33828
34603
33805
33829
34604
33806
33830
34605
33807
33831
34606
33808
33832
34607
33809
33833
34608
33810
33834
34609
33811
33835
34610
33812
33836
34611
33813
33837
34612
33814
33838
34613
33815
33839
34614
33816
33840
34615
33817
33841
34616
33818
33842
34617
33819
33843
34618
33820
33844
34619
33821
33845
34620
33822
33846
34621
33823
33847
34622
33824
33848
34623
33849
34624
33826
33850
34625
33827
33851
34626
33828
33852
34627
33829
33853
34628
33830
33854
34629
33831
33855
34630
33832
33856
34631
33833
33857
34632
33834
33858
34633
33835
33859
34634
33836
33860
34635
33837
33861
34636
33838
33862
34637
33839
33863
34638
33840
33864
34639
33841
33865
34640
33842
33866
34641
33843
33867
34642
33844
33868
34643
33845
33869
34644
33846
33870
34645
33847
33871
34646
33848
33872
34647
33849
33873
34648
33874
34649
33851
33875
34650
33852
33876
34651
33853
33877
34652
33854
33878
34653
33855
33879
34654
33856
33880
34655
33857
33881
34656
33858
33882
34657
33859
33883
34658
33860
33884
34659
33861
33885
34660
33862
33886
34661
33863
33887
34662
33864
33888
34663
33865
33889
34664
33866
33890
34665
33867
33891
34666
33868
33892
34667
33869
33893
34668
33870
33894
34669
33871
33895
34670
33872
33896
34671
33873
33897
34672
33874
33898
34673
33899
34674
33876
33900
34675
33877
33901
34676
33878
33902
34677
33879
33903
34678
33880
33904
34679
33881
33905
34680
33882
33906
34681
33883
33907
34682
33884
33908
34683
33885
33909
34684
33886
33910
34685
33887
33911
34686
33888
33912
34687
33889
33913
34688
33890
33914
34689
33891
33915
34690
33892
33916
34691
33893
33917
34692
33894
33918
34693
33895
33919
34694
33896
33920
34695
33897
33921
34696
33898
33922
34697
33899
33923
34698
33924
34699
33901
33925
34700
33902
33926
34701
33903
33927
34702
33904
33928
34703
33905
33929
34704
33906
33930
34705
33907
33931
34706
33908
33932
34707
33909
33933
34708
33910
33934
34709
33911
33935
34710
33912
33936
34711
33913
33937
34712
33914
33938
34713
33915
33939
34714
33916
33940
34715
33917
33941
34716
33918
33942
34717
33919
33943
34718
33920
33944
34719
33921
33945
34720
33922
33946
34721
33923
33947
34722
33924
33948
34723
33949
34724
33926
33950
34725
33927
33951
34726
33928
33952
34727
33929
33953
34728
33930
33954
34729
33931
33955
34730
33932
33956
34731
33933
33957
34732
33934
33958
34733
33935
33959
34734
33936
33960
34735
33937
33961
34736
33938
33962
34737
33939
33963
34738
33940
33964
34739
33941
33965
34740
33942
33966
34741
33943
33967
34742
33944
33968
34743
33945
33969
34744
33946
33970
34745
33947
33971
34746
33948
33972
34747
33949
33973
34748
33974
34749
33951
33975
34750
33952
33976
34751
33953
33977
34752
33954
33978
34753
33955
33979
34754
33956
33980
34755
33957
33981
34756
33958
33982
34757
33959
33983
34758
33960
33984
34759
33961
33985
34760
33962
33986
34761
33963
33987
34762
33964
33988
34763
33965
33989
34764
33966
33990
34765
33967
33991
34766
33968
33992
34767
33969
33993
34768
33970
33994
34769
33971
33995
34770
33972
33996
34771
33973
33997
34772
33974
33998
34773
33999
34774
33976
34000
34775
33977
34001
34776
33978
34002
34777
33979
34003
34778
33980
34004
34779
33981
34005
34780
33982
34006
34781
33983
34007
34782
33984
34008
34783
33985
34009
34784
33986
34010
34785
33987
34011
34786
33988
34012
34787
33989
34013
34788
33990
34014
34789
33991
34015
34790
33992
34016
34791
33993
34017
34792
33994
34018
34793
33995
34019
34794
33996
34020
34795
33997
34021
34796
33998
34022
34797
33999
34023
34798
34024
34799
34001
34025
34800
34002
34026
34801
34003
34027
34802
34004
34028
34803
34005
34029
34804
34006
34030
34805
34007
34031
34806
34008
34032
34807
34009
34033
34808
34010
34034
34809
34011
34035
34810
34012
34036
34811
34013
34037
34812
34014
34038
34813
34015
34039
34814
34016
34040
34815
34017
34041
34816
34018
34042
34817
34019
34043
34818
34020
34044
34819
34021
34045
34820
34022
34046
34821
34023
34047
34822
34024
34048
34823
34049
34824
34026
34050
34825
34027
34051
34826
34028
34052
34827
34029
34053
34828
34030
34054
34829
34031
34055
34830
34032
34056
34831
34033
34057
34832
34034
34058
34833
34035
34059
34834
34036
34060
34835
34037
34061
34836
34038
34062
34837
34039
34063
34838
34040
34064
34839
34041
34065
34840
34042
34066
34841
34043
34067
34842
34044
34068
34843
34045
34069
34844
34046
34070
34845
34047
34071
34846
34048
34072
34847
34049
34073
34848
34074
34849
34051
34075
34850
34052
34076
34851
34053
34077
34852
34054
34078
34853
34055
34079
34854
34056
34080
34855
34057
34081
34856
34058
34082
34857
34059
34083
34858
34060
34084
34859
34061
34085
34860
34062
34086
34861
34063
34087
34862
34064
34088
34863
34065
34089
34864
34066
34090
34865
34067
34091
34866
34068
34092
34867
34069
34093
34868
34070
34094
34869
34071
34095
34870
34072
34096
34871
34073
34097
34872
34074
34098
34873
34099
34874
34076
34100
34875
34077
34101
34876
34078
34102
34877
34079
34103
34878
34080
34104
34879
34081
34105
34880
34082
34106
34881
34083
34107
34882
34084
34108
34883
34085
34109
34884
34086
34110
34885
34087
34111
34886
34088
34112
34887
34089
34113
34888
34090
34114
34889
34091
34115
34890
34092
34116
34891
34093
34117
34892
34094
34118
34893
34095
34119
34894
34096
34120
34895
34097
34121
34896
34098
34122
34897
34099
34123
34898
34124
34899
34101
34125
34900
34102
34126
34901
34103
34127
34902
34104
34128
34903
34105
34129
34904
34106
34130
34905
34107
34131
34906
34108
34132
34907
34109
34133
34908
34110
34134
34909
34111
34135
34910
34112
34136
34911
34113
34137
34912
34114
34138
34913
34115
34139
34914
34116
34140
34915
34117
34141
34916
34118
34142
34917
34119
34143
34918
34120
34144
34919
34121
34145
34920
34122
34146
34921
34123
34147
34922
34124
34148
34923
34149
34924
34126
34150
34925
34127
34151
34926
34128
34152
34927
34129
34153
34928
34130
34154
34929
34131
34155
34930
34132
34156
34931
34133
34157
34932
34134
34158
34933
34135
34159
34934
34136
34160
34935
34137
34161
34936
34138
34162
34937
34139
34163
34938
34140
34164
34939
34141
34165
34940
34142
34166
34941
34143
34167
34942
34144
34168
34943
34145
34169
34944
34146
34170
34945
34147
34171
34946
34148
34172
34947
34149
34173
34948
34174
34949
34151
34175
34950
34152
34176
34951
34153
34177
34952
34154
34178
34953
34155
34179
34954
34156
34180
34955
34157
34181
34956
34158
34182
34957
34159
34183
34958
34160
34184
34959
34161
34185
34960
34162
34186
34961
34163
34187
34962
34164
34188
34963
34165
34189
34964
34166
34190
34965
34167
34191
34966
34168
34192
34967
34169
34193
34968
34170
34194
34969
34171
34195
34970
34172
34196
34971
34173
34197
34972
34174
34198
34973
34199
34974
34176
34200
34975
34177
34201
34976
34178
34202
34977
34179
34203
34978
34180
34204
34979
34181
34205
34980
34182
34206
34981
34183
34207
34982
34184
34208
34983
34185
34209
34984
34186
34210
34985
34187
34211
34986
34188
34212
34987
34189
34213
34988
34190
34214
34989
34191
34215
34990
34192
34216
34991
34193
34217
34992
34194
34218
34993
34195
34219
34994
34196
34220
34995
34197
34221
34996
34198
34222
34997
34199
34223
34998
34224
34999
34201
34225
35000
34202
34226
35001
34203
34227
35002
34204
34228
35003
34205
34229
35004
34206
34230
35005
34207
34231
35006
34208
34232
35007
34209
34233
35008
34210
34234
35009
34211
34235
35010
34212
34236
35011
34213
34237
35012
34214
34238
35013
34215
34239
35014
34216
34240
35015
34217
34241
35016
34218
34242
35017
34219
34243
35018
34220
34244
35019
34221
34245
35020
34222
34246
35021
34223
34247
35022
34224
34248
35023
34249
35024
34226
34250
35025
34227
34251
35026
34228
34252
35027
34229
34253
35028
34230
34254
35029
34231
34255
35030
34232
34256
35031
34233
34257
35032
34234
34258
35033
34235
34259
35034
34236
34260
35035
34237
34261
35036
34238
34262
35037
34239
34263
35038
34240
34264
35039
34241
34265
35040
34242
34266
35041
34243
34267
35042
34244
34268
35043
34245
34269
35044
34246
34270
35045
34247
34271
35046
34248
34272
35047
34249
34273
35048
34274
35049
34251
34275
35050
34252
34276
35051
34253
34277
35052
34254
34278
35053
34255
34279
35054
34256
34280
35055
34257
34281
35056
34258
34282
35057
34259
34283
35058
34260
34284
35059
34261
34285
35060
34262
34286
35061
34263
34287
35062
34264
34288
35063
34265
34289
35064
34266
34290
35065
34267
34291
35066
34268
34292
35067
34269
34293
35068
34270
34294
35069
34271
34295
35070
34272
34296
35071
34273
34297
35072
34274
34298
35073
34299
35074
34276
34300
35075
34277
34301
35076
34278
34302
35077
34279
34303
35078
34280
34304
35079
34281
34305
35080
34282
34306
35081
34283
34307
35082
34284
34308
35083
34285
34309
35084
34286
34310
35085
34287
34311
35086
34288
34312
35087
34289
34313
35088
34290
34314
35089
34291
34315
35090
34292
34316
35091
34293
34317
35092
34294
34318
35093
34295
34319
35094
34296
34320
35095
34297
34321
35096
34298
34322
35097
34299
34323
35098
34324
35099
34301
34325
35100
34302
34326
35101
34303
34327
35102
34304
34328
35103
34305
34329
35104
34306
34330
35105
34307
34331
35106
34308
34332
35107
34309
34333
35108
34310
34334
35109
34311
34335
35110
34312
34336
35111
34313
34337
35112
34314
34338
35113
34315
34339
35114
34316
34340
35115
34317
34341
35116
34318
34342
35117
34319
34343
35118
34320
34344
35119
34321
34345
35120
34322
34346
35121
34323
34347
35122
34324
34348
35123
34349
35124
34326
34350
35125
34327
34351
35126
34328
34352
35127
34329
34353
35128
34330
34354
35129
34331
34355
35130
34332
34356
35131
34333
34357
35132
34334
34358
35133
34335
34359
35134
34336
34360
35135
34337
34361
35136
34338
34362
35137
34339
34363
35138
34340
34364
35139
34341
34365
35140
34342
34366
35141
34343
34367
35142
34344
34368
35143
34345
34369
35144
34346
34370
35145
34347
34371
35146
34348
34372
35147
34349
34373
35148
34374
35149
34351
34375
35150
34352
34376
35151
34353
34377
35152
34354
34378
35153
34355
34379
35154
34356
34380
35155
34357
34381
35156
34358
34382
35157
34359
34383
35158
34360
34384
35159
34361
34385
35160
34362
34386
35161
34363
34387
35162
34364
34388
35163
34365
34389
35164
34366
34390
35165
34367
34391
35166
34368
34392
35167
34369
34393
35168
34370
34394
35169
34371
34395
35170
34372
34396
35171
34373
34397
35172
34374
34398
35173
34399
35174
34376
35175
34377
35176
34378
35177
34379
35178
34380
35179
34381
35180
34382
35181
34383
35182
34384
35183
34385
35184
34386
35185
34387
35186
34388
35187
34389
35188
34390
35189
34391
35190
34392
35191
34393
35192
34394
35193
34395
35194
34396
35195
34397
35196
34398
35197
34399
35198
35199
34401
34425
35200
34402
34426
35201
34403
34427
35202
34404
34428
35203
34405
34429
35204
34406
34430
35205
34407
34431
35206
34408
34432
35207
34409
34433
35208
34410
34434
35209
34411
34435
35210
34412
34436
35211
34413
34437
35212
34414
34438
35213
34415
34439
35214
34416
34440
35215
34417
34441
35216
34418
34442
35217
34419
34443
35218
34420
34444
35219
34421
34445
35220
34422
34446
35221
34423
34447
35222
34424
34448
35223
34449
35224
34426
34450
35225
34427
34451
35226
34428
34452
35227
34429
34453
35228
34430
34454
35229
34431
34455
35230
34432
34456
35231
34433
34457
35232
34434
34458
35233
34435
34459
35234
34436
34460
35235
34437
34461
35236
34438
34462
35237
34439
34463
35238
34440
34464
35239
34441
34465
35240
34442
34466
35241
34443
34467
35242
34444
34468
35243
34445
34469
35244
34446
34470
35245
34447
34471
35246
34448
34472
35247
34449
34473
35248
34474
35249
34451
34475
35250
34452
34476
35251
34453
34477
35252
34454
34478
35253
34455
34479
35254
34456
34480
35255
34457
34481
35256
34458
34482
35257
34459
34483
35258
34460
34484
35259
34461
34485
35260
34462
34486
35261
34463
34487
35262
34464
34488
35263
34465
34489
35264
34466
34490
35265
34467
34491
35266
34468
34492
35267
34469
34493
35268
34470
34494
35269
34471
34495
35270
34472
34496
35271
34473
34497
35272
34474
34498
35273
34499
35274
34476
34500
35275
34477
34501
35276
34478
34502
35277
34479
34503
35278
34480
34504
35279
34481
34505
35280
34482
34506
35281
34483
34507
35282
34484
34508
35283
34485
34509
35284
34486
34510
35285
34487
34511
35286
34488
34512
35287
34489
34513
35288
34490
34514
35289
34491
34515
35290
34492
34516
35291
34493
34517
35292
34494
34518
35293
34495
34519
35294
34496
34520
35295
34497
34521
35296
34498
34522
35297
34499
34523
35298
34524
35299
34501
34525
35300
34502
34526
35301
34503
34527
35302
34504
34528
35303
34505
34529
35304
34506
34530
35305
34507
34531
35306
34508
34532
35307
34509
34533
35308
34510
34534
35309
34511
34535
35310
34512
34536
35311
34513
34537
35312
34514
34538
35313
34515
34539
35314
34516
34540
35315
34517
34541
35316
34518
34542
35317
34519
34543
35318
34520
34544
35319
34521
34545
35320
34522
34546
35321
34523
34547
35322
34524
34548
35323
34549
35324
34526
34550
35325
34527
34551
35326
34528
34552
35327
34529
34553
35328
34530
34554
35329
34531
34555
35330
34532
34556
35331
34533
34557
35332
34534
34558
35333
34535
34559
35334
34536
34560
35335
34537
34561
35336
34538
34562
35337
34539
34563
35338
34540
34564
35339
34541
34565
35340
34542
34566
35341
34543
34567
35342
34544
34568
35343
34545
34569
35344
34546
34570
35345
34547
34571
35346
34548
34572
35347
34549
34573
35348
34574
35349
34551
34575
35350
34552
34576
35351
34553
34577
35352
34554
34578
35353
34555
34579
35354
34556
34580
35355
34557
34581
35356
34558
34582
35357
34559
34583
35358
34560
34584
35359
34561
34585
35360
34562
34586
35361
34563
34587
35362
34564
34588
35363
34565
34589
35364
34566
34590
35365
34567
34591
35366
34568
34592
35367
34569
34593
35368
34570
34594
35369
34571
34595
35370
34572
34596
35371
34573
34597
35372
34574
34598
35373
34599
35374
34576
34600
35375
34577
34601
35376
34578
34602
35377
34579
34603
35378
34580
34604
35379
34581
34605
35380
34582
34606
35381
34583
34607
35382
34584
34608
35383
34585
34609
35384
34586
34610
35385
34587
34611
35386
34588
34612
35387
34589
34613
35388
34590
34614
35389
34591
34615
35390
34592
34616
35391
34593
34617
35392
34594
34618
35393
34595
34619
35394
34596
34620
35395
34597
34621
35396
34598
34622
35397
34599
34623
35398
34624
35399
34601
34625
35400
34602
34626
35401
34603
34627
35402
34604
34628
35403
34605
34629
35404
34606
34630
35405
34607
34631
35406
34608
34632
35407
34609
34633
35408
34610
34634
35409
34611
34635
35410
34612
34636
35411
34613
34637
35412
34614
34638
35413
34615
34639
35414
34616
34640
35415
34617
34641
35416
34618
34642
35417
34619
34643
35418
34620
34644
35419
34621
34645
35420
34622
34646
35421
34623
34647
35422
34624
34648
35423
34649
35424
34626
34650
35425
34627
34651
35426
34628
34652
35427
34629
34653
35428
34630
34654
35429
34631
34655
35430
34632
34656
35431
34633
34657
35432
34634
34658
35433
34635
34659
35434
34636
34660
35435
34637
34661
35436
34638
34662
35437
34639
34663
35438
34640
34664
35439
34641
34665
35440
34642
34666
35441
34643
34667
35442
34644
34668
35443
34645
34669
35444
34646
34670
35445
34647
34671
35446
34648
34672
35447
34649
34673
35448
34674
35449
34651
34675
35450
34652
34676
35451
34653
34677
35452
34654
34678
35453
34655
34679
35454
34656
34680
35455
34657
34681
35456
34658
34682
35457
34659
34683
35458
34660
34684
35459
34661
34685
35460
34662
34686
35461
34663
34687
35462
34664
34688
35463
34665
34689
35464
34666
34690
35465
34667
34691
35466
34668
34692
35467
34669
34693
35468
34670
34694
35469
34671
34695
35470
34672
34696
35471
34673
34697
35472
34674
34698
35473
34699
35474
34676
34700
35475
34677
34701
35476
34678
34702
35477
34679
34703
35478
34680
34704
35479
34681
34705
35480
34682
34706
35481
34683
34707
35482
34684
34708
35483
34685
34709
35484
34686
34710
35485
34687
34711
35486
34688
34712
35487
34689
34713
35488
34690
34714
35489
34691
34715
35490
34692
34716
35491
34693
34717
35492
34694
34718
35493
34695
34719
35494
34696
34720
35495
34697
34721
35496
34698
34722
35497
34699
34723
35498
34724
35499
34701
34725
35500
34702
34726
35501
34703
34727
35502
34704
34728
35503
34705
34729
35504
34706
34730
35505
34707
34731
35506
34708
34732
35507
34709
34733
35508
34710
34734
35509
34711
34735
35510
34712
34736
35511
34713
34737
35512
34714
34738
35513
34715
34739
35514
34716
34740
35515
34717
34741
35516
34718
34742
35517
34719
34743
35518
34720
34744
35519
34721
34745
35520
34722
34746
35521
34723
34747
35522
34724
34748
35523
34749
35524
34726
34750
35525
34727
34751
35526
34728
34752
35527
34729
34753
35528
34730
34754
35529
34731
34755
35530
34732
34756
35531
34733
34757
35532
34734
34758
35533
34735
34759
35534
34736
34760
35535
34737
34761
35536
34738
34762
35537
34739
34763
35538
34740
34764
35539
34741
34765
35540
34742
34766
35541
34743
34767
35542
34744
34768
35543
34745
34769
35544
34746
34770
35545
34747
34771
35546
34748
34772
35547
34749
34773
35548
34774
35549
34751
34775
35550
34752
34776
35551
34753
34777
35552
34754
34778
35553
34755
34779
35554
34756
34780
35555
34757
34781
35556
34758
34782
35557
34759
34783
35558
34760
34784
35559
34761
34785
35560
34762
34786
35561
34763
34787
35562
34764
34788
35563
34765
34789
35564
34766
34790
35565
34767
34791
35566
34768
34792
35567
34769
34793
35568
34770
34794
35569
34771
34795
35570
34772
34796
35571
34773
34797
35572
34774
34798
35573
34799
35574
34776
34800
35575
34777
34801
35576
34778
34802
35577
34779
34803
35578
34780
34804
35579
34781
34805
35580
34782
34806
35581
34783
34807
35582
34784
34808
35583
34785
34809
35584
34786
34810
35585
34787
34811
35586
34788
34812
35587
34789
34813
35588
34790
34814
35589
34791
34815
35590
34792
34816
35591
34793
34817
35592
34794
34818
35593
34795
34819
35594
34796
34820
35595
34797
34821
35596
34798
34822
35597
34799
34823
35598
34824
35599
34801
34825
35600
34802
34826
35601
34803
34827
35602
34804
34828
35603
34805
34829
35604
34806
34830
35605
34807
34831
35606
34808
34832
35607
34809
34833
35608
34810
34834
35609
34811
34835
35610
34812
34836
35611
34813
34837
35612
34814
34838
35613
34815
34839
35614
34816
34840
35615
34817
34841
35616
34818
34842
35617
34819
34843
35618
34820
34844
35619
34821
34845
35620
34822
34846
35621
34823
34847
35622
34824
34848
35623
34849
35624
34826
34850
35625
34827
34851
35626
34828
34852
35627
34829
34853
35628
34830
34854
35629
34831
34855
35630
34832
34856
35631
34833
34857
35632
34834
34858
35633
34835
34859
35634
34836
34860
35635
34837
34861
35636
34838
34862
35637
34839
34863
35638
34840
34864
35639
34841
34865
35640
34842
34866
35641
34843
34867
35642
34844
34868
35643
34845
34869
35644
34846
34870
35645
34847
34871
35646
34848
34872
35647
34849
34873
35648
34874
35649
34851
34875
35650
34852
34876
35651
34853
34877
35652
34854
34878
35653
34855
34879
35654
34856
34880
35655
34857
34881
35656
34858
34882
35657
34859
34883
35658
34860
34884
35659
34861
34885
35660
34862
34886
35661
34863
34887
35662
34864
34888
35663
34865
34889
35664
34866
34890
35665
34867
34891
35666
34868
34892
35667
34869
34893
35668
34870
34894
35669
34871
34895
35670
34872
34896
35671
34873
34897
35672
34874
34898
35673
34899
35674
34876
34900
35675
34877
34901
35676
34878
34902
35677
34879
34903
35678
34880
34904
35679
34881
34905
35680
34882
34906
35681
34883
34907
35682
34884
34908
35683
34885
34909
35684
34886
34910
35685
34887
34911
35686
34888
34912
35687
34889
34913
35688
34890
34914
35689
34891
34915
35690
34892
34916
35691
34893
34917
35692
34894
34918
35693
34895
34919
35694
34896
34920
35695
34897
34921
35696
34898
34922
35697
34899
34923
35698
34924
35699
34901
34925
35700
34902
34926
35701
34903
34927
35702
34904
34928
35703
34905
34929
35704
34906
34930
35705
34907
34931
35706
34908
34932
35707
34909
34933
35708
34910
34934
35709
34911
34935
35710
34912
34936
35711
34913
34937
35712
34914
34938
35713
34915
34939
35714
34916
34940
35715
34917
34941
35716
34918
34942
35717
34919
34943
35718
34920
34944
35719
34921
34945
35720
34922
34946
35721
34923
34947
35722
34924
34948
35723
34949
35724
34926
34950
35725
34927
34951
35726
34928
34952
35727
34929
34953
35728
34930
34954
35729
34931
34955
35730
34932
34956
35731
34933
34957
35732
34934
34958
35733
34935
34959
35734
34936
34960
35735
34937
34961
35736
34938
34962
35737
34939
34963
35738
34940
34964
35739
34941
34965
35740
34942
34966
35741
34943
34967
35742
34944
34968
35743
34945
34969
35744
34946
34970
35745
34947
34971
35746
34948
34972
35747
34949
34973
35748
34974
35749
34951
34975
35750
34952
34976
35751
34953
34977
35752
34954
34978
35753
34955
34979
35754
34956
34980
35755
34957
34981
35756
34958
34982
35757
34959
34983
35758
34960
34984
35759
34961
34985
35760
34962
34986
35761
34963
34987
35762
34964
34988
35763
34965
34989
35764
34966
34990
35765
34967
34991
35766
34968
34992
35767
34969
34993
35768
34970
34994
35769
34971
34995
35770
34972
34996
35771
34973
34997
35772
34974
34998
35773
34999
35774
34976
35000
35775
34977
35001
35776
34978
35002
35777
34979
35003
35778
34980
35004
35779
34981
35005
35780
34982
35006
35781
34983
35007
35782
34984
35008
35783
34985
35009
35784
34986
35010
35785
34987
35011
35786
34988
35012
35787
34989
35013
35788
34990
35014
35789
34991
35015
35790
34992
35016
35791
34993
35017
35792
34994
35018
35793
34995
35019
35794
34996
35020
35795
34997
35021
35796
34998
35022
35797
34999
35023
35798
35024
35799
35001
35025
35800
35002
35026
35801
35003
35027
35802
35004
35028
35803
35005
35029
35804
35006
35030
35805
35007
35031
35806
35008
35032
35807
35009
35033
35808
35010
35034
35809
35011
35035
35810
35012
35036
35811
35013
35037
35812
35014
35038
35813
35015
35039
35814
35016
35040
35815
35017
35041
35816
35018
35042
35817
35019
35043
35818
35020
35044
35819
35021
35045
35820
35022
35046
35821
35023
35047
35822
35024
35048
35823
35049
35824
35026
35050
35825
35027
35051
35826
35028
35052
35827
35029
35053
35828
35030
35054
35829
35031
35055
35830
35032
35056
35831
35033
35057
35832
35034
35058
35833
35035
35059
35834
35036
35060
35835
35037
35061
35836
35038
35062
35837
35039
35063
35838
35040
35064
35839
35041
35065
35840
35042
35066
35841
35043
35067
35842
35044
35068
35843
35045
35069
35844
35046
35070
35845
35047
35071
35846
35048
35072
35847
35049
35073
35848
35074
35849
35051
35075
35850
35052
35076
35851
35053
35077
35852
35054
35078
35853
35055
35079
35854
35056
35080
35855
35057
35081
35856
35058
35082
35857
35059
35083
35858
35060
35084
35859
35061
35085
35860
35062
35086
35861
35063
35087
35862
35064
35088
35863
35065
35089
35864
35066
35090
35865
35067
35091
35866
35068
35092
35867
35069
35093
35868
35070
35094
35869
35071
35095
35870
35072
35096
35871
35073
35097
35872
35074
35098
35873
35099
35874
35076
35100
35875
35077
35101
35876
35078
35102
35877
35079
35103
35878
35080
35104
35879
35081
35105
35880
35082
35106
35881
35083
35107
35882
35084
35108
35883
35085
35109
35884
35086
35110
35885
35087
35111
35886
35088
35112
35887
35089
35113
35888
35090
35114
35889
35091
35115
35890
35092
35116
35891
35093
35117
35892
35094
35118
35893
35095
35119
35894
35096
35120
35895
35097
35121
35896
35098
35122
35897
35099
35123
35898
35124
35899
35101
35125
35900
35102
35126
35901
35103
35127
35902
35104
35128
35903
35105
35129
35904
35106
35130
35905
35107
35131
35906
35108
35132
35907
35109
35133
35908
35110
35134
35909
35111
35135
35910
35112
35136
35911
35113
35137
35912
35114
35138
35913
35115
35139
35914
35116
35140
35915
35117
35141
35916
35118
35142
35917
35119
35143
35918
35120
35144
35919
35121
35145
35920
35122
35146
35921
35123
35147
35922
35124
35148
35923
35149
35924
35126
35150
35925
35127
35151
35926
35128
35152
35927
35129
35153
35928
35130
35154
35929
35131
35155
35930
35132
35156
35931
35133
35157
35932
35134
35158
35933
35135
35159
35934
35136
35160
35935
35137
35161
35936
35138
35162
35937
35139
35163
35938
35140
35164
35939
35141
35165
35940
35142
35166
35941
35143
35167
35942
35144
35168
35943
35145
35169
35944
35146
35170
35945
35147
35171
35946
35148
35172
35947
35149
35173
35948
35174
35949
35151
35175
35950
35152
35176
35951
35153
35177
35952
35154
35178
35953
35155
35179
35954
35156
35180
35955
35157
35181
35956
35158
35182
35957
35159
35183
35958
35160
35184
35959
35161
35185
35960
35162
35186
35961
35163
35187
35962
35164
35188
35963
35165
35189
35964
35166
35190
35965
35167
35191
35966
35168
35192
35967
35169
35193
35968
35170
35194
35969
35171
35195
35970
35172
35196
35971
35173
35197
35972
35174
35198
35973
35199
35974
35176
35975
35177
35976
35178
35977
35179
35978
35180
35979
35181
35980
35182
35981
35183
35982
35184
35983
35185
35984
35186
35985
35187
35986
35188
35987
35189
35988
35190
35989
35191
35990
35192
35991
35193
35992
35194
35993
35195
35994
35196
35995
35197
35996
35198
35997
35199
35998
35999
35201
35225
36000
35202
35226
36001
35203
35227
36002
35204
35228
36003
35205
35229
36004
35206
35230
36005
35207
35231
36006
35208
35232
36007
35209
35233
36008
35210
35234
36009
35211
35235
36010
35212
35236
36011
35213
35237
36012
35214
35238
36013
35215
35239
36014
35216
35240
36015
35217
35241
36016
35218
35242
36017
35219
35243
36018
35220
35244
36019
35221
35245
36020
35222
35246
36021
35223
35247
36022
35224
35248
36023
35249
36024
35226
35250
36025
35227
35251
36026
35228
35252
36027
35229
35253
36028
35230
35254
36029
35231
35255
36030
35232
35256
36031
35233
35257
36032
35234
35258
36033
35235
35259
36034
35236
35260
36035
35237
35261
36036
35238
35262
36037
35239
35263
36038
35240
35264
36039
35241
35265
36040
35242
35266
36041
35243
35267
36042
35244
35268
36043
35245
35269
36044
35246
35270
36045
35247
35271
36046
35248
35272
36047
35249
35273
36048
35274
36049
35251
35275
36050
35252
35276
36051
35253
35277
36052
35254
35278
36053
35255
35279
36054
35256
35280
36055
35257
35281
36056
35258
35282
36057
35259
35283
36058
35260
35284
36059
35261
35285
36060
35262
35286
36061
35263
35287
36062
35264
35288
36063
35265
35289
36064
35266
35290
36065
35267
35291
36066
35268
35292
36067
35269
35293
36068
35270
35294
36069
35271
35295
36070
35272
35296
36071
35273
35297
36072
35274
35298
36073
35299
36074
35276
35300
36075
35277
35301
36076
35278
35302
36077
35279
35303
36078
35280
35304
36079
35281
35305
36080
35282
35306
36081
35283
35307
36082
35284
35308
36083
35285
35309
36084
35286
35310
36085
35287
35311
36086
35288
35312
36087
35289
35313
36088
35290
35314
36089
35291
35315
36090
35292
35316
36091
35293
35317
36092
35294
35318
36093
35295
35319
36094
35296
35320
36095
35297
35321
36096
35298
35322
36097
35299
35323
36098
35324
36099
35301
35325
36100
35302
35326
36101
35303
35327
36102
35304
35328
36103
35305
35329
36104
35306
35330
36105
35307
35331
36106
35308
35332
36107
35309
35333
36108
35310
35334
36109
35311
35335
36110
35312
35336
36111
35313
35337
36112
35314
35338
36113
35315
35339
36114
35316
35340
36115
35317
35341
36116
35318
35342
36117
35319
35343
36118
35320
35344
36119
35321
35345
36120
35322
35346
36121
35323
35347
36122
35324
35348
36123
35349
36124
35326
35350
36125
35327
35351
36126
35328
35352
36127
35329
35353
36128
35330
35354
36129
35331
35355
36130
35332
35356
36131
35333
35357
36132
35334
35358
36133
35335
35359
36134
35336
35360
36135
35337
35361
36136
35338
35362
36137
35339
35363
36138
35340
35364
36139
35341
35365
36140
35342
35366
36141
35343
35367
36142
35344
35368
36143
35345
35369
36144
35346
35370
36145
35347
35371
36146
35348
35372
36147
35349
35373
36148
35374
36149
35351
35375
36150
35352
35376
36151
35353
35377
36152
35354
35378
36153
35355
35379
36154
35356
35380
36155
35357
35381
36156
35358
35382
36157
35359
35383
36158
35360
35384
36159
35361
35385
36160
35362
35386
36161
35363
35387
36162
35364
35388
36163
35365
35389
36164
35366
35390
36165
35367
35391
36166
35368
35392
36167
35369
35393
36168
35370
35394
36169
35371
35395
36170
35372
35396
36171
35373
35397
36172
35374
35398
36173
35399
36174
35376
35400
36175
35377
35401
36176
35378
35402
36177
35379
35403
36178
35380
35404
36179
35381
35405
36180
35382
35406
36181
35383
35407
36182
35384
35408
36183
35385
35409
36184
35386
35410
36185
35387
35411
36186
35388
35412
36187
35389
35413
36188
35390
35414
36189
35391
35415
36190
35392
35416
36191
35393
35417
36192
35394
35418
36193
35395
35419
36194
35396
35420
36195
35397
35421
36196
35398
35422
36197
35399
35423
36198
35424
36199
35401
35425
36200
35402
35426
36201
35403
35427
36202
35404
35428
36203
35405
35429
36204
35406
35430
36205
35407
35431
36206
35408
35432
36207
35409
35433
36208
35410
35434
36209
35411
35435
36210
35412
35436
36211
35413
35437
36212
35414
35438
36213
35415
35439
36214
35416
35440
36215
35417
35441
36216
35418
35442
36217
35419
35443
36218
35420
35444
36219
35421
35445
36220
35422
35446
36221
35423
35447
36222
35424
35448
36223
35449
36224
35426
35450
36225
35427
35451
36226
35428
35452
36227
35429
35453
36228
35430
35454
36229
35431
35455
36230
35432
35456
36231
35433
35457
36232
35434
35458
36233
35435
35459
36234
35436
35460
36235
35437
35461
36236
35438
35462
36237
35439
35463
36238
35440
35464
36239
35441
35465
36240
35442
35466
36241
35443
35467
36242
35444
35468
36243
35445
35469
36244
35446
35470
36245
35447
35471
36246
35448
35472
36247
35449
35473
36248
35474
36249
35451
35475
36250
35452
35476
36251
35453
35477
36252
35454
35478
36253
35455
35479
36254
35456
35480
36255
35457
35481
36256
35458
35482
36257
35459
35483
36258
35460
35484
36259
35461
35485
36260
35462
35486
36261
35463
35487
36262
35464
35488
36263
35465
35489
36264
35466
35490
36265
35467
35491
36266
35468
35492
36267
35469
35493
36268
35470
35494
36269
35471
35495
36270
35472
35496
36271
35473
35497
36272
35474
35498
36273
35499
36274
35476
35500
36275
35477
35501
36276
35478
35502
36277
35479
35503
36278
35480
35504
36279
35481
35505
36280
35482
35506
36281
35483
35507
36282
35484
35508
36283
35485
35509
36284
35486
35510
36285
35487
35511
36286
35488
35512
36287
35489
35513
36288
35490
35514
36289
35491
35515
36290
35492
35516
36291
35493
35517
36292
35494
35518
36293
35495
35519
36294
35496
35520
36295
35497
35521
36296
35498
35522
36297
35499
35523
36298
35524
36299
35501
35525
36300
35502
35526
36301
35503
35527
36302
35504
35528
36303
35505
35529
36304
35506
35530
36305
35507
35531
36306
35508
35532
36307
35509
35533
36308
35510
35534
36309
35511
35535
36310
35512
35536
36311
35513
35537
36312
35514
35538
36313
35515
35539
36314
35516
35540
36315
35517
35541
36316
35518
35542
36317
35519
35543
36318
35520
35544
36319
35521
35545
36320
35522
35546
36321
35523
35547
36322
35524
35548
36323
35549
36324
35526
35550
36325
35527
35551
36326
35528
35552
36327
35529
35553
36328
35530
35554
36329
35531
35555
36330
35532
35556
36331
35533
35557
36332
35534
35558
36333
35535
35559
36334
35536
35560
36335
35537
35561
36336
35538
35562
36337
35539
35563
36338
35540
35564
36339
35541
35565
36340
35542
35566
36341
35543
35567
36342
35544
35568
36343
35545
35569
36344
35546
35570
36345
35547
35571
36346
35548
35572
36347
35549
35573
36348
35574
36349
35551
35575
36350
35552
35576
36351
35553
35577
36352
35554
35578
36353
35555
35579
36354
35556
35580
36355
35557
35581
36356
35558
35582
36357
35559
35583
36358
35560
35584
36359
35561
35585
36360
35562
35586
36361
35563
35587
36362
35564
35588
36363
35565
35589
36364
35566
35590
36365
35567
35591
36366
35568
35592
36367
35569
35593
36368
35570
35594
36369
35571
35595
36370
35572
35596
36371
35573
35597
36372
35574
35598
36373
35599
36374
35576
35600
36375
35577
35601
36376
35578
35602
36377
35579
35603
36378
35580
35604
36379
35581
35605
36380
35582
35606
36381
35583
35607
36382
35584
35608
36383
35585
35609
36384
35586
35610
36385
35587
35611
36386
35588
35612
36387
35589
35613
36388
35590
35614
36389
35591
35615
36390
35592
35616
36391
35593
35617
36392
35594
35618
36393
35595
35619
36394
35596
35620
36395
35597
35621
36396
35598
35622
36397
35599
35623
36398
35624
36399
35601
35625
36400
35602
35626
36401
35603
35627
36402
35604
35628
36403
35605
35629
36404
35606
35630
36405
35607
35631
36406
35608
35632
36407
35609
35633
36408
35610
35634
36409
35611
35635
36410
35612
35636
36411
35613
35637
36412
35614
35638
36413
35615
35639
36414
35616
35640
36415
35617
35641
36416
35618
35642
36417
35619
35643
36418
35620
35644
36419
35621
35645
36420
35622
35646
36421
35623
35647
36422
35624
35648
36423
35649
36424
35626
35650
36425
35627
35651
36426
35628
35652
36427
35629
35653
36428
35630
35654
36429
35631
35655
36430
35632
35656
36431
35633
35657
36432
35634
35658
36433
35635
35659
36434
35636
35660
36435
35637
35661
36436
35638
35662
36437
35639
35663
36438
35640
35664
36439
35641
35665
36440
35642
35666
36441
35643
35667
36442
35644
35668
36443
35645
35669
36444
35646
35670
36445
35647
35671
36446
35648
35672
36447
35649
35673
36448
35674
36449
35651
35675
36450
35652
35676
36451
35653
35677
36452
35654
35678
36453
35655
35679
36454
35656
35680
36455
35657
35681
36456
35658
35682
36457
35659
35683
36458
35660
35684
36459
35661
35685
36460
35662
35686
36461
35663
35687
36462
35664
35688
36463
35665
35689
36464
35666
35690
36465
35667
35691
36466
35668
35692
36467
35669
35693
36468
35670
35694
36469
35671
35695
36470
35672
35696
36471
35673
35697
36472
35674
35698
36473
35699
36474
35676
35700
36475
35677
35701
36476
35678
35702
36477
35679
35703
36478
35680
35704
36479
35681
35705
36480
35682
35706
36481
35683
35707
36482
35684
35708
36483
35685
35709
36484
35686
35710
36485
35687
35711
36486
35688
35712
36487
35689
35713
36488
35690
35714
36489
35691
35715
36490
35692
35716
36491
35693
35717
36492
35694
35718
36493
35695
35719
36494
35696
35720
36495
35697
35721
36496
35698
35722
36497
35699
35723
36498
35724
36499
35701
35725
36500
35702
35726
36501
35703
35727
36502
35704
35728
36503
35705
35729
36504
35706
35730
36505
35707
35731
36506
35708
35732
36507
35709
35733
36508
35710
35734
36509
35711
35735
36510
35712
35736
36511
35713
35737
36512
35714
35738
36513
35715
35739
36514
35716
35740
36515
35717
35741
36516
35718
35742
36517
35719
35743
36518
35720
35744
36519
35721
35745
36520
35722
35746
36521
35723
35747
36522
35724
35748
36523
35749
36524
35726
35750
36525
35727
35751
36526
35728
35752
36527
35729
35753
36528
35730
35754
36529
35731
35755
36530
35732
35756
36531
35733
35757
36532
35734
35758
36533
35735
35759
36534
35736
35760
36535
35737
35761
36536
35738
35762
36537
35739
35763
36538
35740
35764
36539
35741
35765
36540
35742
35766
36541
35743
35767
36542
35744
35768
36543
35745
35769
36544
35746
35770
36545
35747
35771
36546
35748
35772
36547
35749
35773
36548
35774
36549
35751
35775
36550
35752
35776
36551
35753
35777
36552
35754
35778
36553
35755
35779
36554
35756
35780
36555
35757
35781
36556
35758
35782
36557
35759
35783
36558
35760
35784
36559
35761
35785
36560
35762
35786
36561
35763
35787
36562
35764
35788
36563
35765
35789
36564
35766
35790
36565
35767
35791
36566
35768
35792
36567
35769
35793
36568
35770
35794
36569
35771
35795
36570
35772
35796
36571
35773
35797
36572
35774
35798
36573
35799
36574
35776
35800
36575
35777
35801
36576
35778
35802
36577
35779
35803
36578
35780
35804
36579
35781
35805
36580
35782
35806
36581
35783
35807
36582
35784
35808
36583
35785
35809
36584
35786
35810
36585
35787
35811
36586
35788
35812
36587
35789
35813
36588
35790
35814
36589
35791
35815
36590
35792
35816
36591
35793
35817
36592
35794
35818
36593
35795
35819
36594
35796
35820
36595
35797
35821
36596
35798
35822
36597
35799
35823
36598
35824
36599
35801
35825
36600
35802
35826
36601
35803
35827
36602
35804
35828
36603
35805
35829
36604
35806
35830
36605
35807
35831
36606
35808
35832
36607
35809
35833
36608
35810
35834
36609
35811
35835
36610
35812
35836
36611
35813
35837
36612
35814
35838
36613
35815
35839
36614
35816
35840
36615
35817
35841
36616
35818
35842
36617
35819
35843
36618
35820
35844
36619
35821
35845
36620
35822
35846
36621
35823
35847
36622
35824
35848
36623
35849
36624
35826
35850
36625
35827
35851
36626
35828
35852
36627
35829
35853
36628
35830
35854
36629
35831
35855
36630
35832
35856
36631
35833
35857
36632
35834
35858
36633
35835
35859
36634
35836
35860
36635
35837
35861
36636
35838
35862
36637
35839
35863
36638
35840
35864
36639
35841
35865
36640
35842
35866
36641
35843
35867
36642
35844
35868
36643
35845
35869
36644
35846
35870
36645
35847
35871
36646
35848
35872
36647
35849
35873
36648
35874
36649
35851
35875
36650
35852
35876
36651
35853
35877
36652
35854
35878
36653
35855
35879
36654
35856
35880
36655
35857
35881
36656
35858
35882
36657
35859
35883
36658
35860
35884
36659
35861
35885
36660
35862
35886
36661
35863
35887
36662
35864
35888
36663
35865
35889
36664
35866
35890
36665
35867
35891
36666
35868
35892
36667
35869
35893
36668
35870
35894
36669
35871
35895
36670
35872
35896
36671
35873
35897
36672
35874
35898
36673
35899
36674
35876
35900
36675
35877
35901
36676
35878
35902
36677
35879
35903
36678
35880
35904
36679
35881
35905
36680
35882
35906
36681
35883
35907
36682
35884
35908
36683
35885
35909
36684
35886
35910
36685
35887
35911
36686
35888
35912
36687
35889
35913
36688
35890
35914
36689
35891
35915
36690
35892
35916
36691
35893
35917
36692
35894
35918
36693
35895
35919
36694
35896
35920
36695
35897
35921
36696
35898
35922
36697
35899
35923
36698
35924
36699
35901
35925
36700
35902
35926
36701
35903
35927
36702
35904
35928
36703
35905
35929
36704
35906
35930
36705
35907
35931
36706
35908
35932
36707
35909
35933
36708
35910
35934
36709
35911
35935
36710
35912
35936
36711
35913
35937
36712
35914
35938
36713
35915
35939
36714
35916
35940
36715
35917
35941
36716
35918
35942
36717
35919
35943
36718
35920
35944
36719
35921
35945
36720
35922
35946
36721
35923
35947
36722
35924
35948
36723
35949
36724
35926
35950
36725
35927
35951
36726
35928
35952
36727
35929
35953
36728
35930
35954
36729
35931
35955
36730
35932
35956
36731
35933
35957
36732
35934
35958
36733
35935
35959
36734
35936
35960
36735
35937
35961
36736
35938
35962
36737
35939
35963
36738
35940
35964
36739
35941
35965
36740
35942
35966
36741
35943
35967
36742
35944
35968
36743
35945
35969
36744
35946
35970
36745
35947
35971
36746
35948
35972
36747
35949
35973
36748
35974
36749
35951
35975
36750
35952
35976
36751
35953
35977
36752
35954
35978
36753
35955
35979
36754
35956
35980
36755
35957
35981
36756
35958
35982
36757
35959
35983
36758
35960
35984
36759
35961
35985
36760
35962
35986
36761
35963
35987
36762
35964
35988
36763
35965
35989
36764
35966
35990
36765
35967
35991
36766
35968
35992
36767
35969
35993
36768
35970
35994
36769
35971
35995
36770
35972
35996
36771
35973
35997
36772
35974
35998
36773
35999
36774
35976
36775
35977
36776
35978
36777
35979
36778
35980
36779
35981
36780
35982
36781
35983
36782
35984
36783
35985
36784
35986
36785
35987
36786
35988
36787
35989
36788
35990
36789
35991
36790
35992
36791
35993
36792
35994
36793
35995
36794
35996
36795
35997
36796
35998
36797
35999
36798
36799
36001
36025
36800
36002
36026
36801
36003
36027
36802
36004
36028
36803
36005
36029
36804
36006
36030
36805
36007
36031
36806
36008
36032
36807
36009
36033
36808
36010
36034
36809
36011
36035
36810
36012
36036
36811
36013
36037
36812
36014
36038
36813
36015
36039
36814
36016
36040
36815
36017
36041
36816
36018
36042
36817
36019
36043
36818
36020
36044
36819
36021
36045
36820
36022
36046
36821
36023
36047
36822
36024
36048
36823
36049
36824
36026
36050
36825
36027
36051
36826
36028
36052
36827
36029
36053
36828
36030
36054
36829
36031
36055
36830
36032
36056
36831
36033
36057
36832
36034
36058
36833
36035
36059
36834
36036
36060
36835
36037
36061
36836
36038
36062
36837
36039
36063
36838
36040
36064
36839
36041
36065
36840
36042
36066
36841
36043
36067
36842
36044
36068
36843
36045
36069
36844
36046
36070
36845
36047
36071
36846
36048
36072
36847
36049
36073
36848
36074
36849
36051
36075
36850
36052
36076
36851
36053
36077
36852
36054
36078
36853
36055
36079
36854
36056
36080
36855
36057
36081
36856
36058
36082
36857
36059
36083
36858
36060
36084
36859
36061
36085
36860
36062
36086
36861
36063
36087
36862
36064
36088
36863
36065
36089
36864
36066
36090
36865
36067
36091
36866
36068
36092
36867
36069
36093
36868
36070
36094
36869
36071
36095
36870
36072
36096
36871
36073
36097
36872
36074
36098
36873
36099
36874
36076
36100
36875
36077
36101
36876
36078
36102
36877
36079
36103
36878
36080
36104
36879
36081
36105
36880
36082
36106
36881
36083
36107
36882
36084
36108
36883
36085
36109
36884
36086
36110
36885
36087
36111
36886
36088
36112
36887
36089
36113
36888
36090
36114
36889
36091
36115
36890
36092
36116
36891
36093
36117
36892
36094
36118
36893
36095
36119
36894
36096
36120
36895
36097
36121
36896
36098
36122
36897
36099
36123
36898
36124
36899
36101
36125
36900
36102
36126
36901
36103
36127
36902
36104
36128
36903
36105
36129
36904
36106
36130
36905
36107
36131
36906
36108
36132
36907
36109
36133
36908
36110
36134
36909
36111
36135
36910
36112
36136
36911
36113
36137
36912
36114
36138
36913
36115
36139
36914
36116
36140
36915
36117
36141
36916
36118
36142
36917
36119
36143
36918
36120
36144
36919
36121
36145
36920
36122
36146
36921
36123
36147
36922
36124
36148
36923
36149
36924
36126
36150
36925
36127
36151
36926
36128
36152
36927
36129
36153
36928
36130
36154
36929
36131
36155
36930
36132
36156
36931
36133
36157
36932
36134
36158
36933
36135
36159
36934
36136
36160
36935
36137
36161
36936
36138
36162
36937
36139
36163
36938
36140
36164
36939
36141
36165
36940
36142
36166
36941
36143
36167
36942
36144
36168
36943
36145
36169
36944
36146
36170
36945
36147
36171
36946
36148
36172
36947
36149
36173
36948
36174
36949
36151
36175
36950
36152
36176
36951
36153
36177
36952
36154
36178
36953
36155
36179
36954
36156
36180
36955
36157
36181
36956
36158
36182
36957
36159
36183
36958
36160
36184
36959
36161
36185
36960
36162
36186
36961
36163
36187
36962
36164
36188
36963
36165
36189
36964
36166
36190
36965
36167
36191
36966
36168
36192
36967
36169
36193
36968
36170
36194
36969
36171
36195
36970
36172
36196
36971
36173
36197
36972
36174
36198
36973
36199
36974
36176
36200
36975
36177
36201
36976
36178
36202
36977
36179
36203
36978
36180
36204
36979
36181
36205
36980
36182
36206
36981
36183
36207
36982
36184
36208
36983
36185
36209
36984
36186
36210
36985
36187
36211
36986
36188
36212
36987
36189
36213
36988
36190
36214
36989
36191
36215
36990
36192
36216
36991
36193
36217
36992
36194
36218
36993
36195
36219
36994
36196
36220
36995
36197
36221
36996
36198
36222
36997
36199
36223
36998
36224
36999
36201
36225
37000
36202
36226
37001
36203
36227
37002
36204
36228
37003
36205
36229
37004
36206
36230
37005
36207
36231
37006
36208
36232
37007
36209
36233
37008
36210
36234
37009
36211
36235
37010
36212
36236
37011
36213
36237
37012
36214
36238
37013
36215
36239
37014
36216
36240
37015
36217
36241
37016
36218
36242
37017
36219
36243
37018
36220
36244
37019
36221
36245
37020
36222
36246
37021
36223
36247
37022
36224
36248
37023
36249
37024
36226
36250
37025
36227
36251
37026
36228
36252
37027
36229
36253
37028
36230
36254
37029
36231
36255
37030
36232
36256
37031
36233
36257
37032
36234
36258
37033
36235
36259
37034
36236
36260
37035
36237
36261
37036
36238
36262
37037
36239
36263
37038
36240
36264
37039
36241
36265
37040
36242
36266
37041
36243
36267
37042
36244
36268
37043
36245
36269
37044
36246
36270
37045
36247
36271
37046
36248
36272
37047
36249
36273
37048
36274
37049
36251
36275
37050
36252
36276
37051
36253
36277
37052
36254
36278
37053
36255
36279
37054
36256
36280
37055
36257
36281
37056
36258
36282
37057
36259
36283
37058
36260
36284
37059
36261
36285
37060
36262
36286
37061
36263
36287
37062
36264
36288
37063
36265
36289
37064
36266
36290
37065
36267
36291
37066
36268
36292
37067
36269
36293
37068
36270
36294
37069
36271
36295
37070
36272
36296
37071
36273
36297
37072
36274
36298
37073
36299
37074
36276
36300
37075
36277
36301
37076
36278
36302
37077
36279
36303
37078
36280
36304
37079
36281
36305
37080
36282
36306
37081
36283
36307
37082
36284
36308
37083
36285
36309
37084
36286
36310
37085
36287
36311
37086
36288
36312
37087
36289
36313
37088
36290
36314
37089
36291
36315
37090
36292
36316
37091
36293
36317
37092
36294
36318
37093
36295
36319
37094
36296
36320
37095
36297
36321
37096
36298
36322
37097
36299
36323
37098
36324
37099
36301
36325
37100
36302
36326
37101
36303
36327
37102
36304
36328
37103
36305
36329
37104
36306
36330
37105
36307
36331
37106
36308
36332
37107
36309
36333
37108
36310
36334
37109
36311
36335
37110
36312
36336
37111
36313
36337
37112
36314
36338
37113
36315
36339
37114
36316
36340
37115
36317
36341
37116
36318
36342
37117
36319
36343
37118
36320
36344
37119
36321
36345
37120
36322
36346
37121
36323
36347
37122
36324
36348
37123
36349
37124
36326
36350
37125
36327
36351
37126
36328
36352
37127
36329
36353
37128
36330
36354
37129
36331
36355
37130
36332
36356
37131
36333
36357
37132
36334
36358
37133
36335
36359
37134
36336
36360
37135
36337
36361
37136
36338
36362
37137
36339
36363
37138
36340
36364
37139
36341
36365
37140
36342
36366
37141
36343
36367
37142
36344
36368
37143
36345
36369
37144
36346
36370
37145
36347
36371
37146
36348
36372
37147
36349
36373
37148
36374
37149
36351
36375
37150
36352
36376
37151
36353
36377
37152
36354
36378
37153
36355
36379
37154
36356
36380
37155
36357
36381
37156
36358
36382
37157
36359
36383
37158
36360
36384
37159
36361
36385
37160
36362
36386
37161
36363
36387
37162
36364
36388
37163
36365
36389
37164
36366
36390
37165
36367
36391
37166
36368
36392
37167
36369
36393
37168
36370
36394
37169
36371
36395
37170
36372
36396
37171
36373
36397
37172
36374
36398
37173
36399
37174
36376
36400
37175
36377
36401
37176
36378
36402
37177
36379
36403
37178
36380
36404
37179
36381
36405
37180
36382
36406
37181
36383
36407
37182
36384
36408
37183
36385
36409
37184
36386
36410
37185
36387
36411
37186
36388
36412
37187
36389
36413
37188
36390
36414
37189
36391
36415
37190
36392
36416
37191
36393
36417
37192
36394
36418
37193
36395
36419
37194
36396
36420
37195
36397
36421
37196
36398
36422
37197
36399
36423
37198
36424
37199
36401
36425
37200
36402
36426
37201
36403
36427
37202
36404
36428
37203
36405
36429
37204
36406
36430
37205
36407
36431
37206
36408
36432
37207
36409
36433
37208
36410
36434
37209
36411
36435
37210
36412
36436
37211
36413
36437
37212
36414
36438
37213
36415
36439
37214
36416
36440
37215
36417
36441
37216
36418
36442
37217
36419
36443
37218
36420
36444
37219
36421
36445
37220
36422
36446
37221
36423
36447
37222
36424
36448
37223
36449
37224
36426
36450
37225
36427
36451
37226
36428
36452
37227
36429
36453
37228
36430
36454
37229
36431
36455
37230
36432
36456
37231
36433
36457
37232
36434
36458
37233
36435
36459
37234
36436
36460
37235
36437
36461
37236
36438
36462
37237
36439
36463
37238
36440
36464
37239
36441
36465
37240
36442
36466
37241
36443
36467
37242
36444
36468
37243
36445
36469
37244
36446
36470
37245
36447
36471
37246
36448
36472
37247
36449
36473
37248
36474
37249
36451
36475
37250
36452
36476
37251
36453
36477
37252
36454
36478
37253
36455
36479
37254
36456
36480
37255
36457
36481
37256
36458
36482
37257
36459
36483
37258
36460
36484
37259
36461
36485
37260
36462
36486
37261
36463
36487
37262
36464
36488
37263
36465
36489
37264
36466
36490
37265
36467
36491
37266
36468
36492
37267
36469
36493
37268
36470
36494
37269
36471
36495
37270
36472
36496
37271
36473
36497
37272
36474
36498
37273
36499
37274
36476
36500
37275
36477
36501
37276
36478
36502
37277
36479
36503
37278
36480
36504
37279
36481
36505
37280
36482
36506
37281
36483
36507
37282
36484
36508
37283
36485
36509
37284
36486
36510
37285
36487
36511
37286
36488
36512
37287
36489
36513
37288
36490
36514
37289
36491
36515
37290
36492
36516
37291
36493
36517
37292
36494
36518
37293
36495
36519
37294
36496
36520
37295
36497
36521
37296
36498
36522
37297
36499
36523
37298
36524
37299
36501
36525
37300
36502
36526
37301
36503
36527
37302
36504
36528
37303
36505
36529
37304
36506
36530
37305
36507
36531
37306
36508
36532
37307
36509
36533
37308
36510
36534
37309
36511
36535
37310
36512
36536
37311
36513
36537
37312
36514
36538
37313
36515
36539
37314
36516
36540
37315
36517
36541
37316
36518
36542
37317
36519
36543
37318
36520
36544
37319
36521
36545
37320
36522
36546
37321
36523
36547
37322
36524
36548
37323
36549
37324
36526
36550
37325
36527
36551
37326
36528
36552
37327
36529
36553
37328
36530
36554
37329
36531
36555
37330
36532
36556
37331
36533
36557
37332
36534
36558
37333
36535
36559
37334
36536
36560
37335
36537
36561
37336
36538
36562
37337
36539
36563
37338
36540
36564
37339
36541
36565
37340
36542
36566
37341
36543
36567
37342
36544
36568
37343
36545
36569
37344
36546
36570
37345
36547
36571
37346
36548
36572
37347
36549
36573
37348
36574
37349
36551
36575
37350
36552
36576
37351
36553
36577
37352
36554
36578
37353
36555
36579
37354
36556
36580
37355
36557
36581
37356
36558
36582
37357
36559
36583
37358
36560
36584
37359
36561
36585
37360
36562
36586
37361
36563
36587
37362
36564
36588
37363
36565
36589
37364
36566
36590
37365
36567
36591
37366
36568
36592
37367
36569
36593
37368
36570
36594
37369
36571
36595
37370
36572
36596
37371
36573
36597
37372
36574
36598
37373
36599
37374
36576
36600
37375
36577
36601
37376
36578
36602
37377
36579
36603
37378
36580
36604
37379
36581
36605
37380
36582
36606
37381
36583
36607
37382
36584
36608
37383
36585
36609
37384
36586
36610
37385
36587
36611
37386
36588
36612
37387
36589
36613
37388
36590
36614
37389
36591
36615
37390
36592
36616
37391
36593
36617
37392
36594
36618
37393
36595
36619
37394
36596
36620
37395
36597
36621
37396
36598
36622
37397
36599
36623
37398
36624
37399
36601
36625
37400
36602
36626
37401
36603
36627
37402
36604
36628
37403
36605
36629
37404
36606
36630
37405
36607
36631
37406
36608
36632
37407
36609
36633
37408
36610
36634
37409
36611
36635
37410
36612
36636
37411
36613
36637
37412
36614
36638
37413
36615
36639
37414
36616
36640
37415
36617
36641
37416
36618
36642
37417
36619
36643
37418
36620
36644
37419
36621
36645
37420
36622
36646
37421
36623
36647
37422
36624
36648
37423
36649
37424
36626
36650
37425
36627
36651
37426
36628
36652
37427
36629
36653
37428
36630
36654
37429
36631
36655
37430
36632
36656
37431
36633
36657
37432
36634
36658
37433
36635
36659
37434
36636
36660
37435
36637
36661
37436
36638
36662
37437
36639
36663
37438
36640
36664
37439
36641
36665
37440
36642
36666
37441
36643
36667
37442
36644
36668
37443
36645
36669
37444
36646
36670
37445
36647
36671
37446
36648
36672
37447
36649
36673
37448
36674
37449
36651
36675
37450
36652
36676
37451
36653
36677
37452
36654
36678
37453
36655
36679
37454
36656
36680
37455
36657
36681
37456
36658
36682
37457
36659
36683
37458
36660
36684
37459
36661
36685
37460
36662
36686
37461
36663
36687
37462
36664
36688
37463
36665
36689
37464
36666
36690
37465
36667
36691
37466
36668
36692
37467
36669
36693
37468
36670
36694
37469
36671
36695
37470
36672
36696
37471
36673
36697
37472
36674
36698
37473
36699
37474
36676
36700
37475
36677
36701
37476
36678
36702
37477
36679
36703
37478
36680
36704
37479
36681
36705
37480
36682
36706
37481
36683
36707
37482
36684
36708
37483
36685
36709
37484
36686
36710
37485
36687
36711
37486
36688
36712
37487
36689
36713
37488
36690
36714
37489
36691
36715
37490
36692
36716
37491
36693
36717
37492
36694
36718
37493
36695
36719
37494
36696
36720
37495
36697
36721
37496
36698
36722
37497
36699
36723
37498
36724
37499
36701
36725
37500
36702
36726
37501
36703
36727
37502
36704
36728
37503
36705
36729
37504
36706
36730
37505
36707
36731
37506
36708
36732
37507
36709
36733
37508
36710
36734
37509
36711
36735
37510
36712
36736
37511
36713
36737
37512
36714
36738
37513
36715
36739
37514
36716
36740
37515
36717
36741
37516
36718
36742
37517
36719
36743
37518
36720
36744
37519
36721
36745
37520
36722
36746
37521
36723
36747
37522
36724
36748
37523
36749
37524
36726
36750
37525
36727
36751
37526
36728
36752
37527
36729
36753
37528
36730
36754
37529
36731
36755
37530
36732
36756
37531
36733
36757
37532
36734
36758
37533
36735
36759
37534
36736
36760
37535
36737
36761
37536
36738
36762
37537
36739
36763
37538
36740
36764
37539
36741
36765
37540
36742
36766
37541
36743
36767
37542
36744
36768
37543
36745
36769
37544
36746
36770
37545
36747
36771
37546
36748
36772
37547
36749
36773
37548
36774
37549
36751
36775
37550
36752
36776
37551
36753
36777
37552
36754
36778
37553
36755
36779
37554
36756
36780
37555
36757
36781
37556
36758
36782
37557
36759
36783
37558
36760
36784
37559
36761
36785
37560
36762
36786
37561
36763
36787
37562
36764
36788
37563
36765
36789
37564
36766
36790
37565
36767
36791
37566
36768
36792
37567
36769
36793
37568
36770
36794
37569
36771
36795
37570
36772
36796
37571
36773
36797
37572
36774
36798
37573
36799
37574
36776
37575
36777
37576
36778
37577
36779
37578
36780
37579
36781
37580
36782
37581
36783
37582
36784
37583
36785
37584
36786
37585
36787
37586
36788
37587
36789
37588
36790
37589
36791
37590
36792
37591
36793
37592
36794
37593
36795
37594
36796
37595
36797
37596
36798
37597
36799
37598
37599
36801
36825
37600
36802
36826
37601
36803
36827
37602
36804
36828
37603
36805
36829
37604
36806
36830
37605
36807
36831
37606
36808
36832
37607
36809
36833
37608
36810
36834
37609
36811
36835
37610
36812
36836
37611
36813
36837
37612
36814
36838
37613
36815
36839
37614
36816
36840
37615
36817
36841
37616
36818
36842
37617
36819
36843
37618
36820
36844
37619
36821
36845
37620
36822
36846
37621
36823
36847
37622
36824
36848
37623
36849
37624
36826
36850
37625
36827
36851
37626
36828
36852
37627
36829
36853
37628
36830
36854
37629
36831
36855
37630
36832
36856
37631
36833
36857
37632
36834
36858
37633
36835
36859
37634
36836
36860
37635
36837
36861
37636
36838
36862
37637
36839
36863
37638
36840
36864
37639
36841
36865
37640
36842
36866
37641
36843
36867
37642
36844
36868
37643
36845
36869
37644
36846
36870
37645
36847
36871
37646
36848
36872
37647
36849
36873
37648
36874
37649
36851
36875
37650
36852
36876
37651
36853
36877
37652
36854
36878
37653
36855
36879
37654
36856
36880
37655
36857
36881
37656
36858
36882
37657
36859
36883
37658
36860
36884
37659
36861
36885
37660
36862
36886
37661
36863
36887
37662
36864
36888
37663
36865
36889
37664
36866
36890
37665
36867
36891
37666
36868
36892
37667
36869
36893
37668
36870
36894
37669
36871
36895
37670
36872
36896
37671
36873
36897
37672
36874
36898
37673
36899
37674
36876
36900
37675
36877
36901
37676
36878
36902
37677
36879
36903
37678
36880
36904
37679
36881
36905
37680
36882
36906
37681
36883
36907
37682
36884
36908
37683
36885
36909
37684
36886
36910
37685
36887
36911
37686
36888
36912
37687
36889
36913
37688
36890
36914
37689
36891
36915
37690
36892
36916
37691
36893
36917
37692
36894
36918
37693
36895
36919
37694
36896
36920
37695
36897
36921
37696
36898
36922
37697
36899
36923
37698
36924
37699
36901
36925
37700
36902
36926
37701
36903
36927
37702
36904
36928
37703
36905
36929
37704
36906
36930
37705
36907
36931
37706
36908
36932
37707
36909
36933
37708
36910
36934
37709
36911
36935
37710
36912
36936
37711
36913
36937
37712
36914
36938
37713
36915
36939
37714
36916
36940
37715
36917
36941
37716
36918
36942
37717
36919
36943
37718
36920
36944
37719
36921
36945
37720
36922
36946
37721
36923
36947
37722
36924
36948
37723
36949
37724
36926
36950
37725
36927
36951
37726
36928
36952
37727
36929
36953
37728
36930
36954
37729
36931
36955
37730
36932
36956
37731
36933
36957
37732
36934
36958
37733
36935
36959
37734
36936
36960
37735
36937
36961
37736
36938
36962
37737
36939
36963
37738
36940
36964
37739
36941
36965
37740
36942
36966
37741
36943
36967
37742
36944
36968
37743
36945
36969
37744
36946
36970
37745
36947
36971
37746
36948
36972
37747
36949
36973
37748
36974
37749
36951
36975
37750
36952
36976
37751
36953
36977
37752
36954
36978
37753
36955
36979
37754
36956
36980
37755
36957
36981
37756
36958
36982
37757
36959
36983
37758
36960
36984
37759
36961
36985
37760
36962
36986
37761
36963
36987
37762
36964
36988
37763
36965
36989
37764
36966
36990
37765
36967
36991
37766
36968
36992
37767
36969
36993
37768
36970
36994
37769
36971
36995
37770
36972
36996
37771
36973
36997
37772
36974
36998
37773
36999
37774
36976
37000
37775
36977
37001
37776
36978
37002
37777
36979
37003
37778
36980
37004
37779
36981
37005
37780
36982
37006
37781
36983
37007
37782
36984
37008
37783
36985
37009
37784
36986
37010
37785
36987
37011
37786
36988
37012
37787
36989
37013
37788
36990
37014
37789
36991
37015
37790
36992
37016
37791
36993
37017
37792
36994
37018
37793
36995
37019
37794
36996
37020
37795
36997
37021
37796
36998
37022
37797
36999
37023
37798
37024
37799
37001
37025
37800
37002
37026
37801
37003
37027
37802
37004
37028
37803
37005
37029
37804
37006
37030
37805
37007
37031
37806
37008
37032
37807
37009
37033
37808
37010
37034
37809
37011
37035
37810
37012
37036
37811
37013
37037
37812
37014
37038
37813
37015
37039
37814
37016
37040
37815
37017
37041
37816
37018
37042
37817
37019
37043
37818
37020
37044
37819
37021
37045
37820
37022
37046
37821
37023
37047
37822
37024
37048
37823
37049
37824
37026
37050
37825
37027
37051
37826
37028
37052
37827
37029
37053
37828
37030
37054
37829
37031
37055
37830
37032
37056
37831
37033
37057
37832
37034
37058
37833
37035
37059
37834
37036
37060
37835
37037
37061
37836
37038
37062
37837
37039
37063
37838
37040
37064
37839
37041
37065
37840
37042
37066
37841
37043
37067
37842
37044
37068
37843
37045
37069
37844
37046
37070
37845
37047
37071
37846
37048
37072
37847
37049
37073
37848
37074
37849
37051
37075
37850
37052
37076
37851
37053
37077
37852
37054
37078
37853
37055
37079
37854
37056
37080
37855
37057
37081
37856
37058
37082
37857
37059
37083
37858
37060
37084
37859
37061
37085
37860
37062
37086
37861
37063
37087
37862
37064
37088
37863
37065
37089
37864
37066
37090
37865
37067
37091
37866
37068
37092
37867
37069
37093
37868
37070
37094
37869
37071
37095
37870
37072
37096
37871
37073
37097
37872
37074
37098
37873
37099
37874
37076
37100
37875
37077
37101
37876
37078
37102
37877
37079
37103
37878
37080
37104
37879
37081
37105
37880
37082
37106
37881
37083
37107
37882
37084
37108
37883
37085
37109
37884
37086
37110
37885
37087
37111
37886
37088
37112
37887
37089
37113
37888
37090
37114
37889
37091
37115
37890
37092
37116
37891
37093
37117
37892
37094
37118
37893
37095
37119
37894
37096
37120
37895
37097
37121
37896
37098
37122
37897
37099
37123
37898
37124
37899
37101
37125
37900
37102
37126
37901
37103
37127
37902
37104
37128
37903
37105
37129
37904
37106
37130
37905
37107
37131
37906
37108
37132
37907
37109
37133
37908
37110
37134
37909
37111
37135
37910
37112
37136
37911
37113
37137
37912
37114
37138
37913
37115
37139
37914
37116
37140
37915
37117
37141
37916
37118
37142
37917
37119
37143
37918
37120
37144
37919
37121
37145
37920
37122
37146
37921
37123
37147
37922
37124
37148
37923
37149
37924
37126
37150
37925
37127
37151
37926
37128
37152
37927
37129
37153
37928
37130
37154
37929
37131
37155
37930
37132
37156
37931
37133
37157
37932
37134
37158
37933
37135
37159
37934
37136
37160
37935
37137
37161
37936
37138
37162
37937
37139
37163
37938
37140
37164
37939
37141
37165
37940
37142
37166
37941
37143
37167
37942
37144
37168
37943
37145
37169
37944
37146
37170
37945
37147
37171
37946
37148
37172
37947
37149
37173
37948
37174
37949
37151
37175
37950
37152
37176
37951
37153
37177
37952
37154
37178
37953
37155
37179
37954
37156
37180
37955
37157
37181
37956
37158
37182
37957
37159
37183
37958
37160
37184
37959
37161
37185
37960
37162
37186
37961
37163
37187
37962
37164
37188
37963
37165
37189
37964
37166
37190
37965
37167
37191
37966
37168
37192
37967
37169
37193
37968
37170
37194
37969
37171
37195
37970
37172
37196
37971
37173
37197
37972
37174
37198
37973
37199
37974
37176
37200
37975
37177
37201
37976
37178
37202
37977
37179
37203
37978
37180
37204
37979
37181
37205
37980
37182
37206
37981
37183
37207
37982
37184
37208
37983
37185
37209
37984
37186
37210
37985
37187
37211
37986
37188
37212
37987
37189
37213
37988
37190
37214
37989
37191
37215
37990
37192
37216
37991
37193
37217
37992
37194
37218
37993
37195
37219
37994
37196
37220
37995
37197
37221
37996
37198
37222
37997
37199
37223
37998
37224
37999
37201
37225
38000
37202
37226
38001
37203
37227
38002
37204
37228
38003
37205
37229
38004
37206
37230
38005
37207
37231
38006
37208
37232
38007
37209
37233
38008
37210
37234
38009
37211
37235
38010
37212
37236
38011
37213
37237
38012
37214
37238
38013
37215
37239
38014
37216
37240
38015
37217
37241
38016
37218
37242
38017
37219
37243
38018
37220
37244
38019
37221
37245
38020
37222
37246
38021
37223
37247
38022
37224
37248
38023
37249
38024
37226
37250
38025
37227
37251
38026
37228
37252
38027
37229
37253
38028
37230
37254
38029
37231
37255
38030
37232
37256
38031
37233
37257
38032
37234
37258
38033
37235
37259
38034
37236
37260
38035
37237
37261
38036
37238
37262
38037
37239
37263
38038
37240
37264
38039
37241
37265
38040
37242
37266
38041
37243
37267
38042
37244
37268
38043
37245
37269
38044
37246
37270
38045
37247
37271
38046
37248
37272
38047
37249
37273
38048
37274
38049
37251
37275
38050
37252
37276
38051
37253
37277
38052
37254
37278
38053
37255
37279
38054
37256
37280
38055
37257
37281
38056
37258
37282
38057
37259
37283
38058
37260
37284
38059
37261
37285
38060
37262
37286
38061
37263
37287
38062
37264
37288
38063
37265
37289
38064
37266
37290
38065
37267
37291
38066
37268
37292
38067
37269
37293
38068
37270
37294
38069
37271
37295
38070
37272
37296
38071
37273
37297
38072
37274
37298
38073
37299
38074
37276
37300
38075
37277
37301
38076
37278
37302
38077
37279
37303
38078
37280
37304
38079
37281
37305
38080
37282
37306
38081
37283
37307
38082
37284
37308
38083
37285
37309
38084
37286
37310
38085
37287
37311
38086
37288
37312
38087
37289
37313
38088
37290
37314
38089
37291
37315
38090
37292
37316
38091
37293
37317
38092
37294
37318
38093
37295
37319
38094
37296
37320
38095
37297
37321
38096
37298
37322
38097
37299
37323
38098
37324
38099
37301
37325
38100
37302
37326
38101
37303
37327
38102
37304
37328
38103
37305
37329
38104
37306
37330
38105
37307
37331
38106
37308
37332
38107
37309
37333
38108
37310
37334
38109
37311
37335
38110
37312
37336
38111
37313
37337
38112
37314
37338
38113
37315
37339
38114
37316
37340
38115
37317
37341
38116
37318
37342
38117
37319
37343
38118
37320
37344
38119
37321
37345
38120
37322
37346
38121
37323
37347
38122
37324
37348
38123
37349
38124
37326
37350
38125
37327
37351
38126
37328
37352
38127
37329
37353
38128
37330
37354
38129
37331
37355
38130
37332
37356
38131
37333
37357
38132
37334
37358
38133
37335
37359
38134
37336
37360
38135
37337
37361
38136
37338
37362
38137
37339
37363
38138
37340
37364
38139
37341
37365
38140
37342
37366
38141
37343
37367
38142
37344
37368
38143
37345
37369
38144
37346
37370
38145
37347
37371
38146
37348
37372
38147
37349
37373
38148
37374
38149
37351
37375
38150
37352
37376
38151
37353
37377
38152
37354
37378
38153
37355
37379
38154
37356
37380
38155
37357
37381
38156
37358
37382
38157
37359
37383
38158
37360
37384
38159
37361
37385
38160
37362
37386
38161
37363
37387
38162
37364
37388
38163
37365
37389
38164
37366
37390
38165
37367
37391
38166
37368
37392
38167
37369
37393
38168
37370
37394
38169
37371
37395
38170
37372
37396
38171
37373
37397
38172
37374
37398
38173
37399
38174
37376
37400
38175
37377
37401
38176
37378
37402
38177
37379
37403
38178
37380
37404
38179
37381
37405
38180
37382
37406
38181
37383
37407
38182
37384
37408
38183
37385
37409
38184
37386
37410
38185
37387
37411
38186
37388
37412
38187
37389
37413
38188
37390
37414
38189
37391
37415
38190
37392
37416
38191
37393
37417
38192
37394
37418
38193
37395
37419
38194
37396
37420
38195
37397
37421
38196
37398
37422
38197
37399
37423
38198
37424
38199
37401
37425
38200
37402
37426
38201
37403
37427
38202
37404
37428
38203
37405
37429
38204
37406
37430
38205
37407
37431
38206
37408
37432
38207
37409
37433
38208
37410
37434
38209
37411
37435
38210
37412
37436
38211
37413
37437
38212
37414
37438
38213
37415
37439
38214
37416
37440
38215
37417
37441
38216
37418
37442
38217
37419
37443
38218
37420
37444
38219
37421
37445
38220
37422
37446
38221
37423
37447
38222
37424
37448
38223
37449
38224
37426
37450
38225
37427
37451
38226
37428
37452
38227
37429
37453
38228
37430
37454
38229
37431
37455
38230
37432
37456
38231
37433
37457
38232
37434
37458
38233
37435
37459
38234
37436
37460
38235
37437
37461
38236
37438
37462
38237
37439
37463
38238
37440
37464
38239
37441
37465
38240
37442
37466
38241
37443
37467
38242
37444
37468
38243
37445
37469
38244
37446
37470
38245
37447
37471
38246
37448
37472
38247
37449
37473
38248
37474
38249
37451
37475
38250
37452
37476
38251
37453
37477
38252
37454
37478
38253
37455
37479
38254
37456
37480
38255
37457
37481
38256
37458
37482
38257
37459
37483
38258
37460
37484
38259
37461
37485
38260
37462
37486
38261
37463
37487
38262
37464
37488
38263
37465
37489
38264
37466
37490
38265
37467
37491
38266
37468
37492
38267
37469
37493
38268
37470
37494
38269
37471
37495
38270
37472
37496
38271
37473
37497
38272
37474
37498
38273
37499
38274
37476
37500
38275
37477
37501
38276
37478
37502
38277
37479
37503
38278
37480
37504
38279
37481
37505
38280
37482
37506
38281
37483
37507
38282
37484
37508
38283
37485
37509
38284
37486
37510
38285
37487
37511
38286
37488
37512
38287
37489
37513
38288
37490
37514
38289
37491
37515
38290
37492
37516
38291
37493
37517
38292
37494
37518
38293
37495
37519
38294
37496
37520
38295
37497
37521
38296
37498
37522
38297
37499
37523
38298
37524
38299
37501
37525
38300
37502
37526
38301
37503
37527
38302
37504
37528
38303
37505
37529
38304
37506
37530
38305
37507
37531
38306
37508
37532
38307
37509
37533
38308
37510
37534
38309
37511
37535
38310
37512
37536
38311
37513
37537
38312
37514
37538
38313
37515
37539
38314
37516
37540
38315
37517
37541
38316
37518
37542
38317
37519
37543
38318
37520
37544
38319
37521
37545
38320
37522
37546
38321
37523
37547
38322
37524
37548
38323
37549
38324
37526
37550
38325
37527
37551
38326
37528
37552
38327
37529
37553
38328
37530
37554
38329
37531
37555
38330
37532
37556
38331
37533
37557
38332
37534
37558
38333
37535
37559
38334
37536
37560
38335
37537
37561
38336
37538
37562
38337
37539
37563
38338
37540
37564
38339
37541
37565
38340
37542
37566
38341
37543
37567
38342
37544
37568
38343
37545
37569
38344
37546
37570
38345
37547
37571
38346
37548
37572
38347
37549
37573
38348
37574
38349
37551
37575
38350
37552
37576
38351
37553
37577
38352
37554
37578
38353
37555
37579
38354
37556
37580
38355
37557
37581
38356
37558
37582
38357
37559
37583
38358
37560
37584
38359
37561
37585
38360
37562
37586
38361
37563
37587
38362
37564
37588
38363
37565
37589
38364
37566
37590
38365
37567
37591
38366
37568
37592
38367
37569
37593
38368
37570
37594
38369
37571
37595
38370
37572
37596
38371
37573
37597
38372
37574
37598
38373
37599
38374
37576
38375
37577
38376
37578
38377
37579
38378
37580
38379
37581
38380
37582
38381
37583
38382
37584
38383
37585
38384
37586
38385
37587
38386
37588
38387
37589
38388
37590
38389
37591
38390
37592
38391
37593
38392
37594
38393
37595
38394
37596
38395
37597
38396
37598
38397
37599
38398
38399
37601
37625
38400
37602
37626
38401
37603
37627
38402
37604
37628
38403
37605
37629
38404
37606
37630
38405
37607
37631
38406
37608
37632
38407
37609
37633
38408
37610
37634
38409
37611
37635
38410
37612
37636
38411
37613
37637
38412
37614
37638
38413
37615
37639
38414
37616
37640
38415
37617
37641
38416
37618
37642
38417
37619
37643
38418
37620
37644
38419
37621
37645
38420
37622
37646
38421
37623
37647
38422
37624
37648
38423
37649
38424
37626
37650
38425
37627
37651
38426
37628
37652
38427
37629
37653
38428
37630
37654
38429
37631
37655
38430
37632
37656
38431
37633
37657
38432
37634
37658
38433
37635
37659
38434
37636
37660
38435
37637
37661
38436
37638
37662
38437
37639
37663
38438
37640
37664
38439
37641
37665
38440
37642
37666
38441
37643
37667
38442
37644
37668
38443
37645
37669
38444
37646
37670
38445
37647
37671
38446
37648
37672
38447
37649
37673
38448
37674
38449
37651
37675
38450
37652
37676
38451
37653
37677
38452
37654
37678
38453
37655
37679
38454
37656
37680
38455
37657
37681
38456
37658
37682
38457
37659
37683
38458
37660
37684
38459
37661
37685
38460
37662
37686
38461
37663
37687
38462
37664
37688
38463
37665
37689
38464
37666
37690
38465
37667
37691
38466
37668
37692
38467
37669
37693
38468
37670
37694
38469
37671
37695
38470
37672
37696
38471
37673
37697
38472
37674
37698
38473
37699
38474
37676
37700
38475
37677
37701
38476
37678
37702
38477
37679
37703
38478
37680
37704
38479
37681
37705
38480
37682
37706
38481
37683
37707
38482
37684
37708
38483
37685
37709
38484
37686
37710
38485
37687
37711
38486
37688
37712
38487
37689
37713
38488
37690
37714
38489
37691
37715
38490
37692
37716
38491
37693
37717
38492
37694
37718
38493
37695
37719
38494
37696
37720
38495
37697
37721
38496
37698
37722
38497
37699
37723
38498
37724
38499
37701
37725
38500
37702
37726
38501
37703
37727
38502
37704
37728
38503
37705
37729
38504
37706
37730
38505
37707
37731
38506
37708
37732
38507
37709
37733
38508
37710
37734
38509
37711
37735
38510
37712
37736
38511
37713
37737
38512
37714
37738
38513
37715
37739
38514
37716
37740
38515
37717
37741
38516
37718
37742
38517
37719
37743
38518
37720
37744
38519
37721
37745
38520
37722
37746
38521
37723
37747
38522
37724
37748
38523
37749
38524
37726
37750
38525
37727
37751
38526
37728
37752
38527
37729
37753
38528
37730
37754
38529
37731
37755
38530
37732
37756
38531
37733
37757
38532
37734
37758
38533
37735
37759
38534
37736
37760
38535
37737
37761
38536
37738
37762
38537
37739
37763
38538
37740
37764
38539
37741
37765
38540
37742
37766
38541
37743
37767
38542
37744
37768
38543
37745
37769
38544
37746
37770
38545
37747
37771
38546
37748
37772
38547
37749
37773
38548
37774
38549
37751
37775
38550
37752
37776
38551
37753
37777
38552
37754
37778
38553
37755
37779
38554
37756
37780
38555
37757
37781
38556
37758
37782
38557
37759
37783
38558
37760
37784
38559
37761
37785
38560
37762
37786
38561
37763
37787
38562
37764
37788
38563
37765
37789
38564
37766
37790
38565
37767
37791
38566
37768
37792
38567
37769
37793
38568
37770
37794
38569
37771
37795
38570
37772
37796
38571
37773
37797
38572
37774
37798
38573
37799
38574
37776
37800
38575
37777
37801
38576
37778
37802
38577
37779
37803
38578
37780
37804
38579
37781
37805
38580
37782
37806
38581
37783
37807
38582
37784
37808
38583
37785
37809
38584
37786
37810
38585
37787
37811
38586
37788
37812
38587
37789
37813
38588
37790
37814
38589
37791
37815
38590
37792
37816
38591
37793
37817
38592
37794
37818
38593
37795
37819
38594
37796
37820
38595
37797
37821
38596
37798
37822
38597
37799
37823
38598
37824
38599
37801
37825
38600
37802
37826
38601
37803
37827
38602
37804
37828
38603
37805
37829
38604
37806
37830
38605
37807
37831
38606
37808
37832
38607
37809
37833
38608
37810
37834
38609
37811
37835
38610
37812
37836
38611
37813
37837
38612
37814
37838
38613
37815
37839
38614
37816
37840
38615
37817
37841
38616
37818
37842
38617
37819
37843
38618
37820
37844
38619
37821
37845
38620
37822
37846
38621
37823
37847
38622
37824
37848
38623
37849
38624
37826
37850
38625
37827
37851
38626
37828
37852
38627
37829
37853
38628
37830
37854
38629
37831
37855
38630
37832
37856
38631
37833
37857
38632
37834
37858
38633
37835
37859
38634
37836
37860
38635
37837
37861
38636
37838
37862
38637
37839
37863
38638
37840
37864
38639
37841
37865
38640
37842
37866
38641
37843
37867
38642
37844
37868
38643
37845
37869
38644
37846
37870
38645
37847
37871
38646
37848
37872
38647
37849
37873
38648
37874
38649
37851
37875
38650
37852
37876
38651
37853
37877
38652
37854
37878
38653
37855
37879
38654
37856
37880
38655
37857
37881
38656
37858
37882
38657
37859
37883
38658
37860
37884
38659
37861
37885
38660
37862
37886
38661
37863
37887
38662
37864
37888
38663
37865
37889
38664
37866
37890
38665
37867
37891
38666
37868
37892
38667
37869
37893
38668
37870
37894
38669
37871
37895
38670
37872
37896
38671
37873
37897
38672
37874
37898
38673
37899
38674
37876
37900
38675
37877
37901
38676
37878
37902
38677
37879
37903
38678
37880
37904
38679
37881
37905
38680
37882
37906
38681
37883
37907
38682
37884
37908
38683
37885
37909
38684
37886
37910
38685
37887
37911
38686
37888
37912
38687
37889
37913
38688
37890
37914
38689
37891
37915
38690
37892
37916
38691
37893
37917
38692
37894
37918
38693
37895
37919
38694
37896
37920
38695
37897
37921
38696
37898
37922
38697
37899
37923
38698
37924
38699
37901
37925
38700
37902
37926
38701
37903
37927
38702
37904
37928
38703
37905
37929
38704
37906
37930
38705
37907
37931
38706
37908
37932
38707
37909
37933
38708
37910
37934
38709
37911
37935
38710
37912
37936
38711
37913
37937
38712
37914
37938
38713
37915
37939
38714
37916
37940
38715
37917
37941
38716
37918
37942
38717
37919
37943
38718
37920
37944
38719
37921
37945
38720
37922
37946
38721
37923
37947
38722
37924
37948
38723
37949
38724
37926
37950
38725
37927
37951
38726
37928
37952
38727
37929
37953
38728
37930
37954
38729
37931
37955
38730
37932
37956
38731
37933
37957
38732
37934
37958
38733
37935
37959
38734
37936
37960
38735
37937
37961
38736
37938
37962
38737
37939
37963
38738
37940
37964
38739
37941
37965
38740
37942
37966
38741
37943
37967
38742
37944
37968
38743
37945
37969
38744
37946
37970
38745
37947
37971
38746
37948
37972
38747
37949
37973
38748
37974
38749
37951
37975
38750
37952
37976
38751
37953
37977
38752
37954
37978
38753
37955
37979
38754
37956
37980
38755
37957
37981
38756
37958
37982
38757
37959
37983
38758
37960
37984
38759
37961
37985
38760
37962
37986
38761
37963
37987
38762
37964
37988
38763
37965
37989
38764
37966
37990
38765
37967
37991
38766
37968
37992
38767
37969
37993
38768
37970
37994
38769
37971
37995
38770
37972
37996
38771
37973
37997
38772
37974
37998
38773
37999
38774
37976
38000
38775
37977
38001
38776
37978
38002
38777
37979
38003
38778
37980
38004
38779
37981
38005
38780
37982
38006
38781
37983
38007
38782
37984
38008
38783
37985
38009
38784
37986
38010
38785
37987
38011
38786
37988
38012
38787
37989
38013
38788
37990
38014
38789
37991
38015
38790
37992
38016
38791
37993
38017
38792
37994
38018
38793
37995
38019
38794
37996
38020
38795
37997
38021
38796
37998
38022
38797
37999
38023
38798
38024
38799
38001
38025
38800
38002
38026
38801
38003
38027
38802
38004
38028
38803
38005
38029
38804
38006
38030
38805
38007
38031
38806
38008
38032
38807
38009
38033
38808
38010
38034
38809
38011
38035
38810
38012
38036
38811
38013
38037
38812
38014
38038
38813
38015
38039
38814
38016
38040
38815
38017
38041
38816
38018
38042
38817
38019
38043
38818
38020
38044
38819
38021
38045
38820
38022
38046
38821
38023
38047
38822
38024
38048
38823
38049
38824
38026
38050
38825
38027
38051
38826
38028
38052
38827
38029
38053
38828
38030
38054
38829
38031
38055
38830
38032
38056
38831
38033
38057
38832
38034
38058
38833
38035
38059
38834
38036
38060
38835
38037
38061
38836
38038
38062
38837
38039
38063
38838
38040
38064
38839
38041
38065
38840
38042
38066
38841
38043
38067
38842
38044
38068
38843
38045
38069
38844
38046
38070
38845
38047
38071
38846
38048
38072
38847
38049
38073
38848
38074
38849
38051
38075
38850
38052
38076
38851
38053
38077
38852
38054
38078
38853
38055
38079
38854
38056
38080
38855
38057
38081
38856
38058
38082
38857
38059
38083
38858
38060
38084
38859
38061
38085
38860
38062
38086
38861
38063
38087
38862
38064
38088
38863
38065
38089
38864
38066
38090
38865
38067
38091
38866
38068
38092
38867
38069
38093
38868
38070
38094
38869
38071
38095
38870
38072
38096
38871
38073
38097
38872
38074
38098
38873
38099
38874
38076
38100
38875
38077
38101
38876
38078
38102
38877
38079
38103
38878
38080
38104
38879
38081
38105
38880
38082
38106
38881
38083
38107
38882
38084
38108
38883
38085
38109
38884
38086
38110
38885
38087
38111
38886
38088
38112
38887
38089
38113
38888
38090
38114
38889
38091
38115
38890
38092
38116
38891
38093
38117
38892
38094
38118
38893
38095
38119
38894
38096
38120
38895
38097
38121
38896
38098
38122
38897
38099
38123
38898
38124
38899
38101
38125
38900
38102
38126
38901
38103
38127
38902
38104
38128
38903
38105
38129
38904
38106
38130
38905
38107
38131
38906
38108
38132
38907
38109
38133
38908
38110
38134
38909
38111
38135
38910
38112
38136
38911
38113
38137
38912
38114
38138
38913
38115
38139
38914
38116
38140
38915
38117
38141
38916
38118
38142
38917
38119
38143
38918
38120
38144
38919
38121
38145
38920
38122
38146
38921
38123
38147
38922
38124
38148
38923
38149
38924
38126
38150
38925
38127
38151
38926
38128
38152
38927
38129
38153
38928
38130
38154
38929
38131
38155
38930
38132
38156
38931
38133
38157
38932
38134
38158
38933
38135
38159
38934
38136
38160
38935
38137
38161
38936
38138
38162
38937
38139
38163
38938
38140
38164
38939
38141
38165
38940
38142
38166
38941
38143
38167
38942
38144
38168
38943
38145
38169
38944
38146
38170
38945
38147
38171
38946
38148
38172
38947
38149
38173
38948
38174
38949
38151
38175
38950
38152
38176
38951
38153
38177
38952
38154
38178
38953
38155
38179
38954
38156
38180
38955
38157
38181
38956
38158
38182
38957
38159
38183
38958
38160
38184
38959
38161
38185
38960
38162
38186
38961
38163
38187
38962
38164
38188
38963
38165
38189
38964
38166
38190
38965
38167
38191
38966
38168
38192
38967
38169
38193
38968
38170
38194
38969
38171
38195
38970
38172
38196
38971
38173
38197
38972
38174
38198
38973
38199
38974
38176
38200
38975
38177
38201
38976
38178
38202
38977
38179
38203
38978
38180
38204
38979
38181
38205
38980
38182
38206
38981
38183
38207
38982
38184
38208
38983
38185
38209
38984
38186
38210
38985
38187
38211
38986
38188
38212
38987
38189
38213
38988
38190
38214
38989
38191
38215
38990
38192
38216
38991
38193
38217
38992
38194
38218
38993
38195
38219
38994
38196
38220
38995
38197
38221
38996
38198
38222
38997
38199
38223
38998
38224
38999
38201
38225
39000
38202
38226
39001
38203
38227
39002
38204
38228
39003
38205
38229
39004
38206
38230
39005
38207
38231
39006
38208
38232
39007
38209
38233
39008
38210
38234
39009
38211
38235
39010
38212
38236
39011
38213
38237
39012
38214
38238
39013
38215
38239
39014
38216
38240
39015
38217
38241
39016
38218
38242
39017
38219
38243
39018
38220
38244
39019
38221
38245
39020
38222
38246
39021
38223
38247
39022
38224
38248
39023
38249
39024
38226
38250
39025
38227
38251
39026
38228
38252
39027
38229
38253
39028
38230
38254
39029
38231
38255
39030
38232
38256
39031
38233
38257
39032
38234
38258
39033
38235
38259
39034
38236
38260
39035
38237
38261
39036
38238
38262
39037
38239
38263
39038
38240
38264
39039
38241
38265
39040
38242
38266
39041
38243
38267
39042
38244
38268
39043
38245
38269
39044
38246
38270
39045
38247
38271
39046
38248
38272
39047
38249
38273
39048
38274
39049
38251
38275
39050
38252
38276
39051
38253
38277
39052
38254
38278
39053
38255
38279
39054
38256
38280
39055
38257
38281
39056
38258
38282
39057
38259
38283
39058
38260
38284
39059
38261
38285
39060
38262
38286
39061
38263
38287
39062
38264
38288
39063
38265
38289
39064
38266
38290
39065
38267
38291
39066
38268
38292
39067
38269
38293
39068
38270
38294
39069
38271
38295
39070
38272
38296
39071
38273
38297
39072
38274
38298
39073
38299
39074
38276
38300
39075
38277
38301
39076
38278
38302
39077
38279
38303
39078
38280
38304
39079
38281
38305
39080
38282
38306
39081
38283
38307
39082
38284
38308
39083
38285
38309
39084
38286
38310
39085
38287
38311
39086
38288
38312
39087
38289
38313
39088
38290
38314
39089
38291
38315
39090
38292
38316
39091
38293
38317
39092
38294
38318
39093
38295
38319
39094
38296
38320
39095
38297
38321
39096
38298
38322
39097
38299
38323
39098
38324
39099
38301
38325
39100
38302
38326
39101
38303
38327
39102
38304
38328
39103
38305
38329
39104
38306
38330
39105
38307
38331
39106
38308
38332
39107
38309
38333
39108
38310
38334
39109
38311
38335
39110
38312
38336
39111
38313
38337
39112
38314
38338
39113
38315
38339
39114
38316
38340
39115
38317
38341
39116
38318
38342
39117
38319
38343
39118
38320
38344
39119
38321
38345
39120
38322
38346
39121
38323
38347
39122
38324
38348
39123
38349
39124
38326
38350
39125
38327
38351
39126
38328
38352
39127
38329
38353
39128
38330
38354
39129
38331
38355
39130
38332
38356
39131
38333
38357
39132
38334
38358
39133
38335
38359
39134
38336
38360
39135
38337
38361
39136
38338
38362
39137
38339
38363
39138
38340
38364
39139
38341
38365
39140
38342
38366
39141
38343
38367
39142
38344
38368
39143
38345
38369
39144
38346
38370
39145
38347
38371
39146
38348
38372
39147
38349
38373
39148
38374
39149
38351
38375
39150
38352
38376
39151
38353
38377
39152
38354
38378
39153
38355
38379
39154
38356
38380
39155
38357
38381
39156
38358
38382
39157
38359
38383
39158
38360
38384
39159
38361
38385
39160
38362
38386
39161
38363
38387
39162
38364
38388
39163
38365
38389
39164
38366
38390
39165
38367
38391
39166
38368
38392
39167
38369
38393
39168
38370
38394
39169
38371
38395
39170
38372
38396
39171
38373
38397
39172
38374
38398
39173
38399
39174
38376
39175
38377
39176
38378
39177
38379
39178
38380
39179
38381
39180
38382
39181
38383
39182
38384
39183
38385
39184
38386
39185
38387
39186
38388
39187
38389
39188
38390
39189
38391
39190
38392
39191
38393
39192
38394
39193
38395
39194
38396
39195
38397
39196
38398
39197
38399
39198
39199
38401
38425
39200
38402
38426
39201
38403
38427
39202
38404
38428
39203
38405
38429
39204
38406
38430
39205
38407
38431
39206
38408
38432
39207
38409
38433
39208
38410
38434
39209
38411
38435
39210
38412
38436
39211
38413
38437
39212
38414
38438
39213
38415
38439
39214
38416
38440
39215
38417
38441
39216
38418
38442
39217
38419
38443
39218
38420
38444
39219
38421
38445
39220
38422
38446
39221
38423
38447
39222
38424
38448
39223
38449
39224
38426
38450
39225
38427
38451
39226
38428
38452
39227
38429
38453
39228
38430
38454
39229
38431
38455
39230
38432
38456
39231
38433
38457
39232
38434
38458
39233
38435
38459
39234
38436
38460
39235
38437
38461
39236
38438
38462
39237
38439
38463
39238
38440
38464
39239
38441
38465
39240
38442
38466
39241
38443
38467
39242
38444
38468
39243
38445
38469
39244
38446
38470
39245
38447
38471
39246
38448
38472
39247
38449
38473
39248
38474
39249
38451
38475
39250
38452
38476
39251
38453
38477
39252
38454
38478
39253
38455
38479
39254
38456
38480
39255
38457
38481
39256
38458
38482
39257
38459
38483
39258
38460
38484
39259
38461
38485
39260
38462
38486
39261
38463
38487
39262
38464
38488
39263
38465
38489
39264
38466
38490
39265
38467
38491
39266
38468
38492
39267
38469
38493
39268
38470
38494
39269
38471
38495
39270
38472
38496
39271
38473
38497
39272
38474
38498
39273
38499
39274
38476
38500
39275
38477
38501
39276
38478
38502
39277
38479
38503
39278
38480
38504
39279
38481
38505
39280
38482
38506
39281
38483
38507
39282
38484
38508
39283
38485
38509
39284
38486
38510
39285
38487
38511
39286
38488
38512
39287
38489
38513
39288
38490
38514
39289
38491
38515
39290
38492
38516
39291
38493
38517
39292
38494
38518
39293
38495
38519
39294
38496
38520
39295
38497
38521
39296
38498
38522
39297
38499
38523
39298
38524
39299
38501
38525
39300
38502
38526
39301
38503
38527
39302
38504
38528
39303
38505
38529
39304
38506
38530
39305
38507
38531
39306
38508
38532
39307
38509
38533
39308
38510
38534
39309
38511
38535
39310
38512
38536
39311
38513
38537
39312
38514
38538
39313
38515
38539
39314
38516
38540
39315
38517
38541
39316
38518
38542
39317
38519
38543
39318
38520
38544
39319
38521
38545
39320
38522
38546
39321
38523
38547
39322
38524
38548
39323
38549
39324
38526
38550
39325
38527
38551
39326
38528
38552
39327
38529
38553
39328
38530
38554
39329
38531
38555
39330
38532
38556
39331
38533
38557
39332
38534
38558
39333
38535
38559
39334
38536
38560
39335
38537
38561
39336
38538
38562
39337
38539
38563
39338
38540
38564
39339
38541
38565
39340
38542
38566
39341
38543
38567
39342
38544
38568
39343
38545
38569
39344
38546
38570
39345
38547
38571
39346
38548
38572
39347
38549
38573
39348
38574
39349
38551
38575
39350
38552
38576
39351
38553
38577
39352
38554
38578
39353
38555
38579
39354
38556
38580
39355
38557
38581
39356
38558
38582
39357
38559
38583
39358
38560
38584
39359
38561
38585
39360
38562
38586
39361
38563
38587
39362
38564
38588
39363
38565
38589
39364
38566
38590
39365
38567
38591
39366
38568
38592
39367
38569
38593
39368
38570
38594
39369
38571
38595
39370
38572
38596
39371
38573
38597
39372
38574
38598
39373
38599
39374
38576
38600
39375
38577
38601
39376
38578
38602
39377
38579
38603
39378
38580
38604
39379
38581
38605
39380
38582
38606
39381
38583
38607
39382
38584
38608
39383
38585
38609
39384
38586
38610
39385
38587
38611
39386
38588
38612
39387
38589
38613
39388
38590
38614
39389
38591
38615
39390
38592
38616
39391
38593
38617
39392
38594
38618
39393
38595
38619
39394
38596
38620
39395
38597
38621
39396
38598
38622
39397
38599
38623
39398
38624
39399
38601
38625
39400
38602
38626
39401
38603
38627
39402
38604
38628
39403
38605
38629
39404
38606
38630
39405
38607
38631
39406
38608
38632
39407
38609
38633
39408
38610
38634
39409
38611
38635
39410
38612
38636
39411
38613
38637
39412
38614
38638
39413
38615
38639
39414
38616
38640
39415
38617
38641
39416
38618
38642
39417
38619
38643
39418
38620
38644
39419
38621
38645
39420
38622
38646
39421
38623
38647
39422
38624
38648
39423
38649
39424
38626
38650
39425
38627
38651
39426
38628
38652
39427
38629
38653
39428
38630
38654
39429
38631
38655
39430
38632
38656
39431
38633
38657
39432
38634
38658
39433
38635
38659
39434
38636
38660
39435
38637
38661
39436
38638
38662
39437
38639
38663
39438
38640
38664
39439
38641
38665
39440
38642
38666
39441
38643
38667
39442
38644
38668
39443
38645
38669
39444
38646
38670
39445
38647
38671
39446
38648
38672
39447
38649
38673
39448
38674
39449
38651
38675
39450
38652
38676
39451
38653
38677
39452
38654
38678
39453
38655
38679
39454
38656
38680
39455
38657
38681
39456
38658
38682
39457
38659
38683
39458
38660
38684
39459
38661
38685
39460
38662
38686
39461
38663
38687
39462
38664
38688
39463
38665
38689
39464
38666
38690
39465
38667
38691
39466
38668
38692
39467
38669
38693
39468
38670
38694
39469
38671
38695
39470
38672
38696
39471
38673
38697
39472
38674
38698
39473
38699
39474
38676
38700
39475
38677
38701
39476
38678
38702
39477
38679
38703
39478
38680
38704
39479
38681
38705
39480
38682
38706
39481
38683
38707
39482
38684
38708
39483
38685
38709
39484
38686
38710
39485
38687
38711
39486
38688
38712
39487
38689
38713
39488
38690
38714
39489
38691
38715
39490
38692
38716
39491
38693
38717
39492
38694
38718
39493
38695
38719
39494
38696
38720
39495
38697
38721
39496
38698
38722
39497
38699
38723
39498
38724
39499
38701
38725
39500
38702
38726
39501
38703
38727
39502
38704
38728
39503
38705
38729
39504
38706
38730
39505
38707
38731
39506
38708
38732
39507
38709
38733
39508
38710
38734
39509
38711
38735
39510
38712
38736
39511
38713
38737
39512
38714
38738
39513
38715
38739
39514
38716
38740
39515
38717
38741
39516
38718
38742
39517
38719
38743
39518
38720
38744
39519
38721
38745
39520
38722
38746
39521
38723
38747
39522
38724
38748
39523
38749
39524
38726
38750
39525
38727
38751
39526
38728
38752
39527
38729
38753
39528
38730
38754
39529
38731
38755
39530
38732
38756
39531
38733
38757
39532
38734
38758
39533
38735
38759
39534
38736
38760
39535
38737
38761
39536
38738
38762
39537
38739
38763
39538
38740
38764
39539
38741
38765
39540
38742
38766
39541
38743
38767
39542
38744
38768
39543
38745
38769
39544
38746
38770
39545
38747
38771
39546
38748
38772
39547
38749
38773
39548
38774
39549
38751
38775
39550
38752
38776
39551
38753
38777
39552
38754
38778
39553
38755
38779
39554
38756
38780
39555
38757
38781
39556
38758
38782
39557
38759
38783
39558
38760
38784
39559
38761
38785
39560
38762
38786
39561
38763
38787
39562
38764
38788
39563
38765
38789
39564
38766
38790
39565
38767
38791
39566
38768
38792
39567
38769
38793
39568
38770
38794
39569
38771
38795
39570
38772
38796
39571
38773
38797
39572
38774
38798
39573
38799
39574
38776
38800
39575
38777
38801
39576
38778
38802
39577
38779
38803
39578
38780
38804
39579
38781
38805
39580
38782
38806
39581
38783
38807
39582
38784
38808
39583
38785
38809
39584
38786
38810
39585
38787
38811
39586
38788
38812
39587
38789
38813
39588
38790
38814
39589
38791
38815
39590
38792
38816
39591
38793
38817
39592
38794
38818
39593
38795
38819
39594
38796
38820
39595
38797
38821
39596
38798
38822
39597
38799
38823
39598
38824
39599
38801
38825
39600
38802
38826
39601
38803
38827
39602
38804
38828
39603
38805
38829
39604
38806
38830
39605
38807
38831
39606
38808
38832
39607
38809
38833
39608
38810
38834
39609
38811
38835
39610
38812
38836
39611
38813
38837
39612
38814
38838
39613
38815
38839
39614
38816
38840
39615
38817
38841
39616
38818
38842
39617
38819
38843
39618
38820
38844
39619
38821
38845
39620
38822
38846
39621
38823
38847
39622
38824
38848
39623
38849
39624
38826
38850
39625
38827
38851
39626
38828
38852
39627
38829
38853
39628
38830
38854
39629
38831
38855
39630
38832
38856
39631
38833
38857
39632
38834
38858
39633
38835
38859
39634
38836
38860
39635
38837
38861
39636
38838
38862
39637
38839
38863
39638
38840
38864
39639
38841
38865
39640
38842
38866
39641
38843
38867
39642
38844
38868
39643
38845
38869
39644
38846
38870
39645
38847
38871
39646
38848
38872
39647
38849
38873
39648
38874
39649
38851
38875
39650
38852
38876
39651
38853
38877
39652
38854
38878
39653
38855
38879
39654
38856
38880
39655
38857
38881
39656
38858
38882
39657
38859
38883
39658
38860
38884
39659
38861
38885
39660
38862
38886
39661
38863
38887
39662
38864
38888
39663
38865
38889
39664
38866
38890
39665
38867
38891
39666
38868
38892
39667
38869
38893
39668
38870
38894
39669
38871
38895
39670
38872
38896
39671
38873
38897
39672
38874
38898
39673
38899
39674
38876
38900
39675
38877
38901
39676
38878
38902
39677
38879
38903
39678
38880
38904
39679
38881
38905
39680
38882
38906
39681
38883
38907
39682
38884
38908
39683
38885
38909
39684
38886
38910
39685
38887
38911
39686
38888
38912
39687
38889
38913
39688
38890
38914
39689
38891
38915
39690
38892
38916
39691
38893
38917
39692
38894
38918
39693
38895
38919
39694
38896
38920
39695
38897
38921
39696
38898
38922
39697
38899
38923
39698
38924
39699
38901
38925
39700
38902
38926
39701
38903
38927
39702
38904
38928
39703
38905
38929
39704
38906
38930
39705
38907
38931
39706
38908
38932
39707
38909
38933
39708
38910
38934
39709
38911
38935
39710
38912
38936
39711
38913
38937
39712
38914
38938
39713
38915
38939
39714
38916
38940
39715
38917
38941
39716
38918
38942
39717
38919
38943
39718
38920
38944
39719
38921
38945
39720
38922
38946
39721
38923
38947
39722
38924
38948
39723
38949
39724
38926
38950
39725
38927
38951
39726
38928
38952
39727
38929
38953
39728
38930
38954
39729
38931
38955
39730
38932
38956
39731
38933
38957
39732
38934
38958
39733
38935
38959
39734
38936
38960
39735
38937
38961
39736
38938
38962
39737
38939
38963
39738
38940
38964
39739
38941
38965
39740
38942
38966
39741
38943
38967
39742
38944
38968
39743
38945
38969
39744
38946
38970
39745
38947
38971
39746
38948
38972
39747
38949
38973
39748
38974
39749
38951
38975
39750
38952
38976
39751
38953
38977
39752
38954
38978
39753
38955
38979
39754
38956
38980
39755
38957
38981
39756
38958
38982
39757
38959
38983
39758
38960
38984
39759
38961
38985
39760
38962
38986
39761
38963
38987
39762
38964
38988
39763
38965
38989
39764
38966
38990
39765
38967
38991
39766
38968
38992
39767
38969
38993
39768
38970
38994
39769
38971
38995
39770
38972
38996
39771
38973
38997
39772
38974
38998
39773
38999
39774
38976
39000
39775
38977
39001
39776
38978
39002
39777
38979
39003
39778
38980
39004
39779
38981
39005
39780
38982
39006
39781
38983
39007
39782
38984
39008
39783
38985
39009
39784
38986
39010
39785
38987
39011
39786
38988
39012
39787
38989
39013
39788
38990
39014
39789
38991
39015
39790
38992
39016
39791
38993
39017
39792
38994
39018
39793
38995
39019
39794
38996
39020
39795
38997
39021
39796
38998
39022
39797
38999
39023
39798
39024
39799
39001
39025
39800
39002
39026
39801
39003
39027
39802
39004
39028
39803
39005
39029
39804
39006
39030
39805
39007
39031
39806
39008
39032
39807
39009
39033
39808
39010
39034
39809
39011
39035
39810
39012
39036
39811
39013
39037
39812
39014
39038
39813
39015
39039
39814
39016
39040
39815
39017
39041
39816
39018
39042
39817
39019
39043
39818
39020
39044
39819
39021
39045
39820
39022
39046
39821
39023
39047
39822
39024
39048
39823
39049
39824
39026
39050
39825
39027
39051
39826
39028
39052
39827
39029
39053
39828
39030
39054
39829
39031
39055
39830
39032
39056
39831
39033
39057
39832
39034
39058
39833
39035
39059
39834
39036
39060
39835
39037
39061
39836
39038
39062
39837
39039
39063
39838
39040
39064
39839
39041
39065
39840
39042
39066
39841
39043
39067
39842
39044
39068
39843
39045
39069
39844
39046
39070
39845
39047
39071
39846
39048
39072
39847
39049
39073
39848
39074
39849
39051
39075
39850
39052
39076
39851
39053
39077
39852
39054
39078
39853
39055
39079
39854
39056
39080
39855
39057
39081
39856
39058
39082
39857
39059
39083
39858
39060
39084
39859
39061
39085
39860
39062
39086
39861
39063
39087
39862
39064
39088
39863
39065
39089
39864
39066
39090
39865
39067
39091
39866
39068
39092
39867
39069
39093
39868
39070
39094
39869
39071
39095
39870
39072
39096
39871
39073
39097
39872
39074
39098
39873
39099
39874
39076
39100
39875
39077
39101
39876
39078
39102
39877
39079
39103
39878
39080
39104
39879
39081
39105
39880
39082
39106
39881
39083
39107
39882
39084
39108
39883
39085
39109
39884
39086
39110
39885
39087
39111
39886
39088
39112
39887
39089
39113
39888
39090
39114
39889
39091
39115
39890
39092
39116
39891
39093
39117
39892
39094
39118
39893
39095
39119
39894
39096
39120
39895
39097
39121
39896
39098
39122
39897
39099
39123
39898
39124
39899
39101
39125
39900
39102
39126
39901
39103
39127
39902
39104
39128
39903
39105
39129
39904
39106
39130
39905
39107
39131
39906
39108
39132
39907
39109
39133
39908
39110
39134
39909
39111
39135
39910
39112
39136
39911
39113
39137
39912
39114
39138
39913
39115
39139
39914
39116
39140
39915
39117
39141
39916
39118
39142
39917
39119
39143
39918
39120
39144
39919
39121
39145
39920
39122
39146
39921
39123
39147
39922
39124
39148
39923
39149
39924
39126
39150
39925
39127
39151
39926
39128
39152
39927
39129
39153
39928
39130
39154
39929
39131
39155
39930
39132
39156
39931
39133
39157
39932
39134
39158
39933
39135
39159
39934
39136
39160
39935
39137
39161
39936
39138
39162
39937
39139
39163
39938
39140
39164
39939
39141
39165
39940
39142
39166
39941
39143
39167
39942
39144
39168
39943
39145
39169
39944
39146
39170
39945
39147
39171
39946
39148
39172
39947
39149
39173
39948
39174
39949
39151
39175
39950
39152
39176
39951
39153
39177
39952
39154
39178
39953
39155
39179
39954
39156
39180
39955
39157
39181
39956
39158
39182
39957
39159
39183
39958
39160
39184
39959
39161
39185
39960
39162
39186
39961
39163
39187
39962
39164
39188
39963
39165
39189
39964
39166
39190
39965
39167
39191
39966
39168
39192
39967
39169
39193
39968
39170
39194
39969
39171
39195
39970
39172
39196
39971
39173
39197
39972
39174
39198
39973
39199
39974
39176
39975
39177
39976
39178
39977
39179
39978
39180
39979
39181
39980
39182
39981
39183
39982
39184
39983
39185
39984
39186
39985
39187
39986
39188
39987
39189
39988
39190
39989
39191
39990
39192
39991
39193
39992
39194
39993
39195
39994
39196
39995
39197
39996
39198
39997
39199
39998
39999
39201
39225
40000
39202
39226
40001
39203
39227
40002
39204
39228
40003
39205
39229
40004
39206
39230
40005
39207
39231
40006
39208
39232
40007
39209
39233
40008
39210
39234
40009
39211
39235
40010
39212
39236
40011
39213
39237
40012
39214
39238
40013
39215
39239
40014
39216
39240
40015
39217
39241
40016
39218
39242
40017
39219
39243
40018
39220
39244
40019
39221
39245
40020
39222
39246
40021
39223
39247
40022
39224
39248
40023
39249
40024
39226
39250
40025
39227
39251
40026
39228
39252
40027
39229
39253
40028
39230
39254
40029
39231
39255
40030
39232
39256
40031
39233
39257
40032
39234
39258
40033
39235
39259
40034
39236
39260
40035
39237
39261
40036
39238
39262
40037
39239
39263
40038
39240
39264
40039
39241
39265
40040
39242
39266
40041
39243
39267
40042
39244
39268
40043
39245
39269
40044
39246
39270
40045
39247
39271
40046
39248
39272
40047
39249
39273
40048
39274
40049
39251
39275
40050
39252
39276
40051
39253
39277
40052
39254
39278
40053
39255
39279
40054
39256
39280
40055
39257
39281
40056
39258
39282
40057
39259
39283
40058
39260
39284
40059
39261
39285
40060
39262
39286
40061
39263
39287
40062
39264
39288
40063
39265
39289
40064
39266
39290
40065
39267
39291
40066
39268
39292
40067
39269
39293
40068
39270
39294
40069
39271
39295
40070
39272
39296
40071
39273
39297
40072
39274
39298
40073
39299
40074
39276
39300
40075
39277
39301
40076
39278
39302
40077
39279
39303
40078
39280
39304
40079
39281
39305
40080
39282
39306
40081
39283
39307
40082
39284
39308
40083
39285
39309
40084
39286
39310
40085
39287
39311
40086
39288
39312
40087
39289
39313
40088
39290
39314
40089
39291
39315
40090
39292
39316
40091
39293
39317
40092
39294
39318
40093
39295
39319
40094
39296
39320
40095
39297
39321
40096
39298
39322
40097
39299
39323
40098
39324
40099
39301
39325
40100
39302
39326
40101
39303
39327
40102
39304
39328
40103
39305
39329
40104
39306
39330
40105
39307
39331
40106
39308
39332
40107
39309
39333
40108
39310
39334
40109
39311
39335
40110
39312
39336
40111
39313
39337
40112
39314
39338
40113
39315
39339
40114
39316
39340
40115
39317
39341
40116
39318
39342
40117
39319
39343
40118
39320
39344
40119
39321
39345
40120
39322
39346
40121
39323
39347
40122
39324
39348
40123
39349
40124
39326
39350
40125
39327
39351
40126
39328
39352
40127
39329
39353
40128
39330
39354
40129
39331
39355
40130
39332
39356
40131
39333
39357
40132
39334
39358
40133
39335
39359
40134
39336
39360
40135
39337
39361
40136
39338
39362
40137
39339
39363
40138
39340
39364
40139
39341
39365
40140
39342
39366
40141
39343
39367
40142
39344
39368
40143
39345
39369
40144
39346
39370
40145
39347
39371
40146
39348
39372
40147
39349
39373
40148
39374
40149
39351
39375
40150
39352
39376
40151
39353
39377
40152
39354
39378
40153
39355
39379
40154
39356
39380
40155
39357
39381
40156
39358
39382
40157
39359
39383
40158
39360
39384
40159
39361
39385
40160
39362
39386
40161
39363
39387
40162
39364
39388
40163
39365
39389
40164
39366
39390
40165
39367
39391
40166
39368
39392
40167
39369
39393
40168
39370
39394
40169
39371
39395
40170
39372
39396
40171
39373
39397
40172
39374
39398
40173
39399
40174
39376
39400
40175
39377
39401
40176
39378
39402
40177
39379
39403
40178
39380
39404
40179
39381
39405
40180
39382
39406
40181
39383
39407
40182
39384
39408
40183
39385
39409
40184
39386
39410
40185
39387
39411
40186
39388
39412
40187
39389
39413
40188
39390
39414
40189
39391
39415
40190
39392
39416
40191
39393
39417
40192
39394
39418
40193
39395
39419
40194
39396
39420
40195
39397
39421
40196
39398
39422
40197
39399
39423
40198
39424
40199
39401
39425
40200
39402
39426
40201
39403
39427
40202
39404
39428
40203
39405
39429
40204
39406
39430
40205
39407
39431
40206
39408
39432
40207
39409
39433
40208
39410
39434
40209
39411
39435
40210
39412
39436
40211
39413
39437
40212
39414
39438
40213
39415
39439
40214
39416
39440
40215
39417
39441
40216
39418
39442
40217
39419
39443
40218
39420
39444
40219
39421
39445
40220
39422
39446
40221
39423
39447
40222
39424
39448
40223
39449
40224
39426
39450
40225
39427
39451
40226
39428
39452
40227
39429
39453
40228
39430
39454
40229
39431
39455
40230
39432
39456
40231
39433
39457
40232
39434
39458
40233
39435
39459
40234
39436
39460
40235
39437
39461
40236
39438
39462
40237
39439
39463
40238
39440
39464
40239
39441
39465
40240
39442
39466
40241
39443
39467
40242
39444
39468
40243
39445
39469
40244
39446
39470
40245
39447
39471
40246
39448
39472
40247
39449
39473
40248
39474
40249
39451
39475
40250
39452
39476
40251
39453
39477
40252
39454
39478
40253
39455
39479
40254
39456
39480
40255
39457
39481
40256
39458
39482
40257
39459
39483
40258
39460
39484
40259
39461
39485
40260
39462
39486
40261
39463
39487
40262
39464
39488
40263
39465
39489
40264
39466
39490
40265
39467
39491
40266
39468
39492
40267
39469
39493
40268
39470
39494
40269
39471
39495
40270
39472
39496
40271
39473
39497
40272
39474
39498
40273
39499
40274
39476
39500
40275
39477
39501
40276
39478
39502
40277
39479
39503
40278
39480
39504
40279
39481
39505
40280
39482
39506
40281
39483
39507
40282
39484
39508
40283
39485
39509
40284
39486
39510
40285
39487
39511
40286
39488
39512
40287
39489
39513
40288
39490
39514
40289
39491
39515
40290
39492
39516
40291
39493
39517
40292
39494
39518
40293
39495
39519
40294
39496
39520
40295
39497
39521
40296
39498
39522
40297
39499
39523
40298
39524
40299
39501
39525
40300
39502
39526
40301
39503
39527
40302
39504
39528
40303
39505
39529
40304
39506
39530
40305
39507
39531
40306
39508
39532
40307
39509
39533
40308
39510
39534
40309
39511
39535
40310
39512
39536
40311
39513
39537
40312
39514
39538
40313
39515
39539
40314
39516
39540
40315
39517
39541
40316
39518
39542
40317
39519
39543
40318
39520
39544
40319
39521
39545
40320
39522
39546
40321
39523
39547
40322
39524
39548
40323
39549
40324
39526
39550
40325
39527
39551
40326
39528
39552
40327
39529
39553
40328
39530
39554
40329
39531
39555
40330
39532
39556
40331
39533
39557
40332
39534
39558
40333
39535
39559
40334
39536
39560
40335
39537
39561
40336
39538
39562
40337
39539
39563
40338
39540
39564
40339
39541
39565
40340
39542
39566
40341
39543
39567
40342
39544
39568
40343
39545
39569
40344
39546
39570
40345
39547
39571
40346
39548
39572
40347
39549
39573
40348
39574
40349
39551
39575
40350
39552
39576
40351
39553
39577
40352
39554
39578
40353
39555
39579
40354
39556
39580
40355
39557
39581
40356
39558
39582
40357
39559
39583
40358
39560
39584
40359
39561
39585
40360
39562
39586
40361
39563
39587
40362
39564
39588
40363
39565
39589
40364
39566
39590
40365
39567
39591
40366
39568
39592
40367
39569
39593
40368
39570
39594
40369
39571
39595
40370
39572
39596
40371
39573
39597
40372
39574
39598
40373
39599
40374
39576
39600
40375
39577
39601
40376
39578
39602
40377
39579
39603
40378
39580
39604
40379
39581
39605
40380
39582
39606
40381
39583
39607
40382
39584
39608
40383
39585
39609
40384
39586
39610
40385
39587
39611
40386
39588
39612
40387
39589
39613
40388
39590
39614
40389
39591
39615
40390
39592
39616
40391
39593
39617
40392
39594
39618
40393
39595
39619
40394
39596
39620
40395
39597
39621
40396
39598
39622
40397
39599
39623
40398
39624
40399
39601
39625
40400
39602
39626
40401
39603
39627
40402
39604
39628
40403
39605
39629
40404
39606
39630
40405
39607
39631
40406
39608
39632
40407
39609
39633
40408
39610
39634
40409
39611
39635
40410
39612
39636
40411
39613
39637
40412
39614
39638
40413
39615
39639
40414
39616
39640
40415
39617
39641
40416
39618
39642
40417
39619
39643
40418
39620
39644
40419
39621
39645
40420
39622
39646
40421
39623
39647
40422
39624
39648
40423
39649
40424
39626
39650
40425
39627
39651
40426
39628
39652
40427
39629
39653
40428
39630
39654
40429
39631
39655
40430
39632
39656
40431
39633
39657
40432
39634
39658
40433
39635
39659
40434
39636
39660
40435
39637
39661
40436
39638
39662
40437
39639
39663
40438
39640
39664
40439
39641
39665
40440
39642
39666
40441
39643
39667
40442
39644
39668
40443
39645
39669
40444
39646
39670
40445
39647
39671
40446
39648
39672
40447
39649
39673
40448
39674
40449
39651
39675
40450
39652
39676
40451
39653
39677
40452
39654
39678
40453
39655
39679
40454
39656
39680
40455
39657
39681
40456
39658
39682
40457
39659
39683
40458
39660
39684
40459
39661
39685
40460
39662
39686
40461
39663
39687
40462
39664
39688
40463
39665
39689
40464
39666
39690
40465
39667
39691
40466
39668
39692
40467
39669
39693
40468
39670
39694
40469
39671
39695
40470
39672
39696
40471
39673
39697
40472
39674
39698
40473
39699
40474
39676
39700
40475
39677
39701
40476
39678
39702
40477
39679
39703
40478
39680
39704
40479
39681
39705
40480
39682
39706
40481
39683
39707
40482
39684
39708
40483
39685
39709
40484
39686
39710
40485
39687
39711
40486
39688
39712
40487
39689
39713
40488
39690
39714
40489
39691
39715
40490
39692
39716
40491
39693
39717
40492
39694
39718
40493
39695
39719
40494
39696
39720
40495
39697
39721
40496
39698
39722
40497
39699
39723
40498
39724
40499
39701
39725
40500
39702
39726
40501
39703
39727
40502
39704
39728
40503
39705
39729
40504
39706
39730
40505
39707
39731
40506
39708
39732
40507
39709
39733
40508
39710
39734
40509
39711
39735
40510
39712
39736
40511
39713
39737
40512
39714
39738
40513
39715
39739
40514
39716
39740
40515
39717
39741
40516
39718
39742
40517
39719
39743
40518
39720
39744
40519
39721
39745
40520
39722
39746
40521
39723
39747
40522
39724
39748
40523
39749
40524
39726
39750
40525
39727
39751
40526
39728
39752
40527
39729
39753
40528
39730
39754
40529
39731
39755
40530
39732
39756
40531
39733
39757
40532
39734
39758
40533
39735
39759
40534
39736
39760
40535
39737
39761
40536
39738
39762
40537
39739
39763
40538
39740
39764
40539
39741
39765
40540
39742
39766
40541
39743
39767
40542
39744
39768
40543
39745
39769
40544
39746
39770
40545
39747
39771
40546
39748
39772
40547
39749
39773
40548
39774
40549
39751
39775
40550
39752
39776
40551
39753
39777
40552
39754
39778
40553
39755
39779
40554
39756
39780
40555
39757
39781
40556
39758
39782
40557
39759
39783
40558
39760
39784
40559
39761
39785
40560
39762
39786
40561
39763
39787
40562
39764
39788
40563
39765
39789
40564
39766
39790
40565
39767
39791
40566
39768
39792
40567
39769
39793
40568
39770
39794
40569
39771
39795
40570
39772
39796
40571
39773
39797
40572
39774
39798
40573
39799
40574
39776
39800
40575
39777
39801
40576
39778
39802
40577
39779
39803
40578
39780
39804
40579
39781
39805
40580
39782
39806
40581
39783
39807
40582
39784
39808
40583
39785
39809
40584
39786
39810
40585
39787
39811
40586
39788
39812
40587
39789
39813
40588
39790
39814
40589
39791
39815
40590
39792
39816
40591
39793
39817
40592
39794
39818
40593
39795
39819
40594
39796
39820
40595
39797
39821
40596
39798
39822
40597
39799
39823
40598
39824
40599
39801
39825
40600
39802
39826
40601
39803
39827
40602
39804
39828
40603
39805
39829
40604
39806
39830
40605
39807
39831
40606
39808
39832
40607
39809
39833
40608
39810
39834
40609
39811
39835
40610
39812
39836
40611
39813
39837
40612
39814
39838
40613
39815
39839
40614
39816
39840
40615
39817
39841
40616
39818
39842
40617
39819
39843
40618
39820
39844
40619
39821
39845
40620
39822
39846
40621
39823
39847
40622
39824
39848
40623
39849
40624
39826
39850
40625
39827
39851
40626
39828
39852
40627
39829
39853
40628
39830
39854
40629
39831
39855
40630
39832
39856
40631
39833
39857
40632
39834
39858
40633
39835
39859
40634
39836
39860
40635
39837
39861
40636
39838
39862
40637
39839
39863
40638
39840
39864
40639
39841
39865
40640
39842
39866
40641
39843
39867
40642
39844
39868
40643
39845
39869
40644
39846
39870
40645
39847
39871
40646
39848
39872
40647
39849
39873
40648
39874
40649
39851
39875
40650
39852
39876
40651
39853
39877
40652
39854
39878
40653
39855
39879
40654
39856
39880
40655
39857
39881
40656
39858
39882
40657
39859
39883
40658
39860
39884
40659
39861
39885
40660
39862
39886
40661
39863
39887
40662
39864
39888
40663
39865
39889
40664
39866
39890
40665
39867
39891
40666
39868
39892
40667
39869
39893
40668
39870
39894
40669
39871
39895
40670
39872
39896
40671
39873
39897
40672
39874
39898
40673
39899
40674
39876
39900
40675
39877
39901
40676
39878
39902
40677
39879
39903
40678
39880
39904
40679
39881
39905
40680
39882
39906
40681
39883
39907
40682
39884
39908
40683
39885
39909
40684
39886
39910
40685
39887
39911
40686
39888
39912
40687
39889
39913
40688
39890
39914
40689
39891
39915
40690
39892
39916
40691
39893
39917
40692
39894
39918
40693
39895
39919
40694
39896
39920
40695
39897
39921
40696
39898
39922
40697
39899
39923
40698
39924
40699
39901
39925
40700
39902
39926
40701
39903
39927
40702
39904
39928
40703
39905
39929
40704
39906
39930
40705
39907
39931
40706
39908
39932
40707
39909
39933
40708
39910
39934
40709
39911
39935
40710
39912
39936
40711
39913
39937
40712
39914
39938
40713
39915
39939
40714
39916
39940
40715
39917
39941
40716
39918
39942
40717
39919
39943
40718
39920
39944
40719
39921
39945
40720
39922
39946
40721
39923
39947
40722
39924
39948
40723
39949
40724
39926
39950
40725
39927
39951
40726
39928
39952
40727
39929
39953
40728
39930
39954
40729
39931
39955
40730
39932
39956
40731
39933
39957
40732
39934
39958
40733
39935
39959
40734
39936
39960
40735
39937
39961
40736
39938
39962
40737
39939
39963
40738
39940
39964
40739
39941
39965
40740
39942
39966
40741
39943
39967
40742
39944
39968
40743
39945
39969
40744
39946
39970
40745
39947
39971
40746
39948
39972
40747
39949
39973
40748
39974
40749
39951
39975
40750
39952
39976
40751
39953
39977
40752
39954
39978
40753
39955
39979
40754
39956
39980
40755
39957
39981
40756
39958
39982
40757
39959
39983
40758
39960
39984
40759
39961
39985
40760
39962
39986
40761
39963
39987
40762
39964
39988
40763
39965
39989
40764
39966
39990
40765
39967
39991
40766
39968
39992
40767
39969
39993
40768
39970
39994
40769
39971
39995
40770
39972
39996
40771
39973
39997
40772
39974
39998
40773
39999
40774
39976
40775
39977
40776
39978
40777
39979
40778
39980
40779
39981
40780
39982
40781
39983
40782
39984
40783
39985
40784
39986
40785
39987
40786
39988
40787
39989
40788
39990
40789
39991
40790
39992
40791
39993
40792
39994
40793
39995
40794
39996
40795
39997
40796
39998
40797
39999
40798
40799
40001
40025
40800
40002
40026
40801
40003
40027
40802
40004
40028
40803
40005
40029
40804
40006
40030
40805
40007
40031
40806
40008
40032
40807
40009
40033
40808
40010
40034
40809
40011
40035
40810
40012
40036
40811
40013
40037
40812
40014
40038
40813
40015
40039
40814
40016
40040
40815
40017
40041
40816
40018
40042
40817
40019
40043
40818
40020
40044
40819
40021
40045
40820
40022
40046
40821
40023
40047
40822
40024
40048
40823
40049
40824
40026
40050
40825
40027
40051
40826
40028
40052
40827
40029
40053
40828
40030
40054
40829
40031
40055
40830
40032
40056
40831
40033
40057
40832
40034
40058
40833
40035
40059
40834
40036
40060
40835
40037
40061
40836
40038
40062
40837
40039
40063
40838
40040
40064
40839
40041
40065
40840
40042
40066
40841
40043
40067
40842
40044
40068
40843
40045
40069
40844
40046
40070
40845
40047
40071
40846
40048
40072
40847
40049
40073
40848
40074
40849
40051
40075
40850
40052
40076
40851
40053
40077
40852
40054
40078
40853
40055
40079
40854
40056
40080
40855
40057
40081
40856
40058
40082
40857
40059
40083
40858
40060
40084
40859
40061
40085
40860
40062
40086
40861
40063
40087
40862
40064
40088
40863
40065
40089
40864
40066
40090
40865
40067
40091
40866
40068
40092
40867
40069
40093
40868
40070
40094
40869
40071
40095
40870
40072
40096
40871
40073
40097
40872
40074
40098
40873
40099
40874
40076
40100
40875
40077
40101
40876
40078
40102
40877
40079
40103
40878
40080
40104
40879
40081
40105
40880
40082
40106
40881
40083
40107
40882
40084
40108
40883
40085
40109
40884
40086
40110
40885
40087
40111
40886
40088
40112
40887
40089
40113
40888
40090
40114
40889
40091
40115
40890
40092
40116
40891
40093
40117
40892
40094
40118
40893
40095
40119
40894
40096
40120
40895
40097
40121
40896
40098
40122
40897
40099
40123
40898
40124
40899
40101
40125
40900
40102
40126
40901
40103
40127
40902
40104
40128
40903
40105
40129
40904
40106
40130
40905
40107
40131
40906
40108
40132
40907
40109
40133
40908
40110
40134
40909
40111
40135
40910
40112
40136
40911
40113
40137
40912
40114
40138
40913
40115
40139
40914
40116
40140
40915
40117
40141
40916
40118
40142
40917
40119
40143
40918
40120
40144
40919
40121
40145
40920
40122
40146
40921
40123
40147
40922
40124
40148
40923
40149
40924
40126
40150
40925
40127
40151
40926
40128
40152
40927
40129
40153
40928
40130
40154
40929
40131
40155
40930
40132
40156
40931
40133
40157
40932
40134
40158
40933
40135
40159
40934
40136
40160
40935
40137
40161
40936
40138
40162
40937
40139
40163
40938
40140
40164
40939
40141
40165
40940
40142
40166
40941
40143
40167
40942
40144
40168
40943
40145
40169
40944
40146
40170
40945
40147
40171
40946
40148
40172
40947
40149
40173
40948
40174
40949
40151
40175
40950
40152
40176
40951
40153
40177
40952
40154
40178
40953
40155
40179
40954
40156
40180
40955
40157
40181
40956
40158
40182
40957
40159
40183
40958
40160
40184
40959
40161
40185
40960
40162
40186
40961
40163
40187
40962
40164
40188
40963
40165
40189
40964
40166
40190
40965
40167
40191
40966
40168
40192
40967
40169
40193
40968
40170
40194
40969
40171
40195
40970
40172
40196
40971
40173
40197
40972
40174
40198
40973
40199
40974
40176
40200
40975
40177
40201
40976
40178
40202
40977
40179
40203
40978
40180
40204
40979
40181
40205
40980
40182
40206
40981
40183
40207
40982
40184
40208
40983
40185
40209
40984
40186
40210
40985
40187
40211
40986
40188
40212
40987
40189
40213
40988
40190
40214
40989
40191
40215
40990
40192
40216
40991
40193
40217
40992
40194
40218
40993
40195
40219
40994
40196
40220
40995
40197
40221
40996
40198
40222
40997
40199
40223
40998
40224
40999
40201
40225
41000
40202
40226
41001
40203
40227
41002
40204
40228
41003
40205
40229
41004
40206
40230
41005
40207
40231
41006
40208
40232
41007
40209
40233
41008
40210
40234
41009
40211
40235
41010
40212
40236
41011
40213
40237
41012
40214
40238
41013
40215
40239
41014
40216
40240
41015
40217
40241
41016
40218
40242
41017
40219
40243
41018
40220
40244
41019
40221
40245
41020
40222
40246
41021
40223
40247
41022
40224
40248
41023
40249
41024
40226
40250
41025
40227
40251
41026
40228
40252
41027
40229
40253
41028
40230
40254
41029
40231
40255
41030
40232
40256
41031
40233
40257
41032
40234
40258
41033
40235
40259
41034
40236
40260
41035
40237
40261
41036
40238
40262
41037
40239
40263
41038
40240
40264
41039
40241
40265
41040
40242
40266
41041
40243
40267
41042
40244
40268
41043
40245
40269
41044
40246
40270
41045
40247
40271
41046
40248
40272
41047
40249
40273
41048
40274
41049
40251
40275
41050
40252
40276
41051
40253
40277
41052
40254
40278
41053
40255
40279
41054
40256
40280
41055
40257
40281
41056
40258
40282
41057
40259
40283
41058
40260
40284
41059
40261
40285
41060
40262
40286
41061
40263
40287
41062
40264
40288
41063
40265
40289
41064
40266
40290
41065
40267
40291
41066
40268
40292
41067
40269
40293
41068
40270
40294
41069
40271
40295
41070
40272
40296
41071
40273
40297
41072
40274
40298
41073
40299
41074
40276
40300
41075
40277
40301
41076
40278
40302
41077
40279
40303
41078
40280
40304
41079
40281
40305
41080
40282
40306
41081
40283
40307
41082
40284
40308
41083
40285
40309
41084
40286
40310
41085
40287
40311
41086
40288
40312
41087
40289
40313
41088
40290
40314
41089
40291
40315
41090
40292
40316
41091
40293
40317
41092
40294
40318
41093
40295
40319
41094
40296
40320
41095
40297
40321
41096
40298
40322
41097
40299
40323
41098
40324
41099
40301
40325
41100
40302
40326
41101
40303
40327
41102
40304
40328
41103
40305
40329
41104
40306
40330
41105
40307
40331
41106
40308
40332
41107
40309
40333
41108
40310
40334
41109
40311
40335
41110
40312
40336
41111
40313
40337
41112
40314
40338
41113
40315
40339
41114
40316
40340
41115
40317
40341
41116
40318
40342
41117
40319
40343
41118
40320
40344
41119
40321
40345
41120
40322
40346
41121
40323
40347
41122
40324
40348
41123
40349
41124
40326
40350
41125
40327
40351
41126
40328
40352
41127
40329
40353
41128
40330
40354
41129
40331
40355
41130
40332
40356
41131
40333
40357
41132
40334
40358
41133
40335
40359
41134
40336
40360
41135
40337
40361
41136
40338
40362
41137
40339
40363
41138
40340
40364
41139
40341
40365
41140
40342
40366
41141
40343
40367
41142
40344
40368
41143
40345
40369
41144
40346
40370
41145
40347
40371
41146
40348
40372
41147
40349
40373
41148
40374
41149
40351
40375
41150
40352
40376
41151
40353
40377
41152
40354
40378
41153
40355
40379
41154
40356
40380
41155
40357
40381
41156
40358
40382
41157
40359
40383
41158
40360
40384
41159
40361
40385
41160
40362
40386
41161
40363
40387
41162
40364
40388
41163
40365
40389
41164
40366
40390
41165
40367
40391
41166
40368
40392
41167
40369
40393
41168
40370
40394
41169
40371
40395
41170
40372
40396
41171
40373
40397
41172
40374
40398
41173
40399
41174
40376
40400
41175
40377
40401
41176
40378
40402
41177
40379
40403
41178
40380
40404
41179
40381
40405
41180
40382
40406
41181
40383
40407
41182
40384
40408
41183
40385
40409
41184
40386
40410
41185
40387
40411
41186
40388
40412
41187
40389
40413
41188
40390
40414
41189
40391
40415
41190
40392
40416
41191
40393
40417
41192
40394
40418
41193
40395
40419
41194
40396
40420
41195
40397
40421
41196
40398
40422
41197
40399
40423
41198
40424
41199
40401
40425
41200
40402
40426
41201
40403
40427
41202
40404
40428
41203
40405
40429
41204
40406
40430
41205
40407
40431
41206
40408
40432
41207
40409
40433
41208
40410
40434
41209
40411
40435
41210
40412
40436
41211
40413
40437
41212
40414
40438
41213
40415
40439
41214
40416
40440
41215
40417
40441
41216
40418
40442
41217
40419
40443
41218
40420
40444
41219
40421
40445
41220
40422
40446
41221
40423
40447
41222
40424
40448
41223
40449
41224
40426
40450
41225
40427
40451
41226
40428
40452
41227
40429
40453
41228
40430
40454
41229
40431
40455
41230
40432
40456
41231
40433
40457
41232
40434
40458
41233
40435
40459
41234
40436
40460
41235
40437
40461
41236
40438
40462
41237
40439
40463
41238
40440
40464
41239
40441
40465
41240
40442
40466
41241
40443
40467
41242
40444
40468
41243
40445
40469
41244
40446
40470
41245
40447
40471
41246
40448
40472
41247
40449
40473
41248
40474
41249
40451
40475
41250
40452
40476
41251
40453
40477
41252
40454
40478
41253
40455
40479
41254
40456
40480
41255
40457
40481
41256
40458
40482
41257
40459
40483
41258
40460
40484
41259
40461
40485
41260
40462
40486
41261
40463
40487
41262
40464
40488
41263
40465
40489
41264
40466
40490
41265
40467
40491
41266
40468
40492
41267
40469
40493
41268
40470
40494
41269
40471
40495
41270
40472
40496
41271
40473
40497
41272
40474
40498
41273
40499
41274
40476
40500
41275
40477
40501
41276
40478
40502
41277
40479
40503
41278
40480
40504
41279
40481
40505
41280
40482
40506
41281
40483
40507
41282
40484
40508
41283
40485
40509
41284
40486
40510
41285
40487
40511
41286
40488
40512
41287
40489
40513
41288
40490
40514
41289
40491
40515
41290
40492
40516
41291
40493
40517
41292
40494
40518
41293
40495
40519
41294
40496
40520
41295
40497
40521
41296
40498
40522
41297
40499
40523
41298
40524
41299
40501
40525
41300
40502
40526
41301
40503
40527
41302
40504
40528
41303
40505
40529
41304
40506
40530
41305
40507
40531
41306
40508
40532
41307
40509
40533
41308
40510
40534
41309
40511
40535
41310
40512
40536
41311
40513
40537
41312
40514
40538
41313
40515
40539
41314
40516
40540
41315
40517
40541
41316
40518
40542
41317
40519
40543
41318
40520
40544
41319
40521
40545
41320
40522
40546
41321
40523
40547
41322
40524
40548
41323
40549
41324
40526
40550
41325
40527
40551
41326
40528
40552
41327
40529
40553
41328
40530
40554
41329
40531
40555
41330
40532
40556
41331
40533
40557
41332
40534
40558
41333
40535
40559
41334
40536
40560
41335
40537
40561
41336
40538
40562
41337
40539
40563
41338
40540
40564
41339
40541
40565
41340
40542
40566
41341
40543
40567
41342
40544
40568
41343
40545
40569
41344
40546
40570
41345
40547
40571
41346
40548
40572
41347
40549
40573
41348
40574
41349
40551
40575
41350
40552
40576
41351
40553
40577
41352
40554
40578
41353
40555
40579
41354
40556
40580
41355
40557
40581
41356
40558
40582
41357
40559
40583
41358
40560
40584
41359
40561
40585
41360
40562
40586
41361
40563
40587
41362
40564
40588
41363
40565
40589
41364
40566
40590
41365
40567
40591
41366
40568
40592
41367
40569
40593
41368
40570
40594
41369
40571
40595
41370
40572
40596
41371
40573
40597
41372
40574
40598
41373
40599
41374
40576
40600
41375
40577
40601
41376
40578
40602
41377
40579
40603
41378
40580
40604
41379
40581
40605
41380
40582
40606
41381
40583
40607
41382
40584
40608
41383
40585
40609
41384
40586
40610
41385
40587
40611
41386
40588
40612
41387
40589
40613
41388
40590
40614
41389
40591
40615
41390
40592
40616
41391
40593
40617
41392
40594
40618
41393
40595
40619
41394
40596
40620
41395
40597
40621
41396
40598
40622
41397
40599
40623
41398
40624
41399
40601
40625
41400
40602
40626
41401
40603
40627
41402
40604
40628
41403
40605
40629
41404
40606
40630
41405
40607
40631
41406
40608
40632
41407
40609
40633
41408
40610
40634
41409
40611
40635
41410
40612
40636
41411
40613
40637
41412
40614
40638
41413
40615
40639
41414
40616
40640
41415
40617
40641
41416
40618
40642
41417
40619
40643
41418
40620
40644
41419
40621
40645
41420
40622
40646
41421
40623
40647
41422
40624
40648
41423
40649
41424
40626
40650
41425
40627
40651
41426
40628
40652
41427
40629
40653
41428
40630
40654
41429
40631
40655
41430
40632
40656
41431
40633
40657
41432
40634
40658
41433
40635
40659
41434
40636
40660
41435
40637
40661
41436
40638
40662
41437
40639
40663
41438
40640
40664
41439
40641
40665
41440
40642
40666
41441
40643
40667
41442
40644
40668
41443
40645
40669
41444
40646
40670
41445
40647
40671
41446
40648
40672
41447
40649
40673
41448
40674
41449
40651
40675
41450
40652
40676
41451
40653
40677
41452
40654
40678
41453
40655
40679
41454
40656
40680
41455
40657
40681
41456
40658
40682
41457
40659
40683
41458
40660
40684
41459
40661
40685
41460
40662
40686
41461
40663
40687
41462
40664
40688
41463
40665
40689
41464
40666
40690
41465
40667
40691
41466
40668
40692
41467
40669
40693
41468
40670
40694
41469
40671
40695
41470
40672
40696
41471
40673
40697
41472
40674
40698
41473
40699
41474
40676
40700
41475
40677
40701
41476
40678
40702
41477
40679
40703
41478
40680
40704
41479
40681
40705
41480
40682
40706
41481
40683
40707
41482
40684
40708
41483
40685
40709
41484
40686
40710
41485
40687
40711
41486
40688
40712
41487
40689
40713
41488
40690
40714
41489
40691
40715
41490
40692
40716
41491
40693
40717
41492
40694
40718
41493
40695
40719
41494
40696
40720
41495
40697
40721
41496
40698
40722
41497
40699
40723
41498
40724
41499
40701
40725
41500
40702
40726
41501
40703
40727
41502
40704
40728
41503
40705
40729
41504
40706
40730
41505
40707
40731
41506
40708
40732
41507
40709
40733
41508
40710
40734
41509
40711
40735
41510
40712
40736
41511
40713
40737
41512
40714
40738
41513
40715
40739
41514
40716
40740
41515
40717
40741
41516
40718
40742
41517
40719
40743
41518
40720
40744
41519
40721
40745
41520
40722
40746
41521
40723
40747
41522
40724
40748
41523
40749
41524
40726
40750
41525
40727
40751
41526
40728
40752
41527
40729
40753
41528
40730
40754
41529
40731
40755
41530
40732
40756
41531
40733
40757
41532
40734
40758
41533
40735
40759
41534
40736
40760
41535
40737
40761
41536
40738
40762
41537
40739
40763
41538
40740
40764
41539
40741
40765
41540
40742
40766
41541
40743
40767
41542
40744
40768
41543
40745
40769
41544
40746
40770
41545
40747
40771
41546
40748
40772
41547
40749
40773
41548
40774
41549
40751
40775
41550
40752
40776
41551
40753
40777
41552
40754
40778
41553
40755
40779
41554
40756
40780
41555
40757
40781
41556
40758
40782
41557
40759
40783
41558
40760
40784
41559
40761
40785
41560
40762
40786
41561
40763
40787
41562
40764
40788
41563
40765
40789
41564
40766
40790
41565
40767
40791
41566
40768
40792
41567
40769
40793
41568
40770
40794
41569
40771
40795
41570
40772
40796
41571
40773
40797
41572
40774
40798
41573
40799
41574
40776
41575
40777
41576
40778
41577
40779
41578
40780
41579
40781
41580
40782
41581
40783
41582
40784
41583
40785
41584
40786
41585
40787
41586
40788
41587
40789
41588
40790
41589
40791
41590
40792
41591
40793
41592
40794
41593
40795
41594
40796
41595
40797
41596
40798
41597
40799
41598
41599
40801
40825
41600
40802
40826
41601
40803
40827
41602
40804
40828
41603
40805
40829
41604
40806
40830
41605
40807
40831
41606
40808
40832
41607
40809
40833
41608
40810
40834
41609
40811
40835
41610
40812
40836
41611
40813
40837
41612
40814
40838
41613
40815
40839
41614
40816
40840
41615
40817
40841
41616
40818
40842
41617
40819
40843
41618
40820
40844
41619
40821
40845
41620
40822
40846
41621
40823
40847
41622
40824
40848
41623
40849
41624
40826
40850
41625
40827
40851
41626
40828
40852
41627
40829
40853
41628
40830
40854
41629
40831
40855
41630
40832
40856
41631
40833
40857
41632
40834
40858
41633
40835
40859
41634
40836
40860
41635
40837
40861
41636
40838
40862
41637
40839
40863
41638
40840
40864
41639
40841
40865
41640
40842
40866
41641
40843
40867
41642
40844
40868
41643
40845
40869
41644
40846
40870
41645
40847
40871
41646
40848
40872
41647
40849
40873
41648
40874
41649
40851
40875
41650
40852
40876
41651
40853
40877
41652
40854
40878
41653
40855
40879
41654
40856
40880
41655
40857
40881
41656
40858
40882
41657
40859
40883
41658
40860
40884
41659
40861
40885
41660
40862
40886
41661
40863
40887
41662
40864
40888
41663
40865
40889
41664
40866
40890
41665
40867
40891
41666
40868
40892
41667
40869
40893
41668
40870
40894
41669
40871
40895
41670
40872
40896
41671
40873
40897
41672
40874
40898
41673
40899
41674
40876
40900
41675
40877
40901
41676
40878
40902
41677
40879
40903
41678
40880
40904
41679
40881
40905
41680
40882
40906
41681
40883
40907
41682
40884
40908
41683
40885
40909
41684
40886
40910
41685
40887
40911
41686
40888
40912
41687
40889
40913
41688
40890
40914
41689
40891
40915
41690
40892
40916
41691
40893
40917
41692
40894
40918
41693
40895
40919
41694
40896
40920
41695
40897
40921
41696
40898
40922
41697
40899
40923
41698
40924
41699
40901
40925
41700
40902
40926
41701
40903
40927
41702
40904
40928
41703
40905
40929
41704
40906
40930
41705
40907
40931
41706
40908
40932
41707
40909
40933
41708
40910
40934
41709
40911
40935
41710
40912
40936
41711
40913
40937
41712
40914
40938
41713
40915
40939
41714
40916
40940
41715
40917
40941
41716
40918
40942
41717
40919
40943
41718
40920
40944
41719
40921
40945
41720
40922
40946
41721
40923
40947
41722
40924
40948
41723
40949
41724
40926
40950
41725
40927
40951
41726
40928
40952
41727
40929
40953
41728
40930
40954
41729
40931
40955
41730
40932
40956
41731
40933
40957
41732
40934
40958
41733
40935
40959
41734
40936
40960
41735
40937
40961
41736
40938
40962
41737
40939
40963
41738
40940
40964
41739
40941
40965
41740
40942
40966
41741
40943
40967
41742
40944
40968
41743
40945
40969
41744
40946
40970
41745
40947
40971
41746
40948
40972
41747
40949
40973
41748
40974
41749
40951
40975
41750
40952
40976
41751
40953
40977
41752
40954
40978
41753
40955
40979
41754
40956
40980
41755
40957
40981
41756
40958
40982
41757
40959
40983
41758
40960
40984
41759
40961
40985
41760
40962
40986
41761
40963
40987
41762
40964
40988
41763
40965
40989
41764
40966
40990
41765
40967
40991
41766
40968
40992
41767
40969
40993
41768
40970
40994
41769
40971
40995
41770
40972
40996
41771
40973
40997
41772
40974
40998
41773
40999
41774
40976
41000
41775
40977
41001
41776
40978
41002
41777
40979
41003
41778
40980
41004
41779
40981
41005
41780
40982
41006
41781
40983
41007
41782
40984
41008
41783
40985
41009
41784
40986
41010
41785
40987
41011
41786
40988
41012
41787
40989
41013
41788
40990
41014
41789
40991
41015
41790
40992
41016
41791
40993
41017
41792
40994
41018
41793
40995
41019
41794
40996
41020
41795
40997
41021
41796
40998
41022
41797
40999
41023
41798
41024
41799
41001
41025
41800
41002
41026
41801
41003
41027
41802
41004
41028
41803
41005
41029
41804
41006
41030
41805
41007
41031
41806
41008
41032
41807
41009
41033
41808
41010
41034
41809
41011
41035
41810
41012
41036
41811
41013
41037
41812
41014
41038
41813
41015
41039
41814
41016
41040
41815
41017
41041
41816
41018
41042
41817
41019
41043
41818
41020
41044
41819
41021
41045
41820
41022
41046
41821
41023
41047
41822
41024
41048
41823
41049
41824
41026
41050
41825
41027
41051
41826
41028
41052
41827
41029
41053
41828
41030
41054
41829
41031
41055
41830
41032
41056
41831
41033
41057
41832
41034
41058
41833
41035
41059
41834
41036
41060
41835
41037
41061
41836
41038
41062
41837
41039
41063
41838
41040
41064
41839
41041
41065
41840
41042
41066
41841
41043
41067
41842
41044
41068
41843
41045
41069
41844
41046
41070
41845
41047
41071
41846
41048
41072
41847
41049
41073
41848
41074
41849
41051
41075
41850
41052
41076
41851
41053
41077
41852
41054
41078
41853
41055
41079
41854
41056
41080
41855
41057
41081
41856
41058
41082
41857
41059
41083
41858
41060
41084
41859
41061
41085
41860
41062
41086
41861
41063
41087
41862
41064
41088
41863
41065
41089
41864
41066
41090
41865
41067
41091
41866
41068
41092
41867
41069
41093
41868
41070
41094
41869
41071
41095
41870
41072
41096
41871
41073
41097
41872
41074
41098
41873
41099
41874
41076
41100
41875
41077
41101
41876
41078
41102
41877
41079
41103
41878
41080
41104
41879
41081
41105
41880
41082
41106
41881
41083
41107
41882
41084
41108
41883
41085
41109
41884
41086
41110
41885
41087
41111
41886
41088
41112
41887
41089
41113
41888
41090
41114
41889
41091
41115
41890
41092
41116
41891
41093
41117
41892
41094
41118
41893
41095
41119
41894
41096
41120
41895
41097
41121
41896
41098
41122
41897
41099
41123
41898
41124
41899
41101
41125
41900
41102
41126
41901
41103
41127
41902
41104
41128
41903
41105
41129
41904
41106
41130
41905
41107
41131
41906
41108
41132
41907
41109
41133
41908
41110
41134
41909
41111
41135
41910
41112
41136
41911
41113
41137
41912
41114
41138
41913
41115
41139
41914
41116
41140
41915
41117
41141
41916
41118
41142
41917
41119
41143
41918
41120
41144
41919
41121
41145
41920
41122
41146
41921
41123
41147
41922
41124
41148
41923
41149
41924
41126
41150
41925
41127
41151
41926
41128
41152
41927
41129
41153
41928
41130
41154
41929
41131
41155
41930
41132
41156
41931
41133
41157
41932
41134
41158
41933
41135
41159
41934
41136
41160
41935
41137
41161
41936
41138
41162
41937
41139
41163
41938
41140
41164
41939
41141
41165
41940
41142
41166
41941
41143
41167
41942
41144
41168
41943
41145
41169
41944
41146
41170
41945
41147
41171
41946
41148
41172
41947
41149
41173
41948
41174
41949
41151
41175
41950
41152
41176
41951
41153
41177
41952
41154
41178
41953
41155
41179
41954
41156
41180
41955
41157
41181
41956
41158
41182
41957
41159
41183
41958
41160
41184
41959
41161
41185
41960
41162
41186
41961
41163
41187
41962
41164
41188
41963
41165
41189
41964
41166
41190
41965
41167
41191
41966
41168
41192
41967
41169
41193
41968
41170
41194
41969
41171
41195
41970
41172
41196
41971
41173
41197
41972
41174
41198
41973
41199
41974
41176
41200
41975
41177
41201
41976
41178
41202
41977
41179
41203
41978
41180
41204
41979
41181
41205
41980
41182
41206
41981
41183
41207
41982
41184
41208
41983
41185
41209
41984
41186
41210
41985
41187
41211
41986
41188
41212
41987
41189
41213
41988
41190
41214
41989
41191
41215
41990
41192
41216
41991
41193
41217
41992
41194
41218
41993
41195
41219
41994
41196
41220
41995
41197
41221
41996
41198
41222
41997
41199
41223
41998
41224
41999
41201
41225
42000
41202
41226
42001
41203
41227
42002
41204
41228
42003
41205
41229
42004
41206
41230
42005
41207
41231
42006
41208
41232
42007
41209
41233
42008
41210
41234
42009
41211
41235
42010
41212
41236
42011
41213
41237
42012
41214
41238
42013
41215
41239
42014
41216
41240
42015
41217
41241
42016
41218
41242
42017
41219
41243
42018
41220
41244
42019
41221
41245
42020
41222
41246
42021
41223
41247
42022
41224
41248
42023
41249
42024
41226
41250
42025
41227
41251
42026
41228
41252
42027
41229
41253
42028
41230
41254
42029
41231
41255
42030
41232
41256
42031
41233
41257
42032
41234
41258
42033
41235
41259
42034
41236
41260
42035
41237
41261
42036
41238
41262
42037
41239
41263
42038
41240
41264
42039
41241
41265
42040
41242
41266
42041
41243
41267
42042
41244
41268
42043
41245
41269
42044
41246
41270
42045
41247
41271
42046
41248
41272
42047
41249
41273
42048
41274
42049
41251
41275
42050
41252
41276
42051
41253
41277
42052
41254
41278
42053
41255
41279
42054
41256
41280
42055
41257
41281
42056
41258
41282
42057
41259
41283
42058
41260
41284
42059
41261
41285
42060
41262
41286
42061
41263
41287
42062
41264
41288
42063
41265
41289
42064
41266
41290
42065
41267
41291
42066
41268
41292
42067
41269
41293
42068
41270
41294
42069
41271
41295
42070
41272
41296
42071
41273
41297
42072
41274
41298
42073
41299
42074
41276
41300
42075
41277
41301
42076
41278
41302
42077
41279
41303
42078
41280
41304
42079
41281
41305
42080
41282
41306
42081
41283
41307
42082
41284
41308
42083
41285
41309
42084
41286
41310
42085
41287
41311
42086
41288
41312
42087
41289
41313
42088
41290
41314
42089
41291
41315
42090
41292
41316
42091
41293
41317
42092
41294
41318
42093
41295
41319
42094
41296
41320
42095
41297
41321
42096
41298
41322
42097
41299
41323
42098
41324
42099
41301
41325
42100
41302
41326
42101
41303
41327
42102
41304
41328
42103
41305
41329
42104
41306
41330
42105
41307
41331
42106
41308
41332
42107
41309
41333
42108
41310
41334
42109
41311
41335
42110
41312
41336
42111
41313
41337
42112
41314
41338
42113
41315
41339
42114
41316
41340
42115
41317
41341
42116
41318
41342
42117
41319
41343
42118
41320
41344
42119
41321
41345
42120
41322
41346
42121
41323
41347
42122
41324
41348
42123
41349
42124
41326
41350
42125
41327
41351
42126
41328
41352
42127
41329
41353
42128
41330
41354
42129
41331
41355
42130
41332
41356
42131
41333
41357
42132
41334
41358
42133
41335
41359
42134
41336
41360
42135
41337
41361
42136
41338
41362
42137
41339
41363
42138
41340
41364
42139
41341
41365
42140
41342
41366
42141
41343
41367
42142
41344
41368
42143
41345
41369
42144
41346
41370
42145
41347
41371
42146
41348
41372
42147
41349
41373
42148
41374
42149
41351
41375
42150
41352
41376
42151
41353
41377
42152
41354
41378
42153
41355
41379
42154
41356
41380
42155
41357
41381
42156
41358
41382
42157
41359
41383
42158
41360
41384
42159
41361
41385
42160
41362
41386
42161
41363
41387
42162
41364
41388
42163
41365
41389
42164
41366
41390
42165
41367
41391
42166
41368
41392
42167
41369
41393
42168
41370
41394
42169
41371
41395
42170
41372
41396
42171
41373
41397
42172
41374
41398
42173
41399
42174
41376
41400
42175
41377
41401
42176
41378
41402
42177
41379
41403
42178
41380
41404
42179
41381
41405
42180
41382
41406
42181
41383
41407
42182
41384
41408
42183
41385
41409
42184
41386
41410
42185
41387
41411
42186
41388
41412
42187
41389
41413
42188
41390
41414
42189
41391
41415
42190
41392
41416
42191
41393
41417
42192
41394
41418
42193
41395
41419
42194
41396
41420
42195
41397
41421
42196
41398
41422
42197
41399
41423
42198
41424
42199
41401
41425
42200
41402
41426
42201
41403
41427
42202
41404
41428
42203
41405
41429
42204
41406
41430
42205
41407
41431
42206
41408
41432
42207
41409
41433
42208
41410
41434
42209
41411
41435
42210
41412
41436
42211
41413
41437
42212
41414
41438
42213
41415
41439
42214
41416
41440
42215
41417
41441
42216
41418
41442
42217
41419
41443
42218
41420
41444
42219
41421
41445
42220
41422
41446
42221
41423
41447
42222
41424
41448
42223
41449
42224
41426
41450
42225
41427
41451
42226
41428
41452
42227
41429
41453
42228
41430
41454
42229
41431
41455
42230
41432
41456
42231
41433
41457
42232
41434
41458
42233
41435
41459
42234
41436
41460
42235
41437
41461
42236
41438
41462
42237
41439
41463
42238
41440
41464
42239
41441
41465
42240
41442
41466
42241
41443
41467
42242
41444
41468
42243
41445
41469
42244
41446
41470
42245
41447
41471
42246
41448
41472
42247
41449
41473
42248
41474
42249
41451
41475
42250
41452
41476
42251
41453
41477
42252
41454
41478
42253
41455
41479
42254
41456
41480
42255
41457
41481
42256
41458
41482
42257
41459
41483
42258
41460
41484
42259
41461
41485
42260
41462
41486
42261
41463
41487
42262
41464
41488
42263
41465
41489
42264
41466
41490
42265
41467
41491
42266
41468
41492
42267
41469
41493
42268
41470
41494
42269
41471
41495
42270
41472
41496
42271
41473
41497
42272
41474
41498
42273
41499
42274
41476
41500
42275
41477
41501
42276
41478
41502
42277
41479
41503
42278
41480
41504
42279
41481
41505
42280
41482
41506
42281
41483
41507
42282
41484
41508
42283
41485
41509
42284
41486
41510
42285
41487
41511
42286
41488
41512
42287
41489
41513
42288
41490
41514
42289
41491
41515
42290
41492
41516
42291
41493
41517
42292
41494
41518
42293
41495
41519
42294
41496
41520
42295
41497
41521
42296
41498
41522
42297
41499
41523
42298
41524
42299
41501
41525
42300
41502
41526
42301
41503
41527
42302
41504
41528
42303
41505
41529
42304
41506
41530
42305
41507
41531
42306
41508
41532
42307
41509
41533
42308
41510
41534
42309
41511
41535
42310
41512
41536
42311
41513
41537
42312
41514
41538
42313
41515
41539
42314
41516
41540
42315
41517
41541
42316
41518
41542
42317
41519
41543
42318
41520
41544
42319
41521
41545
42320
41522
41546
42321
41523
41547
42322
41524
41548
42323
41549
42324
41526
41550
42325
41527
41551
42326
41528
41552
42327
41529
41553
42328
41530
41554
42329
41531
41555
42330
41532
41556
42331
41533
41557
42332
41534
41558
42333
41535
41559
42334
41536
41560
42335
41537
41561
42336
41538
41562
42337
41539
41563
42338
41540
41564
42339
41541
41565
42340
41542
41566
42341
41543
41567
42342
41544
41568
42343
41545
41569
42344
41546
41570
42345
41547
41571
42346
41548
41572
42347
41549
41573
42348
41574
42349
41551
41575
42350
41552
41576
42351
41553
41577
42352
41554
41578
42353
41555
41579
42354
41556
41580
42355
41557
41581
42356
41558
41582
42357
41559
41583
42358
41560
41584
42359
41561
41585
42360
41562
41586
42361
41563
41587
42362
41564
41588
42363
41565
41589
42364
41566
41590
42365
41567
41591
42366
41568
41592
42367
41569
41593
42368
41570
41594
42369
41571
41595
42370
41572
41596
42371
41573
41597
42372
41574
41598
42373
41599
42374
41576
42375
41577
42376
41578
42377
41579
42378
41580
42379
41581
42380
41582
42381
41583
42382
41584
42383
41585
42384
41586
42385
41587
42386
41588
42387
41589
42388
41590
42389
41591
42390
41592
42391
41593
42392
41594
42393
41595
42394
41596
42395
41597
42396
41598
42397
41599
42398
42399
41601
41625
42400
41602
41626
42401
41603
41627
42402
41604
41628
42403
41605
41629
42404
41606
41630
42405
41607
41631
42406
41608
41632
42407
41609
41633
42408
41610
41634
42409
41611
41635
42410
41612
41636
42411
41613
41637
42412
41614
41638
42413
41615
41639
42414
41616
41640
42415
41617
41641
42416
41618
41642
42417
41619
41643
42418
41620
41644
42419
41621
41645
42420
41622
41646
42421
41623
41647
42422
41624
41648
42423
41649
42424
41626
41650
42425
41627
41651
42426
41628
41652
42427
41629
41653
42428
41630
41654
42429
41631
41655
42430
41632
41656
42431
41633
41657
42432
41634
41658
42433
41635
41659
42434
41636
41660
42435
41637
41661
42436
41638
41662
42437
41639
41663
42438
41640
41664
42439
41641
41665
42440
41642
41666
42441
41643
41667
42442
41644
41668
42443
41645
41669
42444
41646
41670
42445
41647
41671
42446
41648
41672
42447
41649
41673
42448
41674
42449
41651
41675
42450
41652
41676
42451
41653
41677
42452
41654
41678
42453
41655
41679
42454
41656
41680
42455
41657
41681
42456
41658
41682
42457
41659
41683
42458
41660
41684
42459
41661
41685
42460
41662
41686
42461
41663
41687
42462
41664
41688
42463
41665
41689
42464
41666
41690
42465
41667
41691
42466
41668
41692
42467
41669
41693
42468
41670
41694
42469
41671
41695
42470
41672
41696
42471
41673
41697
42472
41674
41698
42473
41699
42474
41676
41700
42475
41677
41701
42476
41678
41702
42477
41679
41703
42478
41680
41704
42479
41681
41705
42480
41682
41706
42481
41683
41707
42482
41684
41708
42483
41685
41709
42484
41686
41710
42485
41687
41711
42486
41688
41712
42487
41689
41713
42488
41690
41714
42489
41691
41715
42490
41692
41716
42491
41693
41717
42492
41694
41718
42493
41695
41719
42494
41696
41720
42495
41697
41721
42496
41698
41722
42497
41699
41723
42498
41724
42499
41701
41725
42500
41702
41726
42501
41703
41727
42502
41704
41728
42503
41705
41729
42504
41706
41730
42505
41707
41731
42506
41708
41732
42507
41709
41733
42508
41710
41734
42509
41711
41735
42510
41712
41736
42511
41713
41737
42512
41714
41738
42513
41715
41739
42514
41716
41740
42515
41717
41741
42516
41718
41742
42517
41719
41743
42518
41720
41744
42519
41721
41745
42520
41722
41746
42521
41723
41747
42522
41724
41748
42523
41749
42524
41726
41750
42525
41727
41751
42526
41728
41752
42527
41729
41753
42528
41730
41754
42529
41731
41755
42530
41732
41756
42531
41733
41757
42532
41734
41758
42533
41735
41759
42534
41736
41760
42535
41737
41761
42536
41738
41762
42537
41739
41763
42538
41740
41764
42539
41741
41765
42540
41742
41766
42541
41743
41767
42542
41744
41768
42543
41745
41769
42544
41746
41770
42545
41747
41771
42546
41748
41772
42547
41749
41773
42548
41774
42549
41751
41775
42550
41752
41776
42551
41753
41777
42552
41754
41778
42553
41755
41779
42554
41756
41780
42555
41757
41781
42556
41758
41782
42557
41759
41783
42558
41760
41784
42559
41761
41785
42560
41762
41786
42561
41763
41787
42562
41764
41788
42563
41765
41789
42564
41766
41790
42565
41767
41791
42566
41768
41792
42567
41769
41793
42568
41770
41794
42569
41771
41795
42570
41772
41796
42571
41773
41797
42572
41774
41798
42573
41799
42574
41776
41800
42575
41777
41801
42576
41778
41802
42577
41779
41803
42578
41780
41804
42579
41781
41805
42580
41782
41806
42581
41783
41807
42582
41784
41808
42583
41785
41809
42584
41786
41810
42585
41787
41811
42586
41788
41812
42587
41789
41813
42588
41790
41814
42589
41791
41815
42590
41792
41816
42591
41793
41817
42592
41794
41818
42593
41795
41819
42594
41796
41820
42595
41797
41821
42596
41798
41822
42597
41799
41823
42598
41824
42599
41801
41825
42600
41802
41826
42601
41803
41827
42602
41804
41828
42603
41805
41829
42604
41806
41830
42605
41807
41831
42606
41808
41832
42607
41809
41833
42608
41810
41834
42609
41811
41835
42610
41812
41836
42611
41813
41837
42612
41814
41838
42613
41815
41839
42614
41816
41840
42615
41817
41841
42616
41818
41842
42617
41819
41843
42618
41820
41844
42619
41821
41845
42620
41822
41846
42621
41823
41847
42622
41824
41848
42623
41849
42624
41826
41850
42625
41827
41851
42626
41828
41852
42627
41829
41853
42628
41830
41854
42629
41831
41855
42630
41832
41856
42631
41833
41857
42632
41834
41858
42633
41835
41859
42634
41836
41860
42635
41837
41861
42636
41838
41862
42637
41839
41863
42638
41840
41864
42639
41841
41865
42640
41842
41866
42641
41843
41867
42642
41844
41868
42643
41845
41869
42644
41846
41870
42645
41847
41871
42646
41848
41872
42647
41849
41873
42648
41874
42649
41851
41875
42650
41852
41876
42651
41853
41877
42652
41854
41878
42653
41855
41879
42654
41856
41880
42655
41857
41881
42656
41858
41882
42657
41859
41883
42658
41860
41884
42659
41861
41885
42660
41862
41886
42661
41863
41887
42662
41864
41888
42663
41865
41889
42664
41866
41890
42665
41867
41891
42666
41868
41892
42667
41869
41893
42668
41870
41894
42669
41871
41895
42670
41872
41896
42671
41873
41897
42672
41874
41898
42673
41899
42674
41876
41900
42675
41877
41901
42676
41878
41902
42677
41879
41903
42678
41880
41904
42679
41881
41905
42680
41882
41906
42681
41883
41907
42682
41884
41908
42683
41885
41909
42684
41886
41910
42685
41887
41911
42686
41888
41912
42687
41889
41913
42688
41890
41914
42689
41891
41915
42690
41892
41916
42691
41893
41917
42692
41894
41918
42693
41895
41919
42694
41896
41920
42695
41897
41921
42696
41898
41922
42697
41899
41923
42698
41924
42699
41901
41925
42700
41902
41926
42701
41903
41927
42702
41904
41928
42703
41905
41929
42704
41906
41930
42705
41907
41931
42706
41908
41932
42707
41909
41933
42708
41910
41934
42709
41911
41935
42710
41912
41936
42711
41913
41937
42712
41914
41938
42713
41915
41939
42714
41916
41940
42715
41917
41941
42716
41918
41942
42717
41919
41943
42718
41920
41944
42719
41921
41945
42720
41922
41946
42721
41923
41947
42722
41924
41948
42723
41949
42724
41926
41950
42725
41927
41951
42726
41928
41952
42727
41929
41953
42728
41930
41954
42729
41931
41955
42730
41932
41956
42731
41933
41957
42732
41934
41958
42733
41935
41959
42734
41936
41960
42735
41937
41961
42736
41938
41962
42737
41939
41963
42738
41940
41964
42739
41941
41965
42740
41942
41966
42741
41943
41967
42742
41944
41968
42743
41945
41969
42744
41946
41970
42745
41947
41971
42746
41948
41972
42747
41949
41973
42748
41974
42749
41951
41975
42750
41952
41976
42751
41953
41977
42752
41954
41978
42753
41955
41979
42754
41956
41980
42755
41957
41981
42756
41958
41982
42757
41959
41983
42758
41960
41984
42759
41961
41985
42760
41962
41986
42761
41963
41987
42762
41964
41988
42763
41965
41989
42764
41966
41990
42765
41967
41991
42766
41968
41992
42767
41969
41993
42768
41970
41994
42769
41971
41995
42770
41972
41996
42771
41973
41997
42772
41974
41998
42773
41999
42774
41976
42000
42775
41977
42001
42776
41978
42002
42777
41979
42003
42778
41980
42004
42779
41981
42005
42780
41982
42006
42781
41983
42007
42782
41984
42008
42783
41985
42009
42784
41986
42010
42785
41987
42011
42786
41988
42012
42787
41989
42013
42788
41990
42014
42789
41991
42015
42790
41992
42016
42791
41993
42017
42792
41994
42018
42793
41995
42019
42794
41996
42020
42795
41997
42021
42796
41998
42022
42797
41999
42023
42798
42024
42799
42001
42025
42800
42002
42026
42801
42003
42027
42802
42004
42028
42803
42005
42029
42804
42006
42030
42805
42007
42031
42806
42008
42032
42807
42009
42033
42808
42010
42034
42809
42011
42035
42810
42012
42036
42811
42013
42037
42812
42014
42038
42813
42015
42039
42814
42016
42040
42815
42017
42041
42816
42018
42042
42817
42019
42043
42818
42020
42044
42819
42021
42045
42820
42022
42046
42821
42023
42047
42822
42024
42048
42823
42049
42824
42026
42050
42825
42027
42051
42826
42028
42052
42827
42029
42053
42828
42030
42054
42829
42031
42055
42830
42032
42056
42831
42033
42057
42832
42034
42058
42833
42035
42059
42834
42036
42060
42835
42037
42061
42836
42038
42062
42837
42039
42063
42838
42040
42064
42839
42041
42065
42840
42042
42066
42841
42043
42067
42842
42044
42068
42843
42045
42069
42844
42046
42070
42845
42047
42071
42846
42048
42072
42847
42049
42073
42848
42074
42849
42051
42075
42850
42052
42076
42851
42053
42077
42852
42054
42078
42853
42055
42079
42854
42056
42080
42855
42057
42081
42856
42058
42082
42857
42059
42083
42858
42060
42084
42859
42061
42085
42860
42062
42086
42861
42063
42087
42862
42064
42088
42863
42065
42089
42864
42066
42090
42865
42067
42091
42866
42068
42092
42867
42069
42093
42868
42070
42094
42869
42071
42095
42870
42072
42096
42871
42073
42097
42872
42074
42098
42873
42099
42874
42076
42100
42875
42077
42101
42876
42078
42102
42877
42079
42103
42878
42080
42104
42879
42081
42105
42880
42082
42106
42881
42083
42107
42882
42084
42108
42883
42085
42109
42884
42086
42110
42885
42087
42111
42886
42088
42112
42887
42089
42113
42888
42090
42114
42889
42091
42115
42890
42092
42116
42891
42093
42117
42892
42094
42118
42893
42095
42119
42894
42096
42120
42895
42097
42121
42896
42098
42122
42897
42099
42123
42898
42124
42899
42101
42125
42900
42102
42126
42901
42103
42127
42902
42104
42128
42903
42105
42129
42904
42106
42130
42905
42107
42131
42906
42108
42132
42907
42109
42133
42908
42110
42134
42909
42111
42135
42910
42112
42136
42911
42113
42137
42912
42114
42138
42913
42115
42139
42914
42116
42140
42915
42117
42141
42916
42118
42142
42917
42119
42143
42918
42120
42144
42919
42121
42145
42920
42122
42146
42921
42123
42147
42922
42124
42148
42923
42149
42924
42126
42150
42925
42127
42151
42926
42128
42152
42927
42129
42153
42928
42130
42154
42929
42131
42155
42930
42132
42156
42931
42133
42157
42932
42134
42158
42933
42135
42159
42934
42136
42160
42935
42137
42161
42936
42138
42162
42937
42139
42163
42938
42140
42164
42939
42141
42165
42940
42142
42166
42941
42143
42167
42942
42144
42168
42943
42145
42169
42944
42146
42170
42945
42147
42171
42946
42148
42172
42947
42149
42173
42948
42174
42949
42151
42175
42950
42152
42176
42951
42153
42177
42952
42154
42178
42953
42155
42179
42954
42156
42180
42955
42157
42181
42956
42158
42182
42957
42159
42183
42958
42160
42184
42959
42161
42185
42960
42162
42186
42961
42163
42187
42962
42164
42188
42963
42165
42189
42964
42166
42190
42965
42167
42191
42966
42168
42192
42967
42169
42193
42968
42170
42194
42969
42171
42195
42970
42172
42196
42971
42173
42197
42972
42174
42198
42973
42199
42974
42176
42200
42975
42177
42201
42976
42178
42202
42977
42179
42203
42978
42180
42204
42979
42181
42205
42980
42182
42206
42981
42183
42207
42982
42184
42208
42983
42185
42209
42984
42186
42210
42985
42187
42211
42986
42188
42212
42987
42189
42213
42988
42190
42214
42989
42191
42215
42990
42192
42216
42991
42193
42217
42992
42194
42218
42993
42195
42219
42994
42196
42220
42995
42197
42221
42996
42198
42222
42997
42199
42223
42998
42224
42999
42201
42225
43000
42202
42226
43001
42203
42227
43002
42204
42228
43003
42205
42229
43004
42206
42230
43005
42207
42231
43006
42208
42232
43007
42209
42233
43008
42210
42234
43009
42211
42235
43010
42212
42236
43011
42213
42237
43012
42214
42238
43013
42215
42239
43014
42216
42240
43015
42217
42241
43016
42218
42242
43017
42219
42243
43018
42220
42244
43019
42221
42245
43020
42222
42246
43021
42223
42247
43022
42224
42248
43023
42249
43024
42226
42250
43025
42227
42251
43026
42228
42252
43027
42229
42253
43028
42230
42254
43029
42231
42255
43030
42232
42256
43031
42233
42257
43032
42234
42258
43033
42235
42259
43034
42236
42260
43035
42237
42261
43036
42238
42262
43037
42239
42263
43038
42240
42264
43039
42241
42265
43040
42242
42266
43041
42243
42267
43042
42244
42268
43043
42245
42269
43044
42246
42270
43045
42247
42271
43046
42248
42272
43047
42249
42273
43048
42274
43049
42251
42275
43050
42252
42276
43051
42253
42277
43052
42254
42278
43053
42255
42279
43054
42256
42280
43055
42257
42281
43056
42258
42282
43057
42259
42283
43058
42260
42284
43059
42261
42285
43060
42262
42286
43061
42263
42287
43062
42264
42288
43063
42265
42289
43064
42266
42290
43065
42267
42291
43066
42268
42292
43067
42269
42293
43068
42270
42294
43069
42271
42295
43070
42272
42296
43071
42273
42297
43072
42274
42298
43073
42299
43074
42276
42300
43075
42277
42301
43076
42278
42302
43077
42279
42303
43078
42280
42304
43079
42281
42305
43080
42282
42306
43081
42283
42307
43082
42284
42308
43083
42285
42309
43084
42286
42310
43085
42287
42311
43086
42288
42312
43087
42289
42313
43088
42290
42314
43089
42291
42315
43090
42292
42316
43091
42293
42317
43092
42294
42318
43093
42295
42319
43094
42296
42320
43095
42297
42321
43096
42298
42322
43097
42299
42323
43098
42324
43099
42301
42325
43100
42302
42326
43101
42303
42327
43102
42304
42328
43103
42305
42329
43104
42306
42330
43105
42307
42331
43106
42308
42332
43107
42309
42333
43108
42310
42334
43109
42311
42335
43110
42312
42336
43111
42313
42337
43112
42314
42338
43113
42315
42339
43114
42316
42340
43115
42317
42341
43116
42318
42342
43117
42319
42343
43118
42320
42344
43119
42321
42345
43120
42322
42346
43121
42323
42347
43122
42324
42348
43123
42349
43124
42326
42350
43125
42327
42351
43126
42328
42352
43127
42329
42353
43128
42330
42354
43129
42331
42355
43130
42332
42356
43131
42333
42357
43132
42334
42358
43133
42335
42359
43134
42336
42360
43135
42337
42361
43136
42338
42362
43137
42339
42363
43138
42340
42364
43139
42341
42365
43140
42342
42366
43141
42343
42367
43142
42344
42368
43143
42345
42369
43144
42346
42370
43145
42347
42371
43146
42348
42372
43147
42349
42373
43148
42374
43149
42351
42375
43150
42352
42376
43151
42353
42377
43152
42354
42378
43153
42355
42379
43154
42356
42380
43155
42357
42381
43156
42358
42382
43157
42359
42383
43158
42360
42384
43159
42361
42385
43160
42362
42386
43161
42363
42387
43162
42364
42388
43163
42365
42389
43164
42366
42390
43165
42367
42391
43166
42368
42392
43167
42369
42393
43168
42370
42394
43169
42371
42395
43170
42372
42396
43171
42373
42397
43172
42374
42398
43173
42399
43174
42376
43175
42377
43176
42378
43177
42379
43178
42380
43179
42381
43180
42382
43181
42383
43182
42384
43183
42385
43184
42386
43185
42387
43186
42388
43187
42389
43188
42390
43189
42391
43190
42392
43191
42393
43192
42394
43193
42395
43194
42396
43195
42397
43196
42398
43197
42399
43198
43199
42401
42425
42402
42426
42403
42427
42404
42428
42405
42429
42406
42430
42407
42431
42408
42432
42409
42433
42410
42434
42411
42435
42412
42436
42413
42437
42414
42438
42415
42439
42416
42440
42417
42441
42418
42442
42419
42443
42420
42444
42421
42445
42422
42446
42423
42447
42424
42448
42449
42426
42450
42427
42451
42428
42452
42429
42453
42430
42454
42431
42455
42432
42456
42433
42457
42434
42458
42435
42459
42436
42460
42437
42461
42438
42462
42439
42463
42440
42464
42441
42465
42442
42466
42443
42467
42444
42468
42445
42469
42446
42470
42447
42471
42448
42472
42449
42473
42474
42451
42475
42452
42476
42453
42477
42454
42478
42455
42479
42456
42480
42457
42481
42458
42482
42459
42483
42460
42484
42461
42485
42462
42486
42463
42487
42464
42488
42465
42489
42466
42490
42467
42491
42468
42492
42469
42493
42470
42494
42471
42495
42472
42496
42473
42497
42474
42498
42499
42476
42500
42477
42501
42478
42502
42479
42503
42480
42504
42481
42505
42482
42506
42483
42507
42484
42508
42485
42509
42486
42510
42487
42511
42488
42512
42489
42513
42490
42514
42491
42515
42492
42516
42493
42517
42494
42518
42495
42519
42496
42520
42497
42521
42498
42522
42499
42523
42524
42501
42525
42502
42526
42503
42527
42504
42528
42505
42529
42506
42530
42507
42531
42508
42532
42509
42533
42510
42534
42511
42535
42512
42536
42513
42537
42514
42538
42515
42539
42516
42540
42517
42541
42518
42542
42519
42543
42520
42544
42521
42545
42522
42546
42523
42547
42524
42548
42549
42526
42550
42527
42551
42528
42552
42529
42553
42530
42554
42531
42555
42532
42556
42533
42557
42534
42558
42535
42559
42536
42560
42537
42561
42538
42562
42539
42563
42540
42564
42541
42565
42542
42566
42543
42567
42544
42568
42545
42569
42546
42570
42547
42571
42548
42572
42549
42573
42574
42551
42575
42552
42576
42553
42577
42554
42578
42555
42579
42556
42580
42557
42581
42558
42582
42559
42583
42560
42584
42561
42585
42562
42586
42563
42587
42564
42588
42565
42589
42566
42590
42567
42591
42568
42592
42569
42593
42570
42594
42571
42595
42572
42596
42573
42597
42574
42598
42599
42576
42600
42577
42601
42578
42602
42579
42603
42580
42604
42581
42605
42582
42606
42583
42607
42584
42608
42585
42609
42586
42610
42587
42611
42588
42612
42589
42613
42590
42614
42591
42615
42592
42616
42593
42617
42594
42618
42595
42619
42596
42620
42597
42621
42598
42622
42599
42623
42624
42601
42625
42602
42626
42603
42627
42604
42628
42605
42629
42606
42630
42607
42631
42608
42632
42609
42633
42610
42634
42611
42635
42612
42636
42613
42637
42614
42638
42615
42639
42616
42640
42617
42641
42618
42642
42619
42643
42620
42644
42621
42645
42622
42646
42623
42647
42624
42648
42649
42626
42650
42627
42651
42628
42652
42629
42653
42630
42654
42631
42655
42632
42656
42633
42657
42634
42658
42635
42659
42636
42660
42637
42661
42638
42662
42639
42663
42640
42664
42641
42665
42642
42666
42643
42667
42644
42668
42645
42669
42646
42670
42647
42671
42648
42672
42649
42673
42674
42651
42675
42652
42676
42653
42677
42654
42678
42655
42679
42656
42680
42657
42681
42658
42682
42659
42683
42660
42684
42661
42685
42662
42686
42663
42687
42664
42688
42665
42689
42666
42690
42667
42691
42668
42692
42669
42693
42670
42694
42671
42695
42672
42696
42673
42697
42674
42698
42699
42676
42700
42677
42701
42678
42702
42679
42703
42680
42704
42681
42705
42682
42706
42683
42707
42684
42708
42685
42709
42686
42710
42687
42711
42688
42712
42689
42713
42690
42714
42691
42715
42692
42716
42693
42717
42694
42718
42695
42719
42696
42720
42697
42721
42698
42722
42699
42723
42724
42701
42725
42702
42726
42703
42727
42704
42728
42705
42729
42706
42730
42707
42731
42708
42732
42709
42733
42710
42734
42711
42735
42712
42736
42713
42737
42714
42738
42715
42739
42716
42740
42717
42741
42718
42742
42719
42743
42720
42744
42721
42745
42722
42746
42723
42747
42724
42748
42749
42726
42750
42727
42751
42728
42752
42729
42753
42730
42754
42731
42755
42732
42756
42733
42757
42734
42758
42735
42759
42736
42760
42737
42761
42738
42762
42739
42763
42740
42764
42741
42765
42742
42766
42743
42767
42744
42768
42745
42769
42746
42770
42747
42771
42748
42772
42749
42773
42774
42751
42775
42752
42776
42753
42777
42754
42778
42755
42779
42756
42780
42757
42781
42758
42782
42759
42783
42760
42784
42761
42785
42762
42786
42763
42787
42764
42788
42765
42789
42766
42790
42767
42791
42768
42792
42769
42793
42770
42794
42771
42795
42772
42796
42773
42797
42774
42798
42799
42776
42800
42777
42801
42778
42802
42779
42803
42780
42804
42781
42805
42782
42806
42783
42807
42784
42808
42785
42809
42786
42810
42787
42811
42788
42812
42789
42813
42790
42814
42791
42815
42792
42816
42793
42817
42794
42818
42795
42819
42796
42820
42797
42821
42798
42822
42799
42823
42824
42801
42825
42802
42826
42803
42827
42804
42828
42805
42829
42806
42830
42807
42831
42808
42832
42809
42833
42810
42834
42811
42835
42812
42836
42813
42837
42814
42838
42815
42839
42816
42840
42817
42841
42818
42842
42819
42843
42820
42844
42821
42845
42822
42846
42823
42847
42824
42848
42849
42826
42850
42827
42851
42828
42852
42829
42853
42830
42854
42831
42855
42832
42856
42833
42857
42834
42858
42835
42859
42836
42860
42837
42861
42838
42862
42839
42863
42840
42864
42841
42865
42842
42866
42843
42867
42844
42868
42845
42869
42846
42870
42847
42871
42848
42872
42849
42873
42874
42851
42875
42852
42876
42853
42877
42854
42878
42855
42879
42856
42880
42857
42881
42858
42882
42859
42883
42860
42884
42861
42885
42862
42886
42863
42887
42864
42888
42865
42889
42866
42890
42867
42891
42868
42892
42869
42893
42870
42894
42871
42895
42872
42896
42873
42897
42874
42898
42899
42876
42900
42877
42901
42878
42902
42879
42903
42880
42904
42881
42905
42882
42906
42883
42907
42884
42908
42885
42909
42886
42910
42887
42911
42888
42912
42889
42913
42890
42914
42891
42915
42892
42916
42893
42917
42894
42918
42895
42919
42896
42920
42897
42921
42898
42922
42899
42923
42924
42901
42925
42902
42926
42903
42927
42904
42928
42905
42929
42906
42930
42907
42931
42908
42932
42909
42933
42910
42934
42911
42935
42912
42936
42913
42937
42914
42938
42915
42939
42916
42940
42917
42941
42918
42942
42919
42943
42920
42944
42921
42945
42922
42946
42923
42947
42924
42948
42949
42926
42950
42927
42951
42928
42952
42929
42953
42930
42954
42931
42955
42932
42956
42933
42957
42934
42958
42935
42959
42936
42960
42937
42961
42938
42962
42939
42963
42940
42964
42941
42965
42942
42966
42943
42967
42944
42968
42945
42969
42946
42970
42947
42971
42948
42972
42949
42973
42974
42951
42975
42952
42976
42953
42977
42954
42978
42955
42979
42956
42980
42957
42981
42958
42982
42959
42983
42960
42984
42961
42985
42962
42986
42963
42987
42964
42988
42965
42989
42966
42990
42967
42991
42968
42992
42969
42993
42970
42994
42971
42995
42972
42996
42973
42997
42974
42998
42999
42976
43000
42977
43001
42978
43002
42979
43003
42980
43004
42981
43005
42982
43006
42983
43007
42984
43008
42985
43009
42986
43010
42987
43011
42988
43012
42989
43013
42990
43014
42991
43015
42992
43016
42993
43017
42994
43018
42995
43019
42996
43020
42997
43021
42998
43022
42999
43023
43024
43001
43025
43002
43026
43003
43027
43004
43028
43005
43029
43006
43030
43007
43031
43008
43032
43009
43033
43010
43034
43011
43035
43012
43036
43013
43037
43014
43038
43015
43039
43016
43040
43017
43041
43018
43042
43019
43043
43020
43044
43021
43045
43022
43046
43023
43047
43024
43048
43049
43026
43050
43027
43051
43028
43052
43029
43053
43030
43054
43031
43055
43032
43056
43033
43057
43034
43058
43035
43059
43036
43060
43037
43061
43038
43062
43039
43063
43040
43064
43041
43065
43042
43066
43043
43067
43044
43068
43045
43069
43046
43070
43047
43071
43048
43072
43049
43073
43074
43051
43075
43052
43076
43053
43077
43054
43078
43055
43079
43056
43080
43057
43081
43058
43082
43059
43083
43060
43084
43061
43085
43062
43086
43063
43087
43064
43088
43065
43089
43066
43090
43067
43091
43068
43092
43069
43093
43070
43094
43071
43095
43072
43096
43073
43097
43074
43098
43099
43076
43100
43077
43101
43078
43102
43079
43103
43080
43104
43081
43105
43082
43106
43083
43107
43084
43108
43085
43109
43086
43110
43087
43111
43088
43112
43089
43113
43090
43114
43091
43115
43092
43116
43093
43117
43094
43118
43095
43119
43096
43120
43097
43121
43098
43122
43099
43123
43124
43101
43125
43102
43126
43103
43127
43104
43128
43105
43129
43106
43130
43107
43131
43108
43132
43109
43133
43110
43134
43111
43135
43112
43136
43113
43137
43114
43138
43115
43139
43116
43140
43117
43141
43118
43142
43119
43143
43120
43144
43121
43145
43122
43146
43123
43147
43124
43148
43149
43126
43150
43127
43151
43128
43152
43129
43153
43130
43154
43131
43155
43132
43156
43133
43157
43134
43158
43135
43159
43136
43160
43137
43161
43138
43162
43139
43163
43140
43164
43141
43165
43142
43166
43143
43167
43144
43168
43145
43169
43146
43170
43147
43171
43148
43172
43149
43173
43174
43151
43175
43152
43176
43153
43177
43154
43178
43155
43179
43156
43180
43157
43181
43158
43182
43159
43183
43160
43184
43161
43185
43162
43186
43163
43187
43164
43188
43165
43189
43166
43190
43167
43191
43168
43192
43169
43193
43170
43194
43171
43195
43172
43196
43173
43197
43174
43198
43199
43176
43177
43178
43179
43180
43181
43182
43183
43184
43185
43186
43187
43188
43189
43190
43191
43192
43193
43194
43195
43196
43197
43198
43199
)


// ************************************************************************* //
